Player,Nation,Pos,Squad,Comp,Age,MP,Starts,Min,90s,Gls,Ast,G+A,xG,npxG,xAG,Sh,SoT,SoT%,G/Sh,G/SoT,G-xG,Cmp%,KP,PrgP,PrgC,Tkl,TklW,Int,Clr,Touches,Carries,Succ%,Recov
Max Aarons,eng ENG,DF,Bournemouth,eng Premier League,24,3,1,86,1.0,0,0,0,0.0,0.0,0.0,0,0,,,,0.0,79.4,0,8,1,2,2,1,0,73,41,0.0,7
Max Aarons,eng ENG,"DF,MF",Valencia,es La Liga,24,4,1,120,1.3,0,0,0,0.0,0.0,0.0,0,0,,,,0.0,71.2,1,6,0,4,4,0,3,85,46,25.0,7
Rodrigo Abajas,es ESP,DF,Valencia,es La Liga,21,1,1,65,0.7,0,0,0,0.1,0.1,0.0,1,0,0.0,0.0,,-0.1,58.6,0,2,3,3,2,1,0,36,13,100.0,2
James Abankwah,ie IRL,"DF,MF",Udinese,it Serie A,20,6,0,88,1.0,0,0,0,0.1,0.1,0.0,1,0,0.0,0.0,,-0.1,78.3,0,4,3,4,2,1,3,65,29,,7
Keyliane Abdallah,fr FRA,FW,Marseille,fr Ligue 1,18,1,0,3,0.0,0,0,0,0.0,0.0,0.0,0,0,,,,0.0,100.0,0,0,1,1,1,0,0,4,1,,0
Yunis Abdelhamid,ma MAR,DF,Saint-Étienne,fr Ligue 1,36,16,11,1033,11.5,0,0,0,0.2,0.2,0.1,2,1,50.0,0.0,0.0,-0.2,86.7,2,22,4,17,11,14,57,641,322,42.9,42
Himad Abdelli,dz ALG,"MF,FW",Angers,fr Ligue 1,24,32,32,2842,31.6,6,1,7,6.4,3.2,3.2,35,8,22.9,0.09,0.38,-0.4,82.1,39,207,107,48,32,26,28,1993,1183,47.1,193
Mohamed Abdelmoneim,eg EGY,DF,Nice,fr Ligue 1,25,12,10,855,9.5,0,0,0,0.0,0.0,0.0,0,0,,,,0.0,90.4,0,52,6,21,14,15,56,635,342,25.0,50
Ali Abdi,tn TUN,"DF,MF",Nice,fr Ligue 1,30,25,17,1393,15.5,5,2,7,4.3,4.3,1.9,29,11,37.9,0.17,0.45,0.7,74.0,20,42,35,43,25,20,37,886,391,41.4,72
Saud Abdulhamid,sa KSA,DF,Roma,it Serie A,25,4,2,205,2.3,0,1,1,0.0,0.0,0.2,1,0,0.0,0.0,,0.0,86.8,2,9,6,3,2,2,0,157,90,37.5,3
Abel,es ESP,DF,Osasuna,es La Liga,23,35,20,2074,23.0,2,0,2,0.5,0.5,1.0,12,4,33.3,0.17,0.5,1.5,72.5,16,77,50,61,37,18,64,1322,605,51.4,106
Nabil Aberdin,fr FRA,MF,Getafe,es La Liga,21,7,4,263,2.9,0,0,0,0.0,0.0,0.0,2,0,0.0,0.0,,0.0,59.0,1,6,2,6,4,0,5,87,34,66.7,8
Oliver Abildgaard,dk DEN,MF,Como,it Serie A,28,1,0,7,0.1,0,0,0,0.0,0.0,0.0,0,0,,,,0.0,100.0,0,0,0,0,0,0,0,2,0,,0
Matthis Abline,fr FRA,FW,Nantes,fr Ligue 1,21,34,33,2768,30.8,9,2,11,8.5,7.7,3.8,73,26,35.6,0.11,0.31,0.5,65.2,27,48,75,11,5,4,36,878,587,40.7,83
Abner,br BRA,DF,Lyon,fr Ligue 1,24,19,12,1090,12.1,1,1,2,0.6,0.6,1.1,7,3,42.9,0.14,0.33,0.4,84.1,11,66,31,29,20,5,41,791,426,50.0,45
Zakaria Aboukhlal,ma MAR,"MF,FW",Toulouse,fr Ligue 1,24,26,22,1901,21.1,7,2,9,10.2,8.6,1.6,62,26,41.9,0.1,0.23,-3.2,63.3,12,22,34,22,13,6,9,613,375,30.2,61
Abdel Abqar,ma MAR,DF,Alavés,es La Liga,25,29,29,2463,27.4,0,1,1,0.9,0.9,0.3,12,1,8.3,0.0,0.0,-0.9,76.6,8,79,16,36,23,39,146,1251,632,75.0,87
Tammy Abraham,eng ENG,FW,Roma,it Serie A,26,1,0,1,0.0,0,0,0,0.0,0.0,0.0,0,0,,,,0.0,33.3,0,1,0,0,0,0,0,4,3,,0
Tammy Abraham,eng ENG,FW,Milan,it Serie A,26,28,12,1183,13.1,3,4,7,7.1,5.4,2.2,26,11,42.3,0.08,0.18,-4.1,68.8,14,26,8,17,11,2,16,367,158,28.6,12
Federico Accornero,it ITA,MF,Genoa,it Serie A,20,1,0,5,0.1,0,0,0,0.0,0.0,0.0,0,0,,,,0.0,66.7,0,0,0,0,0,0,0,8,5,,1
Francesco Acerbi,it ITA,DF,Inter,it Serie A,36,23,20,1710,19.0,0,1,1,0.4,0.4,0.6,5,1,20.0,0.0,0.0,-0.4,92.5,9,62,19,23,19,26,81,1484,915,75.0,62
Joshua Acheampong,eng ENG,DF,Chelsea,eng Premier League,18,4,2,170,1.9,0,0,0,0.2,0.2,0.0,2,0,0.0,0.0,,-0.2,83.9,0,8,0,2,1,1,2,137,106,50.0,7
Akor Adams,ng NGA,FW,Sevilla,es La Liga,24,4,1,134,1.5,0,0,0,0.4,0.4,0.0,2,1,50.0,0.0,0.0,-0.4,74.1,0,5,0,0,0,0,1,34,5,100.0,4
Akor Adams,ng NGA,FW,Montpellier,fr Ligue 1,24,15,13,1075,11.9,3,1,4,4.3,4.3,1.0,26,12,46.2,0.12,0.25,-1.3,62.6,12,6,11,4,3,1,5,251,126,50.0,24
Che Adams,sct SCO,FW,Torino,it Serie A,28,36,30,2652,29.5,9,3,12,9.0,8.2,2.0,63,25,39.7,0.14,0.36,0.0,74.3,26,40,23,12,6,2,18,802,509,29.7,50
Tyler Adams,us USA,MF,Bournemouth,eng Premier League,25,28,21,1965,21.8,0,3,3,1.6,1.6,1.0,9,2,22.2,0.0,0.0,-1.6,84.4,18,76,14,83,50,32,42,1337,663,22.2,114
Junior Adamu,at AUT,FW,Freiburg,de Bundesliga,23,25,19,1545,17.2,2,2,4,5.5,5.5,2.4,36,11,30.6,0.06,0.18,-3.5,63.5,17,14,8,9,3,12,20,534,275,34.5,52
Tosin Adarabioyo,eng ENG,DF,Chelsea,eng Premier League,26,22,15,1409,15.7,1,1,2,0.9,0.9,0.2,13,2,15.4,0.08,0.5,0.1,91.1,1,42,5,17,13,11,80,1330,777,66.7,41
Martin Adeline,fr FRA,MF,Reims,fr Ligue 1,20,1,0,26,0.3,0,0,0,0.0,0.0,0.0,0,0,,,,0.0,80.0,0,0,1,1,1,0,2,14,6,,0
Karim Adeyemi,de GER,"FW,MF",Dortmund,de Bundesliga,22,25,17,1433,15.9,7,6,13,5.5,5.5,6.0,46,18,39.1,0.15,0.39,1.5,74.3,28,28,68,20,14,7,5,636,417,42.6,48
Simon Adingra,ci CIV,"FW,MF",Brighton,eng Premier League,22,29,12,1097,12.2,2,2,4,2.5,2.5,2.5,33,8,24.2,0.06,0.25,-0.5,75.9,16,18,50,23,14,8,6,548,366,42.0,47
Amine Adli,ma MAR,"MF,FW",Leverkusen,de Bundesliga,24,20,6,766,8.5,2,0,2,2.7,2.7,0.7,20,7,35.0,0.1,0.29,-0.7,74.2,11,24,37,15,9,0,4,468,248,46.9,30
Yacine Adli,fr FRA,MF,Fiorentina,it Serie A,24,25,14,1219,13.5,4,6,10,1.0,1.0,2.4,14,5,35.7,0.29,0.8,3.0,80.7,23,103,24,32,19,6,19,1021,618,37.5,77
Adryelson,br BRA,DF,Lyon,fr Ligue 1,26,1,0,1,0.0,0,0,0,0.0,0.0,0.0,0,0,,,,0.0,33.3,0,1,0,0,0,1,1,5,1,,0
Vasilije Adžić,me MNE,"MF,FW",Juventus,it Serie A,18,6,0,42,0.5,0,0,0,0.0,0.0,0.0,1,1,100.0,0.0,0.0,0.0,75.0,0,1,0,2,2,0,0,24,14,0.0,3
Michel Aebischer,ch SUI,MF,Bologna,it Serie A,27,14,9,724,8.0,0,0,0,0.4,0.4,0.4,10,5,50.0,0.0,0.0,-0.4,87.4,8,33,8,18,13,7,6,485,291,50.0,35
Oladapo Afolayan,eng ENG,"FW,MF",St. Pauli,de Bundesliga,26,32,17,1639,18.2,3,1,4,3.1,3.1,3.8,38,13,34.2,0.08,0.23,-0.1,69.4,21,32,53,17,8,8,20,741,495,49.0,72
Emmanuel Agbadou,ci CIV,DF,Wolves,eng Premier League,27,16,16,1410,15.7,1,0,1,0.8,0.8,0.2,7,2,28.6,0.14,0.5,0.2,85.4,4,31,6,30,19,12,90,1172,758,76.9,83
Emmanuel Agbadou,ci CIV,DF,Reims,fr Ligue 1,27,14,14,1260,14.0,0,0,0,0.5,0.5,0.3,15,3,20.0,0.0,0.0,-0.5,87.9,8,77,10,25,17,19,64,1080,621,75.0,85
Asher Agbinone,eng ENG,MF,Crystal Palace,eng Premier League,18,2,0,6,0.1,0,0,0,0.0,0.0,0.0,1,0,0.0,0.0,,0.0,66.7,1,0,2,2,1,0,0,8,5,0.0,0
Jeremy Agbonifo,se SWE,"FW,MF",Lens,fr Ligue 1,18,8,1,300,3.3,1,0,1,0.7,0.7,0.2,6,4,66.7,0.17,0.25,0.3,72.5,3,6,13,7,6,1,0,131,84,45.0,9
Lucien Agoume,fr FRA,MF,Sevilla,es La Liga,22,35,24,2114,23.5,1,3,4,0.9,0.9,2.5,10,2,20.0,0.1,0.5,0.1,81.5,27,135,29,70,32,41,42,1481,689,73.3,136
Felix Agu,ng NGA,DF,Werder Bremen,de Bundesliga,24,22,21,1751,19.5,3,0,3,1.4,1.4,1.8,9,4,44.4,0.33,0.75,1.6,79.7,20,43,33,30,14,21,48,1045,545,25.7,67
Álvaro Aguado,es ESP,MF,Espanyol,es La Liga,28,16,4,443,4.9,0,1,1,0.6,0.6,0.6,10,1,10.0,0.0,0.0,-0.6,77.8,4,37,15,5,2,4,5,303,175,62.5,37
Lorenzo Aguado,es ESP,DF,Real Madrid,es La Liga,21,2,0,5,0.1,0,0,0,0.0,0.0,0.0,0,0,,,,0.0,100.0,0,0,0,0,0,0,2,3,1,,0
Nayef Aguerd,ma MAR,DF,Real Sociedad,es La Liga,28,21,21,1760,19.6,0,0,0,2.4,2.4,0.1,15,5,33.3,0.0,0.0,-2.4,87.3,5,75,26,30,24,13,91,1594,1019,50.0,73
Ruben Aguilar,fr FRA,"DF,MF",Lens,fr Ligue 1,31,16,13,1124,12.5,1,2,3,0.8,0.8,1.9,11,3,27.3,0.09,0.33,0.2,80.3,11,74,32,34,18,13,23,996,518,42.9,79
Naouirou Ahamada,fr FRA,"MF,FW",Rennes,fr Ligue 1,22,3,0,58,0.6,0,0,0,0.0,0.0,0.0,1,0,0.0,0.0,,0.0,77.3,0,1,2,0,0,2,2,31,16,0.0,7
Honest Ahanor,it ITA,"DF,MF",Genoa,it Serie A,16,6,3,270,3.0,0,0,0,0.5,0.5,0.1,3,1,33.3,0.0,0.0,-0.5,67.1,2,3,3,7,5,1,9,106,52,0.0,14
Erik Ahlstrand,se SWE,"FW,MF",St. Pauli,de Bundesliga,22,5,0,43,0.5,0,0,0,0.0,0.0,0.0,0,0,,,,0.0,76.9,0,1,1,0,0,1,1,22,12,,0
Jean-Eudes Aholou,ci CIV,MF,Angers,fr Ligue 1,30,26,26,1959,21.8,2,0,2,1.8,1.8,1.0,27,7,25.9,0.07,0.29,0.2,84.3,10,68,15,56,36,33,32,1032,495,42.9,100
Joseph Aidoo,gh GHA,DF,Valladolid,es La Liga,28,8,6,583,6.5,0,0,0,0.0,0.0,0.0,1,0,0.0,0.0,,0.0,89.2,0,14,1,5,5,5,26,431,259,100.0,25
Joseph Aidoo,gh GHA,DF,Celta Vigo,es La Liga,28,1,0,2,0.0,0,0,0,0.0,0.0,0.0,0,0,,,,0.0,85.7,0,1,0,1,0,0,0,8,7,,1
Ayman Aiki,fr FRA,"FW,MF",Saint-Étienne,fr Ligue 1,19,5,1,127,1.4,0,0,0,0.1,0.1,0.0,3,1,33.3,0.0,0.0,-0.1,58.6,1,5,4,3,3,1,0,48,33,0.0,7
Ola Aina,ng NGA,DF,Nott'ham Forest,eng Premier League,27,35,35,2995,33.3,2,1,3,0.6,0.6,1.4,11,2,18.2,0.18,1.0,1.4,73.5,16,107,67,55,42,33,115,1708,749,45.8,190
Rayan Aït-Nouri,dz ALG,DF,Wolves,eng Premier League,23,37,37,3109,34.5,4,7,11,2.7,2.7,5.5,36,10,27.8,0.11,0.4,1.3,84.2,46,108,89,89,57,26,75,2148,1129,46.0,145
Junior Ajayi,ci CIV,FW,Hellas Verona,it Serie A,19,2,0,13,0.1,0,0,0,0.0,0.0,0.0,0,0,,,,0.0,100.0,0,1,0,0,0,0,0,5,5,,1
Kristoffer Ajer,no NOR,DF,Brentford,eng Premier League,26,24,17,1438,16.0,0,0,0,1.0,1.0,1.2,9,3,33.3,0.0,0.0,-1.0,78.3,8,56,27,26,18,12,50,795,387,43.8,42
Ludovic Ajorque,fr FRA,FW,Brest,fr Ligue 1,30,31,29,2495,27.7,13,2,15,10.4,9.6,3.1,53,25,47.2,0.25,0.52,2.6,68.9,35,41,10,26,19,6,26,914,410,47.1,62
Manuel Akanji,ch SUI,DF,Manchester City,eng Premier League,29,26,23,2014,22.4,0,0,0,1.6,1.6,0.4,15,2,13.3,0.0,0.0,-1.6,93.6,9,158,46,19,12,9,64,1881,1254,100.0,103
Ümit Akdag,ro ROU,DF,Toulouse,fr Ligue 1,20,9,6,500,5.6,0,0,0,0.1,0.1,0.1,2,0,0.0,0.0,,-0.1,78.7,2,29,4,8,4,11,19,400,217,100.0,24
Nathan Aké,nl NED,DF,Manchester City,eng Premier League,29,10,8,678,7.5,0,0,0,0.2,0.2,0.0,3,0,0.0,0.0,,-0.2,93.9,1,50,12,9,7,3,22,596,403,100.0,24
Ilias Akhomach,ma MAR,"MF,FW",Villarreal,es La Liga,20,11,7,584,6.5,1,0,1,0.6,0.6,1.0,17,6,35.3,0.06,0.17,0.4,73.5,9,12,30,12,7,3,13,293,200,44.2,30
Sergio Akieme,es ESP,DF,Reims,fr Ligue 1,26,30,29,2523,28.0,2,3,5,1.5,1.5,2.5,26,7,26.9,0.08,0.29,0.5,81.0,21,86,55,34,23,17,97,1436,710,41.9,109
Maghnes Akliouche,fr FRA,"FW,MF",Monaco,fr Ligue 1,22,32,27,2406,26.7,5,10,15,9.2,8.4,7.3,61,17,27.9,0.07,0.24,-4.2,81.3,49,173,127,51,31,15,13,1566,999,48.5,131
Paul Akouokou,ci CIV,MF,Lyon,fr Ligue 1,26,2,0,19,0.2,0,0,0,0.0,0.0,0.0,0,0,,,,0.0,66.7,0,1,0,1,0,1,0,18,14,,0
Clément Akpa,ci CIV,DF,Auxerre,fr Ligue 1,22,31,29,2486,27.6,0,1,1,0.3,0.3,0.9,6,1,16.7,0.0,0.0,-0.3,82.5,8,74,27,55,34,42,141,1532,895,34.8,116
Jean-Daniel Akpa-Akpro,ci CIV,MF,Monza,it Serie A,31,14,12,966,10.7,0,0,0,0.3,0.3,0.2,4,2,50.0,0.0,0.0,-0.3,79.5,3,19,21,30,18,13,16,505,306,31.6,54
David Akpan Ankeye,ng NGA,"FW,MF",Genoa,it Serie A,22,4,0,45,0.5,0,0,0,0.0,0.0,0.0,0,0,,,,0.0,85.7,0,1,0,0,0,0,1,9,6,100.0,0
Kevin Akpoguma,ng NGA,DF,Hoffenheim,de Bundesliga,29,32,23,2220,24.7,0,0,0,0.1,0.1,0.3,5,1,20.0,0.0,0.0,-0.1,87.1,7,98,14,54,27,29,115,1692,892,53.3,107
Chuba Akpom,eng ENG,FW,Lille,fr Ligue 1,28,14,6,639,7.1,3,1,4,5.0,3.4,0.5,18,9,50.0,0.11,0.22,-2.0,67.7,5,7,6,8,5,0,3,165,80,44.4,11
David Alaba,at AUT,DF,Real Madrid,es La Liga,32,7,4,317,3.5,0,0,0,0.0,0.0,0.1,0,0,,,,0.0,90.4,1,7,2,1,0,6,7,247,180,,8
Ibrahim Alani,ng NGA,MF,Valladolid,es La Liga,18,3,1,160,1.8,0,0,0,0.0,0.0,0.0,1,0,0.0,0.0,,0.0,83.5,0,5,2,12,7,1,1,113,54,100.0,13
Andreas Albers,dk DEN,FW,St. Pauli,de Bundesliga,34,14,0,62,0.7,1,0,1,0.6,0.6,0.1,3,1,33.3,0.33,1.0,0.4,51.7,2,3,1,1,1,0,1,44,24,66.7,3
Raúl Albiol,es ESP,DF,Villarreal,es La Liga,38,15,14,1188,13.2,0,0,0,0.1,0.1,0.0,2,0,0.0,0.0,,-0.1,89.4,0,34,3,10,9,6,69,915,514,,44
Carlos Alcaraz,ar ARG,MF,Southampton,eng Premier League,21,1,0,10,0.1,0,0,0,0.1,0.1,0.1,1,1,100.0,0.0,0.0,-0.1,100.0,1,6,4,0,0,1,0,17,12,0.0,2
Carlos Alcaraz,ar ARG,"FW,MF",Everton,eng Premier League,21,15,7,764,8.5,2,3,5,1.7,1.7,1.6,26,11,42.3,0.08,0.18,0.3,80.6,13,42,19,11,5,5,10,378,211,50.0,37
Omar Alderete,py PAR,DF,Getafe,es La Liga,27,34,34,2971,33.0,1,0,1,1.7,1.7,0.9,38,10,26.3,0.03,0.1,-0.7,65.5,11,112,25,43,29,40,241,1585,633,64.3,115
Carles Aleñá,es ESP,"MF,FW",Getafe,es La Liga,26,10,5,452,5.0,0,0,0,0.9,0.9,0.1,5,1,20.0,0.0,0.0,-0.9,79.5,3,12,3,6,3,0,7,163,88,75.0,12
Carles Aleñá,es ESP,"MF,FW",Alavés,es La Liga,26,14,13,1090,12.1,0,2,2,0.7,0.7,1.3,15,4,26.7,0.0,0.0,-0.7,76.1,19,58,18,19,12,2,4,590,330,50.0,47
Trent Alexander-Arnold,eng ENG,DF,Liverpool,eng Premier League,25,33,28,2365,26.3,3,6,9,1.9,1.9,7.3,45,8,17.8,0.07,0.38,1.1,73.5,52,232,51,72,50,31,55,2252,1183,45.9,132
Alfon,es ESP,"FW,MF",Celta Vigo,es La Liga,25,26,14,1371,15.2,5,2,7,4.6,4.6,2.6,46,19,41.3,0.11,0.26,0.4,69.8,24,22,89,8,3,5,5,551,374,39.7,37
Mohamed Ali Cho,fr FRA,"FW,MF",Nice,fr Ligue 1,20,27,21,1621,18.0,3,4,7,4.0,4.0,4.0,36,15,41.7,0.08,0.2,-1.0,70.3,30,59,81,13,9,5,8,720,460,28.6,69
Faride Alidou,de GER,"FW,MF",Hellas Verona,it Serie A,23,3,0,71,0.8,0,0,0,0.0,0.0,0.0,1,0,0.0,0.0,,0.0,80.0,1,1,1,0,0,1,3,31,17,50.0,0
Tadeo Allende,ar ARG,FW,Celta Vigo,es La Liga,25,1,0,2,0.0,0,0,0,0.0,0.0,0.0,0,0,,,,0.0,33.3,0,0,0,0,0,0,0,4,3,0.0,1
Jim Allevinah,ga GAB,FW,Angers,fr Ligue 1,29,28,23,1750,19.4,1,3,4,4.2,4.2,2.5,35,10,28.6,0.03,0.1,-3.2,75.2,15,48,57,19,11,12,17,682,435,31.3,88
Dele Alli,eng ENG,MF,Como,it Serie A,28,1,0,9,0.1,0,0,0,0.0,0.0,0.0,0,0,,,,0.0,100.0,0,0,0,0,0,0,0,4,3,,0
Thiago Almada,ar ARG,"MF,FW",Lyon,fr Ligue 1,23,16,9,951,10.6,1,4,5,2.0,2.0,2.6,23,5,21.7,0.04,0.2,-1.0,84.9,22,97,38,14,8,7,6,831,568,57.1,56
Domingos André Ribeiro Almeida,pt POR,"MF,FW",Valencia,es La Liga,24,34,24,1977,22.0,0,4,4,1.2,1.2,3.2,18,5,27.8,0.0,0.0,-1.2,84.3,43,142,45,48,32,8,14,1162,676,40.7,89
Iker Almena,es ESP,"FW,DF",Girona,es La Liga,20,2,0,48,0.5,0,1,1,0.0,0.0,0.7,1,0,0.0,0.0,,0.0,71.9,2,2,6,0,0,0,2,39,32,66.7,2
Miguel Almirón,py PAR,FW,Newcastle Utd,eng Premier League,30,9,1,157,1.7,0,0,0,0.5,0.5,0.3,6,2,33.3,0.0,0.0,-0.5,81.8,3,6,3,3,2,0,0,81,54,50.0,4
Pontus Almqvist,se SWE,"FW,MF",Parma,it Serie A,25,29,10,1112,12.4,1,1,2,2.1,2.1,1.3,26,9,34.6,0.04,0.11,-1.1,72.4,10,12,42,17,13,19,8,462,298,40.0,40
Marcos Alonso,es ESP,DF,Celta Vigo,es La Liga,33,31,29,2647,29.4,3,0,3,4.0,1.6,1.3,31,10,32.3,0.0,0.0,-1.0,89.2,21,215,64,35,21,34,126,2683,1733,64.0,176
Giorgio Altare,it ITA,DF,Venezia,it Serie A,25,12,8,753,8.4,0,0,0,0.2,0.2,0.1,3,1,33.3,0.0,0.0,-0.2,72.8,1,20,4,13,12,17,49,505,235,83.3,27
Adrià Altimira,es ESP,"DF,FW",Leganés,es La Liga,23,22,19,1630,18.1,0,0,0,0.3,0.3,0.5,7,2,28.6,0.0,0.0,-0.3,78.5,11,42,23,41,24,15,54,826,370,32.3,71
Sergi Altimira,es ESP,MF,Betis,es La Liga,22,32,22,1972,21.9,0,1,1,1.7,1.6,1.7,21,4,19.0,0.0,0.0,-1.7,89.3,22,99,25,61,37,24,43,1521,908,66.7,117
Edson Álvarez,mx MEX,MF,West Ham,eng Premier League,26,28,20,1772,19.7,0,1,1,0.4,0.4,0.8,12,1,8.3,0.0,0.0,-0.4,85.8,12,85,24,50,27,18,46,1239,687,42.4,88
Hugo Álvarez,es ESP,"MF,DF",Celta Vigo,es La Liga,21,26,16,1572,17.5,4,3,7,2.5,2.5,1.1,25,9,36.0,0.16,0.44,1.5,78.9,17,60,74,26,9,8,29,1214,726,44.4,78
Julián Álvarez,ar ARG,FW,Atlético Madrid,es La Liga,24,37,30,2509,27.9,17,4,21,14.1,11.0,5.3,70,36,51.4,0.19,0.36,2.9,74.2,41,92,79,25,17,2,12,1238,776,52.3,75
Yeray Álvarez,es ESP,DF,Athletic Club,es La Liga,29,21,20,1781,19.8,1,0,1,0.5,0.5,0.2,9,2,22.2,0.11,0.5,0.5,84.1,4,105,19,25,13,34,129,1425,792,66.7,83
Skelly Alvero,fr FRA,MF,Werder Bremen,de Bundesliga,22,12,1,236,2.6,0,0,0,0.0,0.0,0.0,1,0,0.0,0.0,,0.0,74.7,0,8,1,11,6,2,10,136,70,66.7,13
Will Alves,eng ENG,FW,Leicester City,eng Premier League,19,1,0,1,0.0,0,0,0,0.0,0.0,0.0,0,0,,,,0.0,100.0,0,0,0,0,0,0,0,1,1,,0
Selim Amallah,ma MAR,MF,Valladolid,es La Liga,27,24,18,1376,15.3,3,1,4,3.5,2.7,1.1,21,7,33.3,0.1,0.29,-0.5,78.3,13,57,24,30,18,14,5,607,308,48.5,73
Harry Amass,eng ENG,DF,Manchester Utd,eng Premier League,17,5,4,346,3.8,0,0,0,0.1,0.1,0.0,3,0,0.0,0.0,,-0.1,82.3,1,7,9,6,2,2,11,250,132,37.5,26
Amath,sn SEN,"FW,DF",Valladolid,es La Liga,28,13,5,375,4.2,0,1,1,0.4,0.4,0.5,5,1,20.0,0.0,0.0,-0.4,76.8,6,12,10,2,0,2,6,166,103,43.8,13
Jordan Amavi,fr FRA,DF,Brest,fr Ligue 1,30,11,8,790,8.8,0,0,0,0.3,0.3,0.2,8,3,37.5,0.0,0.0,-0.3,73.4,6,36,22,24,17,7,18,615,309,53.8,35
Aurele Amenda,ch SUI,DF,Eint Frankfurt,de Bundesliga,21,8,1,96,1.1,0,0,0,0.0,0.0,0.3,0,0,,,,0.0,84.1,1,2,1,1,0,2,11,89,46,100.0,2
Kelvin Amian,fr FRA,DF,Nantes,fr Ligue 1,26,30,23,2165,24.1,1,0,1,1.0,1.0,0.8,7,4,57.1,0.14,0.25,0.0,80.1,13,73,32,55,31,13,85,1153,544,59.1,54
Michael Amir Murillo,pa PAN,DF,Marseille,fr Ligue 1,28,30,27,2437,27.1,1,3,4,1.5,1.5,3.3,13,4,30.8,0.08,0.25,-0.5,87.5,24,140,43,49,31,18,70,2135,1169,51.9,138
Nadiem Amiri,de GER,MF,Mainz 05,de Bundesliga,27,30,30,2473,27.5,7,5,12,5.5,3.9,6.6,60,24,40.0,0.08,0.21,1.5,77.0,63,204,50,50,23,16,30,2093,1134,47.8,207
Samuel Amo-Ameyaw,eng ENG,"FW,DF",Southampton,eng Premier League,18,2,0,28,0.3,0,0,0,0.0,0.0,0.1,1,0,0.0,0.0,,0.0,88.9,1,0,1,1,0,0,0,16,11,0.0,1
Samuel Amo-Ameyaw,eng ENG,"DF,MF",Strasbourg,fr Ligue 1,18,9,3,320,3.6,2,0,2,0.7,0.7,0.6,9,7,77.8,0.22,0.29,1.3,86.2,5,12,11,5,3,3,2,165,94,41.7,14
Mathis Amougou,fr FRA,MF,Chelsea,eng Premier League,18,1,0,8,0.1,0,0,0,0.0,0.0,0.0,0,0,,,,0.0,100.0,0,1,0,0,0,0,0,9,7,,2
Mathis Amougou,fr FRA,MF,Saint-Étienne,fr Ligue 1,18,17,9,859,9.5,0,0,0,0.5,0.5,0.4,7,1,14.3,0.0,0.0,-0.5,77.1,7,36,8,21,15,12,4,407,242,31.3,37
Mohamed Amoura,dz ALG,FW,Wolfsburg,de Bundesliga,24,31,29,2467,27.4,10,9,19,8.7,7.2,4.0,73,25,34.2,0.11,0.32,1.3,70.3,35,61,81,29,22,9,24,1106,628,40.7,92
Sofyan Amrabat,ma MAR,MF,Fiorentina,it Serie A,27,2,2,180,2.0,0,0,0,0.0,0.0,0.1,0,0,,,,0.0,84.2,2,14,2,3,2,0,2,140,84,,7
Joachim Andersen,dk DEN,DF,Crystal Palace,eng Premier League,28,1,1,90,1.0,0,0,0,0.0,0.0,0.0,1,1,100.0,0.0,0.0,0.0,73.5,0,4,1,1,1,0,7,93,49,,7
Joachim Andersen,dk DEN,DF,Fulham,eng Premier League,28,29,29,2583,28.7,0,0,0,1.0,1.0,0.5,19,4,21.1,0.0,0.0,-1.0,82.7,4,112,16,27,18,34,188,2336,1350,66.7,122
Elliot Anderson,eng ENG,MF,Nott'ham Forest,eng Premier League,21,37,33,2728,30.3,2,6,8,2.1,2.1,3.3,40,7,17.5,0.05,0.29,-0.1,78.3,37,143,52,92,56,31,76,1831,932,48.0,207
André,br BRA,MF,Wolves,eng Premier League,23,33,31,2472,27.5,0,0,0,0.4,0.4,0.8,10,1,10.0,0.0,0.0,-0.4,92.9,18,109,10,91,55,37,30,1623,912,50.0,194
Benjamin André,fr FRA,MF,Lille,fr Ligue 1,33,30,30,2692,29.9,0,3,3,1.4,1.4,1.9,16,4,25.0,0.0,0.0,-1.4,83.0,21,209,29,103,57,48,56,2267,1153,40.9,189
Marcos André,br BRA,FW,Valladolid,es La Liga,27,22,14,1188,13.2,1,2,3,2.7,2.7,0.8,22,2,9.1,0.05,0.5,-1.7,65.7,9,16,11,10,6,3,10,372,195,41.5,44
Robert Andrich,de GER,"MF,DF",Leverkusen,de Bundesliga,29,23,19,1598,17.8,2,2,4,1.3,1.3,0.3,21,5,23.8,0.1,0.4,0.7,88.4,9,65,8,24,12,29,23,1114,526,40.0,73
Angeliño,es ESP,DF,Roma,it Serie A,27,38,36,3177,35.3,2,1,3,1.4,1.4,3.7,24,6,25.0,0.08,0.33,0.6,78.4,50,172,66,46,24,28,98,2266,1202,40.7,101
Lorenzo Anghelè,it ITA,FW,Juventus,it Serie A,19,1,0,6,0.1,0,0,0,0.0,0.0,0.0,0,0,,,,0.0,100.0,0,1,0,0,0,0,0,5,3,100.0,0
Faustino Anjorin,eng ENG,MF,Empoli,it Serie A,22,22,14,1114,12.4,2,3,5,0.9,0.9,1.7,23,7,30.4,0.09,0.29,1.1,80.5,17,55,28,29,13,13,20,628,327,39.0,65
Waldemar Anton,de GER,DF,Dortmund,de Bundesliga,28,26,22,1949,21.7,2,2,4,1.7,1.7,0.8,19,3,15.8,0.11,0.67,0.3,90.4,6,117,32,34,21,30,112,2126,1386,83.3,122
Leandro Antonetti,pr PUR,FW,Sevilla,es La Liga,21,2,0,28,0.3,0,0,0,0.1,0.1,0.0,1,1,100.0,0.0,0.0,-0.1,50.0,1,0,1,0,0,0,0,12,5,0.0,3
Kyllian Antonio,fr FRA,"DF,MF",Lens,fr Ligue 1,16,3,2,139,1.5,0,0,0,0.1,0.1,0.0,1,0,0.0,0.0,,-0.1,83.5,0,0,1,3,2,3,3,114,82,50.0,5
Michail Antonio,jm JAM,FW,West Ham,eng Premier League,34,14,11,836,9.3,1,1,2,2.2,2.2,1.6,19,4,21.1,0.05,0.25,-1.2,60.6,9,18,29,2,2,0,2,296,173,33.3,22
Antoniu,es ESP,"FW,MF",Espanyol,es La Liga,21,26,13,1022,11.4,0,1,1,0.9,0.9,1.1,10,4,40.0,0.0,0.0,-0.9,67.0,7,28,35,21,10,8,11,369,215,53.7,39
Antony,br BRA,"DF,MF",Manchester Utd,eng Premier League,24,8,0,141,1.6,0,0,0,1.0,1.0,0.1,6,3,50.0,0.0,0.0,-1.0,81.2,3,6,5,6,3,2,0,101,60,36.4,11
Antony,br BRA,FW,Betis,es La Liga,24,17,15,1362,15.1,5,2,7,2.9,2.9,3.5,43,17,39.5,0.12,0.29,2.1,81.0,36,67,94,25,11,10,9,982,663,38.1,73
Anuar,ma MAR,"MF,FW",Valladolid,es La Liga,29,26,21,1720,19.1,2,0,2,1.7,1.7,1.2,11,5,45.5,0.18,0.4,0.3,81.4,7,30,24,38,27,18,26,705,359,29.2,71
Dennis Appiah,fr FRA,DF,Saint-Étienne,fr Ligue 1,32,29,22,2128,23.6,0,1,1,0.2,0.2,2.1,5,2,40.0,0.0,0.0,-0.2,76.6,13,108,51,71,43,29,89,1486,630,46.5,90
Aritz Arambarri,es ESP,DF,Leganés,es La Liga,26,2,2,177,2.0,0,0,0,0.0,0.0,0.0,1,0,0.0,0.0,,0.0,73.1,0,2,0,1,1,3,8,86,44,,4
Mauro Arambarri,uy URU,MF,Getafe,es La Liga,28,35,31,2661,29.6,10,0,10,8.2,5.8,0.6,53,16,30.2,0.13,0.44,1.8,73.3,17,75,17,48,29,15,46,1146,534,52.9,137
Jon Aramburu,ve VEN,DF,Real Sociedad,es La Liga,22,35,28,2460,27.3,1,1,2,0.4,0.4,1.1,11,3,27.3,0.09,0.33,0.6,78.4,15,97,26,102,70,30,98,1887,847,21.6,127
Julian Araujo,mx MEX,DF,Bournemouth,eng Premier League,22,12,7,497,5.5,0,0,0,0.0,0.0,0.1,0,0,,,,0.0,79.1,1,14,4,10,5,6,18,275,126,0.0,29
Ronald Araújo,uy URU,DF,Barcelona,es La Liga,25,12,11,754,8.4,1,1,2,1.0,1.0,0.4,4,2,50.0,0.25,0.5,0.0,91.9,4,49,6,12,9,9,25,798,515,0.0,27
Cameron Archer,eng ENG,FW,Southampton,eng Premier League,23,35,13,1441,16.0,2,0,2,5.7,4.9,0.5,28,10,35.7,0.07,0.2,-3.7,81.7,5,14,22,13,8,2,11,398,226,40.5,35
Carlens Arcus,ht HAI,DF,Angers,fr Ligue 1,28,28,25,2047,22.7,0,1,1,0.0,0.0,1.4,3,0,0.0,0.0,,0.0,79.4,17,70,39,52,35,27,83,1249,566,44.4,81
Adu Ares,es ESP,FW,Athletic Club,es La Liga,22,1,0,19,0.2,0,0,0,0.0,0.0,0.0,0,0,,,,0.0,55.6,0,3,1,0,0,0,0,11,8,0.0,1
Jesús Areso,es ESP,DF,Osasuna,es La Liga,25,36,35,3079,34.2,0,3,3,0.2,0.2,3.5,8,0,0.0,0.0,,-0.2,72.4,30,106,101,53,38,8,92,1902,904,37.5,118
David Argüelles,es ESP,MF,Getafe,es La Liga,22,1,0,7,0.1,0,0,0,0.0,0.0,0.0,0,0,,,,0.0,60.0,0,0,1,0,0,0,0,7,3,,0
Joe Aribo,ng NGA,"MF,DF",Southampton,eng Premier League,28,32,21,2013,22.4,3,0,3,2.7,2.7,1.6,17,7,41.2,0.18,0.43,0.3,88.8,16,75,36,47,33,20,32,1271,745,42.9,112
Adam Armstrong,eng ENG,"FW,MF",Southampton,eng Premier League,27,20,15,1248,13.9,2,2,4,3.3,2.3,1.2,25,7,28.0,0.08,0.29,-1.3,80.2,9,21,25,12,3,3,8,377,235,42.9,23
Harrison Armstrong,eng ENG,MF,Everton,eng Premier League,17,3,0,48,0.5,0,0,0,0.4,0.4,0.1,1,0,0.0,0.0,,-0.4,46.7,1,1,1,0,0,0,1,20,15,100.0,2
José Arnaiz,es ESP,"FW,MF",Osasuna,es La Liga,29,15,1,133,1.5,0,0,0,0.3,0.3,0.1,6,3,50.0,0.0,0.0,-0.3,67.5,3,4,6,7,5,5,1,117,55,20.0,16
Hákon Arnar Haraldsson,is ISL,"MF,FW",Lille,fr Ligue 1,21,25,21,1755,19.5,5,3,8,3.8,3.8,2.8,35,13,37.1,0.14,0.38,1.2,79.4,35,102,52,36,16,8,6,1136,715,55.1,71
Marko Arnautović,at AUT,FW,Inter,it Serie A,35,17,5,527,5.9,4,2,6,3.3,3.3,1.2,13,6,46.2,0.31,0.67,0.7,71.5,7,16,4,7,5,1,1,198,99,66.7,10
Maximilian Arnold,de GER,MF,Wolfsburg,de Bundesliga,30,28,27,2356,26.2,3,5,8,0.9,0.9,3.5,27,12,44.4,0.11,0.25,2.1,77.2,45,128,9,34,20,24,70,1576,787,16.7,154
Jann-Fiete Arp,de GER,"FW,MF",Holstein Kiel,de Bundesliga,24,23,3,713,7.9,2,0,2,3.8,2.2,1.0,20,9,45.0,0.05,0.11,-1.8,58.6,11,21,14,13,10,3,8,303,158,43.8,21
Sergio Arribas,es ESP,DF,Betis,es La Liga,21,1,1,90,1.0,0,0,0,0.0,0.0,0.0,0,0,,,,0.0,68.5,0,1,0,7,4,3,4,71,33,,3
Arthur,br BRA,DF,Leverkusen,de Bundesliga,21,20,7,752,8.4,0,1,1,0.1,0.1,0.4,1,0,0.0,0.0,,-0.1,78.9,2,25,15,14,11,9,29,508,242,20.8,31
Takuma Asano,jp JPN,"FW,MF",Mallorca,es La Liga,29,21,13,1054,11.7,2,1,3,2.7,2.7,0.7,28,8,28.6,0.07,0.25,-0.7,67.6,6,20,28,13,9,6,9,356,207,24.0,42
Raúl Asencio,es ESP,DF,Real Madrid,es La Liga,21,23,18,1670,18.6,0,1,1,0.1,0.1,0.6,3,1,33.3,0.0,0.0,-0.1,93.8,6,27,5,22,16,16,88,1149,720,66.7,75
Marco Asensio,es ESP,MF,Aston Villa,eng Premier League,28,13,9,743,8.3,3,1,4,4.4,2.9,1.0,22,9,40.9,0.14,0.33,-1.4,77.3,16,45,22,7,5,2,3,386,242,63.2,28
Marco Asensio,es ESP,"FW,MF",Paris S-G,fr Ligue 1,28,12,8,618,6.9,2,4,6,5.6,5.6,2.7,26,14,53.8,0.08,0.14,-3.6,86.9,16,36,19,4,3,0,1,377,260,50.0,18
Kristjan Asllani,al ALB,MF,Inter,it Serie A,22,21,10,980,10.9,2,2,4,2.5,0.9,1.9,14,3,21.4,0.0,0.0,-0.5,89.2,15,55,7,14,3,9,13,1061,700,16.7,49
Iago Aspas,es ESP,"FW,MF",Celta Vigo,es La Liga,36,30,19,1745,19.4,10,5,15,8.7,4.0,4.6,46,18,39.1,0.11,0.28,1.3,75.4,38,132,50,13,8,8,5,1038,724,55.6,55
Yaser Asprilla,co COL,"FW,MF",Girona,es La Liga,20,27,15,1405,15.6,3,1,4,2.1,2.1,2.8,38,11,28.9,0.08,0.27,0.9,72.1,24,77,72,22,12,7,7,831,534,45.3,62
Lorenz Assignon,tg TOG,"DF,MF",Rennes,fr Ligue 1,24,32,27,2357,26.2,3,4,7,2.2,2.2,3.5,22,5,22.7,0.14,0.6,0.8,78.0,29,116,98,49,27,25,74,1638,807,36.4,110
Dehmaine Assoumani,fr FRA,"MF,FW",Nantes,fr Ligue 1,19,12,0,98,1.1,0,0,0,0.1,0.1,0.9,3,2,66.7,0.0,0.0,-0.1,76.0,5,1,4,6,3,1,4,77,48,50.0,8
Valentin Atangana Edoa,fr FRA,MF,Reims,fr Ligue 1,18,34,33,2854,31.7,1,0,1,2.5,2.5,1.1,33,6,18.2,0.03,0.17,-1.5,86.0,12,93,41,69,50,37,64,1433,735,29.2,117
Arthur Atta,fr FRA,"MF,FW",Udinese,it Serie A,21,27,12,1251,13.9,0,1,1,1.3,1.3,1.4,26,7,26.9,0.0,0.0,-1.3,80.4,18,57,31,20,12,7,15,813,515,44.3,57
Tommaso Augello,it ITA,DF,Cagliari,it Serie A,29,38,30,2713,30.1,0,7,7,0.3,0.3,4.6,8,0,0.0,0.0,,-0.3,71.9,39,118,58,49,28,16,109,1902,882,55.8,135
Carlos Augusto,br BRA,DF,Inter,it Serie A,25,28,15,1625,18.1,3,2,5,2.8,2.8,1.6,24,6,25.0,0.13,0.5,0.2,88.3,9,80,31,29,14,9,50,1413,837,58.3,70
Yann Aurel Bisseck,de GER,DF,Inter,it Serie A,23,26,16,1553,17.3,3,2,5,2.6,2.6,0.9,21,5,23.8,0.14,0.6,0.4,91.8,7,93,32,17,11,17,64,1465,998,20.0,66
Ezequiel Ávila,ar ARG,FW,Betis,es La Liga,30,19,6,677,7.5,2,0,2,1.5,1.5,1.0,20,10,50.0,0.1,0.2,0.5,69.7,15,18,12,8,3,2,8,323,173,45.5,28
Taiwo Awoniyi,ng NGA,FW,Nott'ham Forest,eng Premier League,26,26,3,416,4.6,1,0,1,2.1,2.1,0.1,10,4,40.0,0.1,0.25,-1.1,63.5,2,7,6,6,3,0,7,167,90,44.4,18
Yasin Ayari,se SWE,MF,Brighton,eng Premier League,20,34,22,1965,21.8,2,1,3,2.4,2.4,2.3,28,8,28.6,0.07,0.25,-0.4,81.5,30,75,30,59,32,20,26,1233,655,40.0,118
Florian Ayé,fr FRA,FW,Auxerre,fr Ligue 1,27,26,4,575,6.4,2,0,2,1.9,1.9,0.1,12,3,25.0,0.17,0.67,0.1,73.6,3,7,5,2,2,7,6,187,89,100.0,14
André Ayew,gh GHA,FW,Le Havre,fr Ligue 1,34,27,15,1453,16.1,4,1,5,4.3,4.3,0.2,22,9,40.9,0.18,0.44,-0.3,76.1,8,18,5,18,10,3,21,378,159,38.5,26
Jordan Ayew,gh GHA,"FW,MF",Crystal Palace,eng Premier League,32,1,0,21,0.2,0,0,0,0.5,0.5,0.0,1,0,0.0,0.0,,-0.5,80.0,1,0,0,1,0,0,0,12,6,,1
Jordan Ayew,gh GHA,"FW,MF",Leicester City,eng Premier League,32,30,19,1638,18.2,5,0,5,3.2,2.4,1.1,31,8,25.8,0.13,0.5,1.8,74.3,16,46,49,27,15,12,19,798,479,40.6,93
Neil El Aynaoui,fr FRA,MF,Lens,fr Ligue 1,23,24,17,1588,17.6,8,1,9,4.0,1.6,2.0,16,7,43.8,0.31,0.71,4.0,84.5,22,75,11,39,21,30,29,1196,582,23.8,90
Ayman Azhil,ma MAR,MF,Dortmund,de Bundesliga,23,1,0,24,0.3,0,0,0,0.0,0.0,0.0,0,0,,,,0.0,75.0,0,1,0,1,1,0,0,9,4,0.0,2
Adam Aznou,ma MAR,DF,Valladolid,es La Liga,18,13,10,876,9.7,0,0,0,0.3,0.3,0.3,4,1,25.0,0.0,0.0,-0.3,71.4,6,25,16,28,21,10,30,508,219,46.3,56
Adam Aznou,ma MAR,DF,Bayern Munich,de Bundesliga,18,2,0,17,0.2,0,0,0,0.0,0.0,0.0,0,0,,,,0.0,76.5,0,1,0,0,0,0,1,18,12,,1
César Azpilicueta,es ESP,DF,Atlético Madrid,es La Liga,34,14,10,875,9.7,1,0,1,0.2,0.2,0.1,5,2,40.0,0.2,0.5,0.8,86.6,3,66,13,25,14,5,32,759,432,50.0,28
Paulo Azzi,br BRA,DF,Cagliari,it Serie A,30,6,5,426,4.7,0,0,0,0.5,0.5,0.9,8,3,37.5,0.0,0.0,-0.5,70.0,5,13,15,11,9,5,11,242,119,61.5,24
Oussama El Azzouzi,ma MAR,MF,Bologna,it Serie A,23,2,0,19,0.2,0,0,0,0.0,0.0,0.0,0,0,,,,0.0,94.4,0,4,0,0,0,2,0,20,14,,1
Papa Ba,es ESP,MF,Girona,es La Liga,19,1,0,48,0.5,0,0,0,0.0,0.0,0.0,1,0,0.0,0.0,,0.0,38.5,0,0,1,1,1,0,1,20,9,50.0,1
Shavy Babicka,ga GAB,"MF,FW",Toulouse,fr Ligue 1,24,30,11,1186,13.2,4,2,6,3.9,3.9,1.6,20,9,45.0,0.2,0.44,0.1,67.1,13,21,36,21,12,3,4,428,273,29.7,54
Jacopo Bacci,it ITA,MF,Empoli,it Serie A,19,3,0,31,0.3,0,0,0,0.0,0.0,0.0,0,0,,,,0.0,54.5,0,1,0,1,0,1,1,14,5,,0
Aliou Badara Baldé,gn GUI,"MF,FW",Bochum,de Bundesliga,21,5,0,91,1.0,0,0,0,0.2,0.2,0.2,4,1,25.0,0.0,0.0,-0.2,55.0,2,1,2,1,1,0,0,43,30,22.2,3
Loïc Bade,fr FRA,DF,Sevilla,es La Liga,24,32,31,2686,29.8,1,1,2,0.6,0.6,0.7,13,4,30.8,0.08,0.25,0.4,85.7,4,62,11,47,27,29,162,2135,1173,77.3,138
Milan Badelj,hr CRO,MF,Genoa,it Serie A,35,23,21,1472,16.4,1,0,1,1.0,1.0,1.1,14,2,14.3,0.07,0.5,0.0,81.5,12,83,8,29,16,20,43,1014,499,45.0,74
Benoît Badiashile,fr FRA,DF,Chelsea,eng Premier League,23,5,3,334,3.7,0,0,0,0.0,0.0,0.0,0,0,,,,0.0,89.8,0,17,3,9,6,6,12,336,177,0.0,18
Alex Baena,es ESP,"MF,FW",Villarreal,es La Liga,23,32,30,2595,28.8,7,9,16,7.1,6.3,11.7,69,17,24.6,0.1,0.41,-0.1,66.6,95,189,91,28,15,22,22,1569,895,37.5,140
Juma Bah,sl SLE,DF,Valladolid,es La Liga,18,12,10,864,9.6,0,0,0,0.3,0.3,0.0,3,1,33.3,0.0,0.0,-0.3,81.1,1,13,0,10,7,12,60,523,265,75.0,35
Juma Bah,sl SLE,DF,Lens,fr Ligue 1,18,10,8,686,7.6,0,0,0,0.1,0.1,0.2,2,1,50.0,0.0,0.0,-0.1,93.4,2,9,3,16,10,17,47,480,265,100.0,37
Leon Bailey,jm JAM,"FW,MF",Aston Villa,eng Premier League,26,24,14,1139,12.7,1,2,3,1.7,1.7,1.5,28,6,21.4,0.04,0.17,-0.7,71.0,16,35,58,7,5,3,12,545,348,38.6,59
Eric Bailly,ci CIV,DF,Villarreal,es La Liga,30,12,8,617,6.9,0,0,0,0.3,0.3,0.0,4,0,0.0,0.0,,-0.3,87.5,0,18,1,12,4,6,29,394,200,100.0,19
Theo Bair,ca CAN,FW,Auxerre,fr Ligue 1,24,29,11,939,10.4,2,1,3,3.0,3.0,1.2,26,13,50.0,0.08,0.15,-1.0,62.0,10,16,15,4,3,3,10,306,143,25.0,15
Stefan Bajcetic,es ESP,"MF,DF",Las Palmas,es La Liga,19,14,12,969,10.8,1,0,1,0.3,0.3,0.2,5,2,40.0,0.2,0.5,0.7,71.8,7,39,8,29,14,15,26,570,238,45.8,61
Cédric Bakambu,cd COD,FW,Betis,es La Liga,33,25,6,710,7.9,2,2,4,3.2,3.2,0.6,24,11,45.8,0.08,0.18,-1.2,66.7,8,14,9,6,4,0,5,226,113,14.3,25
Mitchel Bakker,nl NED,MF,Atalanta,it Serie A,24,1,0,22,0.2,0,0,0,0.0,0.0,0.0,0,0,,,,0.0,77.8,0,1,0,1,0,0,0,10,6,,2
Mitchel Bakker,nl NED,"FW,DF",Lille,fr Ligue 1,24,24,14,1139,12.7,3,2,5,3.0,3.0,2.7,23,10,43.5,0.13,0.3,0.0,77.8,23,57,43,23,13,12,15,758,439,52.4,46
Darryl Bakola,fr FRA,"DF,MF",Marseille,fr Ligue 1,16,2,0,14,0.2,0,0,0,0.0,0.0,0.0,0,0,,,,0.0,92.3,0,0,0,1,1,0,0,15,9,0.0,1
Ridle Baku,de GER,"FW,MF",Wolfsburg,de Bundesliga,26,15,14,1170,13.0,2,1,3,1.5,1.5,1.3,18,6,33.3,0.11,0.33,0.5,74.1,13,44,16,23,15,15,15,646,352,45.0,68
Ridle Baku,de GER,"DF,MF",RB Leipzig,de Bundesliga,26,19,15,1275,14.2,2,3,5,1.4,1.4,1.5,17,5,29.4,0.12,0.4,0.6,75.2,14,41,21,24,19,9,45,796,383,66.7,45
Dilane Bakwa,fr FRA,"MF,DF",Strasbourg,fr Ligue 1,21,30,29,2497,27.7,6,8,14,4.7,4.7,6.6,52,22,42.3,0.12,0.27,1.3,72.9,47,129,107,26,14,15,27,1420,890,39.4,92
Tommaso Baldanzi,it ITA,"MF,FW",Roma,it Serie A,21,31,5,832,9.2,1,1,2,1.4,1.4,1.0,20,4,20.0,0.05,0.25,-0.4,84.0,10,23,39,12,4,6,8,472,292,43.6,48
Alejandro Balde,es ESP,DF,Barcelona,es La Liga,20,32,26,2284,25.4,0,4,4,0.5,0.5,3.4,12,3,25.0,0.0,0.0,-0.5,88.0,26,93,107,18,10,5,27,1721,1075,41.8,122
Keita Baldé,sn SEN,FW,Monza,it Serie A,29,11,8,638,7.1,2,0,2,1.1,1.1,0.2,14,5,35.7,0.14,0.4,0.9,89.2,4,35,19,1,1,2,0,289,216,31.3,12
Carlos Baleba,cm CMR,MF,Brighton,eng Premier League,20,34,31,2661,29.6,3,1,4,3.1,3.1,1.3,44,11,25.0,0.07,0.27,-0.1,87.4,21,118,43,79,46,46,44,1697,971,57.9,197
Leonardo Balerdi,ar ARG,DF,Marseille,fr Ligue 1,25,27,27,2273,25.3,0,0,0,0.9,0.9,0.7,15,1,6.7,0.0,0.0,-0.9,93.8,8,105,13,54,39,38,72,2767,1752,68.8,161
Iván Balliu,al ALB,DF,Rayo Vallecano,es La Liga,32,25,12,1200,13.3,0,0,0,0.0,0.0,0.5,1,0,0.0,0.0,,0.0,75.8,7,46,8,17,14,13,39,762,326,50.0,39
Fodé Ballo-Touré,sn SEN,"DF,MF",Le Havre,fr Ligue 1,27,10,9,589,6.5,0,0,0,0.0,0.0,0.1,0,0,,,,0.0,83.3,1,13,15,8,7,4,27,377,163,35.7,31
Botond Balogh,hu HUN,DF,Parma,it Serie A,22,29,23,2053,22.8,0,1,1,0.4,0.4,0.1,3,0,0.0,0.0,,-0.4,89.3,2,37,7,36,16,25,141,1228,621,,64
Folarin Balogun,us USA,FW,Monaco,fr Ligue 1,23,13,7,615,6.8,4,0,4,4.8,4.8,0.9,31,10,32.3,0.13,0.4,-0.8,68.0,6,9,21,1,1,1,0,220,143,22.2,15
Mario Balotelli,it ITA,"FW,MF",Genoa,it Serie A,33,6,0,62,0.7,0,0,0,0.0,0.0,0.0,2,0,0.0,0.0,,0.0,26.7,0,1,0,0,0,0,1,23,10,,1
Abdoulaye Bamba,ci CIV,DF,Angers,fr Ligue 1,34,19,16,1510,16.8,0,0,0,0.1,0.1,0.3,1,0,0.0,0.0,,-0.1,88.5,6,16,1,22,12,19,79,743,408,100.0,47
Jonathan Bamba,ci CIV,"FW,MF",Celta Vigo,es La Liga,28,12,10,811,9.0,0,1,1,0.8,0.8,1.8,13,6,46.2,0.0,0.0,-0.8,78.8,12,30,31,12,7,5,6,468,307,39.5,52
Mohamed Bamba,ci CIV,MF,Reims,fr Ligue 1,19,2,0,10,0.1,0,0,0,0.0,0.0,0.0,0,0,,,,0.0,84.2,0,3,0,0,0,0,1,22,14,,0
Samuel Bamba,de GER,"FW,MF",Bochum,de Bundesliga,20,5,0,27,0.3,0,0,0,0.1,0.1,0.0,2,1,50.0,0.0,0.0,-0.1,77.3,1,5,3,1,1,0,0,31,20,25.0,2
Lameck Banda,zm ZAM,"FW,MF",Lecce,it Serie A,23,15,6,610,6.8,0,1,1,1.2,1.2,1.1,17,4,23.5,0.0,0.0,-1.2,77.2,11,7,27,8,5,2,8,252,169,35.7,30
Daniel Bandeira,pt POR,MF,Hellas Verona,it Serie A,24,11,4,407,4.5,0,0,0,0.0,0.0,0.1,2,1,50.0,0.0,0.0,0.0,82.6,3,25,1,4,0,6,8,266,148,100.0,36
Mattia Bani,it ITA,DF,Genoa,it Serie A,30,20,19,1507,16.7,0,0,0,1.2,1.2,0.2,8,3,37.5,0.0,0.0,-1.2,87.4,2,25,6,19,10,22,85,1048,558,40.0,60
Noahkai Banks,us USA,DF,Augsburg,de Bundesliga,17,8,2,278,3.1,0,0,0,0.1,0.1,0.0,1,0,0.0,0.0,,-0.1,92.9,0,8,2,11,5,5,28,229,123,0.0,13
Scott Banks,sct SCO,"FW,MF",St. Pauli,de Bundesliga,22,12,0,116,1.3,0,0,0,0.3,0.3,0.0,3,0,0.0,0.0,,-0.3,63.6,0,1,3,1,1,2,2,48,24,28.6,4
Adrian Baquerin,es ESP,FW,Valladolid,es La Liga,17,5,0,49,0.5,0,0,0,0.4,0.4,0.0,3,0,0.0,0.0,,-0.4,90.0,0,1,0,1,1,0,1,18,10,0.0,1
Antonín Barák,cz CZE,MF,Fiorentina,it Serie A,29,1,1,54,0.6,0,0,0,0.1,0.1,0.3,2,2,100.0,0.0,0.0,-0.1,85.0,3,2,2,2,0,0,0,25,20,0.0,2
Federico Barba,it ITA,DF,Como,it Serie A,30,7,5,431,4.8,0,0,0,0.2,0.2,0.0,2,1,50.0,0.0,0.0,-0.2,88.4,0,25,5,2,2,4,15,320,201,,19
Valentín Barco,ar ARG,"DF,FW",Sevilla,es La Liga,20,7,3,288,3.2,0,0,0,0.3,0.3,0.6,7,0,0.0,0.0,,-0.3,72.8,6,13,4,15,9,2,5,236,124,23.1,16
Valentín Barco,ar ARG,"MF,DF",Strasbourg,fr Ligue 1,20,14,14,1157,12.9,0,2,2,0.5,0.5,1.5,10,1,10.0,0.0,0.0,-0.5,82.9,8,64,20,36,22,13,28,928,513,45.0,79
Bradley Barcola,fr FRA,FW,Paris S-G,fr Ligue 1,21,34,27,2181,24.2,14,10,24,13.4,13.4,10.1,74,38,51.4,0.19,0.37,0.6,81.7,50,96,137,27,17,19,12,1278,855,24.8,67
Melvin Bard,fr FRA,"DF,MF",Nice,fr Ligue 1,23,24,22,1938,21.5,2,1,3,2.2,2.2,1.9,23,8,34.8,0.09,0.25,-0.2,77.4,15,88,53,53,36,29,60,1436,778,44.9,124
Nicolò Barella,it ITA,MF,Inter,it Serie A,27,32,28,2456,27.3,3,6,9,2.2,2.2,4.5,42,9,21.4,0.07,0.33,0.8,82.1,55,235,63,50,31,12,16,2064,1393,40.4,165
Gabriel Bares,ch SUI,"MF,DF",Montpellier,fr Ligue 1,23,6,0,56,0.6,0,0,0,0.0,0.0,0.0,0,0,,,,0.0,85.0,0,3,1,2,2,1,3,49,27,50.0,1
Borna Barišić,hr CRO,DF,Leganés,es La Liga,31,1,1,9,0.1,0,0,0,0.0,0.0,0.0,0,0,,,,0.0,75.0,0,0,0,0,0,0,0,4,2,,0
Téo Barisic,fr FRA,DF,Lyon,fr Ligue 1,19,1,0,2,0.0,0,0,0,0.0,0.0,0.0,0,0,,,,0.0,100.0,0,0,0,0,0,0,1,2,1,,0
Kike Barja,es ESP,"FW,MF",Osasuna,es La Liga,27,15,3,315,3.5,0,1,1,0.2,0.2,1.2,4,1,25.0,0.0,0.0,-0.2,64.9,10,4,22,5,4,3,4,167,102,43.8,10
Ross Barkley,eng ENG,MF,Aston Villa,eng Premier League,30,20,3,581,6.5,3,1,4,1.8,1.8,0.6,16,5,31.3,0.19,0.6,1.2,85.3,9,36,15,14,3,10,5,464,277,75.0,43
Aymen Barkok,ma MAR,MF,Mainz 05,de Bundesliga,26,4,0,73,0.8,0,0,0,0.0,0.0,0.1,0,0,,,,0.0,70.3,1,5,2,2,1,2,0,47,22,0.0,4
Harvey Barnes,eng ENG,FW,Newcastle Utd,eng Premier League,26,33,17,1755,19.5,9,4,13,7.2,7.2,4.0,63,20,31.7,0.14,0.45,1.8,78.1,26,83,93,16,9,6,15,810,561,37.5,55
Enzo Barrenechea,ar ARG,MF,Valencia,es La Liga,23,30,26,2191,24.3,1,2,3,1.3,1.3,0.9,16,3,18.8,0.06,0.33,-0.3,86.5,15,126,21,57,30,28,48,1601,762,35.5,117
Ander Barrenetxea,es ESP,"MF,FW",Real Sociedad,es La Liga,22,30,14,1263,14.0,1,3,4,1.6,1.6,1.9,25,8,32.0,0.04,0.13,-0.6,70.9,16,48,43,26,19,11,16,751,470,37.7,88
Pablo Barrios,es ESP,MF,Atlético Madrid,es La Liga,21,31,28,2330,25.9,1,4,5,1.3,1.3,2.4,29,8,27.6,0.03,0.13,-0.3,86.0,26,142,29,46,26,34,33,1784,1119,59.5,131
Thierno Barry,fr FRA,FW,Villarreal,es La Liga,21,35,25,2323,25.8,11,4,15,12.5,11.7,2.9,71,24,33.8,0.14,0.42,-1.5,62.0,23,27,44,11,8,0,19,624,347,36.0,36
Davide Bartesaghi,it ITA,DF,Milan,it Serie A,18,4,1,118,1.3,0,0,0,0.0,0.0,0.1,1,1,100.0,0.0,0.0,0.0,85.5,2,2,2,4,2,3,1,89,55,0.0,2
Marc Bartra,es ESP,DF,Betis,es La Liga,33,25,23,2099,23.3,2,1,3,1.2,1.2,0.2,18,5,27.8,0.11,0.4,0.8,81.3,4,68,7,33,19,33,148,1483,804,46.7,88
Federico Baschirotto,it ITA,DF,Lecce,it Serie A,27,38,38,3420,38.0,2,0,2,1.2,1.2,0.2,22,8,36.4,0.09,0.25,0.8,86.2,4,71,13,37,25,23,237,2043,940,80.0,93
Daniele Baselli,it ITA,MF,Como,it Serie A,32,2,1,22,0.2,0,0,0,0.0,0.0,0.0,0,0,,,,0.0,88.9,0,4,2,0,0,1,1,31,22,,0
Calvin Bassey,ng NGA,DF,Fulham,eng Premier League,24,35,34,3074,34.2,1,0,1,1.0,1.0,0.1,14,4,28.6,0.07,0.25,0.0,89.7,3,116,39,54,34,20,118,2463,1571,45.5,168
Aboubacar Bassinga,ci CIV,MF,Las Palmas,es La Liga,19,1,0,4,0.0,0,0,0,0.0,0.0,0.0,0,0,,,,0.0,50.0,0,0,0,0,0,0,0,4,3,,0
Alessandro Bastoni,it ITA,DF,Inter,it Serie A,25,32,30,2333,25.9,1,5,6,0.8,0.8,2.3,12,2,16.7,0.08,0.5,0.2,88.4,27,162,62,46,23,21,52,2446,1633,43.8,96
Michy Batshuayi,be BEL,FW,Eint Frankfurt,de Bundesliga,30,10,3,300,3.3,3,0,3,1.2,1.2,0.0,5,3,60.0,0.6,1.0,1.8,80.3,1,8,3,1,1,1,0,101,60,28.6,10
Dylan Batubinsika,cd COD,DF,Saint-Étienne,fr Ligue 1,28,25,22,2016,22.4,1,0,1,0.8,0.8,0.2,7,2,28.6,0.14,0.5,0.2,91.4,4,51,11,26,13,39,140,1476,790,66.7,76
Maximilian Bauer,de GER,DF,Augsburg,de Bundesliga,24,11,8,658,7.3,0,0,0,0.2,0.2,0.1,1,1,100.0,0.0,0.0,-0.2,80.9,2,30,4,14,8,6,35,422,216,,20
Christoph Baumgartner,at AUT,MF,RB Leipzig,de Bundesliga,24,31,18,1610,17.9,2,1,3,4.5,4.5,1.3,39,15,38.5,0.05,0.13,-2.5,68.2,20,53,37,44,28,12,24,910,438,40.5,86
Rafael Bauza,es ESP,MF,Espanyol,es La Liga,19,5,2,183,2.0,0,0,0,0.1,0.1,0.0,3,0,0.0,0.0,,-0.1,85.2,0,7,1,5,3,0,5,74,37,50.0,4
Ihlas Bebou,tg TOG,MF,Hoffenheim,de Bundesliga,30,1,0,9,0.1,0,0,0,0.0,0.0,0.0,0,0,,,,0.0,50.0,0,0,0,0,0,0,0,5,4,,0
Adrian Beck,de GER,"MF,FW",Heidenheim,de Bundesliga,27,32,18,1598,17.8,4,1,5,3.3,3.3,1.2,39,13,33.3,0.1,0.31,0.7,80.1,21,69,37,36,17,9,17,962,553,53.3,131
Sheraldo Becker,sr SUR,"FW,MF",Real Sociedad,es La Liga,29,22,11,995,11.1,2,1,3,2.0,2.0,2.0,22,13,59.1,0.09,0.15,0.0,63.9,8,23,51,3,2,1,10,384,242,36.4,30
Timo Becker,de GER,DF,Holstein Kiel,de Bundesliga,27,30,28,2445,27.2,0,2,2,1.4,1.4,0.8,17,4,23.5,0.0,0.0,-1.4,77.4,6,57,28,53,33,17,110,1325,588,46.2,98
Jan Bednarek,pl POL,DF,Southampton,eng Premier League,28,30,30,2531,28.1,2,0,2,0.7,0.7,0.5,5,2,40.0,0.4,1.0,1.3,92.7,5,60,5,36,19,56,190,2049,1046,100.0,106
Donny van de Beek,nl NED,MF,Girona,es La Liga,27,26,16,1421,15.8,2,2,4,1.5,1.5,3.2,18,5,27.8,0.11,0.4,0.5,81.7,18,45,17,29,18,10,12,580,281,46.2,48
Kevin Behrens,de GER,FW,Wolfsburg,de Bundesliga,33,18,0,170,1.9,1,0,1,2.3,2.3,0.1,9,3,33.3,0.11,0.33,-1.3,60.8,2,4,2,1,1,1,2,106,41,0.0,9
Maximilian Beier,de GER,"FW,MF",Dortmund,de Bundesliga,21,29,17,1591,17.7,8,5,13,7.7,7.7,3.3,42,13,31.0,0.19,0.62,0.3,70.5,24,33,24,25,16,7,14,618,338,43.1,49
Luken Beitia,es ESP,DF,Real Sociedad,es La Liga,20,1,0,8,0.1,0,0,0,0.0,0.0,0.0,0,0,,,,0.0,100.0,0,0,0,1,1,0,2,7,6,,1
Ismael Bekhoucha,ma MAR,"MF,DF",Getafe,es La Liga,19,5,0,69,0.8,0,0,0,0.0,0.0,0.0,0,0,,,,0.0,70.8,0,1,1,1,1,2,2,35,16,66.7,6
Reda Belahyane,ma MAR,MF,Hellas Verona,it Serie A,20,22,17,1658,18.4,0,2,2,0.2,0.2,1.0,6,2,33.3,0.0,0.0,-0.2,83.7,16,73,22,36,26,10,22,884,551,63.5,109
Reda Belahyane,ma MAR,MF,Lazio,it Serie A,20,6,1,198,2.2,0,0,0,0.0,0.0,0.0,0,0,,,,0.0,90.4,0,10,4,8,6,1,5,118,76,50.0,13
Haris Belkebla,dz ALG,MF,Angers,fr Ligue 1,30,22,21,1792,19.9,0,1,1,0.1,0.1,0.9,3,0,0.0,0.0,,-0.1,87.6,5,69,8,56,38,35,46,1064,558,40.9,90
Yassin Belkhdim,fr FRA,MF,Angers,fr Ligue 1,22,29,16,1523,16.9,1,1,2,0.8,0.8,0.6,9,5,55.6,0.11,0.2,0.2,80.9,5,37,17,53,27,21,41,702,343,13.3,74
Stefan Bell,de GER,DF,Mainz 05,de Bundesliga,32,18,15,1436,16.0,0,1,1,0.8,0.8,1.0,12,3,25.0,0.0,0.0,-0.8,78.6,5,38,8,22,12,28,107,952,415,33.3,65
Armel Bella Kotchap,de GER,DF,Southampton,eng Premier League,22,4,2,331,3.7,0,0,0,0.3,0.3,0.0,1,0,0.0,0.0,,-0.3,90.2,0,5,0,7,5,5,21,263,186,0.0,19
Raoul Bellanova,it ITA,DF,Torino,it Serie A,24,1,1,87,1.0,0,0,0,0.0,0.0,0.1,1,0,0.0,0.0,,0.0,72.1,1,0,4,0,0,0,4,51,34,0.0,4
Raoul Bellanova,it ITA,DF,Atalanta,it Serie A,24,34,27,2402,26.7,0,9,9,1.1,1.1,4.7,18,5,27.8,0.0,0.0,-1.1,77.3,34,87,83,24,14,18,45,1469,822,43.8,117
Jean-Ricner Bellegarde,fr FRA,"MF,FW",Wolves,eng Premier League,26,35,20,1677,18.6,2,7,9,1.5,1.5,3.8,22,5,22.7,0.09,0.4,0.5,79.3,27,43,52,39,24,10,18,843,528,23.0,62
Héctor Bellerín,es ESP,DF,Betis,es La Liga,29,9,6,580,6.4,0,2,2,0.2,0.2,2.0,1,1,100.0,0.0,0.0,-0.2,82.3,8,24,3,13,7,6,21,384,212,75.0,13
Jude Bellingham,eng ENG,MF,Real Madrid,es La Liga,21,31,29,2488,27.6,9,8,17,11.4,9.9,3.9,60,22,36.7,0.13,0.36,-2.4,86.1,42,199,74,61,33,28,23,1881,1229,54.7,97
Jeanuël Belocian,fr FRA,"DF,MF",Leverkusen,de Bundesliga,19,5,1,68,0.8,0,0,0,0.0,0.0,0.0,0,0,,,,0.0,85.0,0,3,0,1,1,0,2,44,16,100.0,2
Andrea Belotti,it ITA,FW,Como,it Serie A,30,18,7,593,6.6,2,0,2,2.5,2.5,0.4,19,3,15.8,0.11,0.67,-0.5,75.0,7,9,9,7,5,1,8,185,106,33.3,17
Fran Beltrán,es ESP,MF,Celta Vigo,es La Liga,25,34,29,2421,26.9,2,1,3,1.0,1.0,1.8,23,4,17.4,0.09,0.5,1.0,88.6,15,152,28,50,35,26,34,1711,951,52.6,119
Lucas Beltrán,ar ARG,"FW,MF",Fiorentina,it Serie A,23,32,20,1864,20.7,5,4,9,5.4,3.1,3.0,26,6,23.1,0.12,0.5,-0.4,77.7,29,64,23,23,10,5,14,791,468,50.0,59
Eliesse Ben Seghir,ma MAR,"MF,FW",Monaco,fr Ligue 1,19,33,19,1750,19.4,6,3,9,5.5,4.1,5.2,58,19,32.8,0.07,0.21,0.5,79.3,33,122,85,31,22,13,4,1244,843,36.5,86
Carlos Benavídez,uy URU,MF,Alavés,es La Liga,26,18,6,487,5.4,1,1,2,0.3,0.3,0.6,5,2,40.0,0.2,0.5,0.7,69.4,3,26,4,19,14,8,14,292,147,66.7,32
Adrian Benedyczak,pl POL,"FW,MF",Parma,it Serie A,23,9,2,214,2.4,0,0,0,0.3,0.3,0.1,3,0,0.0,0.0,,-0.3,67.3,2,3,3,0,0,0,8,79,44,0.0,3
László Bénes,sk SVK,"MF,FW",Union Berlin,de Bundesliga,26,23,3,589,6.5,2,1,3,0.9,0.9,1.0,19,7,36.8,0.11,0.29,1.1,67.6,19,28,6,2,2,3,9,400,207,20.0,32
Iker Benito,es ESP,"FW,MF",Osasuna,es La Liga,21,2,0,37,0.4,0,0,0,0.0,0.0,0.0,0,0,,,,0.0,69.2,1,0,2,0,0,1,2,18,8,0.0,3
Ismaël Bennacer,dz ALG,MF,Milan,it Serie A,26,6,4,300,3.3,0,0,0,0.1,0.1,0.1,3,2,66.7,0.0,0.0,-0.1,89.1,4,23,8,5,4,3,1,249,156,90.0,17
Ismaël Bennacer,dz ALG,MF,Marseille,fr Ligue 1,26,12,8,646,7.2,0,2,2,0.1,0.1,1.8,3,0,0.0,0.0,,-0.1,91.0,13,72,14,21,10,10,2,870,552,63.6,50
Saïd Benrahma,dz ALG,"FW,MF",Lyon,fr Ligue 1,28,13,9,735,8.2,1,3,4,2.0,2.0,2.1,17,4,23.5,0.06,0.25,-1.0,72.1,14,32,41,9,5,3,2,447,286,27.6,32
Ramy Bensebaini,dz ALG,DF,Dortmund,de Bundesliga,29,31,23,2022,22.5,1,6,7,1.3,1.3,3.2,20,2,10.0,0.05,0.5,-0.3,86.1,15,128,26,51,25,33,86,1766,941,27.8,100
Nabil Bentaleb,dz ALG,MF,Lille,fr Ligue 1,29,10,3,329,3.7,1,0,1,0.7,0.7,0.0,5,1,20.0,0.2,1.0,0.3,86.1,1,23,2,4,3,5,7,277,130,,20
Rodrigo Bentancur,uy URU,MF,Tottenham,eng Premier League,27,26,21,1645,18.3,2,0,2,1.3,1.3,0.4,22,5,22.7,0.09,0.4,0.7,87.9,10,100,28,40,22,40,38,1302,764,47.4,121
Lucas Beraldo,br BRA,DF,Paris S-G,fr Ligue 1,20,25,22,2011,22.3,1,0,1,0.9,0.9,0.4,12,4,33.3,0.08,0.25,0.1,94.4,8,131,9,38,31,21,63,2314,1395,100.0,115
Yuri Berchiche,es ESP,DF,Athletic Club,es La Liga,34,30,22,2044,22.7,0,2,2,0.6,0.6,2.2,16,4,25.0,0.0,0.0,-0.6,84.0,18,161,43,33,21,27,72,1631,775,37.5,121
Álex Berenguer,es ESP,"FW,MF",Athletic Club,es La Liga,29,36,28,2339,26.0,6,7,13,6.8,6.0,5.0,51,18,35.3,0.12,0.33,-0.8,65.8,46,78,65,32,16,10,18,1250,643,40.2,113
Sander Berge,no NOR,MF,Fulham,eng Premier League,26,31,26,2224,24.7,0,0,0,0.4,0.4,0.6,3,1,33.3,0.0,0.0,-0.4,91.5,18,124,29,50,30,21,38,1384,804,55.0,126
Lucas Bergvall,se SWE,MF,Tottenham,eng Premier League,18,27,11,1212,13.5,0,1,1,0.7,0.7,0.6,12,2,16.7,0.0,0.0,-0.7,87.4,11,49,33,39,19,24,22,885,531,46.7,73
Medon Berisha,al ALB,MF,Lecce,it Serie A,20,17,7,716,8.0,0,1,1,0.7,0.7,0.6,24,6,25.0,0.0,0.0,-0.7,78.0,11,42,13,12,8,11,5,486,279,33.3,36
Mergim Berisha,de GER,"FW,MF",Hoffenheim,de Bundesliga,26,11,3,333,3.7,1,1,2,1.0,1.0,1.0,11,3,27.3,0.09,0.33,0.0,69.6,3,7,2,3,3,0,3,93,60,37.5,10
Mergim Berisha,de GER,FW,Augsburg,de Bundesliga,26,2,0,40,0.4,0,0,0,0.2,0.2,0.0,3,1,33.3,0.0,0.0,-0.2,66.7,0,0,2,1,0,0,0,18,11,,1
Adrian Bernabe,es ESP,MF,Parma,it Serie A,23,21,18,1453,16.1,1,1,2,1.3,1.3,1.1,27,5,18.5,0.04,0.2,-0.3,83.6,22,115,37,29,18,7,26,1140,738,45.5,72
Marc Bernal,es ESP,MF,Barcelona,es La Liga,17,3,3,242,2.7,0,0,0,0.1,0.1,0.0,2,1,50.0,0.0,0.0,-0.1,92.5,1,8,0,8,6,1,4,184,97,66.7,9
Bernardo,br BRA,DF,Bochum,de Bundesliga,29,21,19,1782,19.8,0,0,0,0.7,0.7,0.7,8,2,25.0,0.0,0.0,-0.7,73.7,4,100,14,46,28,26,103,1249,630,60.0,83
Juan Bernat,es ESP,"DF,MF",Villarreal,es La Liga,31,10,1,212,2.4,0,1,1,0.3,0.3,0.4,2,1,50.0,0.0,0.0,-0.3,77.7,4,8,4,9,7,1,4,160,83,37.5,13
Juan Bernat,es ESP,"MF,DF",Getafe,es La Liga,31,14,9,699,7.8,0,1,1,0.1,0.1,0.7,4,0,0.0,0.0,,-0.1,71.7,7,14,2,19,13,2,12,291,148,52.2,26
Maxime Bernauer,fr FRA,DF,Saint-Étienne,fr Ligue 1,26,11,9,763,8.5,0,0,0,0.1,0.1,0.0,2,0,0.0,0.0,,-0.1,88.1,1,41,7,9,9,5,44,541,327,66.7,37
Antoine Bernede,fr FRA,MF,Hellas Verona,it Serie A,25,14,7,594,6.6,1,0,1,0.8,0.8,0.5,4,2,50.0,0.25,0.5,0.2,73.6,10,29,7,15,8,5,3,297,156,50.0,38
Alexander Bernhardsson,se SWE,"FW,MF",Holstein Kiel,de Bundesliga,25,19,15,1263,14.0,7,2,9,4.1,4.1,1.3,27,14,51.9,0.26,0.5,2.9,60.5,17,33,25,29,15,5,25,520,264,41.5,45
Victor Bernth Kristiansen,dk DEN,DF,Leicester City,eng Premier League,21,30,29,2482,27.6,0,1,1,0.3,0.3,1.4,3,0,0.0,0.0,,-0.3,77.4,18,70,40,87,51,42,75,1614,816,44.4,99
Matúš Bero,sk SVK,MF,Bochum,de Bundesliga,28,30,29,2565,28.5,5,2,7,4.0,3.0,3.7,31,12,38.7,0.16,0.42,1.0,67.9,54,143,29,65,35,17,35,1619,736,34.5,164
Juan Berrocal,es ESP,DF,Getafe,es La Liga,25,19,11,1063,11.8,0,0,0,0.4,0.4,0.0,4,0,0.0,0.0,,-0.4,76.1,1,25,1,14,7,15,59,498,196,,35
Jan-Niklas Beste,de GER,"FW,MF",Freiburg,de Bundesliga,25,12,0,212,2.4,0,1,1,0.9,0.9,0.4,6,2,33.3,0.0,0.0,-0.9,74.5,3,8,5,2,1,1,7,136,73,25.0,16
Beto,gw GNB,FW,Everton,eng Premier League,26,30,15,1534,17.0,8,0,8,8.2,8.2,1.2,49,23,46.9,0.16,0.35,-0.2,58.2,12,16,15,14,6,4,24,520,267,50.0,40
Sam Beukema,nl NED,DF,Bologna,it Serie A,25,35,33,3012,33.5,0,1,1,1.5,1.5,0.9,15,4,26.7,0.0,0.0,-1.5,86.4,10,153,27,54,29,30,111,2419,1519,50.0,135
Alessandro Bianco,it ITA,MF,Monza,it Serie A,21,34,29,2600,28.9,1,0,1,1.3,1.3,1.2,26,6,23.1,0.04,0.17,-0.3,86.2,18,125,35,51,28,22,53,1818,1186,41.5,122
Alessandro Bianco,it ITA,MF,Fiorentina,it Serie A,21,1,0,18,0.2,0,0,0,0.0,0.0,0.0,0,0,,,,0.0,75.0,0,0,0,0,0,0,0,14,8,,3
Mika Biereth,dk DEN,FW,Monaco,fr Ligue 1,21,16,16,1228,13.6,13,2,15,11.3,9.7,4.5,40,22,55.0,0.3,0.55,1.7,61.8,22,24,14,5,5,4,7,382,212,9.1,23
Jaka Bijol,si SVN,DF,Udinese,it Serie A,25,34,34,2963,32.9,1,0,1,2.0,2.0,0.6,19,6,31.6,0.05,0.17,-1.0,83.6,12,98,22,43,25,38,182,2083,1211,66.7,101
El Bilal Touré,ml MLI,"FW,MF",Stuttgart,de Bundesliga,22,12,3,356,4.0,2,1,3,1.6,1.6,1.1,14,4,28.6,0.14,0.5,0.4,78.1,7,7,6,4,1,0,1,137,72,50.0,8
Philip Billing,dk DEN,MF,Bournemouth,eng Premier League,28,10,1,184,2.0,0,0,0,0.6,0.6,1.1,5,1,20.0,0.0,0.0,-0.6,68.6,9,15,3,14,5,5,2,148,58,33.3,14
Philip Billing,dk DEN,MF,Napoli,it Serie A,28,10,1,197,2.2,1,0,1,1.5,1.5,0.1,6,3,50.0,0.17,0.33,-0.5,78.2,3,5,1,9,6,4,6,136,62,33.3,8
Cristiano Biraghi,it ITA,DF,Torino,it Serie A,31,15,13,1158,12.9,0,0,0,0.5,0.5,2.7,10,1,10.0,0.0,0.0,-0.5,71.5,25,36,24,16,10,8,44,832,390,12.5,39
Cristiano Biraghi,it ITA,DF,Fiorentina,it Serie A,31,8,5,433,4.8,1,0,1,0.2,0.2,0.3,5,2,40.0,0.2,0.5,0.8,83.8,6,15,3,4,4,4,11,335,178,,10
Samuele Birindelli,it ITA,"DF,MF",Monza,it Serie A,25,21,18,1468,16.3,3,0,3,2.1,2.1,1.4,16,10,62.5,0.19,0.3,0.9,75.7,18,35,40,22,15,10,34,757,457,50.0,47
Tom Bischof,de GER,"MF,FW",Hoffenheim,de Bundesliga,19,31,30,2559,28.4,5,2,7,2.2,2.2,3.6,51,18,35.3,0.1,0.28,2.8,78.7,50,138,47,95,53,30,53,1951,962,45.3,156
Yves Bissouma,ml MLI,MF,Tottenham,eng Premier League,27,28,16,1408,15.6,2,0,2,0.6,0.6,0.3,11,4,36.4,0.18,0.5,1.4,88.6,6,75,15,49,31,18,40,1039,610,31.8,85
Leonardo Bittencourt,de GER,MF,Werder Bremen,de Bundesliga,30,27,10,982,10.9,2,1,3,1.6,1.6,1.6,27,9,33.3,0.07,0.22,0.4,84.0,14,64,19,25,9,15,11,801,530,20.0,44
Emmanuel Biumla,fr FRA,DF,Angers,fr Ligue 1,19,17,15,1336,14.8,1,0,1,0.7,0.7,0.0,4,2,50.0,0.25,0.5,0.3,88.2,1,16,3,19,12,8,84,654,380,58.3,37
Bjarki Bjarkason,is ISL,"DF,MF",Venezia,it Serie A,24,9,1,165,1.8,0,0,0,0.0,0.0,0.1,0,0,,,,0.0,87.6,1,10,6,3,2,2,4,111,71,16.7,9
Antonio Blanco,es ESP,MF,Alavés,es La Liga,24,35,32,2727,30.3,0,1,1,0.8,0.8,1.6,25,3,12.0,0.0,0.0,-0.8,79.3,15,146,13,67,40,42,48,1543,762,71.4,164
Ludovic Blas,fr FRA,"MF,FW",Rennes,fr Ligue 1,26,29,26,2293,25.5,6,8,14,5.0,5.0,4.6,57,26,45.6,0.11,0.23,1.0,73.9,47,116,83,38,25,13,11,1262,781,37.9,88
Daley Blind,nl NED,DF,Girona,es La Liga,34,34,31,2780,30.9,0,2,2,0.5,0.5,1.6,10,4,40.0,0.0,0.0,-0.5,88.8,19,272,71,49,27,32,94,2860,1862,53.6,116
Myron Boadu,nl NED,FW,Bochum,de Bundesliga,23,19,11,1042,11.6,9,1,10,7.7,6.9,1.1,27,13,48.1,0.3,0.62,1.3,71.3,11,18,12,2,1,1,4,287,179,47.8,20
Augustine Boakye,gh GHA,"FW,MF",Saint-Étienne,fr Ligue 1,23,17,8,733,8.1,3,0,3,1.8,1.8,0.9,24,9,37.5,0.13,0.33,1.2,75.0,13,35,25,7,3,6,4,349,194,54.2,27
Oscar Bobb,no NOR,FW,Manchester City,eng Premier League,21,3,0,16,0.2,0,0,0,0.0,0.0,0.1,0,0,,,,0.0,86.7,1,1,1,0,0,0,0,15,10,100.0,2
Mathéo Bodmer,fr FRA,MF,Le Havre,fr Ligue 1,20,1,0,6,0.1,0,0,0,0.0,0.0,0.0,0,0,,,,0.0,100.0,0,0,0,0,0,0,1,3,0,,0
Sacha Boey,fr FRA,DF,Bayern Munich,de Bundesliga,23,13,6,593,6.6,0,2,2,0.1,0.1,1.2,3,1,33.3,0.0,0.0,-0.1,92.4,3,39,18,20,5,2,14,580,360,31.6,38
Jeremie Boga,ci CIV,"MF,FW",Nice,fr Ligue 1,27,21,12,1054,11.7,1,2,3,2.3,2.3,2.8,30,16,53.3,0.03,0.06,-1.3,82.7,24,39,64,10,5,3,2,529,338,39.1,44
Lamare Bogarde,nl NED,"DF,MF",Aston Villa,eng Premier League,20,8,5,476,5.3,0,0,0,0.0,0.0,0.1,1,1,100.0,0.0,0.0,0.0,88.2,2,14,12,14,6,1,13,325,173,50.0,13
Emil Bohinen,no NOR,MF,Genoa,it Serie A,25,3,1,166,1.8,0,0,0,0.1,0.1,0.1,2,0,0.0,0.0,,-0.1,80.2,3,5,6,4,4,1,6,109,51,,9
Adama Boiro,es ESP,"DF,FW",Athletic Club,es La Liga,22,18,13,1101,12.2,0,0,0,0.3,0.3,0.5,5,0,0.0,0.0,,-0.3,79.9,5,46,25,20,11,12,27,627,288,30.8,45
Willy Boly,ci CIV,DF,Nott'ham Forest,eng Premier League,33,6,1,150,1.7,0,0,0,0.1,0.1,0.0,1,1,100.0,0.0,0.0,-0.1,78.6,0,2,0,6,1,3,12,97,35,,5
Moïse Bombito,ca CAN,DF,Nice,fr Ligue 1,24,27,25,2192,24.4,0,0,0,0.7,0.7,0.2,8,1,12.5,0.0,0.0,-0.7,90.2,2,97,27,37,25,18,121,1673,906,70.6,97
Warren Bondo,fr FRA,MF,Monza,it Serie A,20,20,19,1618,18.0,0,0,0,0.4,0.4,0.3,13,1,7.7,0.0,0.0,-0.4,88.9,5,39,25,35,24,5,8,741,511,50.0,91
Warren Bondo,fr FRA,MF,Milan,it Serie A,20,4,3,162,1.8,0,0,0,0.0,0.0,0.1,1,1,100.0,0.0,0.0,0.0,91.7,1,7,2,5,3,0,2,97,66,100.0,12
Victor Boniface,ng NGA,FW,Leverkusen,de Bundesliga,23,19,12,1008,11.2,8,1,9,7.8,7.1,1.1,50,17,34.0,0.16,0.47,0.2,70.2,10,23,26,5,4,0,5,400,207,42.9,28
Kevin Bonifazi,it ITA,DF,Lecce,it Serie A,28,3,0,65,0.7,0,0,0,0.0,0.0,0.0,0,0,,,,0.0,88.1,0,1,0,1,1,2,3,54,28,50.0,7
Ange-Yoan Bonny,fr FRA,FW,Parma,it Serie A,20,37,30,2529,28.1,6,4,10,9.4,7.1,2.9,61,19,31.1,0.07,0.21,-3.4,75.2,30,53,41,34,16,3,17,898,527,49.3,64
Sebastiaan Bornauw,be BEL,DF,Wolfsburg,de Bundesliga,25,15,8,788,8.8,2,1,3,1.2,1.2,0.5,8,3,37.5,0.25,0.67,0.8,81.8,1,21,3,9,6,12,36,428,206,0.0,28
Sven Botman,nl NED,DF,Newcastle Utd,eng Premier League,24,8,6,412,4.6,0,0,0,0.5,0.5,0.5,5,2,40.0,0.0,0.0,-0.5,89.4,2,7,0,12,9,5,25,304,145,33.3,14
Saïmon Bouabré,fr FRA,"MF,FW",Monaco,fr Ligue 1,18,3,1,97,1.1,0,0,0,0.0,0.0,0.0,0,0,,,,0.0,69.0,0,2,3,1,0,0,0,36,27,0.0,2
Ayyoub Bouaddi,fr FRA,MF,Lille,fr Ligue 1,16,24,11,1151,12.8,0,1,1,0.1,0.1,1.0,3,1,33.3,0.0,0.0,-0.1,87.7,5,37,11,50,31,10,12,703,383,48.3,62
Badredine Bouanani,dz ALG,"MF,FW",Nice,fr Ligue 1,19,26,11,1099,12.2,3,3,6,2.7,1.9,2.4,30,14,46.7,0.07,0.14,0.3,76.7,20,44,47,11,4,11,4,571,362,38.9,44
Benjamin Bouchouari,ma MAR,MF,Saint-Étienne,fr Ligue 1,22,25,20,1772,19.7,1,0,1,0.6,0.6,0.9,16,3,18.8,0.06,0.33,0.4,86.7,16,133,48,33,27,17,15,1233,733,50.9,119
Hicham Boudaoui,dz ALG,MF,Nice,fr Ligue 1,24,29,27,2435,27.1,2,3,5,2.7,2.7,3.0,39,18,46.2,0.05,0.11,-0.7,83.2,22,124,54,76,52,22,45,1467,770,38.5,175
Carlo Boukhalfa,ma MAR,MF,St. Pauli,de Bundesliga,25,25,19,1646,18.3,2,0,2,1.5,1.5,1.1,21,4,19.0,0.1,0.5,0.5,71.3,11,41,10,26,11,12,25,651,290,42.9,60
Justin Bourgault,fr FRA,DF,Brest,fr Ligue 1,18,2,2,122,1.4,1,0,1,0.1,0.1,0.1,2,1,50.0,0.5,1.0,0.9,73.0,1,4,2,2,1,0,1,83,45,,11
Benjamin Bourigeaud,fr FRA,MF,Rennes,fr Ligue 1,30,1,1,80,0.9,1,0,1,0.2,0.2,0.0,2,1,50.0,0.5,1.0,0.8,75.0,0,4,0,1,0,2,1,57,20,100.0,4
Edoardo Bove,it ITA,"MF,FW",Fiorentina,it Serie A,22,11,10,836,9.3,1,2,3,0.6,0.6,1.5,7,2,28.6,0.14,0.5,0.4,82.0,11,37,12,24,17,6,8,437,251,43.8,45
Jarrod Bowen,eng ENG,"FW,MF",West Ham,eng Premier League,27,34,34,2973,33.0,13,8,21,8.6,7.8,6.8,86,36,41.9,0.14,0.33,4.4,71.7,51,91,109,41,26,16,25,1252,741,33.8,129
Enzo Boyomo,cm CMR,DF,Osasuna,es La Liga,22,34,33,2987,33.2,2,0,2,1.5,1.5,0.9,12,3,25.0,0.17,0.67,0.5,87.0,4,111,16,68,43,44,137,1723,965,56.3,121
Enzo Boyomo,cm CMR,DF,Valladolid,es La Liga,22,3,3,270,3.0,0,0,0,0.1,0.1,0.0,2,0,0.0,0.0,,-0.1,91.6,0,7,1,6,2,1,7,215,128,100.0,11
Domagoj Bradarić,hr CRO,DF,Hellas Verona,it Serie A,24,28,24,1933,21.5,1,0,1,0.8,0.8,2.2,9,4,44.4,0.11,0.25,0.2,72.4,25,46,30,36,28,15,49,988,426,40.5,80
Conor Bradley,nir NIR,DF,Liverpool,eng Premier League,21,19,7,754,8.4,0,2,2,0.7,0.7,1.4,10,3,30.0,0.0,0.0,-0.7,83.8,7,33,35,14,10,4,31,663,369,40.0,51
Bilal Brahimi,dz ALG,MF,Nice,fr Ligue 1,24,2,1,76,0.8,0,0,0,0.0,0.0,0.0,1,1,100.0,0.0,0.0,0.0,87.5,1,4,3,0,0,0,2,49,29,0.0,1
Julian Brandt,de GER,MF,Dortmund,de Bundesliga,28,30,28,2303,25.6,5,10,15,4.8,4.8,8.5,45,15,33.3,0.11,0.33,0.2,78.8,61,149,61,26,11,14,13,1455,869,35.2,119
Jarrad Branthwaite,eng ENG,DF,Everton,eng Premier League,22,30,28,2511,27.9,0,1,1,1.2,1.2,0.7,10,3,30.0,0.0,0.0,-1.2,82.1,3,66,10,36,20,27,191,1520,747,50.0,93
Darko Brašanac,rs SRB,MF,Leganés,es La Liga,32,30,15,1617,18.0,1,2,3,1.8,1.8,0.4,12,3,25.0,0.08,0.33,-0.8,75.7,9,43,6,26,11,16,34,672,268,28.6,61
Lilian Brassier,fr FRA,DF,Marseille,fr Ligue 1,24,12,9,779,8.7,0,0,0,0.2,0.2,0.0,5,1,20.0,0.0,0.0,-0.2,85.8,1,40,11,8,6,9,28,732,447,11.1,38
Lilian Brassier,fr FRA,DF,Rennes,fr Ligue 1,24,14,14,1234,13.7,1,1,2,1.5,1.5,0.3,14,1,7.1,0.07,1.0,-0.5,85.6,6,75,21,15,12,22,62,1058,630,50.0,59
Matthias Braunöder,at AUT,MF,Como,it Serie A,22,8,3,268,3.0,0,0,0,0.1,0.1,0.0,2,0,0.0,0.0,,-0.1,87.7,0,18,2,10,4,2,4,175,88,25.0,8
Iker Bravo,es ESP,"FW,MF",Udinese,it Serie A,19,29,4,682,7.6,2,1,3,0.9,0.9,0.4,13,3,23.1,0.15,0.67,1.1,81.1,7,18,7,10,6,1,4,294,157,37.9,30
James Bree,eng ENG,DF,Southampton,eng Premier League,26,17,13,1075,11.9,0,1,1,0.1,0.1,0.9,4,1,25.0,0.0,0.0,-0.1,83.5,10,34,13,19,14,9,29,694,363,50.0,65
Tim Breithaupt,de GER,MF,Augsburg,de Bundesliga,22,2,2,120,1.3,0,1,1,0.1,0.1,0.4,1,0,0.0,0.0,,-0.1,86.6,1,10,1,1,1,2,0,75,44,100.0,9
Gleison Bremer,br BRA,DF,Juventus,it Serie A,27,6,6,540,6.0,0,0,0,0.1,0.1,0.0,3,0,0.0,0.0,,-0.1,92.9,0,21,2,15,7,6,16,569,352,75.0,23
Brenner,br BRA,"MF,FW",Udinese,it Serie A,24,9,5,386,4.3,1,2,3,0.6,0.6,0.5,7,4,57.1,0.14,0.25,0.4,76.3,5,7,5,6,4,1,6,151,94,60.0,16
Ben Brereton,cl CHI,FW,Southampton,eng Premier League,25,10,4,449,5.0,0,0,0,0.9,0.9,0.1,11,1,9.1,0.0,0.0,-0.9,77.1,3,9,12,3,2,0,4,206,136,25.0,16
Marco Brescianini,it ITA,MF,Atalanta,it Serie A,24,29,9,991,11.0,4,2,6,3.1,3.1,1.0,20,8,40.0,0.2,0.5,0.9,79.5,7,36,46,18,11,2,6,547,355,30.8,50
Maximilian Breunig,de GER,"FW,MF",Heidenheim,de Bundesliga,23,13,2,350,3.9,2,0,2,3.4,2.7,0.2,10,2,20.0,0.1,0.5,-1.4,58.0,4,7,5,4,3,1,3,140,78,42.9,13
Anthony Briançon,fr FRA,DF,Saint-Étienne,fr Ligue 1,29,1,0,1,0.0,0,0,0,0.0,0.0,0.0,0,0,,,,0.0,,0,0,0,0,0,0,0,0,0,,0
Nathan Broadhead,wls WAL,"MF,FW",Ipswich Town,eng Premier League,26,18,7,702,7.8,2,0,2,1.7,1.7,0.7,13,8,61.5,0.15,0.25,0.3,78.1,7,14,20,9,4,4,5,317,174,50.0,32
Armando Broja,al ALB,FW,Everton,eng Premier League,22,10,4,334,3.7,0,0,0,0.1,0.1,0.2,4,0,0.0,0.0,,-0.1,72.6,4,2,12,3,1,1,4,127,64,50.0,9
David Brooks,wls WAL,"FW,MF",Bournemouth,eng Premier League,27,29,9,960,10.7,2,0,2,2.5,2.5,1.9,25,12,48.0,0.08,0.17,-0.5,75.4,20,35,35,14,6,5,9,545,342,32.4,50
Arvid Brorsson,se SWE,DF,Monza,it Serie A,25,6,3,362,4.0,0,0,0,0.0,0.0,0.0,0,0,,,,0.0,90.7,0,9,1,4,3,2,35,303,185,100.0,14
Moritz Broschinski,de GER,"FW,MF",Bochum,de Bundesliga,23,33,15,1390,15.4,1,3,4,4.2,4.2,1.8,38,11,28.9,0.03,0.09,-3.2,63.4,13,20,37,19,14,1,18,552,322,26.4,64
Nathaniel Brown,de GER,"DF,MF",Eint Frankfurt,de Bundesliga,21,26,22,1947,21.6,3,6,9,2.2,2.2,5.1,13,5,38.5,0.23,0.6,0.8,80.7,39,63,45,71,42,15,55,1174,600,33.3,81
Jacob Bruun Larsen,dk DEN,"FW,MF",Hoffenheim,de Bundesliga,25,12,3,400,4.4,2,2,4,2.3,2.3,0.6,14,6,42.9,0.14,0.33,-0.3,74.2,8,16,16,4,3,1,2,226,147,33.3,16
Jacob Bruun Larsen,dk DEN,"MF,FW",Stuttgart,de Bundesliga,25,15,3,414,4.6,1,0,1,0.6,0.6,1.2,6,3,50.0,0.17,0.33,0.4,70.6,11,19,19,1,1,1,4,215,127,45.5,11
Tajon Buchanan,ca CAN,"DF,FW",Inter,it Serie A,25,6,0,95,1.1,0,0,0,0.0,0.0,0.1,0,0,,,,0.0,83.3,1,2,6,3,0,0,3,64,42,33.3,6
Tajon Buchanan,ca CAN,MF,Villarreal,es La Liga,25,13,4,416,4.6,1,2,3,0.9,0.9,0.5,7,2,28.6,0.14,0.5,0.1,73.6,5,5,19,10,5,1,1,223,133,45.5,26
Ante Budimir,hr CRO,FW,Osasuna,es La Liga,33,38,34,2952,32.8,21,4,25,18.3,12.3,1.7,91,29,31.9,0.14,0.45,2.7,56.1,16,24,23,20,9,2,26,788,380,23.3,54
Emi Buendía,ar ARG,"MF,FW",Aston Villa,eng Premier League,27,12,0,98,1.1,0,0,0,0.7,0.7,0.0,5,0,0.0,0.0,,-0.7,81.7,1,7,3,6,6,0,2,82,53,0.0,8
Emi Buendía,ar ARG,MF,Leverkusen,de Bundesliga,27,11,3,257,2.9,2,0,2,0.9,0.9,0.9,7,4,57.1,0.29,0.5,1.1,78.3,6,14,2,6,5,0,0,198,108,54.5,20
Manu Bueno,es ESP,"MF,FW",Sevilla,es La Liga,20,9,1,140,1.6,1,0,1,0.1,0.1,0.0,4,1,25.0,0.25,1.0,0.9,90.5,0,5,2,4,3,0,2,91,56,50.0,6
Santiago Bueno,uy URU,DF,Wolves,eng Premier League,25,29,18,1687,18.7,0,0,0,0.4,0.4,0.0,6,3,50.0,0.0,0.0,-0.4,88.0,0,28,1,41,21,15,70,1025,555,0.0,43
Endika Buján,es ESP,FW,Athletic Club,es La Liga,21,1,0,7,0.1,0,0,0,0.0,0.0,0.0,0,0,,,,0.0,80.0,0,0,1,0,0,0,0,7,5,50.0,0
Marius Bülter,de GER,"FW,DF",Hoffenheim,de Bundesliga,31,25,22,1729,19.2,7,2,9,3.7,3.7,3.1,37,15,40.5,0.19,0.47,3.3,67.2,22,35,57,13,10,4,14,774,511,51.1,63
Facundo Buonanotte,ar ARG,"FW,MF",Leicester City,eng Premier League,19,31,14,1523,16.9,5,2,7,3.9,3.9,3.1,36,12,33.3,0.14,0.42,1.1,76.4,24,54,39,53,32,12,14,874,479,33.7,79
Alessandro Buongiorno,it ITA,DF,Napoli,it Serie A,25,22,22,1924,21.4,1,0,1,0.8,0.8,0.6,8,4,50.0,0.13,0.25,0.2,90.8,5,82,27,39,23,35,73,1489,902,14.3,84
Cameron Burgess,au AUS,DF,Ipswich Town,eng Premier League,28,18,16,1541,17.1,0,2,2,1.1,1.1,0.5,10,2,20.0,0.0,0.0,-1.1,80.9,7,42,2,17,12,14,128,982,430,,44
Jonathan Burkardt,de GER,FW,Mainz 05,de Bundesliga,24,29,28,2109,23.4,18,2,20,14.8,13.2,3.1,70,28,40.0,0.23,0.57,3.2,72.5,20,42,32,15,8,1,14,788,447,41.0,73
Oliver Burke,sct SCO,FW,Werder Bremen,de Bundesliga,27,25,9,908,10.1,5,0,5,4.1,4.1,1.7,35,12,34.3,0.14,0.42,0.9,59.9,14,15,22,11,4,2,6,440,246,58.3,26
Dan Burn,eng ENG,DF,Newcastle Utd,eng Premier League,32,37,37,3330,37.0,1,1,2,2.0,2.0,0.9,23,7,30.4,0.04,0.14,-1.0,88.4,9,75,12,39,24,27,197,2386,1346,75.0,103
Rareș-Cătălin Burnete,ro ROU,FW,Lecce,it Serie A,20,4,0,28,0.3,0,0,0,0.1,0.1,0.0,1,0,0.0,0.0,,-0.1,63.6,0,0,0,0,0,0,0,22,12,50.0,3
Wes Burns,wls WAL,"FW,DF",Ipswich Town,eng Premier League,29,18,12,926,10.3,0,1,1,0.5,0.5,1.6,7,1,14.3,0.0,0.0,-0.5,60.5,10,8,38,13,11,10,13,350,216,37.5,50
Marnon Busch,de GER,"DF,MF",Heidenheim,de Bundesliga,29,23,15,1396,15.5,0,1,1,0.4,0.4,1.1,13,3,23.1,0.0,0.0,-0.4,72.7,12,63,22,26,17,13,65,1030,495,37.5,62
Gianluca Busio,us USA,MF,Venezia,it Serie A,22,33,28,2518,28.0,2,0,2,2.4,2.4,1.6,36,7,19.4,0.06,0.29,-0.4,75.9,28,95,60,46,31,19,52,1250,747,31.3,107
Aurélio Buta,pt POR,DF,Reims,fr Ligue 1,27,27,24,1970,21.9,0,1,1,0.3,0.3,0.8,8,1,12.5,0.0,0.0,-0.3,82.6,10,83,28,37,24,22,59,1195,546,40.9,69
Nathan Butler-Oyedeji,eng ENG,FW,Arsenal,eng Premier League,21,1,0,7,0.1,0,0,0,0.1,0.1,0.0,1,1,100.0,0.0,0.0,-0.1,,0,0,0,0,0,0,0,1,0,,0
Pau Cabanes,es ESP,"MF,FW",Villarreal,es La Liga,19,10,0,163,1.8,1,0,1,0.5,0.5,0.4,4,2,50.0,0.25,0.5,0.5,71.4,4,11,10,4,4,3,2,122,74,41.7,6
Pau Cabanes,es ESP,"MF,FW",Alavés,es La Liga,19,6,2,188,2.1,0,0,0,0.0,0.0,0.0,2,1,50.0,0.0,0.0,0.0,70.2,1,5,15,8,2,0,1,125,83,30.8,11
Rémy Cabella,fr FRA,"FW,MF",Lille,fr Ligue 1,34,23,12,1011,11.2,1,2,3,4.0,4.0,2.3,30,7,23.3,0.03,0.14,-3.0,82.4,26,77,45,39,19,8,5,900,546,50.0,63
Leandro Cabrera,uy URU,DF,Espanyol,es La Liga,33,33,32,2869,31.9,4,2,6,1.1,1.1,0.9,19,6,31.6,0.21,0.67,2.9,75.2,9,69,9,40,23,30,199,1796,833,50.0,83
Liberato Cacace,nz NZL,"MF,DF",Empoli,it Serie A,23,33,24,2230,24.8,2,4,6,2.6,2.6,1.7,29,9,31.0,0.07,0.22,-0.6,67.9,25,70,53,37,25,22,59,1187,542,27.5,98
Alessio Cacciamani,it ITA,"MF,DF",Torino,it Serie A,17,2,0,31,0.3,0,0,0,0.0,0.0,0.0,0,0,,,,0.0,80.0,0,1,2,0,0,1,0,18,14,100.0,1
Anthony Caci,fr FRA,DF,Mainz 05,de Bundesliga,27,33,33,2684,29.8,1,7,8,3.1,3.1,6.6,32,12,37.5,0.03,0.08,-2.1,71.8,50,133,45,60,40,27,47,1973,960,45.3,131
Mathieu Cafaro,fr FRA,"MF,FW",Saint-Étienne,fr Ligue 1,27,15,9,732,8.1,1,0,1,1.5,1.5,1.3,23,10,43.5,0.04,0.1,-0.5,72.0,13,16,19,10,7,7,3,324,169,41.2,30
Moisés Caicedo,ec ECU,"MF,DF",Chelsea,eng Premier League,22,38,38,3351,37.2,1,2,3,0.8,0.8,3.0,20,3,15.0,0.05,0.33,0.2,89.7,30,215,43,114,73,49,60,2579,1409,45.3,229
Tom Cairney,sct SCO,MF,Fulham,eng Premier League,33,25,3,628,7.0,2,0,2,0.8,0.8,1.1,11,4,36.4,0.18,0.5,1.2,90.7,11,53,18,13,5,4,3,683,456,38.5,52
Jens Cajuste,se SWE,MF,Ipswich Town,eng Premier League,24,30,25,1959,21.8,1,1,2,0.7,0.7,0.8,12,1,8.3,0.08,1.0,0.3,82.6,13,59,26,44,22,28,33,1017,481,52.8,107
Davide Calabria,it ITA,DF,Bologna,it Serie A,27,11,7,632,7.0,0,1,1,0.1,0.1,1.3,3,0,0.0,0.0,,-0.1,82.5,13,40,7,12,8,3,22,490,271,0.0,30
Davide Calabria,it ITA,DF,Milan,it Serie A,27,7,4,316,3.5,0,0,0,0.3,0.3,0.2,2,0,0.0,0.0,,-0.3,86.5,1,24,8,10,7,8,8,258,159,60.0,16
Riccardo Calafiori,it ITA,DF,Arsenal,eng Premier League,22,19,11,983,10.9,2,1,3,0.9,0.9,0.3,10,6,60.0,0.2,0.33,1.1,85.6,6,54,22,27,19,9,25,653,308,69.2,35
Luca Caldirola,it ITA,DF,Monza,it Serie A,33,14,10,876,9.7,0,0,0,0.3,0.3,0.1,4,2,50.0,0.0,0.0,-0.3,90.4,2,22,5,11,7,11,43,699,461,100.0,19
Fernando Calero,es ESP,"DF,MF",Espanyol,es La Liga,28,21,6,715,7.9,1,0,1,0.3,0.3,0.0,2,1,50.0,0.5,1.0,0.7,85.3,3,17,0,18,10,16,50,498,236,,26
Duje Ćaleta-Car,hr CRO,DF,Lyon,fr Ligue 1,27,19,17,1584,17.6,1,0,1,2.1,2.1,0.1,11,1,9.1,0.09,1.0,-1.1,91.0,2,46,4,20,12,17,97,1178,672,50.0,65
Hakan Çalhanoğlu,tr TUR,MF,Inter,it Serie A,30,28,25,1879,20.9,5,6,11,4.4,1.3,5.6,41,12,29.3,0.05,0.17,0.6,86.6,49,173,52,43,22,17,24,1881,1150,42.9,110
Dominic Calvert-Lewin,eng ENG,FW,Everton,eng Premier League,27,26,19,1609,17.9,3,1,4,6.7,6.7,0.6,50,19,38.0,0.06,0.16,-3.7,62.6,7,20,23,9,7,7,23,520,280,40.0,35
Drissa Camara,ci CIV,"MF,FW",Parma,it Serie A,22,21,1,447,5.0,0,0,0,1.2,1.2,0.8,15,5,33.3,0.0,0.0,-1.2,73.1,5,27,18,9,7,3,1,251,174,63.0,29
Issiaga Camara,gn GUI,MF,Nice,fr Ligue 1,19,4,0,20,0.2,0,0,0,0.0,0.0,0.0,0,0,,,,0.0,93.8,0,2,1,2,1,3,0,23,11,0.0,4
Lamine Camara,sn SEN,MF,Monaco,fr Ligue 1,20,29,25,2054,22.8,2,7,9,2.3,2.3,4.4,26,9,34.6,0.08,0.22,-0.3,82.8,44,141,25,66,41,31,32,1743,967,48.0,153
Mahdi Camara,fr FRA,"MF,FW",Brest,fr Ligue 1,26,34,31,2659,29.5,5,3,8,4.1,4.1,2.0,49,19,38.8,0.1,0.26,0.9,85.8,26,111,58,71,40,33,29,1530,828,44.6,98
Ousmane Camara,fr FRA,DF,Angers,fr Ligue 1,21,3,3,252,2.8,0,0,0,0.1,0.1,0.0,1,0,0.0,0.0,,-0.1,90.1,1,3,0,4,3,0,18,126,70,,6
Francesco Camarda,it ITA,"FW,MF",Milan,it Serie A,16,10,1,206,2.3,0,0,0,0.6,0.6,0.5,8,1,12.5,0.0,0.0,-0.6,84.1,5,1,2,5,2,0,3,80,34,28.6,6
Eduardo Camavinga,fr FRA,"MF,DF",Real Madrid,es La Liga,21,19,11,1102,12.2,1,2,3,0.4,0.4,0.8,8,2,25.0,0.13,0.5,0.6,88.3,11,61,26,42,26,18,23,957,565,48.4,90
Nicolò Cambiaghi,it ITA,FW,Bologna,it Serie A,23,18,4,620,6.9,1,3,4,0.8,0.8,1.9,14,4,28.6,0.07,0.25,0.2,72.2,12,25,45,16,10,2,2,334,241,44.0,29
Andrea Cambiaso,it ITA,"DF,FW",Juventus,it Serie A,24,33,25,2221,24.7,2,3,5,0.7,0.7,2.6,17,6,35.3,0.12,0.33,1.3,88.5,34,111,78,46,30,16,34,1911,1195,54.0,116
Axel Camblan,fr FRA,"MF,FW",Brest,fr Ligue 1,20,2,0,26,0.3,0,0,0,0.0,0.0,0.0,1,0,0.0,0.0,,0.0,42.9,0,2,2,1,1,0,0,10,5,,0
Sergio Camello,es ESP,FW,Rayo Vallecano,es La Liga,23,23,14,1134,12.6,3,2,5,4.1,4.1,2.0,32,9,28.1,0.09,0.33,-1.1,78.7,19,27,20,9,3,4,16,398,222,56.5,32
José Campaña,es ESP,MF,Las Palmas,es La Liga,31,25,15,1189,13.2,0,3,3,0.1,0.1,0.9,5,3,60.0,0.0,0.0,-0.1,84.3,14,87,11,21,16,19,19,946,478,44.4,84
Thomas Campaniello,it ITA,FW,Empoli,it Serie A,16,3,0,25,0.3,0,0,0,0.5,0.5,0.0,1,0,0.0,0.0,,-0.5,64.3,0,0,0,0,0,0,0,17,5,,0
Cole Campbell,us USA,"MF,FW",Dortmund,de Bundesliga,18,4,0,22,0.2,0,0,0,0.0,0.0,0.0,0,0,,,,0.0,86.7,0,0,1,0,0,0,1,21,10,0.0,3
Emre Can,de GER,"DF,MF",Dortmund,de Bundesliga,30,31,23,2105,23.4,3,0,3,2.0,0.4,0.7,7,1,14.3,0.14,1.0,1.0,89.5,8,116,20,50,28,20,89,2156,1405,57.7,113
Peio Canales,es ESP,"MF,FW",Athletic Club,es La Liga,19,8,2,259,2.9,0,0,0,0.2,0.2,0.2,3,0,0.0,0.0,,-0.2,79.5,6,6,6,3,2,2,2,140,74,45.5,17
Matteo Cancellieri,it ITA,"FW,MF",Parma,it Serie A,22,27,19,1424,15.8,3,0,3,2.7,2.7,0.7,22,7,31.8,0.14,0.43,0.3,67.4,11,24,40,26,16,13,30,531,314,40.0,55
Fali Candé,gw GNB,DF,Venezia,it Serie A,26,17,17,1530,17.0,1,1,2,1.1,1.1,0.6,5,2,40.0,0.2,0.5,-0.1,81.0,4,47,5,25,19,15,90,1131,557,90.0,79
Antonio Candela,it ITA,DF,Venezia,it Serie A,24,14,12,1008,11.2,0,1,1,0.3,0.3,0.8,5,0,0.0,0.0,,-0.3,74.2,9,27,12,31,21,8,22,505,250,50.0,38
Antonio Candela,it ITA,DF,Valladolid,es La Liga,24,12,12,906,10.1,0,0,0,0.0,0.0,0.8,1,0,0.0,0.0,,0.0,77.2,6,22,16,9,6,6,33,528,261,40.0,23
Sergi Canós,es ESP,"MF,FW",Valencia,es La Liga,27,17,2,370,4.1,0,1,1,0.5,0.5,0.2,11,3,27.3,0.0,0.0,-0.5,58.2,4,9,7,11,7,5,5,231,124,7.7,20
Jaydee Canvot,fr FRA,"DF,MF",Toulouse,fr Ligue 1,18,18,12,1106,12.3,0,0,0,0.2,0.2,0.7,5,1,20.0,0.0,0.0,-0.2,86.2,4,41,9,23,11,11,54,666,384,70.0,50
Pierrick Capelle,fr FRA,MF,Angers,fr Ligue 1,37,16,3,483,5.4,0,0,0,0.2,0.2,1.2,6,0,0.0,0.0,,-0.2,80.1,5,22,10,24,17,11,5,299,138,61.5,28
Gianluca Caprari,it ITA,"MF,FW",Monza,it Serie A,31,34,18,1651,18.3,3,2,5,4.2,2.6,2.4,28,9,32.1,0.04,0.11,-1.2,79.1,30,81,43,19,11,8,2,912,629,25.0,57
Gabin Capuano,fr FRA,FW,Lens,fr Ligue 1,18,1,0,11,0.1,0,0,0,0.0,0.0,0.0,0,0,,,,0.0,100.0,0,0,0,0,0,0,0,4,3,,0
Francesco Caputo,it ITA,FW,Empoli,it Serie A,36,1,0,6,0.1,0,0,0,0.0,0.0,0.0,0,0,,,,0.0,100.0,0,0,0,0,0,0,0,2,1,,1
Maxence Caqueret,fr FRA,MF,Como,it Serie A,24,18,15,1087,12.1,2,3,5,0.8,0.8,1.5,8,3,37.5,0.25,0.67,1.2,83.1,19,76,15,36,21,7,4,698,455,42.4,69
Maxence Caqueret,fr FRA,MF,Lyon,fr Ligue 1,24,9,6,573,6.4,0,0,0,0.7,0.7,0.4,7,1,14.3,0.0,0.0,-0.7,79.9,10,50,14,21,11,7,2,419,211,38.9,24
Simon Cara,fr FRA,"MF,FW",Montpellier,fr Ligue 1,19,2,0,9,0.1,0,0,0,0.0,0.0,0.0,0,0,,,,0.0,66.7,0,0,0,0,0,0,0,7,5,0.0,0
Andrea Carboni,it ITA,DF,Monza,it Serie A,23,26,25,2191,24.3,0,1,1,0.3,0.3,0.3,8,1,12.5,0.0,0.0,-0.3,85.5,4,51,9,60,35,27,106,1412,822,55.6,62
Franco Carboni,it ITA,DF,Venezia,it Serie A,21,8,3,226,2.5,0,0,0,0.0,0.0,0.1,1,0,0.0,0.0,,0.0,66.3,2,6,2,5,3,0,11,128,70,33.3,13
Valentin Carboni,ar ARG,"MF,FW",Marseille,fr Ligue 1,19,4,1,103,1.1,0,0,0,0.0,0.0,0.1,2,1,50.0,0.0,0.0,0.0,89.1,3,4,4,2,2,1,1,81,51,0.0,2
Irvin Cardona,fr FRA,"FW,MF",Espanyol,es La Liga,26,16,5,606,6.7,1,1,2,1.1,1.1,0.6,10,3,30.0,0.1,0.33,-0.1,62.1,9,15,14,8,5,4,10,246,114,23.1,19
Irvin Cardona,fr FRA,FW,Saint-Étienne,fr Ligue 1,26,15,13,1063,11.8,5,3,8,4.5,3.7,1.4,23,10,43.5,0.22,0.5,0.5,66.9,15,32,30,6,5,4,6,497,283,27.3,26
Marc Cardona,es ESP,"FW,DF",Las Palmas,es La Liga,29,11,0,132,1.5,0,0,0,0.4,0.4,0.0,4,0,0.0,0.0,,-0.4,79.2,0,3,2,4,2,0,0,73,45,14.3,8
Sergi Cardona,es ESP,DF,Villarreal,es La Liga,25,35,34,2945,32.7,1,7,8,2.4,2.4,5.8,20,6,30.0,0.05,0.17,-1.4,77.3,45,77,52,71,48,40,122,1842,813,33.3,131
Johnny Cardoso,us USA,MF,Betis,es La Liga,22,28,24,2144,23.8,3,1,4,2.0,2.0,0.9,19,7,36.8,0.16,0.43,1.0,85.7,9,71,19,55,31,48,64,1427,752,61.9,138
Diego Carlos,br BRA,DF,Aston Villa,eng Premier League,31,10,8,830,9.2,0,0,0,0.6,0.6,0.0,4,1,25.0,0.0,0.0,-0.6,88.6,0,34,3,8,3,5,36,674,419,100.0,36
José Carlos González,es ESP,DF,Las Palmas,es La Liga,18,1,0,11,0.1,0,0,0,0.0,0.0,0.0,0,0,,,,0.0,88.9,0,0,0,0,0,0,0,9,4,,0
Carmona,es ESP,DF,Sevilla,es La Liga,22,35,35,2942,32.7,0,0,0,0.5,0.5,2.0,19,4,21.1,0.0,0.0,-0.5,80.5,19,109,45,83,59,68,92,2192,894,38.0,164
Sergio Carreira,es ESP,"MF,DF",Celta Vigo,es La Liga,23,23,19,1656,18.4,0,4,4,0.6,0.6,3.1,13,3,23.1,0.0,0.0,-0.6,76.1,16,53,39,28,16,17,37,1057,571,46.7,66
Dani Carvajal,es ESP,DF,Real Madrid,es La Liga,32,8,7,609,6.8,1,0,1,1.3,1.3,0.2,3,1,33.3,0.33,1.0,-0.3,86.2,5,27,13,12,8,10,19,532,278,40.0,21
Fabio Carvalho,pt POR,"FW,MF",Brentford,eng Premier League,21,19,3,455,5.1,2,1,3,2.5,2.5,0.7,12,5,41.7,0.17,0.4,-0.5,70.8,4,17,9,13,9,3,2,247,137,14.3,30
William Carvalho,pt POR,MF,Betis,es La Liga,32,14,6,484,5.4,0,0,0,0.2,0.2,0.2,4,1,25.0,0.0,0.0,-0.2,86.8,6,45,5,9,6,3,6,432,294,60.0,29
Cesare Casadei,it ITA,MF,Torino,it Serie A,21,15,13,1017,11.3,1,1,2,1.2,1.2,0.4,14,7,50.0,0.07,0.14,-0.2,79.6,7,36,14,12,5,5,26,508,259,70.0,41
Marc Casado,es ESP,MF,Barcelona,es La Liga,20,23,20,1611,17.9,1,3,4,1.1,1.1,1.4,14,1,7.1,0.07,1.0,-0.1,89.3,9,107,12,44,25,22,22,1536,870,44.4,90
Nicolò Casale,it ITA,DF,Bologna,it Serie A,26,15,9,900,10.0,0,1,1,0.5,0.5,0.5,4,1,25.0,0.0,0.0,-0.5,87.5,3,29,3,11,5,17,43,615,328,100.0,43
Nicolò Casale,it ITA,DF,Lazio,it Serie A,26,2,2,135,1.5,0,0,0,0.0,0.0,0.0,1,1,100.0,0.0,0.0,0.0,90.9,0,6,0,5,3,1,2,124,83,,1
Casemiro,br BRA,MF,Manchester Utd,eng Premier League,32,24,18,1494,16.6,1,0,1,1.9,1.9,2.3,32,10,31.3,0.03,0.1,-0.9,78.8,22,84,4,83,50,14,51,1250,660,50.0,103
Kaelan Casey,eng ENG,DF,West Ham,eng Premier League,19,1,0,1,0.0,0,0,0,0.0,0.0,0.0,0,0,,,,0.0,,0,0,0,0,0,0,1,1,0,,0
Matty Cash,pl POL,DF,Aston Villa,eng Premier League,26,27,24,2070,23.0,1,1,2,0.5,0.5,1.1,13,6,46.2,0.08,0.17,0.5,77.5,10,42,48,56,32,23,70,1186,595,47.5,81
Eiran Cashin,ie IRL,DF,Brighton,eng Premier League,22,2,0,20,0.2,0,0,0,0.0,0.0,0.0,0,0,,,,0.0,82.1,0,6,0,0,0,0,2,32,21,0.0,1
Josué Casimir,fr FRA,"FW,MF",Le Havre,fr Ligue 1,22,27,23,1997,22.2,4,4,8,3.3,3.3,3.4,27,9,33.3,0.15,0.44,0.7,68.7,26,41,71,37,26,7,35,814,465,45.8,83
Federico Cassa,it ITA,"MF,FW",Atalanta,it Serie A,18,2,0,14,0.2,0,0,0,0.0,0.0,0.0,0,0,,,,0.0,83.3,0,1,1,0,0,0,0,9,9,0.0,1
Cristian Cásseres Jr.,ve VEN,MF,Toulouse,fr Ligue 1,24,32,31,2696,30.0,1,3,4,1.0,1.0,2.6,17,5,29.4,0.06,0.2,0.0,78.8,27,128,31,96,61,42,36,1727,873,57.9,172
Timothy Castagne,be BEL,DF,Fulham,eng Premier League,28,24,17,1649,18.3,0,1,1,0.4,0.4,1.2,8,3,37.5,0.0,0.0,-0.4,81.8,9,62,17,46,29,22,83,1164,547,41.7,57
Valentín Castellanos,ar ARG,FW,Lazio,it Serie A,25,29,28,2384,26.5,10,3,13,13.4,11.3,3.6,105,36,34.3,0.08,0.22,-3.4,67.7,26,66,27,13,6,6,25,835,423,43.2,51
Jean-Charles Castelletto,cm CMR,"DF,MF",Nantes,fr Ligue 1,29,30,30,2620,29.1,0,0,0,1.8,1.8,0.1,17,5,29.4,0.0,0.0,-1.8,88.6,2,87,21,34,17,25,151,1682,948,100.0,91
Santiago Castro,ar ARG,FW,Bologna,it Serie A,19,36,27,2294,25.5,8,4,12,7.7,6.9,2.9,62,20,32.3,0.13,0.4,0.3,76.8,28,39,17,18,10,3,20,722,428,41.9,69
Gaetano Castrovilli,it ITA,MF,Monza,it Serie A,27,12,7,596,6.6,0,0,0,0.3,0.3,0.4,6,0,0.0,0.0,,-0.3,79.0,7,24,10,12,7,2,9,305,187,45.5,27
Gaetano Castrovilli,it ITA,"MF,FW",Lazio,it Serie A,27,9,1,148,1.6,0,0,0,0.1,0.1,0.7,2,0,0.0,0.0,,-0.1,84.6,2,10,5,5,2,3,1,99,58,50.0,8
Danilo Cataldi,it ITA,MF,Fiorentina,it Serie A,29,24,22,1712,19.0,3,0,3,1.1,1.1,0.8,13,5,38.5,0.23,0.6,1.9,84.5,15,90,18,25,16,22,35,1147,657,30.0,114
Catena,es ESP,DF,Osasuna,es La Liga,29,35,35,3074,34.2,1,3,4,2.2,2.2,2.3,20,5,25.0,0.05,0.2,-1.2,83.8,10,89,9,46,28,35,221,1905,984,72.7,108
Maximiliano Caufriez,be BEL,DF,Valencia,es La Liga,27,1,1,90,1.0,0,0,0,0.0,0.0,0.0,0,0,,,,0.0,78.6,0,1,0,1,1,1,4,23,8,,1
Enzo Caumont,fr FRA,MF,Angers,fr Ligue 1,20,2,0,34,0.4,0,0,0,0.0,0.0,0.0,0,0,,,,0.0,92.9,0,1,0,1,1,1,1,20,10,,2
Dani Ceballos,es ESP,MF,Real Madrid,es La Liga,27,23,15,1215,13.5,0,0,0,0.4,0.4,1.6,7,2,28.6,0.0,0.0,-0.4,94.3,22,150,42,41,21,14,10,1473,999,53.3,87
Abdoulie Ceesay,gm GAM,FW,St. Pauli,de Bundesliga,20,7,0,60,0.7,0,0,0,0.0,0.0,0.0,0,0,,,,0.0,57.1,1,0,0,3,3,0,1,26,12,,4
Zeki Çelik,tr TUR,DF,Roma,it Serie A,27,31,27,2256,25.1,0,2,2,0.6,0.6,1.6,13,4,30.8,0.0,0.0,-0.6,82.2,19,106,28,62,37,15,84,1627,836,57.1,75
Fabien Centonze,fr FRA,DF,Nantes,fr Ligue 1,28,7,3,265,2.9,0,0,0,0.0,0.0,0.2,0,0,,,,0.0,78.2,3,15,10,8,4,2,17,184,90,28.6,8
Alberto Cerri,it ITA,FW,Como,it Serie A,28,5,0,87,1.0,0,0,0,1.0,1.0,0.0,4,1,25.0,0.0,0.0,-1.0,65.2,0,0,0,0,0,0,1,36,20,,3
Franco Cervi,ar ARG,"FW,MF",Celta Vigo,es La Liga,30,7,4,273,3.0,0,0,0,0.0,0.0,0.3,0,0,,,,0.0,68.9,5,14,3,8,3,8,7,160,82,50.0,12
Julian Chabot,de GER,DF,Stuttgart,de Bundesliga,26,31,27,2269,25.2,3,1,4,2.0,1.8,0.5,19,3,15.8,0.16,1.0,1.0,89.9,6,108,7,37,24,38,135,2239,1354,60.0,98
El Chadaille Bitshiabu,fr FRA,DF,RB Leipzig,de Bundesliga,19,21,13,1130,12.6,0,0,0,0.3,0.3,0.4,5,3,60.0,0.0,0.0,-0.3,84.4,5,69,4,27,18,13,97,1058,516,66.7,55
Fares Chaïbi,dz ALG,"MF,FW",Eint Frankfurt,de Bundesliga,21,26,10,1013,11.3,1,3,4,2.6,2.6,2.9,25,6,24.0,0.04,0.17,-1.6,65.8,24,52,20,13,9,10,32,588,288,58.3,30
Trevoh Chalobah,eng ENG,DF,Crystal Palace,eng Premier League,25,12,12,1060,11.8,3,0,3,1.2,1.2,0.4,11,4,36.4,0.27,0.75,1.8,79.0,4,34,11,20,16,19,57,594,278,60.0,56
Trevoh Chalobah,eng ENG,DF,Chelsea,eng Premier League,25,13,11,910,10.1,0,1,1,0.8,0.8,1.2,7,2,28.6,0.0,0.0,-0.8,90.0,3,37,4,11,7,10,48,774,426,40.0,29
Timothy Chandler,us USA,DF,Eint Frankfurt,de Bundesliga,34,3,0,24,0.3,0,0,0,0.0,0.0,0.0,0,0,,,,0.0,70.8,0,3,1,0,0,3,2,31,16,0.0,1
Conor Chaplin,eng ENG,"MF,FW",Ipswich Town,eng Premier League,27,22,10,857,9.5,1,1,2,1.5,1.5,0.7,16,3,18.8,0.06,0.33,-0.5,73.7,8,29,13,15,5,4,3,390,179,50.0,27
Brendan Chardonnet,fr FRA,DF,Brest,fr Ligue 1,29,27,27,2416,26.8,1,0,1,0.8,0.8,1.2,14,1,7.1,0.07,1.0,0.2,82.1,8,51,7,45,33,29,169,1521,810,,91
Gabriel Charpentier,cg CGO,FW,Parma,it Serie A,25,10,0,271,3.0,1,2,3,1.3,1.3,0.9,9,4,44.4,0.11,0.25,-0.3,60.0,7,7,6,4,3,0,9,111,55,33.3,12
Raúl Chasco,es ESP,DF,Valladolid,es La Liga,20,2,1,130,1.4,0,0,0,0.0,0.0,0.0,0,0,,,,0.0,60.3,1,3,1,4,1,2,2,74,28,0.0,2
Anrie Chase,jp JPN,DF,Stuttgart,de Bundesliga,20,12,7,734,8.2,0,0,0,0.1,0.1,0.0,5,0,0.0,0.0,,-0.1,91.9,0,28,6,10,4,9,35,622,334,40.0,21
Pep Chavarría,es ESP,"DF,FW",Rayo Vallecano,es La Liga,26,34,28,2585,28.7,0,1,1,1.2,1.2,1.9,11,3,27.3,0.0,0.0,-1.2,79.7,24,114,59,46,36,30,108,1884,887,31.3,114
Arthur Chaves,br BRA,DF,Hoffenheim,de Bundesliga,23,26,24,2185,24.3,1,0,1,0.8,0.8,0.1,10,2,20.0,0.1,0.5,0.2,82.1,5,57,10,51,36,37,136,1513,740,30.0,93
Jhoanner Chávez,ec ECU,"DF,MF",Lens,fr Ligue 1,22,10,7,596,6.6,1,0,1,0.3,0.3,0.7,5,3,60.0,0.2,0.33,0.7,74.7,9,9,14,9,5,6,13,373,179,50.0,25
Walid Cheddira,ma MAR,FW,Napoli,it Serie A,26,1,0,12,0.1,0,0,0,0.0,0.0,0.0,0,0,,,,0.0,66.7,1,1,0,0,0,0,0,3,1,,0
Walid Cheddira,ma MAR,FW,Espanyol,es La Liga,26,22,5,640,7.1,1,1,2,1.0,1.0,1.2,13,4,30.8,0.08,0.25,0.0,70.9,6,12,8,5,0,1,6,203,108,20.0,19
Chema,es ESP,MF,Real Madrid,es La Liga,19,2,0,12,0.1,0,0,0,0.0,0.0,0.0,0,0,,,,0.0,100.0,0,0,0,0,0,0,1,3,0,,0
Théo Chennahi,fr FRA,DF,Montpellier,fr Ligue 1,19,4,2,181,2.0,0,0,0,0.2,0.2,0.0,2,0,0.0,0.0,,-0.2,86.4,1,0,1,6,3,2,6,91,31,0.0,11
Sidiki Cherif,fr FRA,FW,Angers,fr Ligue 1,17,7,3,324,3.6,0,0,0,0.7,0.7,0.2,5,2,40.0,0.0,0.0,-0.7,53.2,2,3,8,5,5,0,0,107,71,25.0,10
Rayan Cherki,fr FRA,"FW,MF",Lyon,fr Ligue 1,20,30,22,2041,22.7,8,11,19,5.0,5.0,11.1,45,19,42.2,0.18,0.42,3.0,78.5,75,206,106,15,12,7,6,1573,1021,49.5,83
Youssef Chermiti,pt POR,"FW,MF",Everton,eng Premier League,20,4,0,45,0.5,0,0,0,0.1,0.1,0.0,3,1,33.3,0.0,0.0,-0.1,54.5,0,1,0,0,0,0,0,15,7,100.0,0
Fabio Chiarodia,it ITA,DF,Gladbach,de Bundesliga,19,16,3,379,4.2,1,0,1,0.3,0.3,0.4,4,1,25.0,0.25,1.0,0.7,84.0,1,10,1,10,4,9,53,298,130,,9
Julián Chicco,ar ARG,"MF,DF",Leganés,es La Liga,26,14,2,302,3.4,0,1,1,0.5,0.5,0.2,3,1,33.3,0.0,0.0,-0.5,79.0,2,16,8,11,7,4,10,196,92,50.0,12
Federico Chiesa,it ITA,FW,Liverpool,eng Premier League,26,6,1,108,1.2,0,0,0,0.3,0.3,0.2,5,2,40.0,0.0,0.0,-0.3,87.1,2,3,3,1,0,0,1,46,31,0.0,6
Ben Chilwell,eng ENG,DF,Crystal Palace,eng Premier League,27,8,1,259,2.9,1,0,1,0.2,0.2,0.8,5,3,60.0,0.2,0.33,0.8,73.6,5,8,5,7,6,6,16,175,68,33.3,20
Chiquinho,pt POR,MF,Wolves,eng Premier League,24,1,0,7,0.1,0,0,0,0.0,0.0,0.0,0,0,,,,0.0,100.0,1,0,0,0,0,0,0,3,1,,1
Chiquinho,pt POR,"MF,FW",Mallorca,es La Liga,24,8,1,146,1.6,0,0,0,0.3,0.3,0.0,4,2,50.0,0.0,0.0,-0.3,64.7,2,1,4,1,0,2,0,76,43,38.5,10
Pedro Chirivella,es ESP,MF,Nantes,fr Ligue 1,27,30,28,2348,26.1,0,2,2,0.5,0.5,1.8,8,2,25.0,0.0,0.0,-0.5,85.1,19,170,16,44,29,19,45,1740,946,42.9,116
Joris Chotard,fr FRA,MF,Montpellier,fr Ligue 1,22,26,23,1892,21.0,1,0,1,1.3,1.3,0.5,19,3,15.8,0.05,0.33,-0.3,81.8,7,80,20,39,27,19,52,1012,489,50.0,90
Hamza Choudhury,bd BAN,"MF,DF",Leicester City,eng Premier League,26,4,1,131,1.5,0,0,0,0.0,0.0,0.4,0,0,,,,0.0,85.7,2,3,4,1,1,5,2,100,63,75.0,2
Andreas Christensen,dk DEN,DF,Barcelona,es La Liga,28,5,2,254,2.8,0,0,0,0.0,0.0,0.0,1,0,0.0,0.0,,0.0,91.8,1,15,1,6,4,4,9,246,163,,14
Ryan Christie,sct SCO,MF,Bournemouth,eng Premier League,29,29,27,2117,23.5,2,3,5,1.8,1.8,3.5,33,12,36.4,0.06,0.17,0.2,79.3,41,137,34,54,33,30,51,1376,726,47.9,182
Carney Chukwuemeka,eng ENG,MF,Dortmund,de Bundesliga,20,10,1,253,2.8,1,0,1,0.6,0.6,0.9,8,2,25.0,0.13,0.5,0.4,78.7,7,18,15,7,5,1,1,169,107,53.8,12
Samuel Chukwueze,ng NGA,"FW,MF",Milan,it Serie A,25,26,9,925,10.3,3,2,5,2.7,2.7,3.0,32,8,25.0,0.09,0.38,0.3,75.8,27,36,48,17,11,2,9,556,369,55.3,38
Aaron Ciammaglichella,it ITA,MF,Torino,it Serie A,19,1,0,1,0.0,0,0,0,0.0,0.0,0.0,0,0,,,,0.0,,0,0,0,0,0,0,0,0,0,,0
Alessandro Circati,au AUS,DF,Parma,it Serie A,20,6,6,540,6.0,0,0,0,0.3,0.3,0.0,2,0,0.0,0.0,,-0.3,86.0,1,10,1,7,5,3,42,301,123,,11
Pathé Ciss,sn SEN,"MF,DF",Rayo Vallecano,es La Liga,30,33,25,2140,23.8,4,1,5,1.8,1.7,1.1,21,6,28.6,0.19,0.67,2.2,84.7,16,128,19,49,24,40,61,1449,749,60.9,148
Alphadjo Cissè,it ITA,"FW,MF",Hellas Verona,it Serie A,17,2,0,9,0.1,0,0,0,0.0,0.0,0.0,2,2,100.0,0.0,0.0,0.0,75.0,0,1,0,0,0,0,0,11,6,,0
Djaoui Cissé,fr FRA,MF,Rennes,fr Ligue 1,20,14,14,1121,12.5,1,0,1,0.4,0.4,0.2,15,7,46.7,0.07,0.14,0.6,87.5,6,84,16,33,18,13,11,755,447,72.2,78
Seydouba Cissé,gn GUI,MF,Leganés,es La Liga,23,34,31,2435,27.1,3,1,4,3.0,3.0,1.0,24,5,20.8,0.13,0.6,0.0,84.6,17,110,26,59,37,12,45,1409,787,66.7,154
Yoann Cissé,fr FRA,MF,Auxerre,fr Ligue 1,19,2,0,5,0.1,0,0,0,0.0,0.0,0.0,0,0,,,,0.0,33.3,0,0,0,0,0,1,0,8,4,,1
Patrick Ciurria,it ITA,"MF,DF",Monza,it Serie A,29,21,12,1111,12.3,1,1,2,0.8,0.8,2.3,11,2,18.2,0.09,0.5,0.2,72.3,13,27,19,22,14,6,22,542,306,41.7,32
Harry Clarke,eng ENG,DF,Ipswich Town,eng Premier League,23,7,4,379,4.2,0,0,0,0.1,0.1,0.0,1,1,100.0,0.0,0.0,-0.1,80.5,1,14,5,5,3,4,14,268,118,50.0,17
Jack Clarke,eng ENG,"FW,MF",Ipswich Town,eng Premier League,23,32,12,1181,13.1,0,4,4,1.2,1.2,2.3,17,2,11.8,0.0,0.0,-1.2,76.8,28,44,39,32,20,7,29,553,311,50.0,75
Alexis Claude-Maurice,fr FRA,"MF,FW",Augsburg,de Bundesliga,26,28,25,2109,23.4,9,2,11,4.7,4.7,1.2,59,22,37.3,0.15,0.41,4.3,82.9,21,61,59,41,26,15,8,994,619,46.7,72
Jonathan Clauss,fr FRA,"DF,MF",Nice,fr Ligue 1,31,28,27,2303,25.6,3,8,11,2.2,2.2,7.7,26,8,30.8,0.12,0.38,0.8,71.9,55,105,53,52,35,48,68,1675,747,39.3,114
Silvi Clúa,es ESP,MF,Girona,es La Liga,19,4,2,163,1.8,0,0,0,0.0,0.0,0.0,2,1,50.0,0.0,0.0,0.0,78.9,1,3,4,8,7,2,6,116,61,50.0,4
Nathaniel Clyne,eng ENG,"DF,MF",Crystal Palace,eng Premier League,33,13,5,483,5.4,0,0,0,0.0,0.0,0.3,2,0,0.0,0.0,,0.0,76.0,3,7,6,12,8,3,14,273,158,0.0,10
Conor Coady,eng ENG,DF,Leicester City,eng Premier League,31,22,19,1714,19.0,1,0,1,0.4,0.4,0.1,2,2,100.0,0.5,0.5,0.6,91.1,1,32,3,13,9,13,71,1210,789,50.0,62
Marcus Coco,fr FRA,DF,Nantes,fr Ligue 1,28,20,10,951,10.6,0,1,1,0.1,0.1,1.2,2,0,0.0,0.0,,-0.1,79.5,10,34,12,27,21,11,46,608,297,30.0,42
Saúl Coco,gq EQG,DF,Torino,it Serie A,25,32,32,2845,31.6,2,0,2,1.2,1.2,0.0,20,5,25.0,0.1,0.4,0.8,88.3,1,70,17,46,26,38,157,1879,1135,77.8,87
Séamus Coleman,ie IRL,DF,Everton,eng Premier League,35,5,3,215,2.4,0,0,0,0.6,0.6,0.0,1,1,100.0,0.0,0.0,-0.6,75.5,0,11,1,3,2,1,8,121,54,80.0,7
Nathan Collins,ie IRL,DF,Brentford,eng Premier League,23,38,38,3420,38.0,2,3,5,2.5,2.5,1.8,17,6,35.3,0.12,0.33,-0.5,85.9,10,127,32,40,24,34,226,2435,1289,50.0,162
Nnamdi Collins,de GER,DF,Eint Frankfurt,de Bundesliga,20,24,15,1489,16.5,1,1,2,0.8,0.8,1.0,5,2,40.0,0.2,0.5,0.2,86.3,2,63,30,33,24,16,74,1107,623,35.3,78
Toby Collyer,eng ENG,MF,Manchester Utd,eng Premier League,20,6,0,179,2.0,0,0,0,0.2,0.2,0.3,1,0,0.0,0.0,,-0.2,82.6,2,5,0,12,9,2,3,129,68,50.0,17
Lorenzo Colombo,it ITA,"FW,MF",Empoli,it Serie A,22,37,26,2233,24.8,6,2,8,5.9,5.1,2.9,55,18,32.7,0.09,0.28,0.1,67.5,21,48,27,31,14,2,16,837,438,48.0,73
Andrea Colpani,it ITA,"FW,MF",Fiorentina,it Serie A,25,24,17,1432,15.9,2,1,3,2.7,2.7,1.3,35,12,34.3,0.06,0.17,-0.7,80.7,17,57,37,15,9,8,10,609,395,44.4,46
Levi Colwill,eng ENG,DF,Chelsea,eng Premier League,21,35,35,3149,35.0,2,1,3,1.9,1.9,1.1,17,4,23.5,0.12,0.5,0.1,89.3,14,131,14,47,34,33,118,2904,1621,50.0,121
Florinel Coman,ro ROU,"FW,MF",Cagliari,it Serie A,26,9,2,263,2.9,1,0,1,0.2,0.2,0.0,4,1,25.0,0.25,1.0,0.8,81.7,1,5,5,5,3,1,3,121,84,40.0,12
Kingsley Coman,fr FRA,FW,Bayern Munich,de Bundesliga,28,28,14,1282,14.2,5,4,9,4.3,4.3,3.3,44,17,38.6,0.11,0.29,0.7,84.3,32,45,66,17,12,8,15,934,606,52.7,59
Eray Cömert,ch SUI,"DF,MF",Valladolid,es La Liga,26,25,21,1779,19.8,0,0,0,0.9,0.9,0.0,9,1,11.1,0.0,0.0,-0.9,87.7,0,48,9,24,14,24,75,1114,599,100.0,51
Santi Comesaña,es ESP,MF,Villarreal,es La Liga,27,35,30,2560,28.4,4,2,6,4.6,4.6,2.0,39,8,20.5,0.1,0.5,-0.6,84.6,27,154,39,85,49,19,56,1734,903,52.9,160
Pietro Comuzzo,it ITA,DF,Fiorentina,it Serie A,19,32,23,2110,23.4,1,0,1,0.5,0.5,0.6,5,2,40.0,0.2,0.5,0.5,85.7,7,75,14,43,21,29,113,1533,892,0.0,86
Francisco Conceição,pt POR,"FW,MF",Juventus,it Serie A,21,26,12,1340,14.9,3,3,6,2.3,2.3,4.3,40,13,32.5,0.08,0.23,0.7,78.3,28,35,95,23,14,6,6,739,548,44.3,55
Tomás Conechny,ar ARG,"FW,MF",Alavés,es La Liga,26,22,9,847,9.4,1,0,1,2.4,2.4,0.3,22,10,45.5,0.05,0.1,-1.4,63.8,7,23,14,15,12,6,10,457,249,46.2,45
Alois Confais,fr FRA,MF,Le Havre,fr Ligue 1,27,1,0,3,0.0,0,0,0,0.0,0.0,0.0,0,0,,,,0.0,50.0,0,0,0,0,0,0,0,2,1,,1
Sirlord Conteh,de GER,"FW,MF",Heidenheim,de Bundesliga,28,29,4,892,9.9,1,1,2,2.1,2.1,2.6,13,5,38.5,0.08,0.2,-1.1,70.5,14,19,29,9,5,1,8,301,195,46.2,17
Lewis Cook,eng ENG,"MF,DF",Bournemouth,eng Premier League,27,36,32,2978,33.1,1,3,4,0.9,0.9,4.1,14,4,28.6,0.07,0.25,0.1,77.2,48,158,33,81,42,41,70,1900,825,65.0,187
Copete,es ESP,DF,Mallorca,es La Liga,24,25,16,1528,17.0,0,0,0,0.5,0.5,0.0,6,2,33.3,0.0,0.0,-0.5,83.3,0,47,10,29,17,17,123,987,518,80.0,46
Diego Coppola,it ITA,DF,Hellas Verona,it Serie A,20,34,33,2927,32.5,2,0,2,0.7,0.7,0.1,10,4,40.0,0.2,0.5,1.3,81.1,3,48,4,66,36,72,194,1576,749,20.0,89
Francis Coquelin,fr FRA,MF,Nantes,fr Ligue 1,33,6,3,224,2.5,1,1,2,1.0,1.0,1.1,7,1,14.3,0.14,1.0,0.0,87.1,5,8,3,9,5,6,3,128,62,100.0,8
Iker Córdoba,es ESP,DF,Valencia,es La Liga,18,2,0,15,0.2,0,0,0,0.0,0.0,0.1,0,0,,,,0.0,81.8,1,1,0,0,0,0,1,12,7,,1
Derek Cornelius,ca CAN,DF,Marseille,fr Ligue 1,26,21,17,1420,15.8,0,0,0,0.9,0.9,0.1,9,1,11.1,0.0,0.0,-0.9,93.4,4,68,10,24,17,14,51,1493,1012,0.0,67
Maxwel Cornet,ci CIV,FW,Southampton,eng Premier League,27,2,1,72,0.8,0,0,0,0.2,0.2,0.0,1,0,0.0,0.0,,-0.2,77.3,0,0,1,5,5,0,2,34,16,0.0,2
Maxwel Cornet,ci CIV,"FW,MF",Genoa,it Serie A,27,7,2,246,2.7,2,1,3,1.0,1.0,0.6,5,3,60.0,0.4,0.67,1.0,69.0,5,4,8,2,1,2,2,97,54,33.3,14
Pierre Cornud,fr FRA,DF,Saint-Étienne,fr Ligue 1,27,11,7,576,6.4,0,0,0,0.0,0.0,0.3,0,0,,,,0.0,81.9,3,19,11,12,10,9,28,397,190,28.6,33
Ángel Correa,ar ARG,"FW,MF",Atlético Madrid,es La Liga,29,31,3,805,8.9,4,1,5,4.5,4.5,2.1,34,14,41.2,0.12,0.29,-0.5,73.6,14,25,30,9,3,4,8,419,276,34.2,40
Joaquín Correa,ar ARG,"FW,MF",Inter,it Serie A,29,19,6,731,8.1,2,2,4,2.1,2.1,2.0,14,6,42.9,0.14,0.33,-0.1,85.9,10,42,22,11,5,0,6,438,295,60.0,31
Thierry Correia,pt POR,DF,Valencia,es La Liga,25,11,9,768,8.5,0,0,0,0.3,0.3,0.3,7,3,42.9,0.0,0.0,-0.3,74.8,5,44,16,27,18,4,18,555,240,34.8,38
Alberto costa,pt POR,DF,Juventus,it Serie A,20,9,3,357,4.0,0,1,1,0.6,0.6,0.2,7,0,0.0,0.0,,-0.6,83.0,2,8,8,14,10,4,14,276,148,36.4,23
Coba da Costa,es ESP,"MF,FW",Getafe,es La Liga,22,19,12,1006,11.2,1,1,2,1.1,1.1,1.4,23,8,34.8,0.04,0.13,-0.1,64.4,9,16,46,29,13,8,10,504,261,33.9,35
Danny da Costa,de GER,DF,Mainz 05,de Bundesliga,31,25,25,2006,22.3,0,1,1,0.1,0.1,0.6,5,1,20.0,0.0,0.0,-0.1,78.4,10,109,21,42,23,27,95,1451,813,47.1,98
David Costa,pt POR,"MF,FW",Lens,fr Ligue 1,23,11,3,352,3.9,0,0,0,1.2,1.2,0.4,9,2,22.2,0.0,0.0,-1.2,82.6,6,24,14,2,0,1,0,200,118,22.2,10
Logan Costa,cv CPV,DF,Villarreal,es La Liga,23,32,28,2587,28.7,2,1,3,0.7,0.7,0.6,12,5,41.7,0.17,0.4,1.3,87.7,4,116,25,38,21,21,115,1785,1037,0.0,104
Logan Costa,cv CPV,DF,Toulouse,fr Ligue 1,23,1,1,90,1.0,0,0,0,0.0,0.0,0.5,0,0,,,,0.0,83.9,1,4,1,2,1,2,4,69,37,,4
Samu Costa,pt POR,MF,Mallorca,es La Liga,23,32,31,2649,29.4,0,2,2,1.8,1.8,1.2,30,8,26.7,0.0,0.0,-1.8,80.7,15,116,24,90,44,32,85,1834,1029,39.4,129
Vladimír Coufal,cz CZE,DF,West Ham,eng Premier League,31,22,11,1067,11.9,0,0,0,0.3,0.3,0.7,7,2,28.6,0.0,0.0,-0.3,78.6,8,39,26,22,15,8,39,736,298,33.3,39
Lassana Coulibaly,ml MLI,MF,Lecce,it Serie A,28,38,30,2667,29.6,1,0,1,0.8,0.8,0.9,9,3,33.3,0.11,0.33,0.2,81.2,12,93,21,48,29,18,46,1229,623,47.4,146
Lasso Coulibaly,ci CIV,"FW,MF",Auxerre,fr Ligue 1,21,3,0,45,0.5,1,0,1,0.3,0.3,0.1,3,2,66.7,0.33,0.5,0.7,92.3,1,0,0,1,1,0,0,21,12,33.3,1
Mamadou Coulibaly,fr FRA,MF,Monaco,fr Ligue 1,20,1,0,8,0.1,0,0,0,0.1,0.1,0.0,1,0,0.0,0.0,,-0.1,60.0,0,0,0,1,0,0,0,9,4,50.0,0
Soumaïla Coulibaly,fr FRA,DF,Brest,fr Ligue 1,20,7,5,438,4.9,0,0,0,0.2,0.2,0.1,4,0,0.0,0.0,,-0.2,88.6,1,16,1,4,2,5,26,370,226,0.0,19
Tanguy Coulibaly,fr FRA,"FW,MF",Montpellier,fr Ligue 1,23,25,17,1485,16.5,3,0,3,3.5,3.5,1.3,30,13,43.3,0.1,0.23,-0.5,78.5,18,20,48,32,24,11,3,583,328,53.7,70
Woyo Coulibaly,ml MLI,DF,Leicester City,eng Premier League,25,4,1,109,1.2,0,0,0,0.0,0.0,0.0,2,1,50.0,0.0,0.0,0.0,84.2,0,3,4,6,4,5,1,76,48,0.0,14
Woyo Coulibaly,ml MLI,DF,Parma,it Serie A,25,14,12,1084,12.0,0,1,1,0.1,0.1,0.9,3,0,0.0,0.0,,-0.1,86.7,8,41,36,13,10,8,25,706,404,47.1,60
Marius Courcoul,fr FRA,"MF,DF",Angers,fr Ligue 1,17,8,3,309,3.4,0,0,0,0.1,0.1,0.0,3,1,33.3,0.0,0.0,-0.1,85.8,1,7,5,5,2,5,9,191,90,20.0,12
Yan Couto,br BRA,"DF,FW",Dortmund,de Bundesliga,22,21,8,895,9.9,0,0,0,0.3,0.3,0.9,6,2,33.3,0.0,0.0,-0.3,81.1,12,68,46,24,16,10,32,849,483,39.4,55
Nicolas Cozza,fr FRA,"DF,MF",Nantes,fr Ligue 1,25,27,23,2051,22.8,1,0,1,1.4,1.4,1.4,17,6,35.3,0.06,0.17,-0.4,77.7,7,64,25,59,41,25,69,1044,400,25.0,62
Aaron Cresswell,eng ENG,DF,West Ham,eng Premier League,34,18,10,824,9.2,0,0,0,0.2,0.2,1.3,5,0,0.0,0.0,,-0.2,82.6,9,36,6,11,7,8,37,687,291,50.0,36
Charlie Cresswell,eng ENG,DF,Toulouse,fr Ligue 1,21,31,29,2592,28.8,3,1,4,3.3,3.3,1.7,32,13,40.6,0.09,0.23,-0.3,83.0,5,69,8,35,23,28,191,1920,1033,27.3,103
Bryan Cristante,it ITA,MF,Roma,it Serie A,29,30,23,2045,22.7,4,2,6,2.1,2.1,1.4,30,7,23.3,0.13,0.57,1.9,82.3,18,145,25,48,29,19,36,1497,833,42.9,109
Domen Črnigoj,si SVN,MF,Venezia,it Serie A,28,8,1,136,1.5,0,0,0,0.1,0.1,0.0,1,0,0.0,0.0,,-0.1,51.0,0,4,4,4,2,4,4,76,36,0.0,8
Juan Cruz Armada,es ESP,DF,Osasuna,es La Liga,32,25,19,1492,16.6,0,0,0,0.1,0.1,0.0,4,0,0.0,0.0,,-0.1,78.0,2,53,9,26,14,9,68,819,337,25.0,46
Juan Cruz,es ESP,"FW,MF",Leganés,es La Liga,24,34,26,2257,25.1,5,4,9,2.7,2.7,4.1,33,14,42.4,0.15,0.36,2.3,68.2,24,66,59,32,19,13,31,951,543,51.3,109
Juan Cuadrado,co COL,"DF,MF",Atalanta,it Serie A,36,23,7,832,9.2,0,2,2,0.9,0.9,2.0,16,4,25.0,0.0,0.0,-0.9,79.2,19,64,41,19,9,7,9,722,462,42.5,31
Pau Cubarsí,es ESP,DF,Barcelona,es La Liga,17,35,29,2618,29.1,0,3,3,0.8,0.8,1.6,8,0,0.0,0.0,,-0.8,93.5,9,191,26,34,23,16,86,2805,1823,75.0,102
Cucho,co COL,FW,Betis,es La Liga,25,15,14,1139,12.7,5,1,6,3.8,3.8,1.5,43,11,25.6,0.12,0.45,1.2,71.9,14,34,27,15,10,7,4,467,250,65.4,28
Marc Cucurella,es ESP,DF,Chelsea,eng Premier League,26,36,33,2988,33.2,5,1,6,2.8,2.8,2.1,24,11,45.8,0.21,0.45,2.2,87.7,19,118,35,67,45,28,95,2244,944,26.7,130
Jorge Cuenca,es ESP,DF,Fulham,eng Premier League,24,8,4,351,3.9,0,0,0,0.0,0.0,0.0,1,0,0.0,0.0,,0.0,83.8,0,10,0,6,2,2,26,214,89,100.0,10
Matheus Cunha,br BRA,"MF,FW",Wolves,eng Premier League,25,33,29,2597,28.9,15,6,21,8.6,8.6,7.7,110,44,40.0,0.14,0.34,6.4,71.6,56,144,112,38,22,17,23,1561,904,44.5,125
Patrick Cutrone,it ITA,FW,Como,it Serie A,26,33,23,2047,22.7,7,4,11,7.1,6.3,2.1,69,26,37.7,0.1,0.27,-0.1,70.3,19,31,53,16,11,5,7,692,445,37.5,54
Tomáš Čvančara,cz CZE,FW,Gladbach,de Bundesliga,23,28,7,831,9.2,2,0,2,3.8,3.8,0.9,24,9,37.5,0.08,0.22,-1.8,71.5,6,23,15,4,1,5,17,336,185,35.3,23
Wylan Cyprien,fr FRA,MF,Parma,it Serie A,29,2,0,28,0.3,0,0,0,0.2,0.2,0.0,1,0,0.0,0.0,,-0.2,66.7,0,2,1,0,0,1,0,28,11,,6
Danilo D'Ambrosio,it ITA,DF,Monza,it Serie A,35,20,12,1095,12.2,0,1,1,0.5,0.5,0.4,9,4,44.4,0.0,0.0,-0.5,86.8,5,34,10,28,15,15,36,776,443,28.6,46
Lucas Da Cunha,fr FRA,MF,Como,it Serie A,23,36,30,2613,29.0,3,2,5,2.0,2.0,3.8,37,14,37.8,0.08,0.21,1.0,84.5,55,154,63,45,25,17,30,1929,1200,40.0,157
Samuel Dahl,se SWE,"DF,MF",Roma,it Serie A,24,2,0,43,0.5,0,0,0,0.0,0.0,0.0,0,0,,,,0.0,85.7,0,2,1,2,2,0,0,37,21,0.0,1
Mahmoud Dahoud,de GER,MF,Eint Frankfurt,de Bundesliga,28,9,3,364,4.0,1,1,2,0.5,0.5,0.7,7,2,28.6,0.14,0.5,0.5,84.9,8,17,1,9,4,2,5,263,160,33.3,20
Patson Daka,zm ZAM,"FW,MF",Leicester City,eng Premier League,25,23,6,736,8.2,1,0,1,1.3,1.3,0.1,15,4,26.7,0.07,0.25,-0.3,72.1,1,8,11,19,10,1,12,252,141,13.3,18
Ameen Al-Dakhil,be BEL,DF,Stuttgart,de Bundesliga,22,7,6,432,4.8,0,0,0,0.1,0.1,0.2,1,0,0.0,0.0,,-0.1,91.7,2,12,1,6,6,9,30,407,239,,17
Thijs Dallinga,nl NED,FW,Bologna,it Serie A,23,31,11,1154,12.8,3,2,5,4.3,4.3,0.6,31,11,35.5,0.1,0.27,-1.3,71.7,12,17,9,10,5,1,13,439,243,18.2,35
Diogo Dalot,pt POR,DF,Manchester Utd,eng Premier League,25,33,31,2814,31.3,0,3,3,2.0,2.0,2.0,25,5,20.0,0.0,0.0,-2.0,80.5,26,103,62,68,40,37,72,1983,1126,50.9,167
Mikkel Damsgaard,dk DEN,"MF,FW",Brentford,eng Premier League,24,38,34,2911,32.3,2,10,12,2.8,2.8,8.4,35,7,20.0,0.06,0.29,-0.8,72.4,63,234,73,83,44,27,31,1883,1076,51.5,179
Maat Daniel Caprini,it ITA,FW,Fiorentina,it Serie A,18,1,0,7,0.1,0,0,0,0.0,0.0,0.0,0,0,,,,0.0,83.3,0,1,0,0,0,0,0,13,5,0.0,2
Flavius Daniliuc,at AUT,DF,Hellas Verona,it Serie A,23,18,9,1004,11.2,0,0,0,0.1,0.1,0.1,3,1,33.3,0.0,0.0,-0.1,83.5,2,38,8,26,21,7,27,538,285,57.1,44
Danilo,br BRA,"MF,FW",Nott'ham Forest,eng Premier League,23,8,5,275,3.1,0,0,0,0.0,0.0,0.0,0,0,,,,0.0,77.7,0,11,2,8,4,4,3,150,54,50.0,19
Danilo,br BRA,DF,Juventus,it Serie A,33,12,6,581,6.5,0,1,1,0.1,0.1,0.4,1,0,0.0,0.0,,-0.1,90.6,3,45,16,10,4,9,21,625,381,,24
Arnaut Danjuma,nl NED,FW,Villarreal,es La Liga,27,3,3,200,2.2,2,0,2,0.8,0.8,0.0,6,3,50.0,0.33,0.67,1.2,76.7,1,1,4,2,1,0,0,48,25,0.0,2
Arnaut Danjuma,nl NED,"FW,MF",Girona,es La Liga,27,25,15,1335,14.8,2,0,2,3.6,3.6,1.7,30,14,46.7,0.07,0.14,-1.6,72.6,22,41,91,8,6,2,4,588,394,35.8,40
Jayden Danns,eng ENG,MF,Liverpool,eng Premier League,18,1,0,11,0.1,0,0,0,0.0,0.0,0.0,0,0,,,,0.0,100.0,0,0,0,0,0,0,0,2,1,,0
Kévin Danois,fr FRA,MF,Auxerre,fr Ligue 1,20,22,16,1460,16.2,0,0,0,1.5,1.5,2.2,17,3,17.6,0.0,0.0,-1.5,81.5,25,95,19,49,30,20,20,912,570,51.2,102
Kevin Danso,at AUT,DF,Tottenham,eng Premier League,25,10,9,842,9.4,0,0,0,0.4,0.4,0.1,7,3,42.9,0.0,0.0,-0.4,86.5,2,19,11,7,5,6,71,676,448,66.7,27
Kevin Danso,at AUT,DF,Lens,fr Ligue 1,25,12,12,1080,12.0,0,0,0,0.5,0.5,1.0,10,2,20.0,0.0,0.0,-0.5,85.6,6,52,9,19,7,20,62,946,489,16.7,59
Dante,br BRA,DF,Nice,fr Ligue 1,40,25,21,1964,21.8,0,0,0,0.5,0.5,0.2,9,2,22.2,0.0,0.0,-0.5,88.5,4,96,18,32,15,34,74,1651,949,40.0,112
Mohamed Daramy,dk DEN,FW,Reims,fr Ligue 1,22,2,0,16,0.2,0,0,0,0.0,0.0,0.1,1,0,0.0,0.0,,0.0,100.0,1,0,3,0,0,0,1,8,5,,0
Bence Dárdai,hu HUN,MF,Wolfsburg,de Bundesliga,18,21,16,1304,14.5,1,1,2,1.0,1.0,1.0,11,1,9.1,0.09,1.0,0.0,80.2,11,39,5,24,14,12,28,595,287,25.0,52
Sergi Darder,es ESP,"MF,FW",Mallorca,es La Liga,30,38,34,2744,30.5,2,6,8,2.1,2.1,3.7,36,9,25.0,0.06,0.22,-0.1,75.3,54,142,37,40,26,16,23,1558,911,45.9,122
Matteo Darmian,it ITA,DF,Inter,it Serie A,34,29,20,1781,19.8,3,2,5,1.9,1.9,1.5,11,3,27.3,0.27,1.0,1.1,83.8,15,45,14,28,17,10,39,1144,593,44.4,39
Lukas Daschner,de GER,"MF,FW",Bochum,de Bundesliga,25,14,3,412,4.6,1,1,2,2.7,1.9,0.7,8,4,50.0,0.13,0.25,-1.7,64.6,6,11,8,4,2,0,5,213,116,33.3,17
Juan David Cabal,co COL,DF,Juventus,it Serie A,23,7,6,460,5.1,0,0,0,0.1,0.1,0.0,5,0,0.0,0.0,,-0.1,87.7,1,17,14,10,4,2,14,401,242,57.1,20
Jonathan David,ca CAN,FW,Lille,fr Ligue 1,24,32,28,2554,28.4,16,5,21,16.2,10.7,4.4,66,28,42.4,0.15,0.36,-0.2,82.1,36,65,40,24,8,7,10,952,518,47.6,66
Alphonso Davies,ca CAN,DF,Bayern Munich,de Bundesliga,23,19,17,1560,17.3,1,2,3,1.2,1.2,1.6,17,3,17.6,0.06,0.33,-0.2,89.7,27,120,81,30,17,13,22,1463,895,45.6,115
Ben Davies,wls WAL,DF,Tottenham,eng Premier League,31,17,14,1331,14.8,0,0,0,0.3,0.3,0.2,5,1,20.0,0.0,0.0,-0.3,87.6,2,52,14,17,11,12,81,1186,664,100.0,41
Keinan Davis,eng ENG,FW,Udinese,it Serie A,26,23,10,1066,11.8,2,1,3,2.9,2.9,2.1,29,11,37.9,0.07,0.18,-0.9,75.6,20,22,26,9,4,1,5,404,231,48.6,34
Leif Davis,eng ENG,DF,Ipswich Town,eng Premier League,24,33,32,2743,30.5,1,2,3,1.0,1.0,4.9,16,2,12.5,0.06,0.5,0.0,71.6,61,59,52,46,27,25,77,1562,708,34.2,113
Zuriko Davitashvili,ge GEO,"FW,MF",Saint-Étienne,fr Ligue 1,23,33,32,2778,30.9,9,8,17,8.1,6.6,4.7,68,24,35.3,0.1,0.29,0.9,78.6,50,73,95,22,14,14,14,1298,764,37.4,117
Paweł Dawidowicz,pl POL,"DF,MF",Hellas Verona,it Serie A,29,26,24,1845,20.5,0,0,0,0.3,0.3,0.0,4,0,0.0,0.0,,-0.3,81.9,0,39,10,45,24,20,70,982,457,50.0,54
Craig Dawson,eng ENG,DF,Wolves,eng Premier League,34,15,10,971,10.8,0,0,0,0.5,0.5,0.0,5,1,20.0,0.0,0.0,-0.5,86.6,2,20,6,15,3,9,52,671,390,20.0,35
Kevin De Bruyne,be BEL,"MF,FW",Manchester City,eng Premier League,33,28,19,1702,18.9,4,7,11,5.1,5.1,8.0,57,15,26.3,0.07,0.27,-1.1,75.9,57,157,51,17,9,7,10,1368,812,38.2,64
Bobby De Cordova-Reid,jm JAM,FW,Leicester City,eng Premier League,31,23,9,744,8.3,1,2,3,0.8,0.8,1.2,7,3,42.9,0.14,0.33,0.2,70.4,6,15,14,9,4,0,10,272,174,0.0,29
Charles De Ketelaere,be BEL,"MF,FW",Atalanta,it Serie A,23,36,25,2070,23.0,7,7,14,7.3,7.3,6.0,48,20,41.7,0.15,0.35,-0.3,75.8,39,140,108,13,9,3,9,1238,832,45.3,78
Rodrigo De Paul,ar ARG,MF,Atlético Madrid,es La Liga,30,34,23,2106,23.4,3,5,8,1.3,1.3,5.6,19,4,21.1,0.16,0.75,1.7,81.7,42,231,85,33,26,6,15,1950,1373,40.0,128
Mattia De Sciglio,it ITA,DF,Empoli,it Serie A,31,16,7,769,8.5,1,0,1,0.6,0.6,0.2,5,3,60.0,0.2,0.33,0.4,77.9,3,18,4,18,13,8,35,394,161,25.0,27
Lorenzo De Silvestri,it ITA,DF,Bologna,it Serie A,36,18,13,1060,11.8,1,0,1,0.8,0.8,0.3,9,4,44.4,0.11,0.25,0.2,79.1,5,46,4,11,6,10,32,657,313,20.0,26
Thibault De Smet,be BEL,DF,Reims,fr Ligue 1,26,5,2,192,2.1,0,0,0,0.1,0.1,0.0,1,0,0.0,0.0,,-0.1,90.5,0,9,1,6,4,4,12,146,83,0.0,6
Koni De Winter,be BEL,DF,Genoa,it Serie A,22,25,23,2135,23.7,3,0,3,2.1,2.1,0.2,13,7,53.8,0.23,0.43,0.9,86.6,3,56,10,33,19,25,118,1551,807,35.3,114
Amar Dedić,ba BIH,DF,Marseille,fr Ligue 1,21,10,2,314,3.5,0,1,1,0.9,0.9,0.9,6,2,33.3,0.0,0.0,-0.9,84.4,4,16,21,5,4,3,12,282,180,47.4,18
Alessandro Deiola,it ITA,MF,Cagliari,it Serie A,28,29,16,1432,15.9,2,1,3,1.7,1.7,0.6,18,5,27.8,0.11,0.4,0.3,73.4,6,40,11,31,20,13,38,686,332,75.0,68
Romain Del Castillo,fr FRA,FW,Brest,fr Ligue 1,28,26,14,1259,14.0,6,4,10,4.7,1.5,3.4,17,8,47.1,0.18,0.38,1.3,69.8,37,61,29,31,22,6,5,840,438,43.2,73
Enrico Del Prato,it ITA,DF,Parma,it Serie A,24,34,32,2947,32.7,4,0,4,2.0,2.0,1.2,12,5,41.7,0.33,0.8,2.0,84.0,14,81,8,33,17,19,132,1830,1006,50.0,120
Thomas Delaine,fr FRA,DF,Strasbourg,fr Ligue 1,32,2,0,9,0.1,0,0,0,0.0,0.0,0.0,0,0,,,,0.0,0.0,0,0,0,1,1,1,1,8,2,,0
Liam Delap,eng ENG,FW,Ipswich Town,eng Premier League,21,37,32,2593,28.8,12,2,14,9.3,7.8,1.9,66,29,43.9,0.15,0.34,2.7,61.3,21,30,61,11,8,2,28,682,445,46.5,68
Fisayo Dele-Bashiru,ng NGA,"MF,FW",Lazio,it Serie A,23,20,12,947,10.5,3,1,4,1.1,1.1,0.8,16,5,31.3,0.19,0.6,1.9,87.7,10,26,23,10,6,4,5,436,257,63.6,48
Andy Delort,dz ALG,FW,Montpellier,fr Ligue 1,32,9,8,607,6.7,0,0,0,1.3,1.3,0.9,17,6,35.3,0.0,0.0,-1.3,49.1,7,6,4,4,3,0,3,171,90,60.0,9
Olivier Deman,be BEL,DF,Werder Bremen,de Bundesliga,24,9,0,67,0.7,0,0,0,0.0,0.0,0.1,0,0,,,,0.0,65.5,1,4,2,6,3,3,4,75,31,0.0,5
Ali Dembélé,fr FRA,DF,Torino,it Serie A,20,15,4,388,4.3,1,0,1,0.4,0.4,0.1,5,2,40.0,0.2,0.5,0.6,75.6,3,12,8,9,5,1,11,222,101,33.3,15
Ousmane Dembélé,fr FRA,FW,Paris S-G,fr Ligue 1,27,29,20,1730,19.2,21,6,27,16.6,15.8,8.2,96,49,51.0,0.21,0.41,4.4,79.0,63,137,127,11,5,9,2,1323,878,44.2,39
Ermedin Demirović,ba BIH,FW,Stuttgart,de Bundesliga,26,34,20,1855,20.6,15,1,16,14.1,12.4,1.9,64,27,42.2,0.23,0.56,0.9,70.3,18,31,20,12,7,3,12,582,305,20.0,33
Sepp van den Berg,nl NED,DF,Brentford,eng Premier League,22,31,29,2586,28.7,0,0,0,2.0,2.0,0.8,20,6,30.0,0.0,0.0,-2.0,85.4,6,79,12,39,24,21,134,1605,737,57.1,97
Justin Devenny,nir NIR,MF,Crystal Palace,eng Premier League,20,23,4,507,5.6,1,1,2,0.8,0.8,0.6,10,6,60.0,0.1,0.17,0.2,72.2,7,21,5,17,12,0,11,279,134,50.0,27
Kiernan Dewsbury-Hall,eng ENG,"MF,FW",Chelsea,eng Premier League,25,13,2,264,2.9,0,1,1,0.2,0.2,1.1,1,0,0.0,0.0,,-0.2,83.6,3,14,5,8,5,2,9,184,95,50.0,9
Giovanni Di Lorenzo,it ITA,DF,Napoli,it Serie A,30,37,37,3330,37.0,3,2,5,2.8,2.8,3.9,21,6,28.6,0.14,0.5,0.2,83.6,37,224,50,66,44,31,85,2541,1202,12.9,94
Boulaye Dia,sn SEN,"MF,FW",Lazio,it Serie A,27,35,27,2177,24.2,9,3,12,7.1,7.1,4.2,39,19,48.7,0.23,0.47,1.9,83.6,26,51,23,22,10,6,16,802,452,40.5,55
Mouctar Diakhaby,gn GUI,DF,Valencia,es La Liga,27,13,7,653,7.3,2,0,2,1.5,1.5,0.0,11,4,36.4,0.18,0.5,0.5,83.9,1,14,5,8,3,11,56,440,222,50.0,23
Mamadou Diakhon,fr FRA,"FW,MF",Reims,fr Ligue 1,18,28,5,858,9.5,2,1,3,1.0,1.0,1.1,18,8,44.4,0.11,0.25,1.0,77.0,13,17,61,12,8,4,5,379,288,41.0,38
Bafodé Diakité,fr FRA,DF,Lille,fr Ligue 1,23,31,31,2766,30.7,4,1,5,2.3,2.3,0.2,16,7,43.8,0.25,0.57,1.7,93.2,3,90,15,31,18,27,99,2475,1606,100.0,139
Oumar Diakité,ci CIV,FW,Reims,fr Ligue 1,20,26,20,1628,18.1,4,1,5,5.5,4.7,1.1,26,9,34.6,0.15,0.44,-1.5,82.2,11,44,24,20,13,3,9,580,319,35.1,59
Amad Diallo,ci CIV,"MF,FW",Manchester Utd,eng Premier League,22,26,20,1901,21.1,8,6,14,4.7,4.7,4.9,47,17,36.2,0.17,0.47,3.3,83.8,49,60,109,38,31,11,19,1207,782,46.6,109
Assane Diao,sn SEN,"FW,MF",Como,it Serie A,18,15,14,1252,13.9,8,1,9,4.0,4.0,0.4,28,13,46.4,0.29,0.62,4.0,79.3,8,36,50,25,14,3,19,523,376,26.4,41
Assane Diao,sn SEN,FW,Betis,es La Liga,18,10,2,277,3.1,1,2,3,0.8,0.8,1.5,7,1,14.3,0.14,1.0,0.2,74.2,8,1,9,5,3,0,3,122,63,18.2,12
Habib Diarra,sn SEN,"MF,FW",Strasbourg,fr Ligue 1,20,30,27,2352,26.1,4,5,9,3.3,1.8,4.5,25,10,40.0,0.08,0.2,0.7,83.0,27,116,61,22,13,13,46,1214,709,26.5,90
Moussa Diarra,ml MLI,DF,Alavés,es La Liga,23,26,20,1866,20.7,0,0,0,0.0,0.0,0.1,1,0,0.0,0.0,,0.0,80.2,3,70,12,40,24,21,46,1012,499,50.0,76
Rúben Dias,pt POR,DF,Manchester City,eng Premier League,27,27,25,2271,25.2,0,0,0,1.5,1.5,0.3,21,7,33.3,0.0,0.0,-1.5,93.5,5,160,43,17,11,20,71,2499,1775,66.7,78
Krépin Diatta,sn SEN,"DF,FW",Monaco,fr Ligue 1,25,19,3,508,5.6,0,0,0,0.2,0.2,0.8,2,1,50.0,0.0,0.0,-0.2,76.4,4,21,17,18,12,9,12,373,205,61.5,36
Kandet Diawara,gn GUI,FW,Le Havre,fr Ligue 1,24,1,0,4,0.0,0,0,0,0.0,0.0,0.0,0,0,,,,0.0,50.0,0,0,0,0,0,0,1,4,2,,0
Mahamadou Diawara,fr FRA,MF,Le Havre,fr Ligue 1,19,15,6,582,6.5,0,1,1,0.4,0.4,0.4,7,1,14.3,0.0,0.0,-0.4,82.8,7,16,9,20,12,13,11,321,180,46.2,40
Mahamadou Diawara,fr FRA,MF,Lyon,fr Ligue 1,19,2,0,16,0.2,0,0,0,0.0,0.0,0.0,0,0,,,,0.0,85.7,0,1,1,1,0,0,0,9,2,,3
Brahim Díaz,ma MAR,"FW,MF",Real Madrid,es La Liga,24,31,16,1385,15.4,4,2,6,5.3,5.3,3.3,28,15,53.6,0.14,0.27,-1.3,86.8,23,74,39,25,19,4,2,833,541,51.1,54
Daniel Díaz,es ESP,MF,Real Sociedad,es La Liga,18,1,0,10,0.1,0,0,0,0.0,0.0,0.0,0,0,,,,0.0,33.3,0,0,0,1,1,0,0,6,1,0.0,0
Luis Díaz,co COL,FW,Liverpool,eng Premier League,27,36,28,2399,26.7,13,5,18,12.0,12.0,5.0,71,30,42.3,0.18,0.43,1.0,84.2,56,110,108,39,26,7,7,1184,780,45.7,105
Pedro Díaz,es ESP,MF,Rayo Vallecano,es La Liga,26,26,12,1211,13.5,3,0,3,2.4,1.6,2.1,31,7,22.6,0.1,0.43,0.6,78.8,26,62,27,23,15,7,7,707,390,58.8,80
Tyler Dibling,eng ENG,"FW,MF",Southampton,eng Premier League,18,33,20,1874,20.8,2,0,2,2.5,2.5,1.5,28,9,32.1,0.07,0.22,-0.5,81.3,20,64,69,34,20,8,16,868,558,40.9,80
Diego,es ESP,FW,Leganés,es La Liga,24,28,13,1195,13.3,3,0,3,3.8,3.8,0.2,29,9,31.0,0.1,0.33,-0.8,63.0,6,16,9,1,1,2,11,322,192,40.0,25
Justin Diehl,de GER,"FW,DF",Stuttgart,de Bundesliga,19,6,0,104,1.2,1,0,1,1.0,1.0,0.1,7,1,14.3,0.14,1.0,0.0,71.2,1,5,5,1,0,0,0,84,55,23.1,8
Bamba Dieng,sn SEN,FW,Angers,fr Ligue 1,24,18,5,532,5.9,3,0,3,3.1,2.3,0.0,13,6,46.2,0.15,0.33,-0.1,77.7,1,7,6,4,1,0,3,157,96,14.3,5
Eric Dier,eng ENG,DF,Bayern Munich,de Bundesliga,30,21,16,1463,16.3,2,1,3,1.1,1.1,0.1,9,5,55.6,0.22,0.4,0.9,93.8,3,73,12,19,11,20,77,1591,944,66.7,80
Lucas Digne,fr FRA,DF,Aston Villa,eng Premier League,31,32,28,2351,26.1,0,4,4,0.8,0.8,4.7,13,3,23.1,0.0,0.0,-0.8,74.9,36,57,23,65,38,25,89,1527,683,47.4,104
Kembo Diliwidi,fr FRA,DF,Lens,fr Ligue 1,18,1,0,4,0.0,0,0,0,0.0,0.0,0.0,0,0,,,,0.0,66.7,0,1,0,0,0,0,0,4,1,0.0,0
Federico Dimarco,it ITA,"DF,FW",Inter,it Serie A,26,32,28,2140,23.8,4,7,11,3.3,3.3,6.1,55,20,36.4,0.07,0.2,0.7,76.3,48,83,47,25,14,14,33,1475,789,40.0,76
Junior Dina Ebimbe,fr FRA,"MF,FW",Eint Frankfurt,de Bundesliga,23,7,3,293,3.3,0,1,1,0.9,0.9,0.9,8,0,0.0,0.0,,-0.9,63.4,3,3,5,3,2,7,6,161,82,45.5,11
Eren Dinkçi,de GER,"MF,FW",Freiburg,de Bundesliga,22,23,13,1196,13.3,0,3,3,1.1,1.1,2.2,14,3,21.4,0.0,0.0,-1.1,75.4,23,35,33,21,13,7,7,552,269,41.0,55
Sinaly Diomande,ci CIV,DF,Auxerre,fr Ligue 1,23,23,22,1945,21.6,3,2,5,1.1,1.1,0.6,9,4,44.4,0.33,0.75,1.9,84.6,4,72,8,39,19,30,100,1223,698,57.1,86
Yan Diomandé,ci CIV,"MF,FW",Leganés,es La Liga,17,10,6,545,6.1,2,1,3,1.4,1.4,0.9,11,3,27.3,0.18,0.67,0.6,83.0,14,16,37,14,9,8,6,309,200,60.5,41
Lois Diony,fr FRA,FW,Angers,fr Ligue 1,31,1,0,21,0.2,0,0,0,0.0,0.0,0.0,0,0,,,,0.0,25.0,0,0,0,0,0,0,0,6,4,,0
Issa Diop,fr FRA,DF,Fulham,eng Premier League,27,21,15,1339,14.9,0,0,0,0.5,0.5,0.1,5,2,40.0,0.0,0.0,-0.5,87.5,3,25,6,26,12,9,72,903,533,50.0,45
Sérigné Diop,sn SEN,FW,Brest,fr Ligue 1,19,2,0,4,0.0,0,0,0,0.0,0.0,0.0,0,0,,,,0.0,100.0,0,0,0,1,0,0,0,6,1,,0
Sofiane Diop,fr FRA,"MF,FW",Nice,fr Ligue 1,24,28,8,1064,11.8,6,4,10,6.0,6.0,2.9,22,11,50.0,0.27,0.55,0.0,77.2,24,64,26,23,16,17,7,714,399,32.3,73
Andy Diouf,fr FRA,MF,Lens,fr Ligue 1,21,34,27,2225,24.7,1,2,3,2.9,2.9,2.8,40,5,12.5,0.03,0.2,-1.9,79.5,33,116,82,37,26,15,18,1367,751,49.4,154
Assane Dioussé,sn SEN,MF,Auxerre,fr Ligue 1,26,17,7,663,7.4,0,0,0,0.1,0.1,0.2,3,2,66.7,0.0,0.0,-0.1,89.6,2,33,1,15,7,12,15,431,276,33.3,41
Axel Disasi,fr FRA,DF,Aston Villa,eng Premier League,26,7,5,490,5.4,0,0,0,0.1,0.1,0.4,2,0,0.0,0.0,,-0.1,86.8,3,16,10,8,5,5,18,334,207,60.0,15
Axel Disasi,fr FRA,DF,Chelsea,eng Premier League,26,6,4,364,4.0,1,0,1,0.3,0.3,0.1,2,1,50.0,0.5,1.0,0.7,90.8,2,16,6,7,4,2,11,323,196,100.0,15
Roman Dixon,eng ENG,DF,Everton,eng Premier League,19,1,1,90,1.0,0,0,0,0.0,0.0,0.0,0,0,,,,0.0,57.9,0,0,0,5,5,1,3,36,16,0.0,6
Álvaro djaló,es ESP,FW,Athletic Club,es La Liga,24,17,7,659,7.3,1,0,1,0.8,0.8,0.9,15,3,20.0,0.07,0.33,0.2,66.4,4,13,22,8,5,1,4,230,151,38.9,28
Djené,tg TOG,"DF,MF",Getafe,es La Liga,32,31,31,2548,28.3,0,0,0,0.3,0.3,0.6,6,0,0.0,0.0,,-0.3,75.6,9,74,18,25,13,21,107,1164,514,41.2,102
Nasser Djiga,bf BFA,DF,Wolves,eng Premier League,21,5,1,66,0.7,0,0,0,0.0,0.0,0.0,0,0,,,,0.0,83.3,0,3,0,0,0,2,4,58,32,,2
Berat Djimsiti,al ALB,DF,Atalanta,it Serie A,31,34,32,2640,29.3,1,2,3,2.7,2.7,1.3,20,4,20.0,0.05,0.25,-1.7,87.7,11,109,32,53,33,40,141,2023,1097,25.0,102
Ritsu Doan,jp JPN,"FW,MF",Freiburg,de Bundesliga,26,34,33,2862,31.8,10,7,17,6.6,6.6,3.7,61,21,34.4,0.16,0.48,3.4,71.8,27,130,64,66,42,14,47,1537,827,44.1,133
Dodô,br BRA,DF,Fiorentina,it Serie A,25,34,34,3025,33.6,0,4,4,1.4,1.4,4.2,25,5,20.0,0.0,0.0,-1.4,77.6,36,128,143,44,29,34,58,2083,1278,46.0,183
Danilho Doekhi,nl NED,DF,Union Berlin,de Bundesliga,26,34,34,3060,34.0,1,1,2,2.6,2.6,1.4,32,4,12.5,0.03,0.25,-1.6,78.3,13,96,13,37,24,44,169,1654,883,60.0,97
Matt Doherty,ie IRL,DF,Wolves,eng Premier League,32,30,25,2109,23.4,2,1,3,1.0,1.0,1.5,10,3,30.0,0.2,0.67,1.0,82.8,12,79,29,38,21,22,102,1534,825,52.4,106
Jeremy Doku,be BEL,"FW,MF",Manchester City,eng Premier League,22,29,16,1516,16.8,3,6,9,1.3,1.3,4.8,29,9,31.0,0.1,0.33,1.7,79.1,32,69,213,31,22,4,2,1027,796,53.2,63
Marc Domenech,es ESP,"FW,MF",Mallorca,es La Liga,18,10,3,303,3.4,0,0,0,0.7,0.7,0.2,8,2,25.0,0.0,0.0,-0.7,69.4,5,4,1,4,4,0,2,84,42,50.0,8
Benjamín Domínguez,ar ARG,FW,Bologna,it Serie A,20,24,16,1281,14.2,3,2,5,2.2,2.2,0.8,30,17,56.7,0.1,0.18,0.8,78.2,10,32,50,18,7,4,7,555,396,37.8,62
Carlos Dominguez,es ESP,DF,Celta Vigo,es La Liga,23,19,13,1181,13.1,0,0,0,0.2,0.2,0.1,3,1,33.3,0.0,0.0,-0.2,88.5,2,66,15,23,11,13,80,1116,683,66.7,45
Israel Domínguez,es ESP,FW,Sevilla,es La Liga,21,1,0,18,0.2,0,0,0,0.0,0.0,0.0,0,0,,,,0.0,100.0,0,0,0,0,0,0,0,2,1,,0
Nicolás Domínguez,ar ARG,"MF,FW",Nott'ham Forest,eng Premier League,26,34,23,1963,21.8,0,1,1,1.5,1.5,1.3,21,9,42.9,0.0,0.0,-1.5,86.7,13,83,16,86,45,29,54,1218,471,33.3,114
Sergi Dominguez,es ESP,DF,Barcelona,es La Liga,19,3,2,172,1.9,0,0,0,0.0,0.0,0.0,0,0,,,,0.0,95.0,0,13,0,1,1,3,7,191,127,,8
Patrick Dorgu,dk DEN,DF,Manchester Utd,eng Premier League,19,12,10,842,9.4,0,0,0,0.4,0.4,0.7,10,2,20.0,0.0,0.0,-0.4,81.0,12,34,41,31,24,4,23,602,354,23.1,37
Patrick Dorgu,dk DEN,"DF,FW",Lecce,it Serie A,19,21,21,1840,20.4,3,1,4,3.3,3.3,1.5,36,10,27.8,0.08,0.3,-0.3,77.5,19,54,68,45,27,18,42,1011,557,29.5,99
Alfie Dorrington,eng ENG,DF,Tottenham,eng Premier League,19,1,0,14,0.2,0,0,0,0.0,0.0,0.0,0,0,,,,0.0,93.8,0,0,0,0,0,0,0,16,12,,3
Niklas Dorsch,de GER,MF,Augsburg,de Bundesliga,26,1,0,32,0.4,0,0,0,0.0,0.0,0.0,0,0,,,,0.0,84.6,0,1,1,0,0,0,0,29,15,0.0,2
Niklas Dorsch,de GER,MF,Heidenheim,de Bundesliga,26,22,19,1335,14.8,2,2,4,1.0,1.0,1.1,9,3,33.3,0.22,0.67,1.0,83.4,13,57,13,27,16,17,17,798,459,50.0,74
Alberto Dossena,it ITA,DF,Como,it Serie A,25,23,20,1825,20.3,0,2,2,0.8,0.8,0.7,12,3,25.0,0.0,0.0,-0.8,87.6,5,36,4,33,20,22,89,1220,693,66.7,68
Abdoulaye Doucouré,ml MLI,MF,Everton,eng Premier League,31,33,31,2564,28.5,3,2,5,4.1,4.1,2.4,31,9,29.0,0.1,0.33,-1.1,80.3,28,82,42,48,28,10,20,1161,604,53.3,150
Cheick Doucouré,ml MLI,MF,Crystal Palace,eng Premier League,24,13,4,452,5.0,0,0,0,0.4,0.4,0.0,7,0,0.0,0.0,,-0.4,85.3,1,19,2,16,8,11,10,263,133,40.0,31
Sékou Doucoure,fr FRA,DF,Nantes,fr Ligue 1,19,2,0,12,0.1,0,0,0,0.0,0.0,0.0,0,0,,,,0.0,80.0,0,0,0,0,0,0,3,8,5,,0
Désiré Doué,fr FRA,"FW,MF",Paris S-G,fr Ligue 1,19,31,18,1730,19.2,6,6,12,5.1,5.1,7.8,55,20,36.4,0.11,0.3,0.9,82.3,55,139,97,48,30,13,7,1461,899,44.2,93
Guela Doué,ci CIV,DF,Strasbourg,fr Ligue 1,21,32,30,2717,30.2,1,2,3,0.8,0.8,0.7,18,6,33.3,0.06,0.17,0.2,83.4,11,173,51,65,45,34,154,2421,1184,65.9,162
Douglas,br BRA,MF,Nantes,fr Ligue 1,27,28,28,2307,25.6,4,2,6,3.4,3.4,1.5,36,14,38.9,0.11,0.29,0.6,86.5,15,125,14,69,42,32,47,1478,715,60.0,111
Ismaël Doukouré,fr FRA,"DF,MF",Strasbourg,fr Ligue 1,21,31,31,2639,29.3,1,1,2,0.6,0.6,1.1,3,1,33.3,0.33,1.0,0.4,88.7,11,116,20,40,22,25,102,1944,1149,76.5,103
Issa Doumbia,it ITA,MF,Venezia,it Serie A,20,24,10,939,10.4,0,0,0,1.0,1.0,0.1,16,5,31.3,0.0,0.0,-1.0,74.9,3,22,12,14,8,9,14,401,219,68.8,45
Kamory Doumbia,ml MLI,"MF,FW",Brest,fr Ligue 1,21,30,13,1322,14.7,3,2,5,2.7,2.7,1.2,22,10,45.5,0.14,0.3,0.3,80.5,26,72,17,41,29,28,13,895,467,54.3,87
Amidou Doumbouya,fr FRA,DF,Nice,fr Ligue 1,16,2,0,46,0.5,0,0,0,0.0,0.0,0.0,0,0,,,,0.0,76.0,0,1,1,1,1,1,1,31,17,100.0,6
Anastasios Douvikas,gr GRE,FW,Como,it Serie A,24,13,6,580,6.4,2,2,4,2.5,2.5,1.1,14,5,35.7,0.14,0.4,-0.5,76.4,9,6,8,3,2,1,3,182,113,55.6,11
Anastasios Douvikas,gr GRE,FW,Celta Vigo,es La Liga,24,20,6,700,7.8,3,1,4,4.4,4.4,0.2,17,9,52.9,0.18,0.33,-1.4,71.0,3,6,6,9,4,3,6,192,120,30.8,15
Artem Dovbyk,ua UKR,FW,Roma,it Serie A,27,32,27,2418,26.9,12,2,14,11.9,10.3,2.4,61,25,41.0,0.16,0.4,0.1,74.1,25,16,24,4,2,2,12,654,355,38.9,26
Flynn Downes,eng ENG,MF,Southampton,eng Premier League,25,27,25,2151,23.9,1,0,1,0.6,0.6,1.1,10,3,30.0,0.1,0.33,0.4,90.4,15,66,29,49,25,32,51,1339,641,40.0,83
Tommy Doyle,eng ENG,MF,Wolves,eng Premier League,22,24,3,488,5.4,0,1,1,0.6,0.6,0.5,9,2,22.2,0.0,0.0,-0.6,81.9,7,40,6,11,6,5,11,463,260,55.6,43
Radu Drăgușin,ro ROU,DF,Tottenham,eng Premier League,22,16,14,1252,13.9,0,0,0,0.1,0.1,0.4,5,1,20.0,0.0,0.0,-0.1,85.2,4,37,7,10,6,15,49,961,623,0.0,48
Tim Drexler,de GER,DF,Hoffenheim,de Bundesliga,19,8,5,357,4.0,0,0,0,0.1,0.1,0.0,2,2,100.0,0.0,0.0,-0.1,85.0,1,16,2,17,7,1,9,223,128,,10
Domingos Duarte,pt POR,DF,Getafe,es La Liga,29,22,21,1859,20.7,1,0,1,0.2,0.2,0.1,3,1,33.3,0.33,1.0,0.8,78.5,2,47,3,28,15,18,152,878,373,,63
Marvin Ducksch,de GER,FW,Werder Bremen,de Bundesliga,30,32,30,2418,26.9,8,8,16,10.1,8.5,8.5,70,27,38.6,0.1,0.26,-2.1,61.7,61,86,26,10,7,8,26,1105,538,36.8,65
Ondrej Duda,sk SVK,MF,Hellas Verona,it Serie A,29,28,27,2395,26.6,1,3,4,1.0,1.0,3.2,25,5,20.0,0.04,0.2,0.0,78.3,32,117,23,46,27,31,30,1467,711,59.5,188
Duk,cv CPV,"MF,FW",Leganés,es La Liga,24,10,1,179,2.0,0,0,0,0.0,0.0,0.7,2,1,50.0,0.0,0.0,0.0,62.3,5,3,10,8,4,1,2,95,64,52.6,11
Denzel Dumfries,nl NED,"DF,FW",Inter,it Serie A,28,28,19,1865,20.7,7,2,9,5.4,5.4,3.2,36,19,52.8,0.19,0.37,1.6,72.6,21,51,55,25,15,6,26,1047,534,28.9,65
Alfred Duncan,gh GHA,MF,Venezia,it Serie A,31,16,12,957,10.6,0,0,0,0.8,0.8,1.1,15,4,26.7,0.0,0.0,-0.8,81.1,11,53,11,17,8,8,8,587,311,59.1,52
Lewis Dunk,eng ENG,DF,Brighton,eng Premier League,32,25,23,2083,23.1,0,0,0,0.8,0.8,0.5,12,3,25.0,0.0,0.0,-0.8,91.0,6,142,20,17,10,13,79,2127,1341,0.0,104
Jáder Durán,co COL,FW,Aston Villa,eng Premier League,20,20,4,638,7.1,7,0,7,4.9,4.9,0.2,31,15,48.4,0.23,0.47,2.1,70.6,4,13,7,8,7,0,13,263,133,21.4,19
Pablo Durán,es ESP,"FW,MF",Celta Vigo,es La Liga,23,27,15,1394,15.5,4,4,8,3.6,3.6,2.8,26,9,34.6,0.15,0.44,0.4,71.0,17,30,24,17,9,8,18,584,338,28.6,46
Julien Duranville,be BEL,"FW,MF",Dortmund,de Bundesliga,18,12,2,283,3.1,0,0,0,0.2,0.2,0.3,5,2,40.0,0.0,0.0,-0.2,70.2,1,7,16,3,0,0,3,135,102,40.0,5
Hugo Duro,es ESP,FW,Valencia,es La Liga,24,31,25,2166,24.1,11,2,13,9.4,8.6,1.3,48,16,33.3,0.21,0.63,1.6,69.2,14,28,13,13,8,10,11,634,297,35.0,46
Jean-Kevin Duverne,ht HAI,DF,Nantes,fr Ligue 1,27,9,7,537,6.0,0,0,0,0.3,0.3,0.1,4,0,0.0,0.0,,-0.3,78.3,1,22,6,21,12,8,23,378,161,40.0,20
Paulo Dybala,ar ARG,"FW,MF",Roma,it Serie A,30,24,16,1417,15.7,6,3,9,6.4,4.0,5.0,47,15,31.9,0.06,0.2,-0.4,81.8,40,79,41,17,7,2,2,909,595,25.6,63
Stefan Džodić,rs SRB,"DF,MF",Montpellier,fr Ligue 1,19,7,2,242,2.7,0,0,0,0.1,0.1,0.0,3,0,0.0,0.0,,-0.1,89.8,0,10,2,8,5,5,10,210,127,,10
Adam Dźwigała,pl POL,"DF,MF",St. Pauli,de Bundesliga,28,16,2,373,4.1,0,0,0,0.4,0.4,0.0,6,0,0.0,0.0,,-0.4,81.6,0,14,1,20,10,4,28,280,110,50.0,13
Aron Dønnum,no NOR,"DF,MF",Toulouse,fr Ligue 1,26,32,31,2689,29.9,2,2,4,2.1,2.1,4.6,31,5,16.1,0.06,0.4,-0.1,72.5,45,126,94,56,35,28,37,1542,862,45.2,171
Enzo Ebosse,cm CMR,DF,Udinese,it Serie A,25,2,0,90,1.0,0,0,0,0.0,0.0,0.0,0,0,,,,0.0,87.3,1,5,0,0,0,1,1,61,34,100.0,5
Tyronne Ebuehi,ng NGA,"DF,MF",Empoli,it Serie A,28,4,0,74,0.8,0,0,0,0.0,0.0,0.0,0,0,,,,0.0,71.7,0,4,3,3,2,2,0,59,20,100.0,6
Claudio Echeverri,ar ARG,FW,Manchester City,eng Premier League,18,1,0,6,0.1,0,0,0,0.0,0.0,0.0,0,0,,,,0.0,100.0,0,1,0,1,0,0,0,3,3,,1
Éderson,br BRA,MF,Atalanta,it Serie A,25,37,32,2881,32.0,4,1,5,4.1,4.1,4.3,39,12,30.8,0.1,0.33,-0.1,86.5,37,216,40,52,32,35,36,2308,1490,44.2,186
Noah Edjouma,fr FRA,"MF,FW",Toulouse,fr Ligue 1,18,10,1,171,1.9,2,0,2,1.3,1.3,0.1,5,3,60.0,0.4,0.67,0.7,69.2,1,7,8,2,2,2,2,90,62,28.6,8
George Edmundson,eng ENG,DF,Ipswich Town,eng Premier League,26,1,0,2,0.0,0,0,0,0.0,0.0,0.0,0,0,,,,0.0,50.0,0,0,0,0,0,0,0,3,1,,0
Odsonne Édouard,fr FRA,"MF,FW",Crystal Palace,eng Premier League,26,2,1,115,1.3,0,0,0,0.4,0.4,0.0,5,1,20.0,0.0,0.0,-0.4,60.7,1,4,3,1,0,0,1,45,24,0.0,5
Odsonne Édouard,fr FRA,FW,Leicester City,eng Premier League,26,4,0,29,0.3,0,0,0,0.0,0.0,0.0,0,0,,,,0.0,75.0,1,1,0,1,1,0,1,20,11,50.0,1
Samuel Edozie,eng ENG,"DF,FW",Southampton,eng Premier League,21,2,0,65,0.7,0,0,0,0.0,0.0,0.1,0,0,,,,0.0,75.8,1,4,6,3,1,0,0,43,34,50.0,1
Ronnie Edwards,eng ENG,DF,Southampton,eng Premier League,21,1,0,12,0.1,0,0,0,0.0,0.0,0.0,0,0,,,,0.0,100.0,0,0,0,0,0,0,0,6,3,,0
Johannes Eggestein,de GER,FW,St. Pauli,de Bundesliga,26,27,22,1853,20.6,3,4,7,4.7,3.1,2.1,34,10,29.4,0.06,0.2,-1.7,73.9,24,43,25,5,3,0,8,713,384,41.2,58
Maximilian Eggestein,de GER,MF,Freiburg,de Bundesliga,27,33,33,2845,31.6,2,0,2,2.0,2.0,1.5,36,10,27.8,0.06,0.2,0.0,83.5,19,141,34,57,32,39,54,1757,813,45.8,154
Kingsley Ehizibue,nl NED,DF,Udinese,it Serie A,29,33,30,2498,27.8,0,1,1,1.2,1.2,2.2,14,4,28.6,0.0,0.0,-1.2,76.7,22,55,54,55,35,23,70,1272,576,40.0,110
Chidera Ejuke,ng NGA,FW,Sevilla,es La Liga,26,25,9,966,10.7,2,1,3,1.1,1.1,1.9,20,8,40.0,0.1,0.25,0.9,81.6,21,38,75,19,13,5,8,612,416,55.3,63
Jeff Ekhator,it ITA,"FW,MF",Genoa,it Serie A,17,24,6,769,8.5,1,1,2,1.3,1.3,1.0,10,3,30.0,0.1,0.33,-0.3,66.7,11,14,4,7,4,2,5,254,130,30.8,32
Hugo Ekitike,fr FRA,FW,Eint Frankfurt,de Bundesliga,22,33,31,2563,28.5,15,8,23,21.6,19.3,6.8,114,44,38.6,0.12,0.32,-6.6,75.5,44,53,93,16,12,7,24,1054,633,43.7,87
Jurgen Ekkelenkamp,nl NED,MF,Udinese,it Serie A,24,34,20,1892,21.0,3,2,5,2.8,2.8,1.3,27,9,33.3,0.11,0.33,0.2,79.7,15,72,34,36,25,12,26,868,457,33.3,82
Jacques Ekomie,ga GAB,"DF,FW",Angers,fr Ligue 1,20,18,7,697,7.7,0,0,0,0.0,0.0,0.0,1,0,0.0,0.0,,0.0,70.4,0,20,13,22,14,4,14,358,135,19.0,33
Emmanuel Ekong,se SWE,"MF,FW",Empoli,it Serie A,22,15,0,186,2.1,0,0,0,0.1,0.1,0.1,4,1,25.0,0.0,0.0,-0.1,68.2,2,5,8,4,3,1,1,84,50,35.0,10
Caleb Ekuban,gh GHA,FW,Genoa,it Serie A,30,18,3,555,6.2,1,3,4,2.8,2.8,0.8,18,6,33.3,0.06,0.17,-1.8,67.3,8,8,7,3,3,1,6,174,97,30.0,20
Pierre Ekwah Elimby,fr FRA,MF,Saint-Étienne,fr Ligue 1,22,29,29,2575,28.6,1,0,1,0.7,0.7,1.0,25,6,24.0,0.04,0.17,0.3,88.2,16,146,20,54,33,47,72,1885,907,56.3,154
Anthony Elanga,se SWE,"FW,MF",Nott'ham Forest,eng Premier League,22,38,31,2501,27.8,6,11,17,4.5,4.5,5.7,44,24,54.5,0.14,0.25,1.5,65.3,50,63,102,19,14,6,25,1115,600,30.1,89
Meschak Elia,cd COD,FW,Nantes,fr Ligue 1,26,8,1,170,1.9,1,0,1,1.1,1.1,0.2,5,1,20.0,0.2,1.0,-0.1,56.5,3,5,9,7,5,0,2,99,61,18.2,14
Mikael Ellertsson,is ISL,"DF,MF",Venezia,it Serie A,22,36,29,2470,27.4,2,2,4,1.1,1.1,1.6,21,4,19.0,0.1,0.5,0.9,71.0,20,36,33,58,26,17,79,938,460,38.1,74
Harvey Elliott,eng ENG,MF,Liverpool,eng Premier League,21,18,2,371,4.1,1,2,3,1.8,1.8,1.1,17,4,23.5,0.06,0.25,-0.8,82.2,10,44,10,5,3,1,3,339,188,44.4,15
Elif Elmas,mk MKD,"FW,MF",Torino,it Serie A,24,13,12,1021,11.3,4,0,4,1.4,1.4,0.4,19,9,47.4,0.21,0.44,2.6,80.4,9,34,42,10,7,6,5,444,303,34.2,33
Elif Elmas,mk MKD,MF,RB Leipzig,de Bundesliga,24,2,0,44,0.5,0,0,0,0.3,0.3,0.0,2,0,0.0,0.0,,-0.3,81.3,0,2,0,3,1,0,2,28,13,100.0,3
Aritz Elustondo,es ESP,DF,Real Sociedad,es La Liga,30,22,16,1457,16.2,0,0,0,0.4,0.4,0.2,4,0,0.0,0.0,,-0.4,85.4,4,51,17,20,11,11,96,1092,624,37.5,53
Nico Elvedi,ch SUI,DF,Gladbach,de Bundesliga,27,25,25,2135,23.7,1,1,2,2.0,2.0,0.4,12,3,25.0,0.08,0.33,-1.0,92.0,5,55,20,38,23,30,163,1827,953,,89
Adri Embarba,es ESP,"FW,MF",Rayo Vallecano,es La Liga,32,35,18,1607,17.9,1,1,2,2.1,2.1,2.7,37,12,32.4,0.03,0.08,-1.1,63.9,20,45,47,41,20,13,14,847,467,35.7,67
Breel Embolo,ch SUI,"FW,MF",Monaco,fr Ligue 1,27,29,19,1841,20.5,6,4,10,10.8,10.8,5.6,51,18,35.3,0.12,0.33,-4.8,69.2,32,55,22,22,17,3,10,668,397,33.3,58
Emanuel Emegha,nl NED,FW,Strasbourg,fr Ligue 1,21,27,27,2293,25.5,14,3,17,17.0,17.0,2.4,61,35,57.4,0.23,0.4,-3.0,80.3,18,14,37,6,6,1,30,577,341,25.0,60
Emerson,br BRA,DF,Milan,it Serie A,25,17,16,1377,15.3,0,0,0,0.4,0.4,0.7,10,2,20.0,0.0,0.0,-0.4,86.2,15,68,23,45,28,14,56,1102,584,38.9,59
Yunus Emre Konak,tr TUR,"FW,MF",Brentford,eng Premier League,18,10,0,42,0.5,0,0,0,0.2,0.2,0.0,1,0,0.0,0.0,,-0.2,72.2,0,2,1,4,4,0,0,53,17,0.0,2
Julio Enciso,py PAR,"MF,FW",Ipswich Town,eng Premier League,20,13,12,869,9.7,2,3,5,1.7,1.7,1.4,32,11,34.4,0.06,0.18,0.3,69.0,13,28,23,12,9,1,6,406,205,45.5,43
Julio Enciso,py PAR,"MF,FW",Brighton,eng Premier League,20,12,2,294,3.3,0,0,0,1.0,1.0,0.2,20,11,55.0,0.0,0.0,-1.0,66.0,5,14,11,0,0,0,1,202,114,47.6,15
Wataru Endo,jp JPN,"MF,DF",Liverpool,eng Premier League,31,20,1,273,3.0,0,0,0,0.0,0.0,0.1,0,0,,,,0.0,93.8,2,19,1,12,8,6,9,237,110,100.0,14
Endrick,br BRA,FW,Real Madrid,es La Liga,18,22,3,363,4.0,1,0,1,2.5,2.5,0.5,24,6,25.0,0.04,0.17,-1.5,78.7,4,8,12,1,1,4,1,127,83,36.4,7
Yannik Engelhardt,de GER,"MF,DF",Como,it Serie A,23,26,11,1164,12.9,1,1,2,0.6,0.6,1.5,8,2,25.0,0.13,0.5,0.4,88.7,12,54,18,30,12,11,27,836,525,60.0,62
Arne Engels,be BEL,"MF,FW",Augsburg,de Bundesliga,20,1,1,79,0.9,0,0,0,0.4,0.4,0.0,3,1,33.3,0.0,0.0,-0.4,70.4,0,1,1,0,0,0,0,32,17,0.0,0
Christian Eriksen,dk DEN,MF,Manchester Utd,eng Premier League,32,23,11,1061,11.8,1,2,3,1.4,0.6,3.2,14,1,7.1,0.0,0.0,-0.4,78.8,31,55,13,19,9,7,8,850,473,0.0,62
Martin Erlic,hr CRO,DF,Bologna,it Serie A,26,8,5,334,3.7,0,0,0,0.2,0.2,0.0,6,0,0.0,0.0,,-0.2,91.7,0,11,4,2,0,2,9,268,179,0.0,11
Patrick Erras,de GER,DF,Holstein Kiel,de Bundesliga,29,10,10,832,9.2,1,0,1,0.9,0.9,0.1,8,1,12.5,0.13,1.0,0.1,92.0,3,25,3,8,5,9,64,622,282,,24
Alfonso Espino,uy URU,DF,Rayo Vallecano,es La Liga,32,16,9,833,9.3,0,1,1,0.4,0.4,0.6,10,2,20.0,0.0,0.0,-0.4,74.3,5,39,10,41,24,12,32,637,307,35.7,55
Sebastiano Esposito,it ITA,"FW,MF",Empoli,it Serie A,22,33,27,2331,25.9,8,0,8,5.7,4.2,2.1,59,19,32.2,0.12,0.37,2.3,60.2,36,93,31,57,29,12,14,1081,565,43.3,106
Romain Esse,eng ENG,MF,Crystal Palace,eng Premier League,19,7,1,138,1.5,1,1,2,0.3,0.3,0.4,1,1,100.0,1.0,1.0,0.7,76.2,3,7,1,9,6,1,2,73,38,33.3,9
Samuel Essende,cd COD,FW,Augsburg,de Bundesliga,26,30,21,1636,18.2,7,2,9,4.2,4.2,1.3,44,13,29.5,0.16,0.54,2.8,64.8,11,21,33,7,6,0,11,564,347,26.9,42
Dario Essugo,pt POR,MF,Las Palmas,es La Liga,19,27,25,1938,21.5,1,0,1,0.7,0.7,0.4,23,4,17.4,0.04,0.25,0.3,85.4,13,76,18,59,45,42,47,1228,582,66.7,118
Estanis,es ESP,FW,Bologna,it Serie A,20,1,0,9,0.1,0,0,0,0.1,0.1,0.2,2,0,0.0,0.0,,-0.1,87.5,2,0,1,0,0,0,0,13,5,66.7,0
Nahuel Estévez,ar ARG,MF,Parma,it Serie A,28,14,7,657,7.3,0,0,0,0.1,0.1,0.8,5,1,20.0,0.0,0.0,-0.1,75.7,6,30,3,16,6,3,26,379,148,100.0,28
Pervis Estupiñán,ec ECU,DF,Brighton,eng Premier League,26,30,26,2402,26.7,1,1,2,1.2,1.2,2.1,28,9,32.1,0.04,0.11,-0.2,83.1,26,132,59,65,43,37,65,1915,1023,55.9,147
Etienne Eto'o,cm CMR,FW,Rayo Vallecano,es La Liga,21,2,0,40,0.4,0,0,0,0.0,0.0,0.0,0,0,,,,0.0,20.0,0,0,0,0,0,0,1,13,4,0.0,0
Karl Etta,cm CMR,"MF,FW",Villarreal,es La Liga,20,4,0,37,0.4,1,0,1,0.4,0.4,0.0,2,2,100.0,0.5,0.5,0.6,0.0,0,0,0,0,0,0,0,9,5,,0
Evanilson,br BRA,FW,Bournemouth,eng Premier League,24,31,28,2319,25.8,10,1,11,12.5,11.7,1.9,72,31,43.1,0.14,0.32,-2.5,71.3,26,28,29,16,10,1,21,558,333,33.3,67
Jonny Evans,nir NIR,DF,Manchester Utd,eng Premier League,36,7,3,315,3.5,0,0,0,0.1,0.1,0.0,2,1,50.0,0.0,0.0,-0.1,88.5,0,10,3,8,6,5,15,250,143,100.0,16
Edu Expósito,es ESP,MF,Espanyol,es La Liga,27,19,12,1045,11.6,0,2,2,1.0,1.0,3.2,18,6,33.3,0.0,0.0,-1.0,65.6,28,64,23,23,13,15,21,630,340,53.6,63
Eberechi Eze,eng ENG,"MF,FW",Crystal Palace,eng Premier League,26,34,31,2588,28.8,8,8,16,10.5,8.9,6.2,100,27,27.0,0.07,0.26,-2.5,74.2,58,97,69,39,22,11,10,1414,840,48.6,146
Abde Ezzalzouli,ma MAR,"FW,MF",Betis,es La Liga,22,32,23,1984,22.0,2,2,4,8.0,7.2,2.0,61,25,41.0,0.03,0.08,-6.0,71.6,27,68,117,37,25,7,19,1081,706,44.7,102
Giovanni Fabbian,it ITA,MF,Bologna,it Serie A,21,30,9,1023,11.4,3,1,4,2.3,2.3,1.3,21,5,23.8,0.14,0.6,0.7,71.9,9,17,14,10,6,2,4,328,198,12.5,31
Alieu Fadera,gm GAM,"FW,DF",Como,it Serie A,22,28,20,1644,18.3,1,3,4,1.7,1.7,4.0,28,9,32.1,0.04,0.11,-0.7,74.6,23,36,74,64,47,12,10,844,544,38.2,95
Wout Faes,be BEL,DF,Leicester City,eng Premier League,26,34,30,2815,31.3,1,0,1,1.5,1.5,0.1,12,1,8.3,0.08,1.0,-0.5,88.0,4,86,12,42,26,26,185,1906,1107,83.3,90
Nicolò Fagioli,it ITA,MF,Fiorentina,it Serie A,23,15,10,962,10.7,1,2,3,0.5,0.5,3.0,10,4,40.0,0.1,0.25,0.5,84.1,23,50,15,19,10,5,12,713,480,45.5,46
Nicolò Fagioli,it ITA,MF,Juventus,it Serie A,23,17,5,571,6.3,0,0,0,0.6,0.6,0.1,12,1,8.3,0.0,0.0,-0.6,88.5,4,41,19,14,10,2,5,470,311,66.7,33
Romain Faivre,fr FRA,"MF,FW",Brest,fr Ligue 1,26,20,10,899,10.0,3,2,5,2.6,1.8,1.9,18,9,50.0,0.11,0.22,0.4,82.1,10,44,24,13,10,4,3,479,310,40.5,42
Davide Faraoni,it ITA,DF,Hellas Verona,it Serie A,32,8,3,260,2.9,0,0,0,0.2,0.2,0.1,1,0,0.0,0.0,,-0.2,68.4,2,3,2,10,9,2,12,136,55,0.0,9
Abdul Fatawu Issahaku,gh GHA,FW,Leicester City,eng Premier League,20,11,6,579,6.4,0,2,2,0.4,0.4,1.6,13,5,38.5,0.0,0.0,-0.4,62.4,6,17,42,21,15,4,12,326,217,42.0,38
Ansu Fati,es ESP,FW,Barcelona,es La Liga,21,6,3,233,2.6,0,0,0,1.0,1.0,0.2,12,5,41.7,0.0,0.0,-1.0,83.2,4,6,7,4,1,1,0,170,107,45.5,7
Khalil Fayad,fr FRA,"MF,FW",Montpellier,fr Ligue 1,20,20,10,1028,11.4,0,0,0,1.3,1.3,0.3,17,3,17.6,0.0,0.0,-1.3,82.9,7,50,25,31,16,10,15,663,340,44.7,74
Jacopo Fazzini,it ITA,MF,Empoli,it Serie A,21,20,16,1383,15.4,4,1,5,3.1,3.1,0.5,27,9,33.3,0.15,0.44,0.9,71.6,12,49,34,32,19,6,24,639,364,47.9,70
Nabil Fekir,fr FRA,MF,Betis,es La Liga,31,2,2,180,2.0,0,1,1,0.7,0.7,0.6,7,1,14.3,0.0,0.0,-0.7,81.7,6,10,9,3,2,0,0,108,72,0.0,3
Mattia Felici,it ITA,"MF,FW",Cagliari,it Serie A,23,20,9,925,10.3,0,3,3,0.6,0.6,1.0,10,6,60.0,0.0,0.0,-0.6,67.9,10,19,39,17,12,7,7,422,259,33.3,51
Luiz Felipe,it ITA,DF,Marseille,fr Ligue 1,27,4,2,122,1.4,0,0,0,0.0,0.0,0.0,0,0,,,,0.0,87.9,0,4,0,4,3,3,5,86,47,50.0,2
João Félix,pt POR,"FW,MF",Chelsea,eng Premier League,24,12,3,369,4.1,1,1,2,2.2,2.2,1.0,20,5,25.0,0.05,0.2,-1.2,85.9,6,26,21,8,3,3,2,272,193,32.3,22
João Félix,pt POR,MF,Milan,it Serie A,24,15,8,760,8.4,2,0,2,2.7,2.7,1.2,29,8,27.6,0.07,0.25,-0.7,81.7,10,40,20,6,6,1,9,408,275,42.9,30
Kiko Femenía,es ESP,DF,Villarreal,es La Liga,33,28,27,2227,24.7,0,1,1,0.4,0.4,1.3,3,0,0.0,0.0,,-0.4,88.9,16,112,52,50,34,40,62,1710,902,70.8,102
Evan Ferguson,ie IRL,FW,West Ham,eng Premier League,19,8,1,156,1.7,0,0,0,0.6,0.6,0.3,5,1,20.0,0.0,0.0,-0.6,75.7,2,1,1,3,1,1,1,66,31,60.0,8
Evan Ferguson,ie IRL,FW,Brighton,eng Premier League,19,13,2,246,2.7,1,0,1,0.5,0.5,0.4,7,2,28.6,0.14,0.5,0.5,74.1,3,1,2,4,3,0,4,88,42,50.0,10
Lewis Ferguson,sct SCO,MF,Bologna,it Serie A,24,16,10,983,10.9,1,1,2,1.0,0.2,1.1,5,1,20.0,0.0,0.0,0.0,86.5,14,53,20,24,13,5,9,748,471,55.6,28
Zinedine Ferhat,dz ALG,"FW,MF",Angers,fr Ligue 1,31,24,8,849,9.4,2,0,2,1.4,1.4,2.4,12,5,41.7,0.17,0.4,0.6,67.2,17,40,16,9,7,10,12,550,292,45.5,47
Bruno Fernandes,pt POR,MF,Manchester Utd,eng Premier League,29,36,35,3018,33.5,8,10,18,9.9,7.6,8.5,93,26,28.0,0.05,0.19,-1.9,76.1,91,325,77,84,50,26,35,2649,1542,41.8,213
Edimilson Fernandes,ch SUI,"MF,DF",Brest,fr Ligue 1,28,19,12,1105,12.3,0,1,1,0.4,0.4,0.6,10,2,20.0,0.0,0.0,-0.4,85.0,8,40,7,9,7,20,38,684,399,75.0,69
Mateus Fernandes,pt POR,MF,Southampton,eng Premier League,20,36,34,2909,32.3,2,4,6,4.0,4.0,3.0,42,14,33.3,0.05,0.14,-2.0,79.9,34,145,76,89,48,28,35,1760,897,45.0,179
Enzo Fernández,ar ARG,MF,Chelsea,eng Premier League,23,36,32,2947,32.7,6,7,13,6.1,6.1,6.8,53,20,37.7,0.11,0.3,-0.1,79.9,77,212,60,65,33,13,23,2210,1211,47.3,156
Pelayo Fernandez,es ESP,DF,Rayo Vallecano,es La Liga,21,2,1,98,1.1,0,0,0,0.0,0.0,0.0,0,0,,,,0.0,85.7,0,1,0,0,0,2,9,39,16,,4
Roberto Férnandez,es ESP,FW,Espanyol,es La Liga,22,19,18,1497,16.6,6,0,6,3.6,3.6,0.6,21,9,42.9,0.29,0.67,2.4,72.2,8,17,7,4,4,3,26,436,227,40.7,33
Valery Fernández,es ESP,"MF,FW",Mallorca,es La Liga,24,18,1,309,3.4,2,0,2,0.8,0.8,0.0,3,3,100.0,0.67,0.67,1.2,88.9,1,5,2,8,7,0,1,133,75,16.7,19
Matias Fernandez-Pardo,be BEL,"FW,MF",Lille,fr Ligue 1,19,22,12,1065,11.8,4,2,6,2.9,2.9,2.8,23,12,52.2,0.17,0.33,1.1,73.0,16,26,46,12,9,3,6,429,285,40.0,35
Jordan Ferri,fr FRA,MF,Montpellier,fr Ligue 1,32,25,21,1773,19.7,0,2,2,0.4,0.4,0.9,14,3,21.4,0.0,0.0,-0.4,88.3,13,137,19,42,23,9,20,1433,802,32.1,132
Daniel Fila,cz CZE,FW,Venezia,it Serie A,21,10,6,492,5.5,2,0,2,1.4,1.4,0.3,8,5,62.5,0.25,0.4,0.6,77.8,6,8,5,2,0,0,5,147,82,50.0,9
Karol Fila,pl POL,MF,Strasbourg,fr Ligue 1,26,1,0,5,0.1,0,0,0,0.0,0.0,0.0,0,0,,,,0.0,50.0,0,0,0,0,0,0,0,4,1,,1
Kilian Fischer,de GER,DF,Wolfsburg,de Bundesliga,23,32,29,2297,25.5,1,0,1,0.3,0.3,0.5,6,1,16.7,0.17,1.0,0.7,78.6,12,110,51,64,44,19,98,1529,704,43.5,84
Alessandro Florenzi,it ITA,FW,Milan,it Serie A,33,1,0,5,0.1,0,0,0,0.0,0.0,0.0,0,0,,,,0.0,75.0,0,0,0,0,0,0,0,4,4,,0
Mateo Flores,es ESP,MF,Betis,es La Liga,20,6,1,153,1.7,0,0,0,0.0,0.0,0.0,0,0,,,,0.0,81.2,0,9,0,3,1,2,3,84,47,,12
Phil Foden,eng ENG,"MF,FW",Manchester City,eng Premier League,24,28,20,1777,19.7,7,2,9,5.2,5.2,4.8,54,16,29.6,0.13,0.44,1.8,84.1,43,103,50,13,5,9,7,1139,722,32.6,61
Malick Fofana,be BEL,FW,Lyon,fr Ligue 1,19,29,16,1589,17.7,5,4,9,3.8,3.8,3.7,31,15,48.4,0.16,0.33,1.2,77.4,25,45,112,22,11,8,6,828,587,40.7,63
Rayan Fofana,fr FRA,"FW,MF",Lens,fr Ligue 1,18,2,0,25,0.3,0,0,0,0.0,0.0,0.0,0,0,,,,0.0,62.5,0,0,0,2,2,0,0,14,7,0.0,2
Seko Fofana,ci CIV,MF,Rennes,fr Ligue 1,29,16,9,844,9.4,1,1,2,1.8,1.8,1.2,24,6,25.0,0.04,0.17,-0.8,90.4,13,72,32,11,7,7,7,640,394,50.0,42
Wesley Fofana,fr FRA,DF,Chelsea,eng Premier League,23,14,14,1172,13.0,0,0,0,0.4,0.4,0.4,3,0,0.0,0.0,,-0.4,90.2,6,32,19,13,12,14,55,933,557,53.3,54
Youssouf Fofana,fr FRA,MF,Milan,it Serie A,25,35,29,2504,27.8,1,6,7,1.3,1.3,3.4,36,5,13.9,0.03,0.2,-0.3,85.7,23,176,44,56,34,19,24,1655,986,45.2,151
Jonas Föhrenbach,de GER,DF,Heidenheim,de Bundesliga,28,27,22,1832,20.4,0,1,1,0.3,0.3,1.3,8,1,12.5,0.0,0.0,-0.3,72.5,14,59,36,45,24,16,57,1112,521,41.2,67
Michael Folorunsho,it ITA,"FW,MF",Fiorentina,it Serie A,26,14,6,650,7.2,0,0,0,1.1,1.1,0.6,9,3,33.3,0.0,0.0,-1.1,70.6,3,21,13,19,12,4,10,342,190,50.0,29
Michael Folorunsho,it ITA,"FW,MF",Napoli,it Serie A,26,6,0,35,0.4,0,0,0,0.1,0.1,0.0,1,0,0.0,0.0,,-0.1,71.4,0,0,0,3,2,1,1,26,6,0.0,2
Lamine Fomba,fr FRA,MF,Saint-Étienne,fr Ligue 1,26,7,3,217,2.4,0,0,0,0.0,0.0,0.3,1,0,0.0,0.0,,0.0,83.4,1,18,5,8,6,4,5,183,114,66.7,13
Carlos Forbs,pt POR,"MF,FW",Wolves,eng Premier League,20,10,1,239,2.7,0,0,0,0.1,0.1,0.0,2,0,0.0,0.0,,-0.1,65.9,1,8,10,8,5,1,2,121,75,58.3,11
Pablo Fornals,es ESP,"MF,FW",Betis,es La Liga,28,26,22,1827,20.3,2,0,2,1.8,1.8,3.3,23,4,17.4,0.09,0.5,0.2,80.0,36,146,32,21,13,23,15,1272,777,28.6,114
Omari Forson,eng ENG,"MF,FW",Monza,it Serie A,20,9,1,223,2.5,0,0,0,0.2,0.2,0.5,5,1,20.0,0.0,0.0,-0.2,81.4,8,10,14,3,3,1,1,140,103,66.7,11
Héctor Fort,es ESP,DF,Barcelona,es La Liga,17,17,5,585,6.5,0,0,0,0.2,0.2,0.9,6,0,0.0,0.0,,-0.2,90.1,10,26,14,13,8,6,16,573,308,22.2,32
Dimitri Foulquier,fr FRA,DF,Valencia,es La Liga,31,32,25,2299,25.5,0,1,1,0.4,0.4,1.4,13,2,15.4,0.0,0.0,-0.4,78.9,10,97,48,48,31,16,86,1530,749,24.2,97
Juan Foyth,ar ARG,DF,Villarreal,es La Liga,26,19,17,1517,16.9,1,0,1,2.4,2.4,0.3,17,5,29.4,0.06,0.2,-1.4,87.0,7,65,13,25,15,19,119,1190,607,44.4,61
Matheus França,br BRA,"MF,FW",Crystal Palace,eng Premier League,20,4,0,55,0.6,1,0,1,0.3,0.3,0.0,6,3,50.0,0.17,0.33,0.7,58.8,0,3,4,2,0,1,1,33,20,,3
Alejandro Francés,es ESP,DF,Girona,es La Liga,21,18,13,1173,13.0,0,0,0,0.2,0.2,0.3,6,0,0.0,0.0,,-0.2,84.3,4,63,18,36,24,17,52,969,496,50.0,37
Przemysław Frankowski,pl POL,DF,Lens,fr Ligue 1,29,18,16,1387,15.4,4,2,6,2.3,0.7,2.5,14,5,35.7,0.14,0.4,1.7,80.1,20,117,33,32,21,19,28,1230,637,37.5,61
Enric Franquesa,es ESP,"DF,FW",Leganés,es La Liga,27,12,7,616,6.8,1,0,1,0.3,0.3,0.1,3,1,33.3,0.33,1.0,0.7,70.2,2,12,11,17,9,5,12,306,133,42.9,29
Ryan Fraser,sct SCO,"FW,DF",Southampton,eng Premier League,30,8,4,306,3.4,0,0,0,0.0,0.0,0.1,1,1,100.0,0.0,0.0,0.0,74.8,2,8,10,6,2,1,9,131,74,66.7,10
Davide Frattesi,it ITA,MF,Inter,it Serie A,24,27,9,1158,12.9,5,1,6,4.0,4.0,0.8,26,7,26.9,0.19,0.71,1.0,82.5,7,31,23,17,8,5,14,499,296,38.9,48
Tyler Fredricson,eng ENG,DF,Manchester Utd,eng Premier League,19,2,2,165,1.8,0,0,0,0.0,0.0,0.0,0,0,,,,0.0,90.2,0,8,2,5,3,1,11,141,86,100.0,12
Morten Frendrup,dk DEN,MF,Genoa,it Serie A,23,35,35,3103,34.5,2,0,2,1.6,1.6,0.9,30,9,30.0,0.07,0.22,0.4,85.4,14,106,24,102,61,47,57,1647,737,41.7,184
Martin Frese,dk DEN,DF,Hellas Verona,it Serie A,26,11,5,549,6.1,0,0,0,0.1,0.1,0.2,2,0,0.0,0.0,,-0.1,71.1,5,19,7,18,11,8,16,320,153,0.0,14
Remo Freuler,ch SUI,MF,Bologna,it Serie A,32,37,37,3204,35.6,1,2,3,1.3,1.3,1.5,17,4,23.5,0.06,0.25,-0.3,87.7,36,208,39,79,40,38,57,2245,1216,38.5,146
Marco Friedl,at AUT,DF,Werder Bremen,de Bundesliga,26,26,25,2161,24.0,0,0,0,0.5,0.5,0.2,4,3,75.0,0.0,0.0,-0.5,90.2,3,69,4,62,42,34,130,1769,1069,75.0,141
Marvin Friedrich,de GER,DF,Gladbach,de Bundesliga,28,22,9,989,11.0,0,1,1,0.4,0.4,0.6,7,2,28.6,0.0,0.0,-0.4,88.4,3,36,11,15,9,5,57,822,502,100.0,42
Jeremie Frimpong,nl NED,"DF,MF",Leverkusen,de Bundesliga,23,33,25,2314,25.7,5,5,10,4.1,4.1,4.2,34,16,47.1,0.15,0.31,0.9,76.1,30,55,100,33,25,8,22,1205,673,32.1,84
Jorge de Frutos,es ESP,"FW,MF",Rayo Vallecano,es La Liga,27,36,30,2495,27.7,6,3,9,6.3,6.3,3.4,52,18,34.6,0.12,0.33,-0.3,68.3,31,44,77,37,21,19,24,1010,605,30.8,111
Darío Fuentes,es ESP,DF,Sevilla,es La Liga,21,1,0,5,0.1,0,0,0,0.0,0.0,0.0,0,0,,,,0.0,0.0,0,0,0,0,0,0,0,2,0,,0
Chris Führich,de GER,"MF,FW",Stuttgart,de Bundesliga,26,33,23,1981,22.0,2,3,5,2.9,2.9,3.7,36,12,33.3,0.06,0.17,-0.9,80.5,32,95,114,15,10,6,19,1220,782,47.1,64
Shiō Fukuda,jp JPN,FW,Gladbach,de Bundesliga,20,6,0,60,0.7,1,0,1,0.4,0.4,0.0,3,1,33.3,0.33,1.0,0.6,50.0,0,1,0,0,0,0,0,18,8,33.3,1
Angelo Fulgini,fr FRA,"MF,FW",Lens,fr Ligue 1,27,23,11,1045,11.6,1,1,2,2.4,2.4,3.8,26,9,34.6,0.04,0.11,-1.4,78.1,28,69,29,14,10,2,3,801,494,28.9,52
Niclas Füllkrug,de GER,FW,West Ham,eng Premier League,31,18,6,790,8.8,3,2,5,2.2,2.2,1.9,16,7,43.8,0.19,0.43,0.8,67.2,14,14,7,4,3,1,16,277,123,12.5,18
Kyogo Furuhashi,jp JPN,FW,Rennes,fr Ligue 1,29,6,1,123,1.4,0,0,0,0.1,0.1,0.0,1,0,0.0,0.0,,-0.1,27.3,0,0,0,2,2,0,0,20,10,,1
Manuel Fuster,es ESP,"FW,MF",Las Palmas,es La Liga,26,28,8,1003,11.1,2,1,3,0.7,0.7,1.8,18,7,38.9,0.11,0.29,1.3,76.6,28,71,23,19,11,4,17,742,410,29.4,63
Matteo Gabbia,it ITA,DF,Milan,it Serie A,24,26,24,2152,23.9,2,0,2,1.1,1.1,0.2,14,4,28.6,0.14,0.5,0.9,91.2,2,74,13,21,15,15,103,1635,1023,100.0,69
Tommaso Gabellini,it ITA,FW,Torino,it Serie A,17,1,0,10,0.1,0,0,0,0.1,0.1,0.0,1,0,0.0,0.0,,-0.1,33.3,0,0,1,0,0,0,0,4,4,,1
Tiago Gabriel,pt POR,DF,Lecce,it Serie A,19,2,0,96,1.1,0,0,0,0.0,0.0,0.0,0,0,,,,0.0,87.5,0,1,0,0,0,0,11,56,31,,2
Alessandro Gabrielloni,it ITA,"FW,MF",Como,it Serie A,30,15,0,142,1.6,1,1,2,0.3,0.3,0.8,5,2,40.0,0.2,0.5,0.7,57.1,4,6,5,0,0,0,1,64,43,,12
Gianluca Gaetano,it ITA,"MF,FW",Cagliari,it Serie A,24,28,8,1009,11.2,2,4,6,4.9,4.9,2.2,30,6,20.0,0.07,0.33,-2.9,72.3,22,41,11,11,8,6,8,490,297,51.9,34
Roberto Gagliardini,it ITA,"MF,DF",Monza,it Serie A,30,8,0,180,2.0,0,0,0,0.0,0.0,0.2,0,0,,,,0.0,86.3,1,11,5,3,2,2,4,141,101,50.0,6
Cody Gakpo,nl NED,FW,Liverpool,eng Premier League,25,35,23,1935,21.5,10,4,14,7.1,7.1,4.4,57,22,38.6,0.18,0.45,2.9,75.7,38,52,59,28,16,12,19,888,605,50.8,77
Javi Galán,es ESP,DF,Atlético Madrid,es La Liga,29,25,21,1784,19.8,0,3,3,0.2,0.2,3.9,9,0,0.0,0.0,,-0.2,82.9,15,54,52,51,31,12,47,1270,739,35.9,71
Iñigo Ruiz de Galarreta,es ESP,MF,Athletic Club,es La Liga,30,26,18,1477,16.4,0,4,4,0.5,0.5,2.9,11,1,9.1,0.0,0.0,-0.5,80.9,28,137,27,36,22,16,14,978,524,69.6,120
Conor Gallagher,eng ENG,MF,Atlético Madrid,es La Liga,24,32,19,1633,18.1,3,3,6,2.8,2.8,1.2,22,4,18.2,0.14,0.75,0.2,85.0,12,64,24,45,32,20,23,1062,674,40.5,107
Antonino Gallo,it ITA,DF,Lecce,it Serie A,24,31,31,2609,29.0,0,2,2,0.3,0.3,2.7,9,3,33.3,0.0,0.0,-0.3,66.2,44,107,57,65,42,20,133,1587,662,44.8,116
Cristian Gamboa,cr CRC,DF,Bochum,de Bundesliga,34,12,1,226,2.5,1,0,1,0.2,0.2,0.2,4,1,25.0,0.25,1.0,0.8,60.5,3,5,2,8,3,2,8,154,84,0.0,11
Idrissa Gana Gueye,sn SEN,MF,Everton,eng Premier League,34,37,35,3063,34.0,0,3,3,1.1,1.1,1.7,27,5,18.5,0.0,0.0,-1.1,86.5,19,145,27,133,80,48,36,1801,861,46.2,194
Ignatius Ganago,cm CMR,"FW,MF",Nantes,fr Ligue 1,25,11,1,241,2.7,0,0,0,0.4,0.4,0.3,7,0,0.0,0.0,,-0.4,76.6,5,9,5,1,1,4,2,112,73,45.5,7
Silvère Ganvoula M'Boussy,cg CGO,FW,Monza,it Serie A,28,7,4,326,3.6,0,0,0,0.4,0.4,0.2,4,1,25.0,0.0,0.0,-0.4,61.7,1,4,3,0,0,1,5,103,73,25.0,6
Facundo Garcés,my MAS,DF,Alavés,es La Liga,24,10,7,678,7.5,0,0,0,0.1,0.1,0.8,5,1,20.0,0.0,0.0,-0.1,76.1,3,12,3,6,2,5,51,280,114,,14
Aleix García,es ESP,MF,Leverkusen,de Bundesliga,27,28,17,1455,16.2,3,4,7,1.0,1.0,4.9,15,5,33.3,0.2,0.6,2.0,87.2,32,120,27,13,7,11,24,1503,787,80.0,69
Álvaro García,es ESP,"FW,MF",Rayo Vallecano,es La Liga,31,36,28,2559,28.4,4,5,9,7.6,7.6,5.0,71,26,36.6,0.06,0.15,-3.6,64.6,50,71,68,33,24,32,42,1164,644,37.0,94
Andrés García,es ESP,"DF,MF",Aston Villa,eng Premier League,21,7,5,318,3.5,0,0,0,0.0,0.0,0.2,2,0,0.0,0.0,,0.0,86.6,3,15,26,9,5,2,10,256,159,27.8,15
Eric García,es ESP,"DF,MF",Barcelona,es La Liga,23,29,14,1566,17.4,2,3,5,2.3,2.3,0.8,14,8,57.1,0.14,0.25,-0.3,92.1,7,109,18,38,21,14,41,1517,852,41.7,54
Fran Garcia,es ESP,DF,Real Madrid,es La Liga,24,31,24,2171,24.1,0,2,2,0.9,0.9,1.8,14,3,21.4,0.0,0.0,-0.9,86.7,24,119,78,51,36,28,67,1792,1001,34.8,106
Gonzalo García,es ESP,"FW,DF",Real Madrid,es La Liga,20,3,0,56,0.6,0,1,1,0.5,0.5,1.0,1,0,0.0,0.0,,-0.5,95.0,1,0,0,0,0,0,0,22,14,,1
Pablo Garcia,es ESP,FW,Betis,es La Liga,17,3,0,38,0.4,0,0,0,0.0,0.0,0.0,0,0,,,,0.0,71.4,0,0,2,0,0,0,0,23,16,50.0,3
Rubén García,es ESP,"FW,MF",Osasuna,es La Liga,31,36,30,2413,26.8,5,5,10,3.2,3.2,3.6,27,10,37.0,0.19,0.5,1.8,74.3,49,112,37,52,31,15,34,1467,779,33.3,122
Ulisses Garcia,ch SUI,DF,Marseille,fr Ligue 1,28,20,10,930,10.3,2,2,4,1.5,1.5,1.4,8,2,25.0,0.25,1.0,0.5,84.7,8,53,23,14,11,8,18,712,386,38.9,48
Unai García,es ESP,DF,Osasuna,es La Liga,32,3,1,65,0.7,0,0,0,0.0,0.0,0.0,0,0,,,,0.0,94.7,0,3,0,0,0,0,1,43,19,,2
Alejandro Garnacho,ar ARG,"MF,FW",Manchester Utd,eng Premier League,20,36,23,2199,24.4,6,2,8,7.3,7.3,4.5,84,29,34.5,0.07,0.21,-1.3,78.9,37,56,141,30,18,13,11,1159,840,29.2,108
James Garner,eng ENG,"MF,DF",Everton,eng Premier League,23,21,17,1594,17.7,0,1,1,0.7,0.7,1.4,12,4,33.3,0.0,0.0,-0.7,76.1,13,50,15,47,31,23,37,977,478,36.8,73
Yarek Gasiorowski,es ESP,DF,Valencia,es La Liga,19,15,9,947,10.5,0,0,0,1.1,1.1,0.1,3,0,0.0,0.0,,-1.1,80.3,3,38,9,19,16,26,60,620,276,,40
Federico Gatti,it ITA,DF,Juventus,it Serie A,26,30,26,2195,24.4,1,0,1,2.5,2.5,0.5,25,9,36.0,0.04,0.11,-1.5,95.0,6,73,24,28,23,18,76,1687,1165,53.8,110
Gavi,es ESP,"MF,FW",Barcelona,es La Liga,19,26,14,1085,12.1,1,1,2,0.9,0.9,1.6,11,1,9.1,0.09,1.0,0.1,90.0,14,77,13,30,21,10,7,943,557,50.0,61
Jean-Philippe Gbamin,ci CIV,MF,Nantes,fr Ligue 1,28,14,2,216,2.4,0,0,0,0.5,0.5,0.0,2,0,0.0,0.0,,-0.5,78.3,0,12,2,2,1,3,2,143,83,50.0,13
Mory Gbane,ci CIV,"DF,MF",Reims,fr Ligue 1,23,13,13,1125,12.5,0,1,1,0.2,0.2,0.6,4,2,50.0,0.0,0.0,-0.2,85.3,7,35,3,20,11,18,90,694,363,71.4,49
Yann Gboho,fr FRA,"MF,FW",Toulouse,fr Ligue 1,23,31,27,2333,25.9,5,4,9,5.4,5.4,3.5,50,26,52.0,0.1,0.19,-0.4,74.2,30,103,116,31,18,6,4,953,690,41.0,107
Viggo Gebel,de GER,MF,RB Leipzig,de Bundesliga,16,1,0,14,0.2,0,0,0,0.0,0.0,0.0,0,0,,,,0.0,75.0,0,0,0,0,0,0,0,6,5,0.0,0
Lutsharel Geertruida,nl NED,DF,RB Leipzig,de Bundesliga,24,24,17,1557,17.3,1,0,1,1.1,1.1,1.0,8,1,12.5,0.13,1.0,-0.1,86.7,10,93,21,35,24,16,59,1266,642,50.0,83
Dennis Geiger,de GER,"MF,FW",Hoffenheim,de Bundesliga,26,20,7,734,8.2,0,0,0,0.2,0.2,0.5,5,1,20.0,0.0,0.0,-0.2,87.3,11,37,12,24,11,7,6,441,259,50.0,35
Valentin Gendrey,fr FRA,DF,Lecce,it Serie A,24,2,2,180,2.0,0,0,0,0.2,0.2,0.1,2,0,0.0,0.0,,-0.2,76.4,2,5,7,2,2,2,1,69,32,,3
Valentin Gendrey,fr FRA,DF,Hoffenheim,de Bundesliga,24,22,14,1414,15.7,1,1,2,1.1,1.1,1.8,10,5,50.0,0.1,0.2,-0.1,69.9,16,49,24,30,12,15,53,874,363,27.3,52
Denis Genreau,au AUS,MF,Toulouse,fr Ligue 1,25,8,2,222,2.5,0,0,0,0.3,0.3,0.5,6,0,0.0,0.0,,-0.3,82.7,5,13,9,7,5,3,4,160,79,33.3,11
Tyrique George,eng ENG,FW,Chelsea,eng Premier League,18,8,1,183,2.0,1,1,2,0.2,0.2,0.7,3,1,33.3,0.33,1.0,0.8,79.6,6,3,9,2,0,2,1,70,46,60.0,4
Yannick Gerhardt,de GER,"MF,DF",Wolfsburg,de Bundesliga,30,29,15,1518,16.9,1,1,2,1.2,1.2,0.2,15,4,26.7,0.07,0.25,-0.2,76.9,4,57,27,28,16,17,47,854,438,12.5,49
Max Geschwill,de GER,DF,Holstein Kiel,de Bundesliga,23,19,13,1282,14.2,1,2,3,0.9,0.9,0.8,9,2,22.2,0.11,0.5,0.1,74.3,10,58,6,26,21,30,53,827,379,40.0,53
Daniele Ghilardi,it ITA,DF,Hellas Verona,it Serie A,21,24,21,2029,22.5,0,0,0,0.6,0.6,0.2,12,4,33.3,0.0,0.0,-0.6,78.4,6,57,16,44,29,30,106,1070,529,22.2,55
Lautaro Gianetti,ar ARG,DF,Udinese,it Serie A,30,15,11,878,9.8,1,0,1,0.1,0.0,0.1,2,2,100.0,0.5,0.5,0.9,82.6,2,19,0,22,10,15,49,499,207,0.0,28
Dimitris Giannoulis,gr GRE,DF,Augsburg,de Bundesliga,28,31,31,2650,29.4,1,4,5,1.1,1.1,4.2,13,4,30.8,0.08,0.25,-0.1,74.7,42,104,60,47,32,47,75,1802,845,35.4,136
Morgan Gibbs-White,eng ENG,MF,Nott'ham Forest,eng Premier League,24,34,34,2803,31.1,7,8,15,6.3,6.3,5.0,61,21,34.4,0.11,0.33,0.7,78.3,51,164,69,43,22,23,29,1627,923,40.3,127
Samuel Gigot,fr FRA,DF,Lazio,it Serie A,30,15,7,683,7.6,2,0,2,1.3,1.3,0.0,4,3,75.0,0.5,0.67,0.7,92.0,0,12,7,4,3,13,36,391,205,50.0,15
Armin Gigovic,ba BIH,MF,Holstein Kiel,de Bundesliga,22,31,23,1895,21.1,5,1,6,1.9,1.9,2.1,26,10,38.5,0.19,0.5,3.1,77.7,16,50,37,25,13,21,33,935,476,36.4,117
Bryan Gil,es ESP,"FW,MF",Girona,es La Liga,23,25,21,1721,19.1,3,3,6,2.3,2.3,2.9,32,15,46.9,0.09,0.2,0.7,81.8,21,74,76,34,20,10,9,1019,715,39.4,78
Mario Gila,es ESP,DF,Lazio,it Serie A,23,32,31,2741,30.5,1,0,1,1.1,1.1,0.6,15,4,26.7,0.07,0.25,-0.1,91.6,15,157,48,55,37,28,115,2339,1477,26.7,153
Billy Gilmour,sct SCO,MF,Brighton,eng Premier League,23,2,1,98,1.1,0,0,0,0.1,0.1,0.0,1,0,0.0,0.0,,-0.1,86.6,0,11,2,3,3,0,1,73,44,50.0,5
Billy Gilmour,sct SCO,MF,Napoli,it Serie A,23,26,13,1177,13.1,0,1,1,0.5,0.5,1.8,9,1,11.1,0.0,0.0,-0.5,88.5,21,67,11,24,16,9,23,1006,540,50.0,64
Benedikt Gimber,de GER,DF,Heidenheim,de Bundesliga,27,32,32,2671,29.7,0,0,0,0.7,0.7,0.3,14,1,7.1,0.0,0.0,-0.7,82.5,3,46,7,72,46,31,131,1643,865,50.0,98
Santiago Giménez,mx MEX,FW,Milan,it Serie A,23,14,7,669,7.4,5,2,7,4.8,4.0,0.9,22,9,40.9,0.23,0.56,0.2,80.6,6,6,13,5,3,1,13,189,101,36.8,14
Gvidas Gineitis,lt LTU,MF,Torino,it Serie A,20,30,15,1430,15.9,3,1,4,1.3,1.3,2.0,29,8,27.6,0.1,0.38,1.7,74.7,21,36,15,25,15,18,32,715,388,47.1,57
Matthias Ginter,de GER,DF,Freiburg,de Bundesliga,30,32,28,2561,28.5,2,1,3,2.8,2.8,0.7,24,4,16.7,0.08,0.5,-0.8,82.6,9,113,11,30,17,19,146,1816,991,66.7,93
Jamie Gittens,eng ENG,"FW,MF",Dortmund,de Bundesliga,19,32,21,1776,19.7,8,3,11,3.6,3.6,2.5,52,24,46.2,0.15,0.33,4.4,76.5,21,42,113,31,19,10,4,873,627,45.0,63
Serge Gnabry,de GER,"FW,MF",Bayern Munich,de Bundesliga,29,27,13,1242,13.8,7,5,12,7.5,6.8,5.1,48,17,35.4,0.15,0.41,-0.5,83.4,24,48,44,20,11,6,9,758,468,45.0,47
Ben Godfrey,eng ENG,DF,Ipswich Town,eng Premier League,26,3,2,159,1.8,0,0,0,0.0,0.0,0.0,0,0,,,,0.0,82.5,0,4,2,1,0,2,3,68,33,,2
Ben Godfrey,eng ENG,DF,Atalanta,it Serie A,26,1,0,23,0.3,0,0,0,0.0,0.0,0.0,0,0,,,,0.0,80.0,0,1,0,0,0,0,0,12,6,,2
Martial Godo,eng ENG,"FW,DF",Fulham,eng Premier League,21,2,0,24,0.3,0,0,0,0.0,0.0,0.1,0,0,,,,0.0,70.6,1,3,2,0,0,1,0,25,18,25.0,1
Saba Goglichidze,ge GEO,DF,Empoli,it Serie A,20,33,29,2539,28.2,0,1,1,0.3,0.3,0.3,6,0,0.0,0.0,,-0.3,77.9,3,45,12,64,37,33,97,1200,564,40.0,108
Edoardo Goldaniga,it ITA,DF,Como,it Serie A,30,32,28,2532,28.1,1,0,1,2.5,2.5,0.3,12,5,41.7,0.08,0.2,-1.5,86.4,4,81,20,34,21,33,102,1757,1008,42.9,74
Michael Golding,eng ENG,MF,Leicester City,eng Premier League,18,1,0,1,0.0,0,0,0,0.0,0.0,0.0,0,0,,,,0.0,,0,0,0,0,0,0,0,0,0,,0
Aleksandr Golovin,ru RUS,"MF,FW",Monaco,fr Ligue 1,28,19,13,1153,12.8,3,0,3,2.3,2.3,2.4,24,9,37.5,0.13,0.33,0.7,77.1,24,112,39,38,24,12,7,840,504,59.5,101
André Gomes,pt POR,MF,Lille,fr Ligue 1,31,20,16,1276,14.2,0,0,0,0.5,0.5,0.7,11,3,27.3,0.0,0.0,-0.5,89.4,10,101,18,27,13,6,11,1086,632,41.7,92
Angel Gomes,eng ENG,MF,Lille,fr Ligue 1,23,14,10,736,8.2,1,1,2,1.7,0.9,2.1,8,2,25.0,0.13,0.5,-0.7,81.0,14,49,15,10,6,0,2,410,249,50.0,20
João Gomes,br BRA,MF,Wolves,eng Premier League,23,36,35,2974,33.0,3,1,4,2.9,2.9,1.2,35,7,20.0,0.09,0.43,0.1,85.0,23,165,59,116,71,25,33,1998,1059,46.2,200
Rodrigo Gomes,pt POR,"DF,FW",Wolves,eng Premier League,21,25,7,810,9.0,2,0,2,0.7,0.7,0.9,7,3,42.9,0.29,0.67,1.3,68.6,12,27,23,23,15,7,20,417,217,33.3,28
Toti Gomes,pt POR,DF,Wolves,eng Premier League,25,31,30,2614,29.0,0,1,1,0.7,0.7,0.9,7,2,28.6,0.0,0.0,-0.7,85.9,9,86,27,61,43,25,152,2027,1205,62.5,116
Carlos Gómez,co COL,"MF,DF",Rennes,fr Ligue 1,21,17,2,381,4.2,3,0,3,1.3,1.3,0.2,9,5,55.6,0.33,0.6,1.7,73.0,5,9,9,8,6,2,2,180,117,36.4,16
Dani Gómez,es ESP,FW,Valencia,es La Liga,26,14,5,532,5.9,2,0,2,2.7,2.7,0.0,14,6,42.9,0.14,0.33,-0.7,74.7,1,6,3,3,2,2,4,137,71,30.0,14
Diego Gómez,py PAR,MF,Brighton,eng Premier League,21,16,4,516,5.7,1,0,1,0.9,0.9,0.7,9,3,33.3,0.11,0.33,0.1,80.5,8,27,8,21,13,8,10,403,193,50.0,32
Joe Gomez,eng ENG,DF,Liverpool,eng Premier League,27,9,6,519,5.8,0,0,0,0.3,0.3,0.1,3,2,66.7,0.0,0.0,-0.3,88.7,2,35,5,13,10,7,20,481,303,,34
Moi Gómez,es ESP,"MF,FW",Osasuna,es La Liga,30,26,6,796,8.8,0,0,0,0.5,0.5,0.8,6,1,16.7,0.0,0.0,-0.5,80.6,11,49,13,13,9,6,7,571,353,53.8,66
Sergi Gómez,es ESP,DF,Espanyol,es La Liga,32,12,6,664,7.4,0,0,0,0.3,0.3,0.0,2,1,50.0,0.0,0.0,-0.3,88.9,0,8,0,8,5,7,38,419,222,,15
Sergio Gómez,es ESP,"MF,DF",Real Sociedad,es La Liga,23,37,31,2738,30.4,2,5,7,1.9,1.9,8.9,18,10,55.6,0.11,0.2,0.1,74.8,56,93,43,71,39,19,30,1724,843,43.1,146
Unai Gómez,es ESP,"MF,FW",Athletic Club,es La Liga,21,32,14,1284,14.3,1,3,4,1.9,1.9,0.8,19,4,21.1,0.05,0.25,-0.9,73.1,10,23,19,12,8,2,15,439,235,41.4,42
Tidiam Gomis,fr FRA,"MF,FW",RB Leipzig,de Bundesliga,17,8,1,152,1.7,0,1,1,0.3,0.3,0.9,5,1,20.0,0.0,0.0,-0.3,80.8,3,3,5,0,0,1,0,70,33,71.4,5
Fabio González,es ESP,MF,Las Palmas,es La Liga,27,2,0,53,0.6,0,0,0,0.1,0.1,0.0,2,0,0.0,0.0,,-0.1,81.1,0,6,0,0,0,0,0,57,37,,3
Nicolás González,es ESP,MF,Manchester City,eng Premier League,22,11,9,760,8.4,1,0,1,0.5,0.5,0.1,9,2,22.2,0.11,0.5,0.5,92.0,1,50,9,16,6,8,21,713,425,16.7,31
Nicolás González,ar ARG,"FW,MF",Juventus,it Serie A,26,26,23,1750,19.4,3,2,5,4.1,4.1,1.1,45,21,46.7,0.07,0.14,-1.1,76.0,19,69,35,24,13,9,37,883,458,32.1,69
Peter González,do DOM,"MF,FW",Getafe,es La Liga,22,17,2,477,5.3,0,0,0,1.3,1.3,0.1,12,4,33.3,0.0,0.0,-1.3,65.6,4,6,8,11,6,2,5,211,111,20.0,20
Urko González,es ESP,MF,Espanyol,es La Liga,23,17,16,1374,15.3,0,2,2,0.5,0.5,0.7,4,2,50.0,0.0,0.0,-0.5,77.5,10,62,18,46,28,8,39,610,306,35.3,71
Urko González,es ESP,MF,Real Sociedad,es La Liga,23,1,1,45,0.5,0,0,0,0.0,0.0,0.0,0,0,,,,0.0,58.8,0,1,0,0,0,0,0,20,12,,0
Anthony Gordon,eng ENG,"FW,MF",Newcastle Utd,eng Premier League,23,34,28,2434,27.0,6,5,11,8.0,6.5,5.0,57,16,28.1,0.09,0.31,-2.0,73.3,51,98,121,32,18,7,9,1267,818,36.9,97
Leon Goretzka,de GER,"MF,DF",Bayern Munich,de Bundesliga,29,26,13,1325,14.7,4,1,5,2.8,2.8,1.7,32,11,34.4,0.13,0.36,1.2,89.9,12,127,35,21,11,20,25,1373,794,87.5,77
Andoni Gorosabel,es ESP,DF,Athletic Club,es La Liga,27,20,17,1485,16.5,0,2,2,0.3,0.3,1.8,2,1,50.0,0.0,0.0,-0.3,83.3,15,51,17,47,28,18,62,1084,432,50.0,56
Robin Gosens,de GER,DF,Fiorentina,it Serie A,30,31,28,2434,27.0,5,5,10,1.8,1.8,2.4,23,8,34.8,0.22,0.63,3.2,76.5,27,102,31,56,31,18,91,1606,781,40.0,69
Robin Gosens,de GER,DF,Union Berlin,de Bundesliga,30,1,1,90,1.0,0,0,0,0.0,0.0,0.1,1,0,0.0,0.0,,0.0,54.8,1,4,1,0,0,1,2,51,17,,1
Mario Götze,de GER,"MF,FW",Eint Frankfurt,de Bundesliga,32,24,18,1542,17.1,3,2,5,2.9,2.9,3.1,8,5,62.5,0.38,0.6,0.1,77.5,34,88,29,41,28,7,8,986,617,39.1,104
Amine Gouiri,dz ALG,"FW,MF",Marseille,fr Ligue 1,24,14,12,1048,11.6,10,3,13,8.4,8.4,3.6,51,24,47.1,0.2,0.42,1.6,80.9,26,20,17,5,5,1,1,472,248,45.5,24
Amine Gouiri,dz ALG,"MF,FW",Rennes,fr Ligue 1,24,19,11,1037,11.5,3,2,5,3.5,3.5,0.4,31,16,51.6,0.1,0.19,-0.5,78.2,8,46,22,9,6,2,5,474,266,45.5,40
Lucas Gourna-Douath,fr FRA,MF,Roma,it Serie A,20,6,2,229,2.5,0,0,0,0.1,0.1,0.1,3,0,0.0,0.0,,-0.1,91.2,2,9,4,9,4,0,2,147,76,40.0,8
Jeffrey Gouweleeuw,nl NED,DF,Augsburg,de Bundesliga,33,33,33,2944,32.7,1,4,5,1.7,0.9,2.2,17,4,23.5,0.06,0.25,-0.7,82.6,14,142,24,50,28,35,183,2061,1169,58.3,141
Jonathan Gradit,fr FRA,DF,Lens,fr Ligue 1,31,25,24,2112,23.5,0,0,0,0.8,0.8,0.7,16,4,25.0,0.0,0.0,-0.8,85.1,11,127,18,44,23,25,122,1594,865,33.3,73
José Gragera,es ESP,MF,Espanyol,es La Liga,23,10,7,569,6.3,0,0,0,0.0,0.0,0.0,2,0,0.0,0.0,,0.0,87.6,1,14,1,25,16,5,13,284,119,25.0,18
Samuel Grandsir,fr FRA,"MF,FW",Le Havre,fr Ligue 1,27,6,0,84,0.9,0,0,0,0.0,0.0,0.6,0,0,,,,0.0,62.5,3,6,5,5,5,0,0,42,24,0.0,9
Alberto Grassi,it ITA,MF,Empoli,it Serie A,29,28,27,2203,24.5,1,0,1,1.0,1.0,0.8,11,4,36.4,0.09,0.25,0.0,74.6,7,74,18,39,21,33,43,1058,441,41.7,124
Ryan Gravenberch,nl NED,MF,Liverpool,eng Premier League,22,37,37,3160,35.1,0,4,4,1.1,1.1,3.1,20,5,25.0,0.0,0.0,-1.1,89.2,26,181,70,69,35,60,59,2343,1396,45.7,193
Archie Gray,eng ENG,"DF,MF",Tottenham,eng Premier League,18,28,19,1751,19.5,0,0,0,0.0,0.0,0.1,1,1,100.0,0.0,0.0,0.0,87.4,3,40,7,16,8,19,50,1286,878,53.8,69
Jack Grealish,eng ENG,"FW,MF",Manchester City,eng Premier League,28,20,7,721,8.0,1,1,2,1.1,1.1,1.8,15,5,33.3,0.07,0.2,-0.1,87.6,24,52,69,9,5,2,6,521,376,44.8,26
Jacob Greaves,eng ENG,DF,Ipswich Town,eng Premier League,23,25,25,2205,24.5,1,0,1,1.3,1.3,0.3,10,4,40.0,0.1,0.25,-0.3,85.8,5,69,11,40,21,21,148,1404,619,66.7,61
Mason Greenwood,eng ENG,"FW,MF",Marseille,fr Ligue 1,22,34,32,2804,31.2,21,5,26,16.3,9.1,5.7,111,45,40.5,0.13,0.31,4.7,78.4,47,157,126,35,18,12,5,1746,1214,41.9,88
Michael Gregoritsch,at AUT,FW,Freiburg,de Bundesliga,30,20,5,639,7.1,2,1,3,1.8,1.8,0.4,16,6,37.5,0.13,0.33,0.2,63.3,5,19,6,4,2,1,10,220,94,57.1,18
Antoine Griezmann,fr FRA,"FW,MF",Atlético Madrid,es La Liga,33,38,29,2469,27.4,8,7,15,7.4,5.9,7.1,48,17,35.4,0.15,0.41,0.6,74.8,48,143,46,30,17,6,23,1678,969,42.9,93
Vincenzo Grifo,it ITA,"FW,MF",Freiburg,de Bundesliga,31,34,31,2432,27.0,8,11,19,7.9,5.6,6.9,63,26,41.3,0.13,0.31,0.1,76.7,66,128,58,30,22,9,23,1768,939,55.6,134
Florian Grillitsch,at AUT,MF,Valladolid,es La Liga,28,13,7,623,6.9,0,0,0,0.1,0.1,0.7,3,2,66.7,0.0,0.0,-0.1,82.8,8,38,9,11,7,4,5,398,225,73.3,42
Florian Grillitsch,at AUT,MF,Hoffenheim,de Bundesliga,28,8,8,601,6.7,0,0,0,0.2,0.2,0.2,6,1,16.7,0.0,0.0,-0.2,86.6,5,44,4,15,9,8,18,488,270,41.7,31
Álex Grimaldo,es ESP,DF,Leverkusen,de Bundesliga,28,32,31,2636,29.3,2,7,9,2.5,2.5,8.1,44,13,29.5,0.05,0.15,-0.5,81.2,73,160,86,24,14,16,43,2365,1310,40.0,142
Pascal Groß,de GER,"MF,DF",Dortmund,de Bundesliga,33,30,28,2327,25.9,0,9,9,2.4,2.4,5.1,27,7,25.9,0.0,0.0,-2.4,80.7,57,178,41,44,28,9,30,2178,1149,33.3,96
Brajan Gruda,de GER,"MF,FW",Brighton,eng Premier League,20,21,8,687,7.6,1,4,5,1.2,1.2,2.1,11,5,45.5,0.09,0.2,-0.2,74.5,23,26,22,16,8,2,5,344,202,43.3,26
Marco Grüll,at AUT,"FW,MF",Werder Bremen,de Bundesliga,26,30,13,1181,13.1,6,1,7,4.0,4.0,1.8,25,10,40.0,0.24,0.6,2.0,76.8,11,38,24,12,9,3,10,495,317,33.3,43
Albert Grønbaek,dk DEN,"FW,MF",Southampton,eng Premier League,23,4,2,143,1.6,0,0,0,0.1,0.1,0.0,2,0,0.0,0.0,,-0.1,72.2,1,1,1,4,1,0,1,38,18,0.0,6
Albert Grønbaek,dk DEN,"MF,FW",Rennes,fr Ligue 1,23,16,9,813,9.0,2,1,3,1.5,1.5,1.0,22,9,40.9,0.09,0.22,0.5,62.8,19,30,23,21,11,4,6,386,218,29.7,24
Sergi Guardiola,es ESP,FW,Rayo Vallecano,es La Liga,33,16,1,362,4.0,0,0,0,2.4,2.4,0.1,11,3,27.3,0.0,0.0,-2.4,66.7,5,3,2,5,3,1,2,130,81,0.0,7
Nemanja Gudelj,rs SRB,"MF,DF",Sevilla,es La Liga,32,31,27,2493,27.7,1,1,2,1.6,0.8,0.6,22,5,22.7,0.0,0.0,-0.6,86.9,14,64,14,42,24,27,94,1635,736,66.7,74
Gabriel Gudmundsson,se SWE,DF,Lille,fr Ligue 1,25,30,20,1785,19.8,2,0,2,0.7,0.7,1.4,18,5,27.8,0.11,0.4,1.3,82.1,16,91,71,36,25,17,41,1267,728,39.2,83
Gonçalo Guedes,pt POR,"MF,FW",Wolves,eng Premier League,27,29,10,995,11.1,2,4,6,3.2,3.2,1.3,27,8,29.6,0.07,0.25,-1.2,74.2,14,40,41,16,5,5,4,484,304,32.1,36
Axel Gueguin,fr FRA,FW,Montpellier,fr Ligue 1,19,1,0,23,0.3,0,0,0,0.0,0.0,0.0,0,0,,,,0.0,83.3,0,1,0,1,1,0,0,9,2,0.0,0
Marc Guéhi,eng ENG,DF,Crystal Palace,eng Premier League,24,34,34,3059,34.0,3,2,5,2.0,2.0,1.8,15,7,46.7,0.2,0.43,1.0,83.5,16,134,22,61,34,28,163,2131,1142,80.0,146
Mattéo Guendouzi,fr FRA,MF,Lazio,it Serie A,25,37,37,3270,36.3,1,3,4,1.4,1.4,3.2,27,8,29.6,0.04,0.13,-0.4,89.8,43,316,89,37,21,32,50,2437,1549,60.0,173
Javier Guerra,es ESP,MF,Valencia,es La Liga,21,36,31,2581,28.7,3,3,6,2.2,2.2,3.2,47,10,21.3,0.06,0.3,0.8,77.9,23,137,50,50,27,20,49,1669,927,37.2,168
Raphaël Guerreiro,pt POR,"DF,MF",Bayern Munich,de Bundesliga,30,23,19,1572,17.5,4,4,8,2.9,2.9,2.9,21,11,52.4,0.19,0.36,1.1,88.7,27,85,39,19,12,10,19,1487,820,50.0,94
Evann Guessand,ci CIV,"FW,MF",Nice,fr Ligue 1,23,33,30,2565,28.5,12,8,20,9.2,9.2,5.4,63,27,42.9,0.19,0.44,2.8,73.3,32,79,87,44,29,15,16,926,581,47.6,98
Ander Guevara,es ESP,MF,Alavés,es La Liga,27,33,20,1947,21.6,0,1,1,0.9,0.9,0.6,12,3,25.0,0.0,0.0,-0.9,76.6,12,112,14,49,30,14,43,1208,512,60.0,120
Pape Gueye,sn SEN,MF,Villarreal,es La Liga,25,34,26,2224,24.7,4,0,4,3.4,3.4,1.1,55,17,30.9,0.07,0.24,0.6,79.6,17,156,36,54,26,27,53,1456,853,33.3,126
Morgan Guilavogui,gn GUI,"FW,MF",St. Pauli,de Bundesliga,26,25,21,1807,20.1,6,2,8,7.1,7.1,1.9,41,15,36.6,0.15,0.4,-1.1,65.9,27,41,42,32,17,13,33,832,384,43.8,71
Frederic Guilbert,fr FRA,DF,Lecce,it Serie A,29,31,31,2435,27.1,0,1,1,0.3,0.3,1.8,11,0,0.0,0.0,,-0.3,76.8,19,88,48,65,36,47,113,1610,665,48.6,84
Luis Guilherme,br BRA,"MF,FW",West Ham,eng Premier League,18,12,1,150,1.7,0,0,0,0.4,0.4,0.1,4,1,25.0,0.0,0.0,-0.4,86.6,3,5,4,1,0,3,2,99,51,53.8,7
Hugo Guillamón,es ESP,MF,Valencia,es La Liga,24,12,4,364,4.0,0,0,0,0.1,0.1,0.0,2,1,50.0,0.0,0.0,-0.1,81.9,2,15,0,11,8,5,9,228,85,50.0,21
Bruno Guimarães,br BRA,MF,Newcastle Utd,eng Premier League,26,38,38,3271,36.3,5,6,11,4.3,4.3,6.1,45,13,28.9,0.11,0.38,0.7,82.4,52,271,64,83,47,29,44,2213,1400,43.6,188
Carlos Guirao,es ESP,MF,Betis,es La Liga,21,2,2,110,1.2,0,0,0,0.0,0.0,0.0,0,0,,,,0.0,78.3,0,2,1,5,3,3,2,60,28,100.0,6
Bahereba Guirassy,fr FRA,"FW,MF",Nantes,fr Ligue 1,17,19,2,348,3.9,2,0,2,0.7,0.7,0.1,7,4,57.1,0.29,0.5,1.3,70.8,2,6,15,12,8,1,4,192,111,34.6,22
Serhou Guirassy,gn GUI,FW,Dortmund,de Bundesliga,28,30,29,2598,28.9,21,4,25,22.7,19.6,3.9,86,33,38.4,0.21,0.55,-1.7,72.7,25,43,25,7,6,4,38,965,528,28.2,45
Marc Guiu,es ESP,FW,Chelsea,eng Premier League,18,3,0,73,0.8,0,0,0,0.0,0.0,0.0,0,0,,,,0.0,68.8,1,0,0,1,1,0,0,22,12,0.0,2
Arda Güler,tr TUR,"MF,FW",Real Madrid,es La Liga,19,28,14,1250,13.9,3,4,7,3.3,3.3,4.5,39,16,41.0,0.08,0.19,-0.3,86.1,40,93,34,30,16,7,8,1058,696,44.4,56
Gerard Gumbau,es ESP,MF,Rayo Vallecano,es La Liga,29,22,7,849,9.4,0,1,1,1.1,1.1,1.3,13,5,38.5,0.0,0.0,-1.1,75.5,17,41,2,17,12,5,13,507,276,50.0,27
Robert Gumny,pl POL,DF,Augsburg,de Bundesliga,26,7,2,271,3.0,0,0,0,0.3,0.3,0.5,4,2,50.0,0.0,0.0,-0.3,76.1,3,10,5,3,3,1,6,170,87,25.0,11
İlkay Gündoğan,de GER,MF,Manchester City,eng Premier League,33,33,25,2223,24.7,1,6,7,3.2,3.2,3.5,27,7,25.9,0.04,0.14,-2.2,89.5,44,127,64,25,13,13,23,1892,1118,41.5,116
Christian Günter,de GER,DF,Freiburg,de Bundesliga,31,29,27,2314,25.7,2,2,4,0.8,0.6,2.5,21,6,28.6,0.1,0.33,1.2,74.5,28,52,19,23,21,8,50,1304,559,33.3,61
Jon Guridi,es ESP,"MF,FW",Alavés,es La Liga,29,33,27,2080,23.1,3,1,4,4.2,3.4,1.2,23,11,47.8,0.09,0.18,-1.2,74.2,17,79,27,40,22,14,16,940,471,30.8,86
Gorka Guruzeta,es ESP,FW,Athletic Club,es La Liga,27,36,21,1840,20.4,7,2,9,6.7,6.6,1.5,59,19,32.2,0.12,0.37,0.3,72.5,15,31,8,16,8,9,23,643,286,55.0,61
Malo Gusto,fr FRA,DF,Chelsea,eng Premier League,21,32,19,1862,20.7,0,1,1,1.7,1.7,1.4,22,4,18.2,0.0,0.0,-1.7,86.5,22,119,50,45,29,24,49,1595,882,25.0,119
Miguel Gutiérrez,es ESP,"DF,MF",Girona,es La Liga,23,29,29,2458,27.3,1,5,6,1.6,1.6,4.1,28,9,32.1,0.04,0.11,-0.6,82.6,41,103,63,37,24,16,34,1741,989,52.7,144
Albert Guðmundsson,is ISL,"FW,MF",Fiorentina,it Serie A,27,24,16,1273,14.1,6,1,7,4.5,2.9,1.8,25,13,52.0,0.16,0.31,1.5,83.0,15,37,35,9,5,6,9,624,402,55.6,53
Joško Gvardiol,hr CRO,DF,Manchester City,eng Premier League,22,37,36,3277,36.4,5,0,5,4.6,4.3,2.1,40,12,30.0,0.13,0.42,0.4,90.2,26,264,91,58,39,44,122,3103,1997,58.1,137
Emmanuel Gyasi,gh GHA,"DF,FW",Empoli,it Serie A,30,37,37,3217,35.7,2,1,3,3.9,3.9,0.7,22,8,36.4,0.09,0.25,-1.9,77.1,17,53,22,52,29,11,77,1390,570,57.1,135
Christian Gytkjær,dk DEN,FW,Venezia,it Serie A,34,29,6,754,8.4,2,1,3,2.4,1.6,0.5,16,5,31.3,0.06,0.2,-0.4,55.4,7,5,3,6,4,0,8,235,132,20.0,15
Erling Haaland,no NOR,FW,Manchester City,eng Premier League,24,31,31,2736,30.4,22,3,25,22.0,18.8,3.0,104,55,52.9,0.18,0.35,0.0,66.9,29,20,24,11,6,5,23,639,310,36.1,34
Nicolas Haas,ch SUI,MF,Empoli,it Serie A,28,10,2,287,3.2,0,0,0,0.0,0.0,0.1,1,0,0.0,0.0,,0.0,81.8,2,9,2,11,8,4,6,155,73,0.0,19
Janik Haberer,de GER,"MF,DF",Union Berlin,de Bundesliga,30,28,21,1696,18.8,0,0,0,0.7,0.7,0.8,15,3,20.0,0.0,0.0,-0.7,77.0,7,59,13,39,29,17,37,911,444,33.3,83
Robin Hack,de GER,"FW,MF",Gladbach,de Bundesliga,25,33,27,2172,24.1,4,7,11,5.4,5.4,3.6,59,24,40.7,0.07,0.17,-1.4,76.2,32,95,51,22,17,9,28,1186,684,39.7,123
Saad El Haddad,ma MAR,MF,Venezia,it Serie A,19,3,0,30,0.3,0,0,0,0.0,0.0,0.0,0,0,,,,0.0,78.6,1,1,1,0,0,0,0,22,15,,1
Munir El Haddadi,ma MAR,"FW,MF",Leganés,es La Liga,28,25,10,862,9.6,4,0,4,1.6,1.6,0.8,21,9,42.9,0.19,0.44,2.4,75.0,8,29,11,12,9,1,1,372,242,33.3,33
Amadou Haidara,ml MLI,MF,RB Leipzig,de Bundesliga,26,28,16,1320,14.7,0,1,1,1.4,1.4,0.9,18,1,5.6,0.0,0.0,-1.4,80.2,5,65,7,30,17,18,56,1100,505,58.3,88
Massadio Haïdara,ml MLI,DF,Brest,fr Ligue 1,31,22,20,1678,18.6,0,0,0,0.3,0.3,0.5,10,1,10.0,0.0,0.0,-0.3,78.6,8,77,44,27,16,26,73,1106,486,53.6,54
Antoine Hainaut,fr FRA,"DF,FW",Parma,it Serie A,22,25,10,1206,13.4,2,0,2,0.8,0.8,1.0,6,3,50.0,0.33,0.67,1.2,75.0,9,34,22,26,14,15,59,676,322,48.1,58
Mohamed Haj,tn TUN,MF,Parma,it Serie A,19,15,3,453,5.0,1,2,3,0.6,0.6,1.2,7,3,42.9,0.14,0.33,0.4,78.1,9,13,6,3,1,4,5,207,122,28.6,15
Achraf Hakimi,ma MAR,DF,Paris S-G,fr Ligue 1,25,25,24,2066,23.0,4,6,10,2.9,2.9,6.2,32,12,37.5,0.13,0.33,1.1,88.7,50,183,93,48,36,31,18,2371,1384,50.0,136
Lewis Hall,eng ENG,DF,Newcastle Utd,eng Premier League,19,27,24,2189,24.3,0,4,4,0.4,0.4,4.3,11,1,9.1,0.0,0.0,-0.4,81.7,34,123,41,58,41,18,75,1820,950,52.4,119
Sébastien Haller,ci CIV,FW,Leganés,es La Liga,30,8,5,404,4.5,0,0,0,0.4,0.4,0.2,4,1,25.0,0.0,0.0,-0.4,60.0,1,4,3,2,0,0,7,129,56,33.3,10
Ali Al Hamadi,iq IRQ,FW,Ipswich Town,eng Premier League,22,11,0,134,1.5,0,0,0,0.4,0.4,0.1,4,0,0.0,0.0,,-0.4,83.3,2,3,4,1,0,0,2,53,29,57.1,4
Andreas Hanche-Olsen,no NOR,DF,Mainz 05,de Bundesliga,27,22,12,1284,14.3,1,1,2,0.8,0.8,0.3,12,2,16.7,0.08,0.5,0.2,82.6,3,34,2,21,13,12,85,812,394,100.0,44
Florent Hanin,dz ALG,DF,Angers,fr Ligue 1,34,33,31,2672,29.7,1,2,3,0.9,0.9,1.9,11,1,9.1,0.09,1.0,0.1,77.5,25,99,48,69,48,47,99,1965,904,47.8,132
Ridgeciano Haps,sr SUR,DF,Venezia,it Serie A,31,25,14,1369,15.2,1,1,2,1.2,1.2,0.7,15,3,20.0,0.07,0.33,-0.2,77.7,7,52,26,30,16,7,48,738,365,33.3,54
Amine Harit,ma MAR,MF,Marseille,fr Ligue 1,27,13,8,519,5.8,2,4,6,0.8,0.8,2.4,8,5,62.5,0.25,0.4,1.2,83.5,19,35,13,8,7,3,1,313,221,40.0,24
Marcus Harness,eng ENG,MF,Ipswich Town,eng Premier League,28,2,0,45,0.5,0,0,0,0.0,0.0,0.0,0,0,,,,0.0,62.5,0,2,0,1,0,0,1,22,9,0.0,2
Phil Harres,de GER,FW,Holstein Kiel,de Bundesliga,22,26,17,1544,17.2,8,1,9,5.9,5.9,1.3,37,17,45.9,0.22,0.47,2.1,56.6,10,16,12,10,10,5,20,481,240,20.8,40
Jack Harrison,eng ENG,FW,Everton,eng Premier League,27,34,24,2076,23.1,1,0,1,3.5,3.5,3.7,29,7,24.1,0.03,0.14,-2.5,62.8,33,51,73,32,22,10,35,948,524,32.0,73
Abdou Harroui,nl NED,"MF,FW",Hellas Verona,it Serie A,26,10,5,463,5.1,1,2,3,2.2,2.2,0.4,15,4,26.7,0.07,0.25,-1.2,79.2,4,21,23,9,6,2,5,283,175,30.0,22
Taylor Harwood-Bellis,eng ENG,DF,Southampton,eng Premier League,22,34,32,2825,31.4,1,0,1,1.8,1.8,1.0,20,8,40.0,0.05,0.13,-0.8,87.4,14,125,29,28,20,30,141,2475,1433,100.0,123
Hans Hateboer,nl NED,DF,Rennes,fr Ligue 1,30,26,18,1684,18.7,0,0,0,0.4,0.4,1.5,8,0,0.0,0.0,,-0.4,85.3,15,92,28,31,16,29,64,1305,696,60.0,62
Kai Havertz,de GER,"FW,MF",Arsenal,eng Premier League,25,23,21,1875,20.8,9,3,12,9.5,9.5,2.4,53,21,39.6,0.17,0.43,-0.5,78.4,17,61,35,16,9,6,33,785,418,23.7,41
Ayden Heaven,eng ENG,DF,Manchester Utd,eng Premier League,17,4,2,170,1.9,0,0,0,0.1,0.1,0.0,2,0,0.0,0.0,,-0.1,84.9,1,7,1,4,3,4,9,136,95,50.0,11
Jan Paul van Hecke,nl NED,DF,Brighton,eng Premier League,24,34,33,2958,32.9,1,1,2,1.3,1.3,1.5,17,5,29.4,0.06,0.2,-0.3,88.2,15,228,55,45,29,24,142,2589,1715,45.5,131
Hwang Hee-chan,kr KOR,"MF,FW",Wolves,eng Premier League,28,21,5,661,7.3,2,0,2,0.8,0.8,0.1,5,3,60.0,0.4,0.67,1.2,81.4,3,12,15,6,4,2,11,271,159,14.3,28
Liam Henderson,sct SCO,MF,Empoli,it Serie A,28,36,27,2337,26.0,0,4,4,0.7,0.7,3.9,22,3,13.6,0.0,0.0,-0.7,72.9,33,108,18,42,22,15,42,1197,490,54.5,89
Ramon Hendriks,nl NED,DF,Stuttgart,de Bundesliga,23,25,10,1154,12.8,0,1,1,0.6,0.6,1.0,5,1,20.0,0.0,0.0,-0.6,83.7,6,36,8,20,9,19,63,839,418,55.6,40
Paul Hennrich,de GER,MF,Hoffenheim,de Bundesliga,19,1,0,12,0.1,0,0,0,0.0,0.0,0.0,0,0,,,,0.0,66.7,0,0,1,0,0,0,0,6,3,0.0,2
Benjamin Henrichs,de GER,DF,RB Leipzig,de Bundesliga,27,15,10,935,10.4,0,2,2,0.5,0.4,1.4,11,1,9.1,0.0,0.0,-0.5,75.6,11,29,9,32,16,15,33,606,290,69.2,60
Henrique,br BRA,DF,Valladolid,es La Liga,30,5,4,352,3.9,0,0,0,0.0,0.0,0.0,1,0,0.0,0.0,,0.0,85.8,2,12,2,6,2,3,12,237,132,42.9,9
Luis Henrique,br BRA,"DF,FW",Marseille,fr Ligue 1,22,33,29,2613,29.0,7,7,14,4.2,4.2,4.2,30,14,46.7,0.23,0.5,2.8,81.0,53,143,84,16,9,10,30,1643,1015,56.0,116
Rico Henry,eng ENG,DF,Brentford,eng Premier League,27,5,0,99,1.1,0,0,0,0.0,0.0,0.0,0,0,,,,0.0,67.3,0,4,0,2,2,1,2,66,30,0.0,7
Mario Hermoso,es ESP,DF,Roma,it Serie A,29,8,2,251,2.8,0,0,0,0.1,0.1,0.0,1,0,0.0,0.0,,-0.1,90.1,0,14,3,2,1,4,13,227,104,66.7,11
Mario Hermoso,es ESP,DF,Leverkusen,de Bundesliga,29,4,3,293,3.3,0,0,0,0.4,0.4,0.2,4,0,0.0,0.0,,-0.4,85.5,2,20,2,0,0,9,15,288,147,60.0,15
Javi Hernández,es ESP,DF,Leganés,es La Liga,26,31,27,2389,26.5,2,1,3,0.8,0.8,1.5,17,6,35.3,0.12,0.33,1.2,75.2,17,80,40,26,15,23,98,1323,603,55.2,112
Aridane Hernández,es ESP,DF,Rayo Vallecano,es La Liga,35,14,11,1025,11.4,0,0,0,0.9,0.9,0.0,8,2,25.0,0.0,0.0,-0.9,87.9,2,38,2,13,11,6,99,680,328,50.0,48
Lucas Hernández,fr FRA,DF,Paris S-G,fr Ligue 1,28,16,10,877,9.7,0,0,0,0.0,0.0,0.1,3,0,0.0,0.0,,0.0,91.7,1,50,6,24,18,7,37,1004,541,66.7,45
Theo Hernández,fr FRA,DF,Milan,it Serie A,26,33,30,2696,30.0,4,3,7,2.7,1.9,4.7,43,14,32.6,0.09,0.29,1.3,83.8,47,132,93,36,28,17,75,1901,1046,43.6,129
Hernani,br BRA,MF,Parma,it Serie A,30,25,15,1327,14.7,3,3,6,2.8,0.5,1.5,17,3,17.6,0.0,0.0,0.2,75.3,25,78,29,47,26,19,12,782,419,33.3,68
Jorge Herrando,es ESP,DF,Osasuna,es La Liga,23,18,15,1366,15.2,1,0,1,1.2,1.2,0.0,12,3,25.0,0.08,0.33,-0.2,85.4,0,38,7,17,11,12,65,871,505,100.0,36
Ander Herrera,es ESP,MF,Athletic Club,es La Liga,34,8,2,273,3.0,0,0,0,1.7,0.9,0.1,7,3,42.9,0.0,0.0,-1.7,90.5,2,16,2,8,4,2,10,237,116,40.0,14
Yangel Herrera,ve VEN,MF,Girona,es La Liga,26,29,27,2257,25.1,4,3,7,3.6,3.6,1.5,39,14,35.9,0.1,0.29,0.4,81.3,17,110,31,66,39,31,50,1405,812,40.4,106
Juan Herzog,es ESP,DF,Las Palmas,es La Liga,21,19,15,1315,14.6,0,0,0,0.9,0.9,0.0,12,2,16.7,0.0,0.0,-0.9,86.4,0,27,0,12,12,18,86,812,376,0.0,41
Son Heung-min,kr KOR,FW,Tottenham,eng Premier League,32,30,24,2110,23.4,7,9,16,7.2,5.7,8.2,55,24,43.6,0.11,0.25,-0.2,78.9,50,111,96,17,9,5,17,1134,761,34.9,85
Isak Hien,se SWE,DF,Atalanta,it Serie A,25,30,27,2327,25.9,0,0,0,1.0,1.0,0.1,8,2,25.0,0.0,0.0,-1.0,89.7,2,51,7,48,28,31,82,1546,845,54.5,141
Omar El Hilali,ma MAR,DF,Espanyol,es La Liga,20,36,36,3153,35.0,0,2,2,0.0,0.0,0.8,2,0,0.0,0.0,,0.0,78.9,8,84,35,111,79,46,145,1992,888,58.6,132
James Hill,eng ENG,DF,Bournemouth,eng Premier League,22,10,6,448,5.0,0,1,1,0.3,0.3,0.3,6,0,0.0,0.0,,-0.3,64.9,3,16,3,15,8,9,31,319,146,50.0,13
Piero Hincapié,ec ECU,DF,Leverkusen,de Bundesliga,22,32,28,2670,29.7,2,2,4,2.9,2.9,3.2,22,3,13.6,0.09,0.67,-0.9,87.9,16,152,52,52,40,32,114,2456,1366,29.4,105
Roger Hinojo,es ESP,DF,Espanyol,es La Liga,19,1,0,9,0.1,0,0,0,0.0,0.0,0.0,0,0,,,,0.0,50.0,0,0,1,0,0,0,1,11,8,,0
Jack Hinshelwood,eng ENG,"MF,DF",Brighton,eng Premier League,19,26,22,1842,20.5,5,2,7,2.7,2.7,1.5,18,10,55.6,0.28,0.5,2.3,83.2,17,68,19,27,19,16,37,1199,590,18.2,63
George Hirst,sct SCO,FW,Ipswich Town,eng Premier League,25,26,5,661,7.3,3,1,4,2.1,2.1,0.3,14,7,50.0,0.21,0.43,0.9,56.6,4,13,9,3,3,2,10,188,101,33.3,12
Adam Hložek,cz CZE,"FW,MF",Hoffenheim,de Bundesliga,22,27,22,1871,20.8,8,4,12,5.6,5.6,3.5,59,24,40.7,0.14,0.33,2.4,68.5,20,68,54,22,10,4,20,761,429,51.6,66
Ki-Jana Hoever,nl NED,DF,Auxerre,fr Ligue 1,22,30,26,2124,23.6,1,2,3,0.5,0.5,2.7,10,5,50.0,0.1,0.2,0.5,70.8,24,79,59,51,38,21,70,1349,656,25.7,91
Nicolas Höfler,de GER,MF,Freiburg,de Bundesliga,34,20,7,794,8.8,0,0,0,0.2,0.2,0.1,4,0,0.0,0.0,,-0.2,86.4,3,30,1,33,23,14,28,482,199,100.0,27
Jonas Hofmann,de GER,"MF,DF",Leverkusen,de Bundesliga,32,11,4,356,4.0,2,1,3,1.0,1.0,0.4,9,5,55.6,0.22,0.4,1.0,87.4,7,14,10,2,0,0,3,218,121,50.0,11
Philipp Hofmann,de GER,FW,Bochum,de Bundesliga,31,32,27,2277,25.3,3,3,6,5.5,5.5,3.3,54,19,35.2,0.06,0.16,-2.5,63.5,26,53,8,17,12,4,33,938,486,50.0,52
Lucas Höler,de GER,"FW,MF",Freiburg,de Bundesliga,30,31,21,1867,20.7,6,4,10,7.7,6.9,2.9,34,17,50.0,0.18,0.35,-1.7,65.5,22,47,21,37,24,7,36,854,395,52.9,68
Mason Holgate,jm JAM,"FW,DF",Everton,eng Premier League,27,1,0,6,0.1,0,0,0,0.0,0.0,0.0,0,0,,,,0.0,100.0,0,0,0,0,0,0,0,3,1,,0
Benedict Hollerbach,de GER,"FW,MF",Union Berlin,de Bundesliga,23,34,30,2540,28.2,9,1,10,7.0,7.0,1.6,76,24,31.6,0.12,0.38,2.0,65.4,26,68,103,43,22,2,13,1112,710,36.5,111
Emil Holm,se SWE,DF,Bologna,it Serie A,24,21,12,1137,12.6,1,1,2,0.6,0.6,0.7,10,3,30.0,0.1,0.33,0.4,76.2,10,49,29,34,21,10,51,909,442,40.0,47
Lewis Holtby,de GER,MF,Holstein Kiel,de Bundesliga,33,25,13,1238,13.8,0,1,1,0.5,0.5,1.5,7,0,0.0,0.0,,-0.5,76.5,21,47,14,34,20,21,26,847,372,46.7,72
Gerrit Holtmann,ph PHI,"DF,FW",Bochum,de Bundesliga,29,23,12,1136,12.6,2,1,3,2.0,2.0,2.9,31,8,25.8,0.06,0.25,0.0,65.7,20,33,50,24,19,16,15,571,336,30.0,49
Franck Honorat,fr FRA,FW,Gladbach,de Bundesliga,27,19,18,1439,16.0,4,7,11,4.5,4.5,5.3,31,9,29.0,0.13,0.44,-0.5,67.5,50,45,63,17,7,5,28,762,373,37.5,72
Mathias Honsak,at AUT,"FW,DF",Heidenheim,de Bundesliga,27,22,12,1181,13.1,5,1,6,3.3,3.3,1.6,29,10,34.5,0.17,0.5,1.7,70.1,14,29,37,15,8,10,31,646,338,39.1,55
Cédric Hountondji,bj BEN,DF,Angers,fr Ligue 1,30,3,3,270,3.0,0,0,0,0.0,0.0,0.0,0,0,,,,0.0,85.0,0,1,0,6,4,4,14,127,48,,9
Ilyes Housni,fr FRA,"FW,MF",Le Havre,fr Ligue 1,19,12,3,230,2.6,0,0,0,0.2,0.2,0.2,5,0,0.0,0.0,,-0.2,59.4,2,4,8,7,5,1,2,106,67,25.0,7
Harry Howell,eng ENG,FW,Brighton,eng Premier League,15,1,0,7,0.1,0,0,0,0.0,0.0,0.0,0,0,,,,0.0,88.9,0,0,0,1,1,0,0,12,9,,0
Robin Hranáč,cz CZE,DF,Hoffenheim,de Bundesliga,24,4,2,219,2.4,0,0,0,0.0,0.0,0.0,0,0,,,,0.0,86.4,0,4,2,0,0,5,9,170,107,,12
Callum Hudson-Odoi,eng ENG,"FW,MF",Nott'ham Forest,eng Premier League,23,31,25,2194,24.4,5,2,7,2.5,2.5,2.7,37,17,45.9,0.14,0.29,2.5,82.0,44,71,130,22,14,13,12,1035,641,58.7,92
Will Hughes,eng ENG,MF,Crystal Palace,eng Premier League,29,33,24,2108,23.4,0,3,3,1.1,1.1,3.1,22,1,4.5,0.0,0.0,-1.1,76.0,33,87,20,66,36,22,28,1203,532,31.3,121
Dean Huijsen,es ESP,DF,Bournemouth,eng Premier League,19,32,26,2427,27.0,3,2,5,1.9,1.9,2.0,18,3,16.7,0.17,1.0,1.1,83.4,15,132,41,36,26,51,198,2021,1118,40.0,105
Mats Hummels,de GER,DF,Roma,it Serie A,35,14,11,915,10.2,0,0,0,0.5,0.5,0.1,8,1,12.5,0.0,0.0,-0.5,89.0,2,26,4,30,15,26,43,560,279,66.7,41
Omari Hutchinson,eng ENG,"MF,FW",Ipswich Town,eng Premier League,20,31,30,2583,28.7,3,2,5,2.9,2.9,3.5,45,18,40.0,0.07,0.17,0.1,78.0,31,75,97,32,13,11,15,1259,779,37.2,110
Elseid Hysaj,al ALB,DF,Lazio,it Serie A,30,11,4,424,4.7,0,3,3,0.2,0.2,1.6,2,0,0.0,0.0,,-0.2,81.1,6,14,4,11,6,5,21,318,153,50.0,20
Hong Hyunseok,kr KOR,MF,Mainz 05,de Bundesliga,25,23,4,530,5.9,0,1,1,0.5,0.5,1.5,5,2,40.0,0.0,0.0,-0.5,77.9,9,23,10,8,3,7,9,292,142,40.0,25
Pierre Højbjerg,dk DEN,MF,Marseille,fr Ligue 1,28,30,30,2664,29.6,2,4,6,3.3,3.3,3.9,33,8,24.2,0.06,0.25,-1.3,92.4,43,263,36,64,45,42,33,3174,1950,29.2,171
Oscar Højlund,dk DEN,MF,Eint Frankfurt,de Bundesliga,19,20,7,722,8.0,1,0,1,1.0,1.0,1.1,6,2,33.3,0.17,0.5,0.0,88.0,6,49,17,21,12,5,11,497,291,72.7,40
Rasmus Højlund,dk DEN,FW,Manchester Utd,eng Premier League,21,32,23,2004,22.3,4,0,4,5.3,5.3,1.8,32,13,40.6,0.13,0.31,-1.3,74.7,16,18,28,3,1,2,6,515,308,27.3,35
Pablo Ibáñez,es ESP,MF,Osasuna,es La Liga,25,28,13,1294,14.4,1,1,2,1.6,1.6,1.6,20,5,25.0,0.05,0.2,-0.6,74.9,6,51,21,20,10,18,21,673,368,48.1,56
Hafiz Ibrahim,ng NGA,FW,Reims,fr Ligue 1,18,11,2,391,4.3,0,1,1,0.5,0.5,0.6,7,0,0.0,0.0,,-0.5,60.0,4,2,6,3,2,2,6,109,51,37.5,14
Arijon Ibrahimović,de GER,MF,Lazio,it Serie A,18,1,0,8,0.1,0,0,0,0.1,0.1,0.0,2,0,0.0,0.0,,-0.1,75.0,0,0,0,0,0,0,0,6,1,,0
Arijon Ibrahimović,de GER,FW,Bayern Munich,de Bundesliga,18,1,0,1,0.0,0,0,0,0.0,0.0,0.0,0,0,,,,0.0,100.0,0,0,0,0,0,0,0,3,3,100.0,0
Stanis Idumbo,be BEL,"FW,MF",Sevilla,es La Liga,19,14,3,284,3.2,1,1,2,0.6,0.6,0.7,4,2,50.0,0.25,0.5,0.4,82.9,6,8,10,9,5,4,2,130,88,47.4,19
Jay Idzes,id IDN,DF,Venezia,it Serie A,24,35,35,3127,34.7,1,0,1,1.8,1.8,0.7,15,3,20.0,0.07,0.33,-0.8,86.0,8,84,15,45,29,32,156,2078,1051,14.3,113
Iglesias,es ESP,DF,Getafe,es La Liga,26,37,32,2888,32.1,0,1,1,1.6,1.6,2.2,21,3,14.3,0.0,0.0,-1.6,57.1,20,84,32,81,47,50,133,1627,554,40.6,107
Borja Iglesias,es ESP,FW,Celta Vigo,es La Liga,31,37,24,1952,21.7,11,3,14,9.3,9.3,3.2,46,28,60.9,0.24,0.39,1.7,70.8,18,28,22,10,9,7,10,685,396,34.4,46
Igor,br BRA,DF,Brighton,eng Premier League,26,13,10,961,10.7,0,0,0,0.0,0.0,0.2,1,0,0.0,0.0,,0.0,91.9,2,49,9,5,5,4,39,816,530,83.3,42
Kelechi Iheanacho,ng NGA,FW,Sevilla,es La Liga,27,9,5,400,4.4,0,0,0,1.5,1.5,0.3,9,2,22.2,0.0,0.0,-1.5,75.0,5,5,6,1,0,0,1,108,60,50.0,7
Jonathan Ikone,fr FRA,FW,Como,it Serie A,26,13,5,540,6.0,2,0,2,1.8,1.8,0.2,16,5,31.3,0.13,0.4,0.2,81.0,2,17,23,15,9,0,1,257,168,27.6,18
Jonathan Ikone,fr FRA,"FW,MF",Fiorentina,it Serie A,26,14,1,334,3.7,0,0,0,0.8,0.8,0.1,9,5,55.6,0.0,0.0,-0.8,84.3,2,13,12,5,2,1,1,148,101,41.2,19
George Ilenikhena,ng NGA,FW,Monaco,fr Ligue 1,17,23,6,717,8.0,3,2,5,5.1,5.1,1.4,21,9,42.9,0.14,0.33,-2.1,71.9,9,10,8,4,2,2,0,189,121,17.6,10
Andrej Ilic,rs SRB,FW,Union Berlin,de Bundesliga,24,16,11,937,10.4,7,0,7,4.9,4.1,0.3,27,11,40.7,0.22,0.55,2.1,57.6,6,13,5,2,2,5,6,302,151,14.3,16
Ivan Ilić,rs SRB,MF,Torino,it Serie A,23,19,9,920,10.2,1,0,1,0.9,0.9,1.1,11,4,36.4,0.09,0.25,0.1,83.4,9,45,24,5,2,5,10,619,412,40.0,28
Rareş Ilie,ro ROU,MF,Nice,fr Ligue 1,21,2,0,13,0.1,0,0,0,0.0,0.0,0.4,1,0,0.0,0.0,,0.0,80.0,4,3,2,1,1,0,0,13,6,75.0,2
Samuel Iling-Junior,eng ENG,"FW,MF",Bologna,it Serie A,20,7,0,118,1.3,1,0,1,0.1,0.1,0.1,4,1,25.0,0.25,1.0,0.9,71.3,1,7,5,3,2,2,2,110,64,42.9,8
Danny Ings,eng ENG,"FW,MF",West Ham,eng Premier League,32,15,1,284,3.2,1,2,3,2.3,2.3,1.3,14,5,35.7,0.07,0.2,-1.3,68.5,6,5,6,4,2,1,4,139,63,57.1,9
Alessio Iovine,it ITA,"DF,FW",Como,it Serie A,33,10,3,387,4.3,0,0,0,0.0,0.0,0.2,1,0,0.0,0.0,,0.0,75.2,3,6,9,5,2,3,21,266,120,100.0,16
Tim Iroegbunam,eng ENG,MF,Everton,eng Premier League,21,18,5,574,6.4,0,1,1,0.2,0.2,0.2,5,0,0.0,0.0,,-0.2,72.8,3,15,8,29,14,16,12,269,127,40.0,51
Jackson Irvine,au AUS,MF,St. Pauli,de Bundesliga,31,29,29,2610,29.0,0,6,6,3.2,3.0,3.9,41,12,29.3,0.0,0.0,-3.2,70.6,32,117,19,56,28,36,63,1286,464,39.1,125
Andy Irving,sct SCO,MF,West Ham,eng Premier League,24,10,1,166,1.8,0,0,0,0.1,0.1,0.2,4,2,50.0,0.0,0.0,-0.1,87.9,1,9,0,7,4,1,5,150,73,100.0,10
Alexander Isak,se SWE,FW,Newcastle Utd,eng Premier League,24,34,34,2756,30.6,23,6,29,20.3,17.2,4.3,95,41,43.2,0.2,0.46,2.7,75.3,41,88,83,12,5,3,17,1025,615,46.2,55
Gustav Isaksen,dk DEN,FW,Lazio,it Serie A,23,37,29,2210,24.6,4,2,6,5.2,5.2,2.1,54,24,44.4,0.07,0.17,-1.2,76.6,35,46,95,16,9,10,21,1084,698,41.9,68
Isco,es ESP,MF,Betis,es La Liga,32,22,17,1547,17.2,9,8,17,8.6,3.9,4.4,38,9,23.7,0.11,0.44,0.4,81.6,61,152,38,20,13,11,7,1381,893,45.8,71
Ismaily,br BRA,DF,Lille,fr Ligue 1,34,16,10,904,10.0,0,1,1,0.7,0.7,1.0,10,4,40.0,0.0,0.0,-0.7,87.3,5,54,15,33,17,13,49,778,384,42.1,46
Ardian Ismajli,al ALB,DF,Empoli,it Serie A,27,29,29,2508,27.9,0,0,0,0.3,0.3,0.0,5,0,0.0,0.0,,-0.3,86.8,2,38,3,30,23,56,249,1410,592,,83
Yanis Issoufou,fr FRA,"MF,FW",Montpellier,fr Ligue 1,17,4,1,77,0.9,0,0,0,0.1,0.1,0.0,2,0,0.0,0.0,,-0.1,50.0,0,2,3,6,4,0,1,28,16,50.0,3
Ko Itakura,jp JPN,DF,Gladbach,de Bundesliga,27,31,31,2790,31.0,3,0,3,1.6,1.6,0.8,21,7,33.3,0.14,0.43,1.4,89.0,7,69,23,40,29,28,171,2170,1326,52.2,95
Hiroki Ito,jp JPN,DF,Bayern Munich,de Bundesliga,25,6,3,250,2.8,1,0,1,0.4,0.4,0.4,1,1,100.0,1.0,1.0,0.6,86.7,3,18,3,2,0,6,15,245,126,33.3,13
Junya Ito,jp JPN,"FW,MF",Reims,fr Ligue 1,31,33,31,2690,29.9,4,3,7,4.6,4.6,7.1,31,11,35.5,0.13,0.36,-0.6,66.8,82,133,100,45,30,13,15,1533,837,42.7,135
Diego Iturralde,es ESP,FW,Sevilla,es La Liga,21,1,1,37,0.4,0,0,0,0.1,0.1,0.0,1,0,0.0,0.0,,-0.1,71.4,0,0,0,0,0,1,1,16,9,0.0,1
Marko Ivezić,rs SRB,DF,Holstein Kiel,de Bundesliga,22,23,18,1657,18.4,0,0,0,0.6,0.6,0.2,7,0,0.0,0.0,,-0.6,86.0,4,40,3,29,19,27,103,1176,596,57.1,71
Alex Iwobi,ng NGA,"FW,MF",Fulham,eng Premier League,28,38,35,2981,33.1,9,6,15,4.7,4.7,7.0,68,29,42.6,0.13,0.31,4.3,75.1,59,213,144,44,25,14,29,1861,1312,49.5,140
Armando Izzo,it ITA,DF,Monza,it Serie A,32,30,28,2435,27.1,1,1,2,0.4,0.4,0.8,6,2,33.3,0.17,0.5,0.6,87.9,11,72,12,40,15,45,101,1768,1009,66.7,90
Fellipe Jack,br BRA,DF,Como,it Serie A,18,7,1,171,1.9,0,0,0,0.0,0.0,0.1,0,0,,,,0.0,78.6,1,8,2,9,4,4,5,127,62,0.0,4
Nicolas Jackson,sn SEN,FW,Chelsea,eng Premier League,23,30,28,2220,24.7,10,5,15,12.3,12.3,4.3,76,34,44.7,0.13,0.29,-2.3,75.9,28,38,47,22,13,3,15,687,417,29.5,48
Jérémy Jacquet,fr FRA,DF,Rennes,fr Ligue 1,19,11,11,927,10.3,0,1,1,0.8,0.8,0.8,8,3,37.5,0.0,0.0,-0.8,83.5,4,40,8,26,17,27,45,627,353,62.5,41
Lee Jae-sung,kr KOR,MF,Mainz 05,de Bundesliga,31,33,31,2650,29.4,7,6,13,5.3,5.3,5.0,40,15,37.5,0.18,0.47,1.7,77.5,34,105,28,42,21,35,38,1385,699,36.7,119
Ivan Jaime Pajuelo,es ESP,MF,Valencia,es La Liga,23,9,2,297,3.3,0,0,0,0.6,0.6,0.3,8,3,37.5,0.0,0.0,-0.6,75.5,4,15,8,8,5,2,0,149,100,31.3,19
Kristijan Jakić,hr CRO,MF,Augsburg,de Bundesliga,27,31,27,2306,25.6,0,1,1,0.8,0.8,1.2,18,4,22.2,0.0,0.0,-0.8,82.9,16,106,24,46,23,28,50,1361,703,48.3,133
Ismail Jakobs,sn SEN,DF,Monaco,fr Ligue 1,24,2,2,180,2.0,0,0,0,0.0,0.0,0.2,0,0,,,,0.0,81.0,4,6,9,5,5,2,6,121,67,,5
Jordan James,wls WAL,MF,Rennes,fr Ligue 1,20,23,14,1178,13.1,0,1,1,0.9,0.9,1.9,17,3,17.6,0.0,0.0,-0.9,84.1,24,67,21,30,19,14,17,704,336,42.9,54
Reece James,eng ENG,"DF,MF",Chelsea,eng Premier League,24,19,12,1063,11.8,1,1,2,0.4,0.4,0.7,11,3,27.3,0.09,0.33,0.6,84.0,11,64,7,10,9,13,23,952,486,41.2,66
Vitaly Janelt,de GER,MF,Brentford,eng Premier League,26,32,27,2254,25.0,1,3,4,0.8,0.8,2.2,14,4,28.6,0.07,0.25,0.2,82.5,14,80,17,38,22,27,53,1289,651,25.0,107
Adnan Januzaj,be BEL,"MF,FW",Las Palmas,es La Liga,29,18,5,598,6.6,2,1,3,0.8,0.8,1.1,16,5,31.3,0.13,0.4,1.2,69.1,17,41,24,10,6,2,3,459,262,36.8,30
Luca Jaquez,ch SUI,DF,Stuttgart,de Bundesliga,21,5,2,253,2.8,0,0,0,0.2,0.2,0.0,1,0,0.0,0.0,,-0.2,91.5,0,18,5,3,0,3,4,227,166,,11
Ali Jasim,iq IRQ,"FW,DF",Como,it Serie A,20,2,0,10,0.1,0,0,0,0.0,0.0,0.0,0,0,,,,0.0,77.8,0,1,1,1,0,0,0,11,7,,1
Mikel Jauregizar,es ESP,MF,Athletic Club,es La Liga,20,34,25,2244,24.9,2,1,3,1.1,1.1,1.4,21,8,38.1,0.1,0.25,0.9,80.6,23,118,14,84,48,29,36,1418,706,47.6,144
Dominik Javorček,sk SVK,"DF,MF",Holstein Kiel,de Bundesliga,21,13,4,386,4.3,0,2,2,0.0,0.0,1.0,1,0,0.0,0.0,,0.0,70.6,4,4,7,3,0,5,26,221,91,80.0,7
Gaby Jean,fr FRA,DF,Lecce,it Serie A,24,19,16,1388,15.4,0,0,0,0.1,0.1,0.1,1,1,100.0,0.0,0.0,-0.1,84.3,1,42,8,14,7,9,71,992,500,66.7,55
Daniel Jebbison,eng ENG,FW,Bournemouth,eng Premier League,20,16,0,119,1.3,1,0,1,1.0,1.0,0.2,5,2,40.0,0.2,0.5,0.0,78.6,3,3,4,5,3,1,1,78,44,57.1,10
Finn Jeltsch,de GER,DF,Stuttgart,de Bundesliga,18,12,9,780,8.7,0,0,0,0.1,0.1,0.1,2,0,0.0,0.0,,-0.1,91.1,2,31,8,18,13,13,27,727,476,66.7,34
Malcolm Jeng,se SWE,DF,Reims,fr Ligue 1,19,3,2,107,1.2,0,0,0,0.0,0.0,0.0,0,0,,,,0.0,85.4,0,3,0,0,0,3,10,57,25,,3
Fredrik Jensen,fi FIN,MF,Augsburg,de Bundesliga,26,20,9,763,8.5,0,0,0,0.7,0.7,0.7,11,0,0.0,0.0,,-0.7,69.5,11,20,16,7,7,4,17,318,190,53.8,15
Mathias Jensen,dk DEN,MF,Brentford,eng Premier League,28,24,8,862,9.6,0,2,2,0.2,0.2,1.7,6,1,16.7,0.0,0.0,-0.2,74.7,16,61,6,14,10,8,13,573,300,52.9,48
Moritz Jenz,de GER,DF,Mainz 05,de Bundesliga,25,19,18,1600,17.8,0,0,0,1.6,1.6,0.3,10,4,40.0,0.0,0.0,-1.6,84.3,3,47,1,36,20,30,128,1098,510,40.0,73
Gabriel Jesus,br BRA,FW,Arsenal,eng Premier League,27,17,6,608,6.8,3,0,3,3.0,3.0,0.7,20,7,35.0,0.15,0.43,0.0,76.8,8,19,15,10,6,4,8,299,179,40.9,28
Juan Jesus,br BRA,DF,Napoli,it Serie A,33,15,12,1074,11.9,0,1,1,0.3,0.3,0.0,3,0,0.0,0.0,,-0.3,89.6,1,50,3,25,14,9,42,952,589,,30
Alejandro Jiménez,es ESP,"DF,FW",Milan,it Serie A,19,22,14,1266,14.1,0,1,1,0.8,0.8,1.3,15,5,33.3,0.0,0.0,-0.8,80.1,12,37,55,24,13,15,23,729,423,55.3,69
Raúl Jiménez,mx MEX,FW,Fulham,eng Premier League,33,38,30,2494,27.7,12,3,15,12.0,9.6,3.3,93,30,32.3,0.1,0.3,0.0,71.2,24,62,35,35,24,10,23,999,549,42.0,80
Kim Jisoo,kr KOR,DF,Brentford,eng Premier League,19,3,0,30,0.3,0,0,0,0.0,0.0,0.0,0,0,,,,0.0,89.3,0,2,0,0,0,0,2,30,15,,0
João Pedro,br BRA,"FW,MF",Brighton,eng Premier League,22,27,23,1948,21.6,10,6,16,8.9,5.0,5.0,42,15,35.7,0.12,0.33,1.1,72.9,30,78,66,16,12,9,12,940,616,33.7,59
John Joe,ie IRL,"MF,FW",Getafe,es La Liga,20,4,0,48,0.5,0,0,0,0.1,0.1,0.0,2,0,0.0,0.0,,-0.1,80.0,0,0,1,0,0,0,1,33,21,40.0,3
John Joe,ie IRL,MF,Reims,fr Ligue 1,20,13,5,545,6.1,0,0,0,0.2,0.2,0.0,8,1,12.5,0.0,0.0,-0.2,74.0,1,14,6,24,15,6,9,310,150,33.3,31
Joelinton,br BRA,"MF,FW",Newcastle Utd,eng Premier League,27,29,29,2393,26.6,4,3,7,3.9,3.9,2.5,45,13,28.9,0.09,0.31,0.1,82.7,23,116,40,57,35,23,47,1360,729,32.6,149
Jofre,es ESP,"MF,FW",Espanyol,es La Liga,23,37,26,2165,24.1,3,3,6,2.5,2.5,2.5,40,10,25.0,0.08,0.3,0.5,67.0,24,48,65,22,16,15,29,839,535,34.8,105
Þórir Jóhann Helgason,is ISL,MF,Lecce,it Serie A,23,21,13,1156,12.8,0,4,4,1.2,1.2,1.1,16,5,31.3,0.0,0.0,-1.2,64.6,22,38,20,10,7,6,11,491,230,57.1,46
Carl Johansson,se SWE,DF,Holstein Kiel,de Bundesliga,30,10,7,568,6.3,0,0,0,0.0,0.0,0.4,1,1,100.0,0.0,0.0,0.0,87.9,6,12,0,4,2,10,54,396,155,,18
Ben Johnson,eng ENG,"DF,FW",Ipswich Town,eng Premier League,24,23,14,1354,15.0,1,2,3,1.1,1.1,1.3,7,3,42.9,0.14,0.33,-0.1,71.6,12,27,16,38,22,13,54,626,259,33.3,57
Brennan Johnson,wls WAL,FW,Tottenham,eng Premier League,23,33,24,2177,24.2,11,3,14,10.4,10.4,2.3,54,20,37.0,0.2,0.55,0.6,70.4,19,71,60,39,26,4,14,853,544,43.2,63
Paul Joly,fr FRA,DF,Auxerre,fr Ligue 1,24,26,10,1009,11.2,0,1,1,0.6,0.6,1.3,10,5,50.0,0.0,0.0,-0.6,68.7,16,51,28,49,32,25,32,800,394,22.2,56
Curtis Jones,eng ENG,"MF,DF",Liverpool,eng Premier League,23,33,19,1712,19.0,3,3,6,4.3,4.3,1.1,34,13,38.2,0.09,0.23,-1.3,93.1,22,117,30,39,22,7,10,1288,789,54.5,97
Frenkie de Jong,nl NED,MF,Barcelona,es La Liga,27,26,9,1143,12.7,2,2,4,0.7,0.7,2.0,5,3,60.0,0.4,0.67,1.3,94.4,21,120,36,19,11,12,7,1226,815,62.5,57
Joan Jordán,es ESP,MF,Alavés,es La Liga,30,25,15,1414,15.7,5,2,7,4.8,1.6,2.3,13,4,30.8,0.15,0.5,0.2,74.9,31,104,7,32,18,9,21,1038,481,85.7,61
Jorginho,it ITA,MF,Arsenal,eng Premier League,32,15,9,704,7.8,0,0,0,0.1,0.1,0.4,2,0,0.0,0.0,,-0.1,86.7,3,48,12,12,4,7,2,522,302,25.0,55
Jota,pt POR,"FW,MF",Rennes,fr Ligue 1,25,9,3,334,3.7,1,0,1,1.3,1.3,0.3,4,2,50.0,0.25,0.5,-0.3,72.0,5,16,13,5,2,3,2,172,114,30.8,11
Diogo Jota,pt POR,FW,Liverpool,eng Premier League,27,26,14,1196,13.3,6,3,9,7.9,7.9,1.8,51,13,25.5,0.12,0.46,-1.9,69.7,11,34,37,14,8,8,6,485,263,33.3,41
Antoine Joujou,fr FRA,"MF,FW",Le Havre,fr Ligue 1,21,26,9,943,10.5,0,2,2,0.6,0.6,3.0,11,2,18.2,0.0,0.0,-0.6,64.8,15,18,44,16,11,9,19,417,249,49.2,59
Luka Jović,rs SRB,"FW,MF",Milan,it Serie A,26,15,6,557,6.2,2,0,2,2.4,2.4,1.4,11,4,36.4,0.18,0.5,-0.4,81.6,12,26,8,0,0,1,3,171,99,57.1,9
Juanmi,es ESP,"FW,MF",Getafe,es La Liga,31,13,8,696,7.7,0,0,0,2.9,2.9,0.3,13,6,46.2,0.0,0.0,-2.9,76.6,4,8,6,14,11,2,3,220,125,40.0,23
Juanmi,es ESP,"FW,MF",Betis,es La Liga,31,11,2,244,2.7,0,0,0,0.7,0.7,0.4,6,1,16.7,0.0,0.0,-0.7,82.9,4,4,4,7,4,1,4,109,62,50.0,14
Juanpe,es ESP,DF,Girona,es La Liga,33,12,8,727,8.1,0,0,0,0.1,0.1,0.2,2,0,0.0,0.0,,-0.1,87.3,3,26,2,8,5,8,56,676,377,,22
Jubal,br BRA,DF,Auxerre,fr Ligue 1,30,30,30,2640,29.3,6,0,6,5.2,2.0,0.9,26,7,26.9,0.12,0.43,0.8,86.8,6,33,1,60,39,25,201,1458,698,75.0,90
Anthony Jung,de GER,DF,Werder Bremen,de Bundesliga,32,28,20,1898,21.1,0,0,0,0.0,0.0,0.1,1,0,0.0,0.0,,0.0,89.6,2,121,20,34,22,25,77,1695,1044,77.8,81
Hamed Junior Traorè,ci CIV,MF,Auxerre,fr Ligue 1,24,26,26,2093,23.3,10,2,12,7.9,7.9,2.7,68,27,39.7,0.15,0.37,2.1,74.1,27,99,66,41,20,8,11,971,615,34.7,100
Vinicius Júnior,br BRA,FW,Real Madrid,es La Liga,24,30,24,2253,25.0,11,8,19,10.4,8.2,8.0,78,24,30.8,0.12,0.38,0.6,74.7,58,85,169,21,10,3,1,1264,952,42.9,71
Josip Juranović,hr CRO,"DF,MF",Union Berlin,de Bundesliga,28,17,13,1159,12.9,0,1,1,0.3,0.3,1.8,6,2,33.3,0.0,0.0,-0.3,64.5,27,52,19,21,13,7,42,709,307,45.8,62
David Jurásek,cz CZE,DF,Hoffenheim,de Bundesliga,23,14,6,619,6.9,0,1,1,0.1,0.1,0.9,5,2,40.0,0.0,0.0,-0.1,69.9,7,22,17,6,3,6,17,499,238,25.0,40
Stanko Jurić,hr CRO,MF,Valladolid,es La Liga,27,26,19,1729,19.2,0,0,0,0.8,0.8,0.5,8,2,25.0,0.0,0.0,-0.8,84.2,4,57,5,48,24,24,52,981,388,60.0,92
James Justin,eng ENG,DF,Leicester City,eng Premier League,26,36,34,2912,32.4,2,2,4,1.5,1.5,0.8,25,6,24.0,0.08,0.33,0.5,78.2,14,91,39,58,37,46,141,1948,866,30.0,88
Mohamed Kaba,fr FRA,MF,Lecce,it Serie A,22,15,2,452,5.0,0,0,0,0.3,0.3,0.0,4,0,0.0,0.0,,-0.3,80.8,1,18,3,13,8,4,10,240,136,33.3,19
Yusuf Kabadayı,de GER,"FW,MF",Augsburg,de Bundesliga,20,5,0,71,0.8,1,0,1,0.6,0.6,0.0,4,1,25.0,0.25,1.0,0.4,64.0,1,3,2,1,0,0,0,42,29,33.3,6
Almugera Kabar,de GER,DF,Dortmund,de Bundesliga,18,5,1,137,1.5,0,0,0,0.0,0.0,0.5,0,0,,,,0.0,90.8,3,6,5,5,3,1,4,114,71,50.0,4
Christian Kabasele,be BEL,DF,Udinese,it Serie A,33,16,12,1161,12.9,2,0,2,1.5,1.5,0.4,15,4,26.7,0.13,0.5,0.5,85.3,6,44,9,17,9,14,75,715,393,100.0,33
Issa Kaboré,bf BFA,"DF,FW",Werder Bremen,de Bundesliga,23,9,3,308,3.4,0,0,0,0.7,0.7,0.8,7,0,0.0,0.0,,-0.7,78.9,7,8,15,8,4,2,7,253,128,33.3,20
Yaya Kader Fofana,ml MLI,"MF,FW",Reims,fr Ligue 1,20,12,8,634,7.0,1,1,2,0.6,0.6,1.7,13,4,30.8,0.08,0.25,0.4,76.3,7,22,19,17,11,3,2,317,209,63.6,33
Pavel Kadeřábek,cz CZE,DF,Hoffenheim,de Bundesliga,32,24,18,1576,17.5,2,0,2,0.8,0.8,2.0,14,3,21.4,0.14,0.67,1.2,70.1,21,47,15,25,14,20,54,1016,456,62.5,25
Tino Kadewere,zw ZIM,"MF,FW",Nantes,fr Ligue 1,28,12,6,512,5.7,1,2,3,1.7,1.7,1.0,8,6,75.0,0.13,0.17,-0.7,75.1,8,19,5,14,8,6,8,242,133,26.7,34
Ferdi Kadioglu,tr TUR,"DF,MF",Brighton,eng Premier League,24,6,5,385,4.3,1,0,1,0.4,0.4,0.2,4,1,25.0,0.25,1.0,0.6,82.3,5,15,1,10,6,8,17,231,124,42.9,14
Arnaud Kalimuendo,fr FRA,"FW,MF",Rennes,fr Ligue 1,22,33,31,2578,28.6,17,3,20,14.9,8.9,2.0,68,29,42.6,0.18,0.41,2.1,78.8,19,72,50,19,12,4,16,885,521,33.9,63
Pierre Kalulu,fr FRA,DF,Juventus,it Serie A,24,29,25,2337,26.0,1,0,1,0.7,0.7,0.5,7,3,42.9,0.14,0.33,0.3,93.1,11,117,48,41,25,17,68,2275,1559,36.4,95
Justin-Noël Kalumba,fr FRA,"FW,MF",Angers,fr Ligue 1,19,2,0,31,0.3,0,0,0,0.0,0.0,0.0,1,0,0.0,0.0,,0.0,81.8,0,0,1,0,0,1,1,18,13,50.0,2
Daichi Kamada,jp JPN,MF,Crystal Palace,eng Premier League,27,34,15,1564,17.4,0,0,0,1.1,1.1,1.9,20,4,20.0,0.0,0.0,-1.1,80.2,20,89,25,47,29,18,14,937,485,36.8,89
Waren Kamanzi,no NOR,"DF,MF",Toulouse,fr Ligue 1,23,24,11,1022,11.4,1,1,2,1.3,1.3,1.0,7,2,28.6,0.14,0.5,-0.3,83.0,12,33,29,29,13,9,25,613,332,55.2,56
Boubacar Kamara,fr FRA,MF,Aston Villa,eng Premier League,24,26,20,1726,19.2,1,0,1,0.8,0.8,0.9,10,3,30.0,0.1,0.33,0.2,88.6,11,85,19,50,21,19,51,1113,591,33.3,87
Glen Kamara,fi FIN,MF,Rennes,fr Ligue 1,28,13,8,662,7.4,0,1,1,0.2,0.2,0.2,1,0,0.0,0.0,,-0.2,90.3,5,34,5,23,11,7,7,476,268,50.0,42
Hassane Kamara,ci CIV,DF,Udinese,it Serie A,30,30,25,2001,22.2,1,4,5,0.9,0.9,2.7,17,3,17.6,0.06,0.33,0.1,75.7,24,61,52,35,25,26,49,1241,618,39.1,92
Noham Kamara,fr FRA,DF,Paris S-G,fr Ligue 1,17,2,0,76,0.8,0,0,0,0.0,0.0,0.0,0,0,,,,0.0,93.7,0,5,2,1,1,1,1,84,56,,4
Willy Kambwala,fr FRA,DF,Villarreal,es La Liga,19,19,12,1117,12.4,0,0,0,0.3,0.3,0.1,4,1,25.0,0.0,0.0,-0.3,87.7,1,16,2,17,12,10,56,706,367,100.0,30
Jakub Kamiński,pl POL,"DF,MF",Wolfsburg,de Bundesliga,22,22,12,1130,12.6,0,2,2,0.9,0.9,3.3,15,3,20.0,0.0,0.0,-0.9,70.4,24,40,41,17,8,13,23,603,301,36.4,52
Kevin Kampl,si SVN,MF,RB Leipzig,de Bundesliga,33,26,18,1593,17.7,1,0,1,0.8,0.8,1.4,7,2,28.6,0.14,0.5,0.2,89.0,16,106,21,27,18,24,25,1316,793,68.4,100
Nordine Kandil,fr FRA,MF,Strasbourg,fr Ligue 1,22,1,0,10,0.1,0,0,0,0.0,0.0,0.0,0,0,,,,0.0,50.0,0,0,1,0,0,0,1,8,5,100.0,0
Harry Kane,eng ENG,FW,Bayern Munich,de Bundesliga,31,31,28,2381,26.5,26,9,35,20.3,13.3,5.3,105,45,42.9,0.16,0.38,5.7,78.9,35,97,29,13,11,2,16,917,513,43.4,61
Lee Kang-in,kr KOR,"FW,MF",Paris S-G,fr Ligue 1,23,30,19,1663,18.5,6,6,12,3.5,3.5,5.6,41,14,34.1,0.15,0.43,2.5,87.5,56,143,50,25,17,3,3,1432,938,56.9,73
Yann Karamoh,fr FRA,"MF,FW",Torino,it Serie A,26,29,10,1046,11.6,0,1,1,1.2,1.2,0.9,25,6,24.0,0.0,0.0,-1.2,67.0,9,28,37,5,2,3,5,412,292,31.6,42
Jesper Karlsson,se SWE,FW,Bologna,it Serie A,26,7,3,298,3.3,1,0,1,0.7,0.7,0.1,6,2,33.3,0.17,0.5,0.3,75.0,2,6,6,1,0,0,3,128,97,33.3,8
Jesper Karlsson,se SWE,FW,Lecce,it Serie A,26,13,6,495,5.5,1,0,1,1.5,0.7,0.6,9,4,44.4,0.0,0.0,-0.5,69.0,10,12,11,3,2,0,4,202,111,66.7,12
Jesper Karlström,se SWE,MF,Udinese,it Serie A,29,37,36,3186,35.4,0,3,3,0.7,0.7,1.1,13,2,15.4,0.0,0.0,-0.7,83.2,21,135,23,61,34,35,82,1882,1002,40.0,146
Lior Kasa,il ISR,"MF,FW",Genoa,it Serie A,18,8,2,230,2.6,0,0,0,1.1,1.1,0.1,5,2,40.0,0.0,0.0,-1.1,86.1,2,7,1,4,4,3,5,111,58,20.0,14
Grigoris Kastanos,cy CYP,"MF,FW",Hellas Verona,it Serie A,26,27,8,872,9.7,1,1,2,1.0,1.0,1.7,22,5,22.7,0.05,0.2,0.0,69.3,12,34,12,23,16,7,8,438,239,0.0,48
Mikkel Kaufmann,dk DEN,FW,Heidenheim,de Bundesliga,23,9,3,372,4.1,0,0,0,0.5,0.5,0.1,3,3,100.0,0.0,0.0,-0.5,49.5,3,10,4,6,4,2,7,139,77,28.6,13
Joachim Kayi Sanda,fr FRA,DF,Southampton,eng Premier League,17,2,0,14,0.2,0,0,0,0.0,0.0,0.0,0,0,,,,0.0,100.0,0,1,0,0,0,2,0,19,14,,0
Michael Kayode,it ITA,DF,Brentford,eng Premier League,20,12,6,528,5.9,0,1,1,0.2,0.2,1.2,2,0,0.0,0.0,,-0.2,76.3,8,12,12,17,11,7,19,313,144,50.0,34
Michael Kayode,it ITA,"DF,FW",Fiorentina,it Serie A,20,5,1,127,1.4,0,0,0,0.1,0.1,0.2,1,0,0.0,0.0,,-0.1,63.2,1,8,3,1,1,2,7,88,42,50.0,6
Moise Kean,it ITA,FW,Fiorentina,it Serie A,24,31,30,2615,29.1,17,3,20,19.4,17.9,1.9,98,45,45.9,0.16,0.36,-0.4,69.9,19,26,42,7,5,5,26,700,454,43.6,52
Michael Keane,eng ENG,DF,Everton,eng Premier League,31,14,11,1049,11.7,3,0,3,0.6,0.6,0.1,10,4,40.0,0.3,0.75,2.4,82.8,2,14,1,12,9,16,65,513,229,0.0,26
Yassine Kechta,ma MAR,"MF,FW",Le Havre,fr Ligue 1,22,31,25,2096,23.3,2,0,2,2.5,2.5,1.2,29,9,31.0,0.07,0.22,-0.5,79.2,15,97,44,60,36,26,32,1014,533,37.1,113
Thilo Kehrer,de GER,DF,Monaco,fr Ligue 1,27,27,27,2383,26.5,4,0,4,1.5,1.5,0.3,12,8,66.7,0.33,0.5,2.5,89.9,5,139,16,37,23,36,113,2060,1193,33.3,132
Abdoulaye Keita,es ESP,"FW,MF",Getafe,es La Liga,21,3,1,95,1.1,0,0,0,0.0,0.0,0.0,2,0,0.0,0.0,,0.0,55.6,0,2,1,2,2,0,3,41,22,33.3,6
Mandela Keita,be BEL,MF,Parma,it Serie A,22,30,24,1826,20.3,0,2,2,0.1,0.1,1.0,5,4,80.0,0.0,0.0,-0.1,90.5,15,50,13,44,25,21,29,907,558,54.8,94
Yannik Keitel,de GER,MF,Stuttgart,de Bundesliga,24,11,2,270,3.0,0,0,0,0.5,0.5,0.0,5,2,40.0,0.0,0.0,-0.5,82.1,1,11,2,9,6,4,6,225,105,100.0,7
Andu Kelati,de GER,"MF,DF",Holstein Kiel,de Bundesliga,21,8,2,288,3.2,1,1,2,0.9,0.9,0.8,6,3,50.0,0.17,0.33,0.1,77.2,4,19,3,7,4,3,3,159,88,75.0,19
Thomas Keller,de GER,"DF,MF",Heidenheim,de Bundesliga,24,6,2,148,1.6,0,0,0,0.0,0.0,0.0,1,0,0.0,0.0,,0.0,79.8,0,6,0,6,5,4,11,115,51,,3
Lloyd Kelly,eng ENG,DF,Newcastle Utd,eng Premier League,25,10,4,303,3.4,0,1,1,0.4,0.4,0.5,3,0,0.0,0.0,,-0.4,80.7,2,9,0,5,4,1,17,215,120,66.7,19
Lloyd Kelly,eng ENG,DF,Juventus,it Serie A,25,12,11,1013,11.3,0,0,0,0.4,0.4,0.1,7,1,14.3,0.0,0.0,-0.4,83.1,3,36,10,15,11,2,56,797,433,0.0,55
Aljoscha Kemlein,de GER,MF,Union Berlin,de Bundesliga,19,15,11,922,10.2,1,0,1,0.9,0.9,0.6,11,3,27.3,0.09,0.33,0.1,75.5,10,42,5,10,4,6,15,549,260,66.7,58
Marc-Oliver Kempf,de GER,DF,Como,it Serie A,29,31,30,2615,29.1,0,0,0,1.6,1.6,1.2,20,4,20.0,0.0,0.0,-1.6,87.2,10,85,17,30,20,33,136,2010,1136,80.0,106
Kenedy,br BRA,"MF,FW",Valladolid,es La Liga,28,2,0,9,0.1,0,0,0,0.0,0.0,0.0,1,0,0.0,0.0,,0.0,50.0,0,0,1,0,0,0,0,5,4,0.0,1
Luca Kerber,de GER,"MF,DF",Heidenheim,de Bundesliga,22,23,7,783,8.7,2,0,2,0.6,0.6,0.7,7,5,71.4,0.29,0.4,1.4,73.7,6,16,1,26,16,5,25,364,175,20.0,27
Milos Kerkez,hu HUN,DF,Bournemouth,eng Premier League,20,38,38,3336,37.1,2,5,7,0.6,0.5,3.9,19,5,26.3,0.11,0.4,1.4,75.8,35,159,106,52,26,45,106,2158,1094,45.8,169
Reda Khadra,de GER,"MF,FW",Reims,fr Ligue 1,23,4,0,78,0.9,0,0,0,0.0,0.0,0.0,0,0,,,,0.0,73.3,1,4,4,1,1,0,1,38,28,57.1,7
Bilal El Khannouss,ma MAR,"MF,FW",Leicester City,eng Premier League,20,32,27,2182,24.2,2,3,5,1.3,1.3,4.6,30,7,23.3,0.07,0.29,0.7,75.1,42,128,73,50,30,6,10,1268,732,56.7,92
Wahbi Khazri,tn TUN,"FW,MF",Montpellier,fr Ligue 1,33,30,10,1118,12.4,1,1,2,2.3,2.3,2.2,36,6,16.7,0.03,0.17,-1.3,68.0,18,33,24,25,18,5,7,486,259,26.9,44
Rani Khedira,de GER,MF,Union Berlin,de Bundesliga,30,32,31,2723,30.3,1,1,2,1.4,1.4,0.6,14,1,7.1,0.07,1.0,-0.4,73.7,12,80,12,68,40,44,55,1246,506,45.5,108
Abdukodir Khusanov,uz UZB,DF,Manchester City,eng Premier League,20,6,6,503,5.6,0,0,0,0.0,0.0,0.1,1,0,0.0,0.0,,0.0,91.1,2,25,1,5,4,3,29,445,274,0.0,27
Abdukodir Khusanov,uz UZB,DF,Lens,fr Ligue 1,20,13,11,975,10.8,0,0,0,0.2,0.2,0.3,6,4,66.7,0.0,0.0,-0.2,88.1,2,43,2,15,11,26,57,683,339,100.0,50
Kialonda,ao ANG,DF,Lecce,it Serie A,26,24,24,2144,23.8,0,1,1,1.1,1.1,0.4,16,0,0.0,0.0,,-1.1,86.5,6,34,4,34,12,32,132,1229,572,80.0,58
Kiké,es ESP,FW,Alavés,es La Liga,34,35,29,2542,28.2,13,0,13,9.6,7.2,0.9,60,24,40.0,0.17,0.42,3.4,65.3,13,50,25,19,14,1,23,894,548,37.1,90
Max Kilman,eng ENG,DF,West Ham,eng Premier League,27,38,38,3348,37.2,0,1,1,1.6,1.6,1.2,13,2,15.4,0.0,0.0,-1.6,86.7,16,113,31,39,24,38,212,2374,1270,72.7,146
Joshua Kimmich,de GER,MF,Bayern Munich,de Bundesliga,29,33,32,2847,31.6,3,7,10,1.8,1.8,7.4,34,10,29.4,0.09,0.3,1.2,89.5,83,362,51,47,29,25,34,3867,2399,54.5,190
Presnel Kimpembe,fr FRA,DF,Paris S-G,fr Ligue 1,28,2,0,23,0.3,0,0,0,0.0,0.0,0.0,0,0,,,,0.0,100.0,0,1,0,1,0,0,1,24,12,,3
Joshua King,eng ENG,MF,Fulham,eng Premier League,17,8,1,130,1.4,0,0,0,0.3,0.3,0.4,3,0,0.0,0.0,,-0.3,84.4,3,9,3,7,5,1,1,87,44,50.0,5
Joshua King,no NOR,"FW,MF",Toulouse,fr Ligue 1,32,28,21,1673,18.6,6,3,9,6.6,6.6,2.0,50,20,40.0,0.12,0.3,-0.6,70.7,17,29,39,11,11,6,19,574,307,54.7,60
Cédric Kipré,ci CIV,DF,Reims,fr Ligue 1,27,28,26,2190,24.3,0,1,1,0.6,0.6,1.3,9,1,11.1,0.0,0.0,-0.6,88.9,10,77,16,42,30,32,162,1596,925,83.3,73
Jakub Kiwior,pl POL,DF,Arsenal,eng Premier League,24,17,10,1122,12.5,1,0,1,0.2,0.2,0.3,3,1,33.3,0.33,1.0,0.8,91.4,5,48,5,22,8,6,58,846,492,60.0,31
Tim Kleindienst,de GER,FW,Gladbach,de Bundesliga,28,31,31,2737,30.4,16,7,23,13.6,11.9,6.2,73,36,49.3,0.21,0.42,2.4,60.9,29,63,45,30,15,12,66,1149,545,37.8,74
Lukas Klostermann,de GER,DF,RB Leipzig,de Bundesliga,28,28,20,1838,20.4,1,0,1,0.3,0.3,0.1,4,2,50.0,0.25,0.5,0.7,88.4,2,83,16,27,14,24,143,1472,752,80.0,74
Justin Kluivert,nl NED,MF,Bournemouth,eng Premier League,25,34,29,2340,26.0,12,6,18,10.3,5.6,4.8,57,23,40.4,0.11,0.26,1.7,74.4,45,105,81,23,11,14,24,1086,646,41.4,78
Ansgar Knauff,de GER,"MF,DF",Eint Frankfurt,de Bundesliga,22,30,18,1597,17.7,4,5,9,4.9,4.9,5.2,30,9,30.0,0.13,0.44,-0.9,66.7,27,58,53,41,22,12,24,775,435,46.4,76
Magnus Knudsen,no NOR,MF,Holstein Kiel,de Bundesliga,23,31,22,1850,20.6,0,1,1,0.7,0.7,1.3,12,4,33.3,0.0,0.0,-0.7,84.0,8,54,16,48,29,12,44,987,488,56.3,79
Robin Koch,de GER,DF,Eint Frankfurt,de Bundesliga,28,30,30,2586,28.7,3,0,3,1.7,1.7,0.2,15,6,40.0,0.2,0.5,1.3,90.7,7,93,9,24,11,25,197,2148,1244,33.3,112
Magnus Kofod Andersen,dk DEN,MF,Venezia,it Serie A,25,14,7,695,7.7,1,1,2,0.3,0.3,0.5,8,2,25.0,0.13,0.5,0.7,79.9,9,24,7,13,4,6,12,370,230,50.0,31
Derrick Köhn,de GER,"DF,FW",Werder Bremen,de Bundesliga,25,27,14,1343,14.9,2,2,4,0.7,0.7,1.6,13,4,30.8,0.15,0.5,1.3,79.3,16,39,36,20,10,10,26,908,549,36.6,57
Dominik Kohr,de GER,"DF,MF",Mainz 05,de Bundesliga,30,28,28,2295,25.5,2,0,2,1.6,1.6,0.6,13,5,38.5,0.15,0.4,0.4,81.1,11,101,26,62,46,42,127,1693,835,55.6,99
Koka,eg EGY,FW,Le Havre,fr Ligue 1,31,16,10,851,9.5,3,1,4,4.9,4.2,0.6,20,8,40.0,0.1,0.25,-1.9,78.1,5,12,0,4,1,4,6,232,114,50.0,24
Koke,es ESP,MF,Atlético Madrid,es La Liga,32,32,20,1926,21.4,1,1,2,1.1,1.1,1.4,11,4,36.4,0.09,0.25,-0.1,88.0,16,132,22,46,23,20,29,1829,1138,40.9,122
Sead Kolašinac,ba BIH,DF,Atalanta,it Serie A,31,23,23,1903,21.1,0,2,2,0.8,0.8,1.8,10,2,20.0,0.0,0.0,-0.8,87.5,17,142,52,41,26,25,53,1458,878,20.0,135
Randal Kolo Muani,fr FRA,FW,Juventus,it Serie A,25,16,13,1160,12.9,8,1,9,4.7,3.9,1.6,25,13,52.0,0.28,0.54,3.3,69.9,17,20,21,11,7,4,2,364,213,40.9,33
Randal Kolo Muani,fr FRA,FW,Paris S-G,fr Ligue 1,25,10,2,358,4.0,2,1,3,4.7,3.9,0.9,15,6,40.0,0.07,0.17,-2.7,73.1,5,5,8,4,4,0,5,132,78,50.0,8
Marco Komenda,hr CRO,DF,Holstein Kiel,de Bundesliga,27,19,17,1307,14.5,0,0,0,0.1,0.1,0.8,3,0,0.0,0.0,,-0.1,78.8,9,53,13,26,17,6,68,905,440,100.0,37
Mert Kömür,de GER,MF,Augsburg,de Bundesliga,19,20,5,654,7.3,2,1,3,1.1,1.1,1.5,13,7,53.8,0.15,0.29,0.9,71.9,13,11,18,3,2,3,7,313,185,54.5,32
Ibrahima Konaté,fr FRA,DF,Liverpool,eng Premier League,25,31,30,2560,28.4,1,2,3,1.7,1.7,1.0,19,3,15.8,0.05,0.33,-0.7,90.2,10,115,25,40,26,17,133,2185,1290,50.0,98
Ismael Konate,ci CIV,"FW,MF",Empoli,it Serie A,18,12,0,116,1.3,0,1,1,0.2,0.2,0.0,3,2,66.7,0.0,0.0,-0.2,45.5,2,2,5,4,2,0,1,51,23,100.0,3
Geoffrey Kondogbia,cf CTA,"DF,MF",Marseille,fr Ligue 1,31,25,22,2020,22.4,0,0,0,0.5,0.5,0.2,8,1,12.5,0.0,0.0,-0.5,92.5,5,105,20,60,38,22,64,2013,1301,66.7,108
Abdoul Koné,fr FRA,DF,Reims,fr Ligue 1,19,4,1,133,1.5,0,0,0,0.0,0.0,0.0,0,0,,,,0.0,67.7,0,3,0,5,3,1,5,86,39,50.0,7
Amadou Koné,ml MLI,MF,Reims,fr Ligue 1,19,24,17,1293,14.4,0,0,0,0.5,0.5,0.3,14,4,28.6,0.0,0.0,-0.5,86.0,8,68,19,49,32,19,38,788,469,60.0,79
Ismaël Koné,ca CAN,"MF,FW",Marseille,fr Ligue 1,22,8,3,360,4.0,0,0,0,0.3,0.3,0.4,4,0,0.0,0.0,,-0.3,86.7,4,10,2,8,4,4,2,221,131,25.0,14
Ismaël Koné,ca CAN,MF,Rennes,fr Ligue 1,22,13,4,469,5.2,2,1,3,0.2,0.2,1.3,6,3,50.0,0.33,0.67,1.8,84.6,5,30,16,9,6,4,5,259,171,60.0,19
Manu Koné,fr FRA,MF,Roma,it Serie A,23,34,31,2572,28.6,2,1,3,3.4,3.4,1.7,34,8,23.5,0.06,0.25,-1.4,91.1,19,144,70,41,26,24,28,1555,1006,41.7,131
Ezri Konsa,eng ENG,DF,Aston Villa,eng Premier League,26,34,33,2936,32.6,2,0,2,1.3,1.3,0.4,11,5,45.5,0.18,0.4,0.7,92.9,6,90,24,34,18,24,114,1915,1132,44.4,97
Teun Koopmeiners,nl NED,"MF,FW",Juventus,it Serie A,26,28,23,1994,22.2,3,3,6,3.9,3.9,2.9,42,10,23.8,0.07,0.3,-0.9,79.9,38,89,32,32,16,8,26,1170,591,45.5,51
Kacper Koscierski,de GER,DF,Bochum,de Bundesliga,17,1,0,7,0.1,0,0,0,0.0,0.0,0.0,0,0,,,,0.0,,0,0,0,0,0,0,0,0,0,,0
Odilon Kossounou,ci CIV,DF,Atalanta,it Serie A,23,18,12,1125,12.5,0,0,0,0.5,0.5,0.0,6,4,66.7,0.0,0.0,-0.5,88.2,1,46,13,16,11,13,25,790,456,41.7,62
Christian Kouamé,ci CIV,"FW,MF",Fiorentina,it Serie A,26,18,5,622,6.9,0,1,1,1.1,1.1,1.5,11,1,9.1,0.0,0.0,-1.1,69.5,9,16,7,13,8,2,10,286,151,35.0,20
Christian Kouamé,ci CIV,"FW,MF",Empoli,it Serie A,26,8,5,507,5.6,1,0,1,2.7,2.7,0.7,16,5,31.3,0.06,0.2,-1.7,60.8,8,13,5,5,4,0,4,217,114,38.5,18
Henri Koudossou,de GER,DF,Augsburg,de Bundesliga,24,21,4,748,8.3,0,0,0,0.1,0.1,0.8,2,0,0.0,0.0,,-0.1,78.8,10,23,19,18,10,15,37,469,220,47.1,39
Konstantinos Koulierakis,gr GRE,DF,Wolfsburg,de Bundesliga,20,30,28,2468,27.4,0,2,2,1.0,1.0,1.0,22,3,13.6,0.0,0.0,-1.0,83.0,10,104,20,40,20,33,147,1886,1049,58.3,93
Emmanuel Koum Mbondo,fr FRA,DF,Marseille,fr Ligue 1,18,1,0,12,0.1,0,0,0,0.0,0.0,0.0,0,0,,,,0.0,88.9,0,0,0,0,0,0,0,9,4,,0
Jules Koundé,fr FRA,DF,Barcelona,es La Liga,25,32,29,2605,28.9,2,3,5,1.8,1.8,3.9,18,6,33.3,0.11,0.33,0.2,86.7,32,165,44,63,43,20,68,2453,1287,44.0,107
Boubakar Kouyaté,ml MLI,DF,Montpellier,fr Ligue 1,27,11,8,756,8.4,0,0,0,0.5,0.5,0.0,8,0,0.0,0.0,,-0.5,83.4,0,12,3,22,17,12,54,375,174,,18
Mateo Kovačić,hr CRO,MF,Manchester City,eng Premier League,30,31,25,2198,24.4,6,2,8,1.9,1.9,3.6,45,12,26.7,0.13,0.5,4.1,92.6,33,164,56,69,38,24,21,2123,1445,53.7,114
Viktor Kovalenko,ua UKR,MF,Empoli,it Serie A,28,6,0,77,0.9,0,0,0,0.1,0.1,0.0,3,1,33.3,0.0,0.0,-0.1,70.3,0,4,1,2,1,0,0,44,21,100.0,3
Mateusz Kowalski,pl POL,MF,Parma,it Serie A,19,1,1,56,0.6,0,0,0,0.4,0.4,0.0,1,0,0.0,0.0,,-0.4,66.7,0,0,0,0,0,0,1,18,9,,0
Goduine Koyalipou,cf CTA,FW,Lens,fr Ligue 1,24,15,12,885,9.8,4,0,4,4.8,4.8,0.8,42,14,33.3,0.1,0.29,-0.8,69.8,10,20,15,3,2,1,8,318,174,48.0,15
Caleb Kporha,eng ENG,DF,Crystal Palace,eng Premier League,18,2,0,13,0.1,0,0,0,0.0,0.0,0.0,0,0,,,,0.0,71.4,0,0,1,2,1,0,1,11,4,,1
Emil Krafth,se SWE,DF,Newcastle Utd,eng Premier League,29,12,2,342,3.8,0,0,0,0.0,0.0,0.1,1,0,0.0,0.0,,0.0,78.5,1,8,5,4,2,2,16,199,82,0.0,19
Alex Král,cz CZE,MF,Espanyol,es La Liga,26,37,29,2714,30.2,0,1,1,1.5,1.5,1.5,21,2,9.5,0.0,0.0,-1.5,71.9,12,78,49,55,37,28,51,1155,618,52.7,127
Andrej Kramarić,hr CRO,"MF,FW",Hoffenheim,de Bundesliga,33,32,32,2767,30.7,11,8,19,11.8,9.5,4.3,66,23,34.8,0.12,0.35,-0.8,77.7,49,143,75,15,8,7,11,1554,938,42.6,136
Frans Krätzig,de GER,"DF,MF",Heidenheim,de Bundesliga,21,16,15,1217,13.5,1,2,3,0.6,0.6,1.8,9,3,33.3,0.11,0.33,0.4,75.9,28,37,25,32,18,17,15,676,372,45.0,60
Frans Krätzig,de GER,DF,Stuttgart,de Bundesliga,21,1,1,56,0.6,0,0,0,0.0,0.0,0.0,0,0,,,,0.0,87.8,0,2,0,2,1,0,1,48,30,,3
Tom Krauß,de GER,MF,Bochum,de Bundesliga,23,14,13,1077,12.0,0,0,0,0.4,0.4,0.7,11,2,18.2,0.0,0.0,-0.4,80.0,12,84,16,35,18,11,19,768,430,52.2,78
Ladislav Krejčí,cz CZE,DF,Girona,es La Liga,25,28,27,2440,27.1,2,0,2,1.7,1.7,0.3,18,5,27.8,0.11,0.4,0.3,90.1,8,144,29,23,16,34,93,2351,1523,58.3,101
Rasmus Kristensen,dk DEN,DF,Eint Frankfurt,de Bundesliga,27,30,28,2513,27.9,5,3,8,2.5,2.5,3.1,24,8,33.3,0.21,0.63,2.5,77.7,20,172,51,59,33,20,97,1955,1084,44.9,121
Thomas Kristensen,dk DEN,DF,Udinese,it Serie A,22,24,19,1754,19.5,1,0,1,0.9,0.9,0.3,4,1,25.0,0.25,1.0,0.1,79.9,4,76,19,31,21,21,80,1144,618,76.9,63
Nikola Krstović,me MNE,FW,Lecce,it Serie A,24,37,37,3057,34.0,11,5,16,12.1,9.7,2.9,134,38,28.4,0.07,0.24,-1.1,66.4,30,56,42,18,9,7,24,1051,571,26.2,72
Lukas Kübler,de GER,DF,Freiburg,de Bundesliga,31,28,22,1842,20.5,5,1,6,2.7,2.7,0.8,18,10,55.6,0.28,0.5,2.3,77.1,11,78,24,40,21,53,61,1268,519,0.0,73
Takefusa Kubo,jp JPN,"MF,FW",Real Sociedad,es La Liga,23,36,27,2372,26.4,5,0,5,3.6,3.6,4.5,43,14,32.6,0.12,0.36,1.4,72.1,45,110,133,31,20,17,13,1341,878,47.8,118
Mohammed Kudus,gh GHA,"FW,MF",West Ham,eng Premier League,23,32,31,2590,28.8,5,3,8,6.9,6.9,3.1,75,21,28.0,0.07,0.24,-1.9,83.6,31,79,98,38,23,4,8,1274,842,44.2,138
Dejan Kulusevski,se SWE,"MF,FW",Tottenham,eng Premier League,24,32,27,2389,26.5,7,4,11,4.2,4.2,6.2,47,17,36.2,0.15,0.41,2.8,73.7,65,124,120,45,23,13,10,1276,823,32.5,121
Sael Kumbedi,fr FRA,DF,Lyon,fr Ligue 1,19,14,12,951,10.6,0,0,0,0.3,0.3,0.3,4,2,50.0,0.0,0.0,-0.3,85.7,5,37,23,28,14,8,32,629,324,40.9,32
Marash Kumbulla,al ALB,DF,Espanyol,es La Liga,24,35,34,2972,33.0,3,0,3,1.8,1.8,0.0,16,5,31.3,0.19,0.6,1.2,84.5,1,71,11,51,26,34,224,1845,998,50.0,74
Jonah Kusi-Asare,se SWE,FW,Bayern Munich,de Bundesliga,17,1,0,3,0.0,0,0,0,0.0,0.0,0.0,1,0,0.0,0.0,,0.0,100.0,0,0,0,1,0,0,0,3,1,,0
Daler Kuzyaev,ru RUS,MF,Le Havre,fr Ligue 1,31,12,6,567,6.3,1,0,1,0.2,0.2,0.6,4,3,75.0,0.25,0.33,0.8,81.2,2,32,4,13,8,9,8,317,140,66.7,27
Khvicha Kvaratskhelia,ge GEO,"FW,MF",Napoli,it Serie A,23,17,15,1178,13.1,5,3,8,4.1,3.4,3.7,49,16,32.7,0.08,0.25,0.9,76.4,28,57,74,15,9,4,7,659,405,26.4,45
Khvicha Kvaratskhelia,ge GEO,FW,Paris S-G,fr Ligue 1,23,14,11,916,10.2,4,3,7,3.3,3.3,4.9,34,15,44.1,0.12,0.27,0.7,85.6,25,43,50,19,13,2,4,668,444,47.2,27
Moritz-Broni Kwarteng,gh GHA,"MF,FW",Bochum,de Bundesliga,26,7,0,172,1.9,0,0,0,0.2,0.2,0.2,6,1,16.7,0.0,0.0,-0.2,79.5,4,12,4,4,3,0,1,104,63,85.7,8
Giorgos Kyriakopoulos,gr GRE,DF,Monza,it Serie A,28,34,33,2845,31.6,2,4,6,0.9,0.9,3.3,27,9,33.3,0.07,0.22,1.1,74.8,41,97,67,43,26,23,79,1692,865,37.2,94
Luca de la Torre,us USA,MF,Celta Vigo,es La Liga,26,1,0,4,0.0,0,0,0,0.0,0.0,0.0,0,0,,,,0.0,80.0,0,0,0,0,0,0,0,8,5,0.0,0
Rémy Labeau Lascary,gp GLP,"FW,MF",Lens,fr Ligue 1,21,14,6,637,7.1,2,1,3,2.5,2.5,1.1,14,5,35.7,0.14,0.4,-0.5,73.0,7,7,17,16,10,1,7,275,162,46.2,21
Gaëtan Laborde,fr FRA,FW,Nice,fr Ligue 1,30,28,20,1829,20.3,11,4,15,11.7,8.6,3.5,70,20,28.6,0.1,0.35,-0.7,69.6,27,40,30,19,13,6,20,730,362,48.6,49
Alexandre Lacazette,fr FRA,FW,Lyon,fr Ligue 1,33,30,24,2051,22.8,15,2,17,16.3,11.7,3.4,53,31,58.5,0.19,0.32,-1.3,71.8,26,66,24,13,6,8,7,742,418,45.2,28
Younes Lachaab,fr FRA,"MF,FW",Lille,fr Ligue 1,19,2,0,9,0.1,0,0,0,0.1,0.1,0.0,1,0,0.0,0.0,,-0.1,50.0,0,0,1,1,1,1,0,8,3,100.0,0
Maxence Lacroix,fr FRA,DF,Crystal Palace,eng Premier League,24,35,35,3116,34.6,1,1,2,3.4,3.4,1.0,30,5,16.7,0.03,0.2,-2.4,81.7,8,65,8,68,41,54,207,1934,1030,57.1,130
Yoel Lago,es ESP,DF,Celta Vigo,es La Liga,20,8,7,583,6.5,0,1,1,0.0,0.0,0.1,0,0,,,,0.0,92.5,1,31,1,12,8,4,30,487,289,60.0,22
Konrad Laimer,at AUT,DF,Bayern Munich,de Bundesliga,27,29,19,1699,18.9,2,2,4,2.1,2.1,2.7,18,6,33.3,0.11,0.33,-0.1,87.8,20,141,87,49,27,8,24,1421,816,56.7,81
Stefan Lainer,at AUT,DF,Gladbach,de Bundesliga,31,21,6,757,8.4,1,0,1,0.3,0.3,1.0,4,1,25.0,0.25,1.0,0.7,77.4,9,25,25,22,13,12,30,565,288,50.0,24
Kenny Lala,mg MAD,DF,Brest,fr Ligue 1,32,30,29,2686,29.8,3,2,5,3.0,0.6,4.3,9,4,44.4,0.0,0.0,0.0,76.1,41,138,58,66,42,25,75,2043,1054,62.5,154
Adam Lallana,eng ENG,MF,Southampton,eng Premier League,36,14,5,361,4.0,0,2,2,0.2,0.2,0.9,3,0,0.0,0.0,,-0.2,85.0,4,24,6,8,5,5,5,318,178,41.7,19
Mathis Lambourde,fr FRA,"FW,MF",Hellas Verona,it Serie A,18,7,0,89,1.0,1,0,1,0.2,0.2,0.1,2,1,50.0,0.5,1.0,0.8,56.5,1,0,1,3,1,0,1,38,24,33.3,3
Mohamed Lamine Bayo,gn GUI,FW,Lille,fr Ligue 1,26,12,4,309,3.4,2,1,3,2.2,2.2,0.5,10,4,40.0,0.2,0.5,-0.2,70.7,4,4,4,1,1,0,4,98,59,50.0,5
Tariq Lamptey,gh GHA,DF,Brighton,eng Premier League,23,15,10,860,9.6,2,2,4,0.4,0.4,0.8,6,2,33.3,0.33,1.0,1.6,81.1,5,14,32,17,11,7,23,535,292,32.3,39
Will Lankshear,eng ENG,"FW,MF",Tottenham,eng Premier League,19,3,0,11,0.1,0,0,0,0.0,0.0,0.0,0,0,,,,0.0,0.0,0,0,0,0,0,0,0,3,3,,0
Gianluca Lapadula,pe PER,"FW,MF",Cagliari,it Serie A,34,12,1,310,3.4,0,0,0,1.4,1.4,0.1,15,3,20.0,0.0,0.0,-1.4,60.3,3,7,7,2,0,0,1,96,43,100.0,5
Cyle Larin,ca CAN,FW,Mallorca,es La Liga,29,32,21,1764,19.6,7,2,9,6.9,6.1,1.4,38,14,36.8,0.16,0.43,0.1,67.5,8,20,20,12,6,1,16,561,316,26.7,46
Hugo Larsson,se SWE,MF,Eint Frankfurt,de Bundesliga,20,33,28,2393,26.6,3,1,4,3.1,3.1,2.1,21,10,47.6,0.14,0.3,-0.1,86.9,21,121,16,47,27,30,35,1478,803,63.2,121
Juanmi Latasa,es ESP,FW,Valladolid,es La Liga,23,28,14,1398,15.5,3,0,3,4.2,4.2,0.9,40,13,32.5,0.08,0.23,-1.2,59.2,13,17,3,4,2,0,11,390,153,53.3,24
Toni Lato,es ESP,DF,Mallorca,es La Liga,26,14,7,621,6.9,0,0,0,0.0,0.0,0.4,0,0,,,,0.0,75.2,6,26,15,17,11,6,33,396,155,0.0,30
Roméo Lavia,be BEL,MF,Chelsea,eng Premier League,20,16,11,797,8.9,0,1,1,0.3,0.3,0.7,2,0,0.0,0.0,,-0.3,91.7,7,31,3,22,13,16,10,493,295,62.5,40
Valentino Lazaro,at AUT,"DF,FW",Torino,it Serie A,28,33,26,2307,25.6,0,6,6,1.0,1.0,3.3,16,2,12.5,0.0,0.0,-1.0,75.1,33,76,35,26,12,11,38,1368,726,37.8,94
Darko Lazović,rs SRB,"DF,MF",Hellas Verona,it Serie A,33,27,17,1459,16.2,2,3,5,2.5,1.7,3.4,19,3,15.8,0.05,0.33,-0.5,62.4,18,40,22,21,10,11,39,659,318,31.8,59
Manuel Lazzari,it ITA,DF,Lazio,it Serie A,30,25,16,1406,15.6,0,1,1,0.1,0.1,1.3,6,2,33.3,0.0,0.0,-0.1,79.1,20,66,72,26,16,10,19,896,518,62.5,50
Julien Le Cardinal,fr FRA,DF,Brest,fr Ligue 1,26,16,15,1378,15.3,0,1,1,0.4,0.4,0.3,10,3,30.0,0.0,0.0,-0.4,86.4,5,39,7,27,15,33,75,994,539,66.7,48
Jérémy Le Douaron,fr FRA,FW,Brest,fr Ligue 1,26,2,1,102,1.1,0,0,0,0.2,0.2,0.0,2,1,50.0,0.0,0.0,-0.2,78.6,0,1,1,1,0,0,0,23,13,0.0,2
Enzo Le Fée,fr FRA,MF,Roma,it Serie A,24,6,4,318,3.5,0,0,0,0.2,0.2,0.1,4,2,50.0,0.0,0.0,-0.2,85.9,3,28,15,7,4,5,2,297,204,50.0,22
Robin Le Normand,es ESP,DF,Atlético Madrid,es La Liga,27,27,24,2151,23.9,1,0,1,1.5,1.5,0.5,11,3,27.3,0.09,0.33,-0.5,90.4,3,55,11,27,18,10,120,1523,1001,50.0,82
Rafael Leão,pt POR,FW,Milan,it Serie A,25,34,25,2323,25.8,8,8,16,7.6,7.6,8.4,66,29,43.9,0.12,0.28,0.4,74.2,58,93,123,16,10,6,4,1135,780,45.7,66
Pierre Lees-Melou,fr FRA,MF,Brest,fr Ligue 1,31,20,17,1526,17.0,2,2,4,1.3,1.3,2.8,22,8,36.4,0.09,0.25,0.7,85.3,19,105,23,48,33,12,23,1228,697,57.1,125
Jordan Lefort,fr FRA,DF,Angers,fr Ligue 1,30,34,34,3060,34.0,0,1,1,0.6,0.6,1.1,9,1,11.1,0.0,0.0,-0.6,82.7,10,89,6,52,30,32,206,2144,1196,47.1,110
Diogo Leite,pt POR,DF,Union Berlin,de Bundesliga,25,30,29,2546,28.3,1,2,3,1.4,1.4,1.0,18,8,44.4,0.06,0.13,-0.4,78.6,13,116,20,64,32,57,162,1803,853,66.7,104
Maxim Leitsch,de GER,DF,Mainz 05,de Bundesliga,26,14,6,674,7.5,1,0,1,1.2,1.2,0.2,6,1,16.7,0.17,1.0,-0.2,78.1,2,25,4,12,4,10,42,473,173,0.0,36
Florian Lejeune,fr FRA,DF,Rayo Vallecano,es La Liga,33,37,37,3325,36.9,2,3,5,3.6,3.6,1.9,58,17,29.3,0.03,0.12,-1.6,83.8,14,143,21,46,28,41,181,2486,1469,66.7,156
Stefan Lekovic,rs SRB,DF,Monza,it Serie A,20,7,3,367,4.1,0,0,0,0.1,0.1,0.0,3,0,0.0,0.0,,-0.1,86.2,0,15,4,9,4,7,5,225,128,66.7,18
Iñigo Lekue,es ESP,DF,Athletic Club,es La Liga,31,16,8,773,8.6,0,0,0,0.2,0.2,0.5,2,0,0.0,0.0,,-0.2,78.6,8,35,13,15,12,9,29,521,245,42.9,39
Nunzio Lella,it ITA,MF,Venezia,it Serie A,24,1,0,5,0.1,0,0,0,0.0,0.0,0.0,0,0,,,,0.0,100.0,0,0,0,0,0,0,0,1,2,,0
Thomas Lemar,fr FRA,MF,Atlético Madrid,es La Liga,28,5,0,85,0.9,0,0,0,0.3,0.3,0.2,2,1,50.0,0.0,0.0,-0.3,83.8,2,8,1,2,1,0,1,78,55,0.0,3
Félix Lemaréchal,fr FRA,"MF,FW",Strasbourg,fr Ligue 1,20,27,20,1779,19.8,4,3,7,3.5,3.5,2.9,25,9,36.0,0.16,0.44,0.5,79.4,29,58,35,35,24,14,19,935,466,50.0,62
Mario Lemina,ga GAB,"MF,DF",Wolves,eng Premier League,30,17,15,1364,15.2,1,3,4,1.4,1.4,1.1,18,5,27.8,0.06,0.2,-0.4,80.4,10,48,8,51,31,27,50,809,382,62.5,73
Clément Lenglet,fr FRA,DF,Atlético Madrid,es La Liga,29,23,23,1972,21.9,2,1,3,2.4,2.4,1.1,10,4,40.0,0.2,0.5,-0.4,87.5,5,79,16,27,17,22,104,1583,1065,100.0,74
Giovanni Leoni,it ITA,DF,Parma,it Serie A,17,17,14,1199,13.3,1,0,1,0.1,0.1,0.0,2,1,50.0,0.5,1.0,0.9,87.7,1,21,0,14,6,15,63,774,449,100.0,34
Esteban Lepaul,fr FRA,FW,Angers,fr Ligue 1,24,28,18,1629,18.1,9,0,9,5.1,5.1,0.8,41,17,41.5,0.22,0.53,3.9,67.1,7,20,26,11,6,4,10,504,246,28.6,45
Johann Lepenant,fr FRA,MF,Nantes,fr Ligue 1,21,29,23,2048,22.8,2,1,3,1.4,1.4,0.9,20,5,25.0,0.1,0.4,0.6,80.3,8,89,25,68,33,18,25,992,502,50.0,89
Jefferson Lerma,co COL,"MF,DF",Crystal Palace,eng Premier League,29,33,26,2274,25.3,0,1,1,1.1,1.1,1.6,26,8,30.8,0.0,0.0,-1.1,75.3,10,97,13,35,17,42,80,1406,649,53.8,154
Louis Leroux,fr FRA,"MF,DF",Nantes,fr Ligue 1,18,16,8,816,9.1,2,1,3,1.5,1.5,1.3,9,5,55.6,0.22,0.4,0.5,82.7,12,31,11,25,18,8,19,411,214,40.0,43
Robert Lewandowski,pl POL,FW,Barcelona,es La Liga,35,34,32,2667,29.6,27,2,29,27.1,24.0,2.3,111,45,40.5,0.22,0.53,-0.1,73.4,19,48,27,10,5,3,26,841,472,57.1,45
Jamie Leweling,de GER,"MF,FW",Stuttgart,de Bundesliga,23,27,22,1663,18.5,2,2,4,1.6,1.6,3.8,29,16,55.2,0.07,0.13,0.4,70.5,25,51,55,16,6,11,17,801,540,50.0,73
Rico Lewis,eng ENG,"DF,MF",Manchester City,eng Premier League,19,28,21,1893,21.0,1,2,3,1.4,1.4,0.3,10,2,20.0,0.1,0.5,-0.4,91.5,7,107,39,30,19,13,45,1477,865,42.9,95
Keane Lewis-Potter,eng ENG,"DF,FW",Brentford,eng Premier League,23,38,36,3093,34.4,1,3,4,3.1,3.1,3.2,28,14,50.0,0.04,0.07,-2.1,77.1,26,98,98,49,27,21,76,1613,868,40.6,146
Myles Lewis-Skelly,eng ENG,DF,Arsenal,eng Premier League,17,23,15,1369,15.2,1,0,1,0.2,0.2,0.4,3,1,33.3,0.33,1.0,0.8,91.2,8,71,37,22,14,7,27,905,526,42.9,53
Ben Lhassine Kone,ci CIV,MF,Como,it Serie A,24,4,0,51,0.6,0,0,0,0.0,0.0,0.0,1,0,0.0,0.0,,0.0,95.8,0,3,0,2,2,1,1,35,25,100.0,7
Mattia Liberali,it ITA,MF,Milan,it Serie A,17,1,1,61,0.7,0,0,0,0.1,0.1,0.0,2,0,0.0,0.0,,-0.1,77.4,1,5,1,2,1,0,0,38,30,0.0,4
Philipp Lienhart,at AUT,DF,Freiburg,de Bundesliga,28,32,31,2770,30.8,1,0,1,0.5,0.5,0.8,8,1,12.5,0.13,1.0,0.5,86.2,6,138,44,22,13,36,124,2520,1444,40.0,113
Matthijs de Ligt,nl NED,DF,Manchester Utd,eng Premier League,24,29,25,2123,23.6,2,0,2,2.5,2.5,0.3,18,9,50.0,0.11,0.22,-0.5,89.9,6,55,7,30,22,33,96,1608,1078,50.0,68
Pedro Lima,br BRA,DF,Wolves,eng Premier League,18,3,1,70,0.8,0,0,0,0.1,0.1,0.1,1,1,100.0,0.0,0.0,-0.1,73.7,2,4,4,1,0,2,5,48,22,33.3,3
Victor Lindelöf,se SWE,DF,Manchester Utd,eng Premier League,30,16,6,704,7.8,0,0,0,0.0,0.0,0.1,0,0,,,,0.0,93.8,3,26,5,7,2,8,36,452,263,,29
Jesper Lindstrøm,dk DEN,FW,Everton,eng Premier League,24,25,15,1239,13.8,0,1,1,2.1,2.1,2.0,28,10,35.7,0.0,0.0,-2.1,69.4,19,25,30,45,25,12,17,625,302,18.6,70
Karol Linetty,pl POL,MF,Torino,it Serie A,29,28,18,1540,17.1,1,0,1,1.1,1.1,0.9,17,4,23.5,0.06,0.25,-0.1,84.6,10,47,18,39,23,12,31,732,397,33.3,63
Samuel Lino,br BRA,"MF,DF",Atlético Madrid,es La Liga,24,31,21,1552,17.2,3,4,7,6.0,6.0,2.9,45,18,40.0,0.07,0.17,-3.0,79.4,22,73,72,33,17,8,13,1038,678,48.2,85
Pol Lirola,es ESP,DF,Marseille,fr Ligue 1,26,19,5,680,7.6,1,2,3,0.6,0.6,0.7,6,1,16.7,0.17,1.0,0.4,83.1,8,21,12,13,9,4,12,460,248,33.3,29
Dailon Livramento,cv CPV,"FW,MF",Hellas Verona,it Serie A,23,29,8,940,10.4,1,1,2,1.8,1.8,0.9,13,4,30.8,0.08,0.25,-0.8,53.9,8,13,23,15,11,3,9,307,161,24.0,21
Valentino Livramento,eng ENG,DF,Newcastle Utd,eng Premier League,21,37,32,2840,31.6,0,1,1,0.3,0.3,2.6,6,2,33.3,0.0,0.0,-0.3,85.4,25,158,83,54,36,23,108,1964,1023,44.6,189
Marin Ljubicic,hr CRO,"FW,MF",Union Berlin,de Bundesliga,22,13,1,281,3.1,1,1,2,0.4,0.4,0.6,2,1,50.0,0.5,1.0,0.6,56.7,2,6,1,2,1,0,7,90,52,33.3,12
Javier Llabrés,es ESP,FW,Mallorca,es La Liga,21,1,1,57,0.6,0,0,0,0.0,0.0,0.1,1,0,0.0,0.0,,0.0,83.3,1,3,3,0,0,0,0,29,17,,3
Diego Llorente,es ESP,DF,Betis,es La Liga,30,30,29,2519,28.0,2,0,2,1.5,1.5,0.3,11,4,36.4,0.18,0.5,0.5,86.7,6,81,7,36,20,43,154,1915,1127,66.7,93
Marcos Llorente,es ESP,"DF,MF",Atlético Madrid,es La Liga,29,33,28,2513,27.9,2,4,6,0.8,0.8,4.3,16,5,31.3,0.13,0.4,1.2,85.5,28,111,82,69,52,27,51,1808,1116,46.7,131
Gautier Lloris,fr FRA,DF,Le Havre,fr Ligue 1,29,31,31,2768,30.8,2,1,3,1.2,1.2,0.9,11,2,18.2,0.18,1.0,0.8,87.2,5,99,13,68,43,34,192,1885,1028,57.1,100
Giovani Lo Celso,ar ARG,"MF,FW",Betis,es La Liga,28,25,15,1457,16.2,8,3,11,4.8,2.4,4.9,31,16,51.6,0.19,0.38,3.2,79.0,43,132,26,34,22,5,3,1167,702,38.2,76
Stanislav Lobotka,sk SVK,MF,Napoli,it Serie A,29,32,31,2636,29.3,0,1,1,0.3,0.3,1.2,7,0,0.0,0.0,,-0.3,90.8,17,118,30,47,30,21,57,1967,1123,72.7,166
Manuel Locatelli,it ITA,MF,Juventus,it Serie A,26,36,34,2822,31.4,2,2,4,1.8,1.0,2.5,24,7,29.2,0.04,0.14,0.2,87.8,29,294,33,72,49,23,77,2752,1559,36.4,141
Bradley Locko,fr FRA,DF,Brest,fr Ligue 1,22,2,1,97,1.1,0,0,0,0.0,0.0,0.0,1,0,0.0,0.0,,0.0,88.1,0,2,1,2,2,1,3,56,27,100.0,2
Ruben Loftus-Cheek,eng ENG,MF,Milan,it Serie A,28,19,10,1037,11.5,0,0,0,0.7,0.7,1.9,9,2,22.2,0.0,0.0,-0.7,89.7,16,51,27,19,8,3,20,593,362,47.8,48
Elysée Logbo,fr FRA,FW,Le Havre,fr Ligue 1,20,1,0,27,0.3,0,0,0,0.2,0.2,0.0,1,0,0.0,0.0,,-0.2,75.0,0,0,0,0,0,0,0,6,5,,1
Enzo Loiodice,fr FRA,MF,Las Palmas,es La Liga,23,17,7,684,7.6,0,0,0,0.3,0.3,0.2,7,4,57.1,0.0,0.0,-0.3,85.1,5,31,3,17,7,10,7,532,279,30.8,29
Sean Longstaff,eng ENG,MF,Newcastle Utd,eng Premier League,26,25,8,798,8.9,0,0,0,0.6,0.6,0.2,6,1,16.7,0.0,0.0,-0.6,84.5,4,40,4,27,16,7,8,434,248,28.6,31
Ademola Lookman,ng NGA,"MF,FW",Atalanta,it Serie A,26,31,28,2247,25.0,15,5,20,10.3,9.5,7.1,81,32,39.5,0.17,0.44,4.7,72.5,61,73,142,32,15,3,5,1274,827,35.6,69
David López,es ESP,DF,Mallorca,es La Liga,21,2,2,169,1.9,0,0,0,0.0,0.0,0.0,0,0,,,,0.0,81.1,0,4,0,3,2,1,10,71,38,,2
David López,es ESP,DF,Girona,es La Liga,34,29,27,2429,27.0,1,1,2,0.9,0.9,0.6,12,3,25.0,0.08,0.33,0.1,92.1,4,132,17,32,24,14,111,2263,1405,66.7,95
Diego López,es ESP,"MF,FW",Valencia,es La Liga,22,38,35,2737,30.4,8,5,13,6.6,6.6,5.0,44,14,31.8,0.18,0.57,1.4,72.1,38,85,76,31,18,16,15,1257,715,29.9,105
Fermin López,es ESP,"MF,FW",Barcelona,es La Liga,21,28,12,1252,13.9,6,5,11,5.6,5.6,3.9,41,15,36.6,0.15,0.4,0.4,81.8,29,79,31,19,15,5,3,858,490,45.5,66
Javi López,es ESP,DF,Real Sociedad,es La Liga,22,29,21,1936,21.5,0,0,0,0.1,0.1,0.4,5,1,20.0,0.0,0.0,-0.1,78.4,5,73,36,40,23,11,59,1247,571,46.2,92
Roberto López,es ESP,MF,Leganés,es La Liga,24,13,3,396,4.4,0,1,1,0.5,0.5,0.9,6,1,16.7,0.0,0.0,-0.5,73.1,10,20,3,8,6,1,7,242,122,50.0,28
Unai López,es ESP,MF,Rayo Vallecano,es La Liga,28,32,23,1707,19.0,3,1,4,1.6,1.6,1.0,26,11,42.3,0.12,0.27,1.4,84.2,19,112,22,31,21,21,20,1410,828,65.2,117
Iker Losada,es ESP,"FW,MF",Celta Vigo,es La Liga,22,12,4,358,4.0,1,0,1,1.1,1.1,0.3,3,2,66.7,0.33,0.5,-0.1,75.0,5,17,9,3,3,1,8,162,87,40.0,8
Iker Losada,es ESP,"MF,FW",Betis,es La Liga,22,10,3,336,3.7,0,0,0,0.5,0.5,0.3,5,1,20.0,0.0,0.0,-0.5,75.4,6,14,9,10,7,3,2,180,101,33.3,19
Anthony Losilla,fr FRA,MF,Bochum,de Bundesliga,38,21,13,1137,12.6,0,0,0,0.1,0.1,0.4,5,0,0.0,0.0,,-0.1,76.6,7,45,3,30,16,18,27,547,223,20.0,45
Jordan Lotomba,ch SUI,"MF,DF",Nice,fr Ligue 1,25,2,0,35,0.4,0,0,0,0.0,0.0,0.0,0,0,,,,0.0,81.0,0,3,4,0,0,0,1,24,19,33.3,2
Tom Louchet,fr FRA,"DF,MF",Nice,fr Ligue 1,21,22,7,775,8.6,1,0,1,0.8,0.8,1.2,12,4,33.3,0.08,0.25,0.2,81.7,14,36,19,27,17,18,20,579,246,30.8,36
Sandi Lovrić,si SVN,MF,Udinese,it Serie A,26,36,31,2308,25.6,2,3,5,2.6,2.6,3.4,49,12,24.5,0.04,0.17,-0.6,78.7,32,120,60,46,29,22,27,1258,670,43.8,118
Pol Lozano,es ESP,MF,Espanyol,es La Liga,24,30,27,1943,21.6,0,1,1,0.2,0.2,0.8,8,2,25.0,0.0,0.0,-0.2,83.8,17,115,18,53,34,22,31,1026,506,26.3,86
Lorenzo Lucca,it ITA,FW,Udinese,it Serie A,23,33,27,2353,26.1,12,1,13,7.6,6.8,1.6,64,25,39.1,0.17,0.44,4.4,64.0,14,18,15,10,6,7,27,641,350,48.0,44
Jhon Lucumí,co COL,DF,Bologna,it Serie A,26,32,29,2614,29.0,0,1,1,0.6,0.6,0.4,13,2,15.4,0.0,0.0,-0.6,91.1,8,108,34,53,30,26,88,2294,1464,71.4,176
Yannik Lührs,de GER,DF,Dortmund,de Bundesliga,20,3,1,127,1.4,0,0,0,0.0,0.0,0.0,0,0,,,,0.0,91.6,1,1,2,1,1,2,4,176,131,,5
José Luis Gayà,es ESP,DF,Valencia,es La Liga,29,23,22,1803,20.0,0,1,1,1.0,1.0,2.6,12,4,33.3,0.0,0.0,-1.0,77.8,24,59,29,57,40,25,61,1202,555,35.0,93
José Luis Palomino,ar ARG,DF,Cagliari,it Serie A,34,18,10,1081,12.0,1,0,1,0.5,0.5,0.0,2,1,50.0,0.5,1.0,0.5,86.7,1,35,4,27,15,22,46,707,384,0.0,50
Douglas Luiz,br BRA,MF,Juventus,it Serie A,26,19,3,529,5.9,0,0,0,0.6,0.6,1.0,8,2,25.0,0.0,0.0,-0.6,86.5,15,35,16,13,8,4,5,487,276,78.6,31
Romelu Lukaku,be BEL,FW,Napoli,it Serie A,31,36,35,2843,31.6,14,10,24,13.0,9.8,4.0,60,20,33.3,0.18,0.55,1.0,71.0,35,36,31,4,2,1,17,725,380,23.1,34
Castello Lukeba,fr FRA,DF,RB Leipzig,de Bundesliga,21,23,18,1577,17.5,0,0,0,0.4,0.4,0.2,4,1,25.0,0.0,0.0,-0.4,85.1,4,80,18,31,17,17,74,1445,806,62.5,74
Dodi Lukebakio,be BEL,FW,Sevilla,es La Liga,26,38,36,3092,34.4,11,2,13,10.1,9.3,4.5,93,38,40.9,0.11,0.26,0.9,74.1,54,93,131,22,14,11,17,1494,889,50.3,120
Saša Lukić,rs SRB,MF,Fulham,eng Premier League,27,30,28,2344,26.0,0,2,2,1.2,1.2,2.7,18,2,11.1,0.0,0.0,-1.2,87.3,26,98,39,68,39,28,35,1493,825,47.1,109
Milos Lukovic,rs SRB,"FW,MF",Strasbourg,fr Ligue 1,18,2,0,12,0.1,0,0,0,0.0,0.0,0.0,0,0,,,,0.0,66.7,0,0,0,0,0,0,0,4,3,,0
Daniel Luna,co COL,MF,Mallorca,es La Liga,21,2,0,20,0.2,0,0,0,0.0,0.0,0.0,0,0,,,,0.0,61.5,0,0,1,0,0,0,0,17,11,33.3,2
Massimo Luongo,au AUS,MF,Ipswich Town,eng Premier League,31,11,2,201,2.2,0,0,0,0.0,0.0,0.0,0,0,,,,0.0,75.8,0,6,0,9,6,2,2,87,46,,10
Sebastiano Luperto,it ITA,DF,Cagliari,it Serie A,27,36,36,3240,36.0,1,3,4,2.2,2.2,1.3,21,5,23.8,0.05,0.2,-1.2,83.9,8,96,22,48,27,33,161,1913,1060,16.7,139
Zito Luvumbo,ao ANG,"FW,MF",Cagliari,it Serie A,22,26,19,1606,17.8,2,2,4,2.1,2.1,3.1,23,4,17.4,0.09,0.5,-0.1,59.9,17,31,70,10,6,4,4,477,347,39.7,50
Charalambos Lykogiannis,gr GRE,DF,Bologna,it Serie A,30,17,12,1048,11.6,0,4,4,0.2,0.2,1.6,6,2,33.3,0.0,0.0,-0.2,71.4,19,49,10,23,14,11,41,810,368,50.0,35
Senne Lynen,be BEL,MF,Werder Bremen,de Bundesliga,25,32,32,2733,30.4,0,1,1,1.1,1.1,0.6,24,3,12.5,0.0,0.0,-1.1,82.9,8,91,9,72,39,65,75,1717,849,42.9,191
Mathias Løvik,no NOR,"DF,FW",Parma,it Serie A,20,6,0,92,1.0,0,0,0,0.1,0.1,0.1,1,0,0.0,0.0,,-0.1,74.1,1,1,0,1,0,2,3,70,42,50.0,2
Othmane Maamma,ma MAR,"FW,MF",Montpellier,fr Ligue 1,18,12,2,361,4.0,1,1,2,0.7,0.7,0.2,10,3,30.0,0.1,0.33,0.3,65.4,3,2,8,3,1,1,2,149,95,23.3,12
Ian Maatsen,nl NED,DF,Aston Villa,eng Premier League,22,29,10,1139,12.7,1,2,3,0.9,0.9,2.7,19,5,26.3,0.05,0.2,0.1,81.5,19,50,31,29,17,15,39,917,505,44.8,67
Alexis Mac Allister,ar ARG,MF,Liverpool,eng Premier League,25,35,30,2599,28.9,5,5,10,2.8,2.8,4.7,38,13,34.2,0.13,0.38,2.2,83.5,45,177,36,95,58,22,29,1860,914,38.1,148
Deiver Machado,co COL,"DF,MF",Lens,fr Ligue 1,30,27,20,1805,20.1,1,4,5,2.3,2.3,2.1,23,5,21.7,0.04,0.2,-1.3,83.6,20,45,42,36,26,16,34,1123,605,48.9,89
Lanroy Machine,fr FRA,FW,Angers,fr Ligue 1,18,2,0,8,0.1,0,0,0,0.1,0.1,0.0,1,0,0.0,0.0,,-0.1,60.0,0,0,0,0,0,0,0,7,4,,1
Shuto Machino,jp JPN,"FW,MF",Holstein Kiel,de Bundesliga,24,32,23,1953,21.7,11,2,13,6.5,4.9,3.0,49,21,42.9,0.18,0.43,4.5,64.2,27,59,30,8,5,7,28,899,449,55.6,50
Darwin Machís,ve VEN,"MF,FW",Valladolid,es La Liga,31,18,7,639,7.1,0,1,1,0.9,0.9,0.5,14,2,14.3,0.0,0.0,-0.9,59.7,8,19,17,5,4,5,13,334,173,25.0,34
Yvann Macon,fr FRA,DF,Saint-Étienne,fr Ligue 1,25,12,10,790,8.8,0,0,0,0.3,0.3,0.2,10,2,20.0,0.0,0.0,-0.3,73.8,6,46,25,19,11,2,10,493,256,47.4,42
James Maddison,eng ENG,MF,Tottenham,eng Premier League,27,31,21,1809,20.1,9,7,16,5.8,5.8,4.2,39,17,43.6,0.23,0.53,3.2,81.3,41,164,45,31,19,12,19,1464,1026,42.9,76
Eros Maddy,nl NED,DF,Auxerre,fr Ligue 1,23,2,0,15,0.2,0,0,0,0.0,0.0,0.1,0,0,,,,0.0,100.0,1,1,1,0,0,0,0,8,7,0.0,0
Noni Madueke,eng ENG,FW,Chelsea,eng Premier League,22,32,27,2033,22.6,7,3,10,9.6,9.6,4.2,80,30,37.5,0.09,0.23,-2.6,77.4,32,69,154,25,18,10,11,980,641,44.1,84
Pablo Maffeo,es ESP,DF,Mallorca,es La Liga,27,30,28,2368,26.3,0,2,2,0.3,0.3,4.1,7,1,14.3,0.0,0.0,-0.3,70.8,29,74,46,60,40,25,103,1389,671,47.1,107
Gabriel Magalhães,br BRA,DF,Arsenal,eng Premier League,26,28,28,2363,26.3,3,1,4,2.6,2.6,0.9,22,5,22.7,0.14,0.6,0.4,90.2,13,126,10,25,15,16,93,1873,1116,80.0,63
Soungoutou Magassa,fr FRA,MF,Monaco,fr Ligue 1,20,21,12,1025,11.4,0,1,1,0.5,0.5,0.9,8,3,37.5,0.0,0.0,-0.5,84.6,7,63,6,47,25,21,19,781,386,65.2,90
Edmond-Paris Maghoma,eng ENG,"MF,FW",Brentford,eng Premier League,23,8,0,119,1.3,0,0,0,0.1,0.1,0.1,1,0,0.0,0.0,,-0.1,90.5,1,13,4,2,1,1,2,101,68,75.0,7
Giangiacomo Magnani,it ITA,DF,Hellas Verona,it Serie A,28,17,11,1065,11.8,1,0,1,1.1,1.1,0.0,11,2,18.2,0.09,0.5,-0.1,80.7,1,31,4,20,15,17,73,540,251,25.0,38
Hugo Magnetti,fr FRA,MF,Brest,fr Ligue 1,26,32,27,2323,25.8,1,0,1,0.8,0.8,0.4,19,6,31.6,0.05,0.17,0.2,84.9,6,80,21,52,32,18,37,1315,694,37.5,111
Frank Magri,cm CMR,"FW,MF",Toulouse,fr Ligue 1,24,31,17,1516,16.8,5,1,6,6.0,6.0,1.5,44,18,40.9,0.11,0.28,-1.0,70.9,9,25,17,8,2,4,11,420,244,22.2,21
Harry Maguire,eng ENG,DF,Manchester Utd,eng Premier League,31,27,19,1758,19.5,1,0,1,1.8,1.8,0.6,15,6,40.0,0.07,0.17,-0.8,85.5,9,51,7,30,15,40,78,1328,782,40.0,68
Jon Magunazelaia,es ESP,MF,Real Sociedad,es La Liga,23,2,0,7,0.1,0,0,0,0.0,0.0,0.0,0,0,,,,0.0,53.8,0,1,0,1,1,0,0,16,9,,5
Arne Maier,de GER,MF,Augsburg,de Bundesliga,25,28,7,938,10.4,0,0,0,1.5,1.5,1.5,18,6,33.3,0.0,0.0,-1.5,76.5,25,44,19,13,7,6,14,699,390,43.8,72
Patrick Mainka,de GER,DF,Heidenheim,de Bundesliga,29,34,34,3060,34.0,1,1,2,1.9,1.9,0.3,25,8,32.0,0.04,0.13,-0.9,85.4,7,102,21,58,30,68,206,2136,1171,54.5,152
Kobbie Mainoo,eng ENG,MF,Manchester Utd,eng Premier League,19,25,19,1651,18.3,0,0,0,0.7,0.7,1.6,15,2,13.3,0.0,0.0,-0.7,86.5,14,65,22,46,29,19,14,1061,652,46.0,88
Ainsley Maitland-Niles,eng ENG,DF,Lyon,fr Ligue 1,26,32,20,1985,22.1,1,4,5,2.9,2.9,3.4,22,7,31.8,0.05,0.14,-1.9,85.0,27,102,33,71,44,25,61,1509,750,42.5,89
Lovro Majer,hr CRO,MF,Wolfsburg,de Bundesliga,26,9,3,304,3.4,2,1,3,1.4,0.6,1.1,6,4,66.7,0.17,0.25,0.6,69.5,8,17,8,2,1,1,2,175,111,50.0,12
Hamidou Makalou,ml MLI,"FW,MF",Brest,fr Ligue 1,18,4,0,32,0.4,0,0,0,0.0,0.0,0.0,0,0,,,,0.0,94.4,0,2,1,0,0,0,0,23,16,100.0,3
Jordy Makengo,fr FRA,DF,Freiburg,de Bundesliga,22,19,7,745,8.3,0,0,0,0.0,0.0,0.2,0,0,,,,0.0,79.1,2,15,9,16,9,7,29,393,203,33.3,26
Antoine Makoumbou,cg CGO,MF,Cagliari,it Serie A,26,33,27,2150,23.9,0,3,3,0.3,0.3,0.9,7,0,0.0,0.0,,-0.3,88.8,8,92,11,42,23,17,28,1367,818,52.6,109
Nikola Maksimović,rs SRB,DF,Montpellier,fr Ligue 1,32,7,7,581,6.5,0,0,0,0.0,0.0,0.0,1,0,0.0,0.0,,0.0,92.9,2,11,1,9,5,6,30,378,214,100.0,14
Tyrell Malacia,nl NED,DF,Manchester Utd,eng Premier League,24,3,2,100,1.1,0,0,0,0.0,0.0,0.0,0,0,,,,0.0,89.1,1,3,3,2,1,1,1,62,37,100.0,3
Jarzinho Malanga,de GER,DF,Stuttgart,de Bundesliga,18,1,0,2,0.0,0,0,0,0.0,0.0,0.0,0,0,,,,0.0,100.0,0,0,0,0,0,0,0,3,1,,0
Julián Malatini,ar ARG,DF,Werder Bremen,de Bundesliga,23,10,5,454,5.0,1,1,2,0.2,0.2,0.5,3,1,33.3,0.33,1.0,0.8,86.4,2,24,8,11,9,7,17,363,224,66.7,19
Daniel Maldini,it ITA,"MF,FW",Monza,it Serie A,22,20,16,1306,14.5,3,0,3,4.8,4.8,0.9,39,13,33.3,0.08,0.23,-1.8,68.3,12,34,41,14,6,4,12,584,388,41.7,52
Daniel Maldini,it ITA,"FW,MF",Atalanta,it Serie A,22,10,2,258,2.9,3,0,3,1.9,1.9,0.2,10,5,50.0,0.3,0.6,1.1,62.9,3,7,12,2,2,2,3,140,95,33.3,8
Youssef Maleh,ma MAR,MF,Empoli,it Serie A,25,22,17,1510,16.8,0,1,1,0.9,0.9,0.9,17,3,17.6,0.0,0.0,-0.9,71.1,12,72,10,45,23,16,25,744,299,30.8,96
Donyell Malen,nl NED,FW,Aston Villa,eng Premier League,25,14,2,305,3.4,3,0,3,2.2,2.2,0.2,15,9,60.0,0.2,0.33,0.8,68.8,3,6,12,7,4,0,1,129,79,36.4,9
Donyell Malen,nl NED,"FW,MF",Dortmund,de Bundesliga,25,14,6,614,6.8,3,0,3,2.9,2.9,0.2,19,6,31.6,0.16,0.5,0.1,71.6,1,17,23,0,0,3,6,278,187,34.4,15
Ruslan Malinovskyi,ua UKR,"MF,FW",Genoa,it Serie A,31,9,4,383,4.3,0,2,2,0.2,0.2,1.5,9,3,33.3,0.0,0.0,-0.2,81.6,8,32,3,12,8,1,4,242,151,75.0,16
Lennard Maloney,us USA,MF,Heidenheim,de Bundesliga,24,11,10,760,8.4,0,0,0,0.3,0.3,0.0,3,0,0.0,0.0,,-0.3,71.6,1,14,1,20,11,14,38,378,147,25.0,40
Lennard Maloney,us USA,MF,Mainz 05,de Bundesliga,24,5,0,26,0.3,0,0,0,0.0,0.0,0.0,0,0,,,,0.0,57.1,0,0,1,2,1,0,3,28,5,,1
Aaron Malouda,fr FRA,FW,Lille,fr Ligue 1,18,1,0,2,0.0,0,0,0,0.0,0.0,0.0,0,0,,,,0.0,,0,0,0,0,0,0,0,0,1,,0
Dennis Man,ro ROU,"FW,MF",Parma,it Serie A,25,33,23,1995,22.2,4,4,8,5.5,5.5,4.2,49,20,40.8,0.08,0.2,-1.5,79.6,45,60,67,13,6,8,11,1027,665,33.3,72
Hianga Mananga Mbock,fr FRA,MF,Brest,fr Ligue 1,24,1,0,21,0.2,0,0,0,0.0,0.0,0.0,1,1,100.0,0.0,0.0,0.0,82.4,0,0,0,0,0,1,0,19,14,,0
Gianluca Mancini,it ITA,DF,Roma,it Serie A,28,37,36,3143,34.9,2,0,2,1.7,1.7,0.9,22,5,22.7,0.09,0.4,0.3,86.0,14,139,45,42,26,35,103,2240,1341,11.1,99
Reinildo Mandava,mz MOZ,DF,Atlético Madrid,es La Liga,30,19,10,941,10.5,0,0,0,0.1,0.1,0.1,1,1,100.0,0.0,0.0,-0.1,84.2,2,34,14,18,11,16,35,717,421,22.2,52
Aïssa Mandi,dz ALG,DF,Lille,fr Ligue 1,32,24,20,1733,19.3,0,0,0,0.3,0.3,0.4,6,2,33.3,0.0,0.0,-0.3,88.7,5,82,12,31,17,15,54,1395,736,75.0,67
Rolando Mandragora,it ITA,MF,Fiorentina,it Serie A,27,28,22,1856,20.6,4,2,6,2.7,1.9,4.8,37,14,37.8,0.08,0.21,1.3,77.8,31,92,11,23,13,15,54,1119,580,50.0,61
Orel Mangala,be BEL,MF,Everton,eng Premier League,26,19,14,1261,14.0,1,0,1,1.1,1.1,0.6,16,6,37.5,0.06,0.17,-0.1,89.2,8,34,6,16,8,21,24,621,298,58.3,49
Orel Mangala,be BEL,MF,Lyon,fr Ligue 1,26,1,1,67,0.7,0,0,0,0.1,0.1,0.0,1,0,0.0,0.0,,-0.1,90.6,1,7,1,1,0,0,1,42,26,0.0,6
Ryan Manning,ie IRL,"DF,MF",Southampton,eng Premier League,28,24,18,1462,16.2,0,1,1,0.3,0.3,3.2,8,1,12.5,0.0,0.0,-0.3,77.1,34,35,14,28,17,17,47,968,483,30.6,65
Javier Manquillo,es ESP,DF,Celta Vigo,es La Liga,30,10,7,515,5.7,0,0,0,0.0,0.0,0.0,0,0,,,,0.0,89.8,0,24,3,7,5,7,14,413,248,0.0,18
Johan Manzambi,ch SUI,"FW,MF",Freiburg,de Bundesliga,18,11,4,335,3.7,2,1,3,1.3,1.3,0.4,11,3,27.3,0.18,0.67,0.7,75.5,3,10,7,8,2,4,7,209,118,60.0,14
Alberto Manzoni,it ITA,MF,Atalanta,it Serie A,19,1,0,6,0.1,0,0,0,0.1,0.1,0.0,1,0,0.0,0.0,,-0.1,91.7,0,0,0,0,0,0,0,14,8,,0
Sekou Mara,fr FRA,"FW,MF",Strasbourg,fr Ligue 1,22,25,7,768,8.5,1,1,2,2.0,2.0,1.0,19,5,26.3,0.05,0.2,-1.0,69.2,5,11,9,9,6,3,3,303,181,40.7,21
Alessandro Marcandalli,it ITA,DF,Genoa,it Serie A,21,2,1,46,0.5,0,0,0,0.0,0.0,0.0,0,0,,,,0.0,60.0,0,1,0,1,0,0,2,24,11,,3
Alessandro Marcandalli,it ITA,DF,Venezia,it Serie A,21,8,5,354,3.9,0,0,0,0.3,0.3,0.0,2,1,50.0,0.0,0.0,-0.3,73.3,0,10,2,8,6,2,26,200,89,0.0,16
Marcão,br BRA,DF,Sevilla,es La Liga,28,12,6,552,6.1,0,0,0,0.0,0.0,0.0,0,0,,,,0.0,90.2,0,19,0,10,7,7,29,382,216,40.0,27
Solly March,eng ENG,"FW,MF",Brighton,eng Premier League,30,8,1,168,1.9,0,0,0,0.1,0.1,0.3,2,0,0.0,0.0,,-0.1,63.2,3,2,5,6,3,2,2,118,57,25.0,7
Filip Marchwiński,pl POL,MF,Lecce,it Serie A,22,1,0,15,0.2,0,0,0,0.0,0.0,0.0,0,0,,,,0.0,80.0,0,0,0,0,0,0,0,5,3,,1
Óscar de Marcos,es ESP,DF,Athletic Club,es La Liga,35,26,17,1564,17.4,0,4,4,1.0,1.0,2.6,8,2,25.0,0.0,0.0,-1.0,79.2,19,102,26,32,15,16,35,1158,478,23.5,89
Alberto Marí,es ESP,FW,Valencia,es La Liga,23,1,0,7,0.1,0,0,0,0.0,0.0,0.0,0,0,,,,0.0,50.0,0,1,0,0,0,0,0,4,2,,0
Pablo Marí,es ESP,DF,Monza,it Serie A,30,19,19,1628,18.1,0,0,0,0.2,0.2,0.1,2,0,0.0,0.0,,-0.2,89.7,3,58,5,26,15,37,85,1296,765,100.0,59
Pablo Marí,es ESP,DF,Fiorentina,it Serie A,30,13,12,1098,12.2,0,0,0,0.1,0.1,0.0,5,1,20.0,0.0,0.0,-0.1,91.3,0,27,2,14,9,25,94,784,409,0.0,39
José María Giménez,uy URU,DF,Atlético Madrid,es La Liga,29,27,20,1999,22.2,0,1,1,0.4,0.4,0.2,5,1,20.0,0.0,0.0,-0.4,91.8,2,64,3,26,16,27,115,1582,1006,66.7,78
Luca Marianucci,it ITA,DF,Empoli,it Serie A,20,18,12,1069,11.9,0,0,0,0.6,0.6,0.2,8,2,25.0,0.0,0.0,-0.6,76.8,3,28,12,28,12,19,63,609,299,50.0,43
Mirko Marić,hr CRO,"FW,MF",Monza,it Serie A,29,8,1,106,1.2,0,0,0,0.2,0.2,0.0,1,0,0.0,0.0,,-0.2,63.4,1,3,1,1,0,1,1,54,25,100.0,4
Mirko Marić,hr CRO,FW,Venezia,it Serie A,29,10,4,356,4.0,0,0,0,0.6,0.6,0.0,6,0,0.0,0.0,,-0.6,74.6,2,9,4,6,3,1,10,161,83,33.3,11
Arkaitz Mariezkurrena,es ESP,"FW,MF",Real Sociedad,es La Liga,19,9,1,241,2.7,2,0,2,1.0,1.0,0.1,10,5,50.0,0.2,0.4,1.0,69.1,2,4,3,1,0,1,4,105,60,60.0,10
Rafa Marín,es ESP,DF,Napoli,it Serie A,22,4,1,142,1.6,0,0,0,0.2,0.2,0.0,2,1,50.0,0.0,0.0,-0.2,97.5,0,5,2,1,0,1,4,131,78,,4
Pablo Marín,es ESP,MF,Real Sociedad,es La Liga,21,23,14,1239,13.8,1,2,3,1.4,1.4,1.0,21,7,33.3,0.05,0.14,-0.4,80.1,14,45,20,25,17,5,14,641,349,57.1,62
Răzvan Marin,ro ROU,MF,Cagliari,it Serie A,28,33,13,1406,15.6,3,2,5,2.4,0.8,3.6,21,8,38.1,0.05,0.13,0.6,76.1,34,84,22,22,13,2,20,860,471,54.2,70
Guillermo Maripán,cl CHI,DF,Torino,it Serie A,30,28,27,2340,26.0,1,1,2,0.9,0.9,1.0,12,5,41.7,0.08,0.2,0.1,86.3,5,96,14,40,23,41,138,1636,962,25.0,90
Mika Mármol,es ESP,DF,Las Palmas,es La Liga,23,30,27,2399,26.7,0,1,1,0.4,0.4,1.5,10,0,0.0,0.0,,-0.4,74.4,16,106,33,61,29,38,121,1820,793,46.7,78
Omar Marmoush,eg EGY,"FW,MF",Manchester City,eng Premier League,25,16,14,1175,13.1,7,0,7,5.5,5.5,2.8,49,17,34.7,0.14,0.41,1.5,79.2,15,37,29,13,8,6,3,504,320,43.5,37
Omar Marmoush,eg EGY,FW,Eint Frankfurt,de Bundesliga,25,17,17,1448,16.1,15,9,24,8.8,7.3,6.2,75,34,45.3,0.17,0.38,6.2,69.8,34,50,73,12,8,2,2,671,442,45.5,51
Mario Maroto,es ESP,MF,Valladolid,es La Liga,20,2,0,64,0.7,0,1,1,0.0,0.0,0.1,1,0,0.0,0.0,,0.0,75.6,1,2,0,0,0,2,2,49,22,100.0,2
Marquinhos,br BRA,DF,Paris S-G,fr Ligue 1,30,22,19,1725,19.2,2,0,2,1.1,1.1,0.8,8,3,37.5,0.25,0.67,0.9,94.9,9,151,29,30,19,11,64,1990,1335,75.0,103
Ange Martial Tia,ml MLI,"MF,DF",Reims,fr Ligue 1,17,6,2,171,1.9,0,0,0,1.3,1.3,0.0,4,2,50.0,0.0,0.0,-1.3,71.0,2,8,2,4,3,2,4,92,43,42.9,12
Aarón Martín,es ESP,DF,Genoa,it Serie A,27,36,35,3085,34.3,0,8,8,0.9,0.9,5.5,16,4,25.0,0.0,0.0,-0.9,72.5,65,90,50,71,47,19,73,1951,878,44.4,146
Carlos Martín,es ESP,"FW,MF",Alavés,es La Liga,22,26,16,1333,14.8,2,2,4,2.3,2.3,2.7,26,12,46.2,0.08,0.17,-0.3,65.3,13,21,13,43,21,5,20,612,305,25.0,55
Diego Martín,es ESP,FW,Las Palmas,es La Liga,20,2,0,40,0.4,0,0,0,0.0,0.0,0.0,1,0,0.0,0.0,,0.0,53.3,0,2,1,1,1,0,1,19,10,,1
Gerard Martín,es ESP,DF,Barcelona,es La Liga,22,28,11,1038,11.5,1,3,4,0.5,0.5,1.1,7,2,28.6,0.14,0.5,0.5,83.1,12,40,10,22,10,13,27,909,413,36.4,42
Iván Martín,es ESP,MF,Girona,es La Liga,25,32,24,2039,22.7,1,1,2,1.8,1.8,1.9,11,3,27.3,0.09,0.33,-0.8,90.2,22,131,57,32,19,11,15,1577,1044,53.2,110
Jon Martin,es ESP,DF,Real Sociedad,es La Liga,18,13,6,904,10.0,0,1,1,0.6,0.6,0.2,9,1,11.1,0.0,0.0,-0.6,86.8,4,34,4,11,9,7,80,677,375,,22
Jonas Martin,fr FRA,MF,Brest,fr Ligue 1,34,17,5,496,5.5,1,0,1,0.4,0.4,0.3,3,1,33.3,0.33,1.0,0.6,88.8,3,21,8,13,7,8,12,369,169,50.0,30
Mario Martín,es ESP,MF,Valladolid,es La Liga,20,30,20,1748,19.4,0,1,1,1.8,1.8,1.4,28,13,46.4,0.0,0.0,-1.8,84.5,12,66,18,62,32,21,46,1083,558,50.0,83
Gabriel Martinelli,br BRA,"FW,MF",Arsenal,eng Premier League,23,33,25,2290,25.4,8,4,12,7.4,7.4,5.0,55,24,43.6,0.15,0.33,0.6,71.4,40,52,124,23,15,5,19,994,670,30.3,78
Arnau Martinez,es ESP,"DF,MF",Girona,es La Liga,21,32,30,2624,29.2,2,2,4,1.2,1.2,2.2,19,6,31.6,0.11,0.33,0.8,86.4,18,162,41,51,28,31,76,2108,1183,54.1,125
Iñigo Martínez,es ESP,DF,Barcelona,es La Liga,33,28,28,2490,27.7,0,4,4,0.5,0.5,2.6,13,2,15.4,0.0,0.0,-0.5,91.0,16,260,70,25,14,18,108,2652,1711,100.0,126
Javi Martínez,es ESP,MF,Osasuna,es La Liga,24,1,0,6,0.1,0,0,0,0.0,0.0,0.0,0,0,,,,0.0,100.0,0,1,0,0,0,0,0,10,6,,0
Lautaro Martínez,ar ARG,FW,Inter,it Serie A,26,30,30,2474,27.5,12,3,15,13.5,13.5,4.3,99,33,33.3,0.12,0.36,-1.5,74.4,36,68,34,30,16,10,15,981,625,36.2,73
Lisandro Martínez,ar ARG,DF,Manchester Utd,eng Premier League,26,20,20,1751,19.5,2,1,3,1.3,1.3,1.1,17,6,35.3,0.12,0.33,0.7,89.4,9,117,23,40,24,32,57,1524,1017,85.7,81
Lucas Martínez Quarta,ar ARG,DF,Fiorentina,it Serie A,28,8,4,351,3.9,1,0,1,0.7,0.7,0.0,3,1,33.3,0.33,1.0,0.3,88.6,1,14,3,12,7,3,25,316,181,100.0,13
Ramón Martínez,es ESP,DF,Sevilla,es La Liga,21,5,2,261,2.9,1,0,1,0.3,0.3,0.1,4,3,75.0,0.25,0.33,0.7,91.5,1,5,1,6,3,2,23,167,85,100.0,5
Toni Martínez,es ESP,FW,Alavés,es La Liga,27,28,9,1012,11.2,4,0,4,3.6,3.6,0.6,46,15,32.6,0.09,0.27,0.4,58.3,11,11,13,12,7,1,15,401,162,60.0,30
Kevin Martins,it ITA,"MF,DF",Monza,it Serie A,19,9,1,183,2.0,0,1,1,0.0,0.0,0.4,0,0,,,,0.0,67.9,2,6,3,5,4,1,4,80,51,66.7,12
Javi Martón,es ESP,"FW,MF",Athletic Club,es La Liga,25,3,0,53,0.6,0,0,0,0.0,0.0,0.0,0,0,,,,0.0,85.7,0,0,0,0,0,0,0,14,6,,2
Adam Marušić,me MNE,DF,Lazio,it Serie A,31,35,26,2337,26.0,4,0,4,2.0,2.0,0.6,23,10,43.5,0.17,0.4,2.0,84.9,13,84,23,32,20,16,61,1433,683,43.5,83
Marvin,es ESP,"DF,FW",Las Palmas,es La Liga,24,23,9,1038,11.5,0,0,0,0.2,0.2,1.1,5,0,0.0,0.0,,-0.2,73.7,6,30,29,25,13,15,34,658,309,11.1,53
Omar Mascarell,gq EQG,MF,Mallorca,es La Liga,31,32,21,1992,22.1,1,0,1,0.5,0.5,0.2,9,2,22.2,0.11,0.5,0.5,84.0,3,75,10,27,13,49,59,1189,589,66.7,90
Adam Masina,ma MAR,DF,Torino,it Serie A,30,28,20,1919,21.3,1,2,3,0.7,0.7,0.3,8,2,25.0,0.13,0.5,0.3,84.1,4,73,15,33,15,27,95,1502,853,50.0,88
Patrizio Masini,it ITA,MF,Genoa,it Serie A,23,26,16,1538,17.1,1,0,1,0.4,0.4,0.2,8,1,12.5,0.13,1.0,0.6,76.9,6,44,16,54,29,15,37,878,391,40.0,87
Giorgos Masouras,gr GRE,"FW,MF",Bochum,de Bundesliga,30,14,12,1055,11.7,2,1,3,3.9,3.9,1.1,30,15,50.0,0.07,0.13,-1.9,70.4,10,19,26,18,10,4,3,403,220,35.7,44
Erhan Mašović,rs SRB,DF,Bochum,de Bundesliga,25,16,10,910,10.1,1,1,2,0.6,0.6,0.9,7,4,57.1,0.14,0.25,0.4,82.7,3,35,1,14,10,12,55,539,290,0.0,32
Han-Noah Massengo,fr FRA,MF,Auxerre,fr Ligue 1,23,17,11,1046,11.6,0,0,0,0.4,0.4,0.4,6,3,50.0,0.0,0.0,-0.4,84.7,3,28,13,17,11,17,10,548,345,34.5,57
Clinton Mata,ao ANG,DF,Lyon,fr Ligue 1,31,29,27,2370,26.3,0,4,4,0.2,0.2,1.4,5,0,0.0,0.0,,-0.2,88.5,11,88,20,41,29,46,72,1877,1168,46.7,129
Jaime Mata,es ESP,"FW,MF",Las Palmas,es La Liga,35,30,4,656,7.3,0,0,0,2.6,2.6,0.1,17,6,35.3,0.0,0.0,-2.6,67.9,3,10,6,8,2,3,11,270,118,55.6,18
Igor Matanovic,hr CRO,FW,Eint Frankfurt,de Bundesliga,21,16,2,312,3.5,1,0,1,1.1,1.1,0.0,12,4,33.3,0.08,0.25,-0.1,76.0,1,6,2,2,0,1,9,133,78,60.0,8
Pape Matar Sarr,sn SEN,MF,Tottenham,eng Premier League,21,36,22,1913,21.3,3,2,5,3.7,3.7,1.6,34,13,38.2,0.09,0.23,-0.7,86.4,15,88,33,49,36,30,25,1253,772,36.7,115
Eliot Matazo,be BEL,MF,Monaco,fr Ligue 1,22,3,1,68,0.8,0,0,0,0.0,0.0,0.1,0,0,,,,0.0,85.4,1,7,0,3,2,1,2,54,23,0.0,7
Jean-Philippe Mateta,fr FRA,FW,Crystal Palace,eng Premier League,27,37,33,2648,29.4,14,2,16,13.5,11.9,3.2,68,29,42.6,0.18,0.41,0.5,65.1,29,52,45,18,12,2,23,739,400,43.5,68
Nemanja Matić,rs SRB,MF,Lyon,fr Ligue 1,35,29,25,2010,22.3,0,1,1,0.1,0.1,1.3,2,1,50.0,0.0,0.0,-0.1,86.9,17,150,35,42,29,18,31,1569,979,61.5,125
Rudy Matondo,fr FRA,MF,Auxerre,fr Ligue 1,16,5,0,66,0.7,0,0,0,0.0,0.0,0.0,0,0,,,,0.0,91.7,0,2,1,1,1,0,2,29,22,0.0,2
Chrislain Matsima,fr FRA,DF,Augsburg,de Bundesliga,22,30,28,2551,28.3,1,1,2,1.8,1.8,0.3,14,2,14.3,0.07,0.5,-0.8,86.0,5,84,14,31,20,52,163,1669,910,58.3,143
Jean Mattéo Bahoya,fr FRA,"MF,FW",Eint Frankfurt,de Bundesliga,19,24,10,921,10.2,2,3,5,1.9,1.9,1.7,10,3,30.0,0.2,0.67,0.1,74.3,18,28,24,29,18,4,10,475,267,56.7,51
Alan Matturro,uy URU,DF,Genoa,it Serie A,19,13,9,900,10.0,0,0,0,0.2,0.2,0.2,4,3,75.0,0.0,0.0,-0.2,78.0,3,15,12,11,6,14,38,458,218,60.0,26
Azor Matusiwa,nl NED,MF,Rennes,fr Ligue 1,26,29,23,2078,23.1,1,3,4,1.2,1.2,1.8,11,2,18.2,0.09,0.5,-0.2,87.1,17,134,19,64,39,34,52,1358,619,77.3,134
Neal Maupay,fr FRA,FW,Marseille,fr Ligue 1,27,22,13,1042,11.6,4,4,8,4.1,4.1,2.2,19,10,52.6,0.21,0.4,-0.1,84.2,13,37,12,9,4,2,0,386,201,42.9,21
Maurides,br BRA,FW,St. Pauli,de Bundesliga,30,1,0,2,0.0,0,0,0,0.0,0.0,0.0,0,0,,,,0.0,50.0,0,0,0,0,0,0,0,2,1,,0
Stephy Mavididi,eng ENG,FW,Leicester City,eng Premier League,26,30,16,1615,17.9,4,1,5,1.8,1.8,2.6,26,7,26.9,0.15,0.57,2.2,75.0,22,57,91,34,19,11,15,863,583,36.8,83
Konstantinos Mavropanos,gr GRE,DF,West Ham,eng Premier League,26,33,21,2045,22.7,0,0,0,1.5,1.5,0.5,18,5,27.8,0.0,0.0,-1.5,86.3,5,61,17,35,24,40,126,1532,864,52.9,77
Christian Mawissa,fr FRA,DF,Monaco,fr Ligue 1,19,22,17,1501,16.7,0,0,0,0.1,0.1,0.0,1,1,100.0,0.0,0.0,-0.1,87.5,1,44,13,42,29,26,48,1138,718,35.7,70
Keke Maximilian Topp,de GER,"FW,MF",Werder Bremen,de Bundesliga,20,19,1,252,2.8,2,2,4,1.0,1.0,2.0,7,4,57.1,0.29,0.5,1.0,54.5,10,9,10,3,1,1,4,135,81,33.3,15
Borja Mayoral,es ESP,FW,Getafe,es La Liga,27,24,7,1114,12.4,5,1,6,3.4,2.6,0.9,19,8,42.1,0.21,0.5,1.6,77.6,8,13,10,5,4,2,6,366,209,30.0,36
Senny Mayulu,fr FRA,MF,Paris S-G,fr Ligue 1,18,20,8,808,9.0,2,2,4,2.9,2.9,2.1,25,8,32.0,0.08,0.25,-0.9,87.8,12,46,29,25,16,5,12,592,341,45.5,32
Noussair Mazraoui,ma MAR,DF,Manchester Utd,eng Premier League,26,37,34,2838,31.5,0,1,1,0.7,0.7,1.5,13,3,23.1,0.0,0.0,-0.7,85.7,20,115,42,115,68,34,95,2139,1172,54.2,149
Luca Mazzitelli,it ITA,MF,Como,it Serie A,28,11,3,335,3.7,1,1,2,0.2,0.2,0.6,7,3,42.9,0.14,0.33,0.8,79.2,6,27,2,9,6,3,10,235,132,80.0,14
Pasquale Mazzocchi,it ITA,"DF,FW",Napoli,it Serie A,29,20,7,702,7.8,0,0,0,0.3,0.3,0.4,3,1,33.3,0.0,0.0,-0.3,80.3,5,23,20,15,7,5,25,385,206,58.8,31
Samuel Mbangula,be BEL,FW,Juventus,it Serie A,20,23,7,709,7.9,3,3,6,0.6,0.6,1.4,9,5,55.6,0.33,0.6,2.4,85.5,15,17,25,15,10,3,4,349,229,33.3,33
Ethan Mbappé,fr FRA,"MF,FW",Lille,fr Ligue 1,17,10,1,222,2.5,0,0,0,1.1,1.1,1.5,11,4,36.4,0.0,0.0,-1.1,75.5,6,8,6,6,2,1,0,177,107,37.5,8
Kylian Mbappé,fr FRA,FW,Real Madrid,es La Liga,25,34,34,2907,32.3,31,3,34,25.9,18.6,7.7,152,75,49.3,0.16,0.32,5.1,82.9,51,140,150,8,5,1,1,1572,1065,44.4,36
Ibrahim Mbaye,fr FRA,"FW,MF",Paris S-G,fr Ligue 1,16,9,4,340,3.8,1,1,2,1.8,1.8,1.1,12,7,58.3,0.08,0.14,-0.8,86.5,3,9,15,4,2,2,2,198,161,31.3,10
Bryan Mbeumo,cm CMR,FW,Brentford,eng Premier League,24,38,38,3414,37.9,20,7,27,12.3,7.5,8.3,79,34,43.0,0.19,0.44,7.7,66.1,70,141,130,49,31,14,55,1781,1077,46.8,156
James Mcatee,eng ENG,"MF,FW",Manchester City,eng Premier League,21,15,3,349,3.9,3,0,3,2.8,2.8,0.5,12,4,33.3,0.25,0.75,0.2,80.0,3,7,7,5,2,2,1,168,96,28.6,8
Kasey McAteer,ie IRL,FW,Leicester City,eng Premier League,22,18,9,852,9.5,1,1,2,1.0,1.0,0.7,13,7,53.8,0.08,0.14,0.0,72.6,9,14,19,23,16,5,15,379,224,24.0,45
Oliver McBurnie,sct SCO,FW,Las Palmas,es La Liga,28,34,20,1837,20.4,3,6,9,4.8,4.8,2.8,32,12,37.5,0.09,0.25,-1.8,65.9,24,27,7,15,7,6,24,605,269,47.1,40
John McGinn,sct SCO,"MF,FW",Aston Villa,eng Premier League,29,34,27,2223,24.7,1,4,5,3.1,2.8,3.5,31,5,16.1,0.03,0.2,-2.1,81.9,31,103,32,33,24,14,18,1072,581,42.6,100
Scott McKenna,sct SCO,DF,Las Palmas,es La Liga,27,29,28,2466,27.4,0,0,0,1.1,1.1,0.7,10,0,0.0,0.0,,-1.1,86.7,4,45,11,21,13,9,163,1745,912,100.0,69
Weston McKennie,us USA,"MF,DF",Juventus,it Serie A,25,32,27,2310,25.7,2,4,6,2.9,2.9,3.6,22,8,36.4,0.09,0.25,-0.9,83.1,32,101,28,33,12,14,37,1350,719,58.8,104
Mark McKenzie,us USA,DF,Toulouse,fr Ligue 1,25,30,29,2496,27.7,1,1,2,1.4,1.4,0.5,8,2,25.0,0.13,0.5,-0.4,86.1,4,97,10,52,31,22,141,1648,878,44.4,128
Dwight McNeil,eng ENG,"MF,FW",Everton,eng Premier League,24,21,15,1371,15.2,4,6,10,1.1,1.1,5.2,25,10,40.0,0.16,0.4,2.9,74.5,37,69,38,13,8,6,2,748,443,53.3,76
Scott McTominay,sct SCO,MF,Manchester Utd,eng Premier League,27,2,0,19,0.2,0,0,0,0.1,0.1,0.0,1,0,0.0,0.0,,-0.1,100.0,0,1,0,0,0,0,1,14,10,0.0,1
Scott McTominay,sct SCO,MF,Napoli,it Serie A,27,34,33,2938,32.6,12,4,16,7.4,7.4,2.7,76,33,43.4,0.16,0.36,4.6,84.1,26,112,56,43,25,24,51,1314,726,44.3,143
Jakov Medić,hr CRO,DF,Bochum,de Bundesliga,25,23,17,1603,17.8,1,0,1,0.9,0.9,0.2,14,3,21.4,0.07,0.33,0.1,87.4,3,27,2,13,11,22,111,975,498,66.7,73
Facundo Medina,ar ARG,DF,Lens,fr Ligue 1,25,29,29,2543,28.3,0,1,1,1.8,1.8,2.0,27,3,11.1,0.0,0.0,-1.8,87.6,24,174,46,44,29,32,70,2176,1328,37.0,165
Ben Mee,eng ENG,DF,Brentford,eng Premier League,34,7,2,183,2.0,0,0,0,0.0,0.0,0.0,0,0,,,,0.0,77.5,0,11,3,2,2,4,7,138,78,,11
Jayden Meghoma,eng ENG,DF,Brentford,eng Premier League,18,1,0,5,0.1,0,0,0,0.0,0.0,0.0,0,0,,,,0.0,100.0,0,0,0,0,0,0,0,3,1,,1
Henrik Meister,dk DEN,FW,Rennes,fr Ligue 1,20,4,0,63,0.7,1,0,1,0.1,0.1,0.3,2,1,50.0,0.5,1.0,0.9,78.6,2,1,2,2,0,1,0,31,12,,7
Bamo Meïté,ci CIV,DF,Montpellier,fr Ligue 1,22,7,6,424,4.7,0,0,0,0.0,0.0,0.0,1,0,0.0,0.0,,0.0,88.4,0,7,1,5,3,4,14,210,99,50.0,8
Bamo Meïté,ci CIV,DF,Marseille,fr Ligue 1,22,3,0,26,0.3,0,0,0,0.0,0.0,0.0,0,0,,,,0.0,92.9,0,0,0,0,0,0,1,31,21,0.0,0
Mohamed Meité,fr FRA,FW,Rennes,fr Ligue 1,16,12,5,544,6.0,2,0,2,2.5,2.5,0.6,15,5,33.3,0.13,0.4,-0.5,66.0,5,6,8,2,0,0,5,155,100,9.1,5
Mateo Mejía,es ESP,FW,Sevilla,es La Liga,21,1,0,11,0.1,0,0,0,0.0,0.0,0.0,0,0,,,,0.0,0.0,0,0,0,0,0,0,0,2,1,0.0,0
Farid El Melali,dz ALG,FW,Angers,fr Ligue 1,27,32,22,1893,21.0,2,3,5,3.6,3.6,3.1,46,14,30.4,0.04,0.14,-1.6,69.9,25,43,62,28,16,16,12,842,472,43.7,100
Filippo Melegoni,it ITA,"MF,FW",Genoa,it Serie A,25,3,1,89,1.0,0,1,1,0.0,0.0,0.5,1,0,0.0,0.0,,0.0,56.3,1,1,0,1,1,0,2,27,13,50.0,2
Arthur Melo,br BRA,MF,Girona,es La Liga,27,15,10,941,10.5,0,0,0,0.2,0.2,0.2,6,1,16.7,0.0,0.0,-0.2,92.4,5,70,24,25,11,8,12,806,539,57.1,49
Nuno Mendes,pt POR,DF,Paris S-G,fr Ligue 1,22,24,19,1676,18.6,1,3,4,2.2,2.2,5.0,21,9,42.9,0.05,0.11,-1.2,86.9,30,127,58,30,19,18,37,1701,990,58.5,108
Brais Méndez,es ESP,MF,Real Sociedad,es La Liga,27,27,19,1531,17.0,3,2,5,3.5,3.5,2.0,28,9,32.1,0.11,0.33,-0.5,77.9,23,91,32,24,13,7,16,1020,554,28.0,76
Antoine Mendy,sn SEN,DF,Nice,fr Ligue 1,20,18,8,825,9.2,0,0,0,0.6,0.6,0.1,9,1,11.1,0.0,0.0,-0.6,81.1,2,35,12,30,21,8,29,595,314,41.7,48
Ferland Mendy,fr FRA,DF,Real Madrid,es La Liga,29,14,12,1005,11.2,0,1,1,0.0,0.0,0.5,0,0,,,,0.0,93.9,3,36,12,17,14,9,8,739,447,50.0,36
Nampalys Mendy,sn SEN,MF,Lens,fr Ligue 1,32,10,7,588,6.5,0,1,1,0.2,0.2,0.1,3,0,0.0,0.0,,-0.2,89.7,1,28,2,15,8,9,8,357,204,25.0,30
Nobel Mendy,fr FRA,DF,Betis,es La Liga,19,2,1,108,1.2,0,0,0,0.0,0.0,0.0,0,0,,,,0.0,86.8,0,3,0,0,0,4,10,71,35,,7
Gideon Mensah,gh GHA,DF,Auxerre,fr Ligue 1,26,29,26,2280,25.3,0,1,1,0.2,0.2,2.6,4,1,25.0,0.0,0.0,-0.2,79.9,22,93,52,68,45,50,83,1627,880,53.7,172
Mikel Merino,es ESP,"MF,FW",Arsenal,eng Premier League,28,28,17,1586,17.6,7,2,9,5.9,5.9,2.0,38,13,34.2,0.18,0.54,1.1,78.2,17,69,11,46,28,15,26,783,388,39.1,86
Quentin Merlin,fr FRA,DF,Marseille,fr Ligue 1,22,27,21,1589,17.7,1,3,4,2.1,2.1,3.0,26,9,34.6,0.04,0.11,-1.1,82.4,25,86,40,22,17,14,17,1296,732,21.1,69
Víctor Meseguer,es ESP,MF,Valladolid,es La Liga,25,14,2,418,4.6,0,0,0,0.7,0.7,0.0,6,0,0.0,0.0,,-0.7,78.3,1,22,2,10,6,2,4,234,100,25.0,25
Rafik Messali,fr FRA,DF,Toulouse,fr Ligue 1,21,13,5,456,5.1,0,1,1,0.3,0.3,1.0,4,0,0.0,0.0,,-0.3,73.1,11,21,13,15,8,10,12,298,155,44.4,28
Junior Messias,br BRA,"MF,FW",Genoa,it Serie A,33,17,8,847,9.4,1,1,2,2.4,1.4,0.7,17,5,29.4,0.06,0.2,-1.4,63.7,8,32,32,13,7,6,20,397,226,22.7,39
Connor Metcalfe,au AUS,"MF,FW",St. Pauli,de Bundesliga,24,10,3,358,4.0,0,0,0,0.7,0.7,0.2,6,3,50.0,0.0,0.0,-0.7,64.4,3,8,6,2,0,3,8,156,58,50.0,9
Karol Mets,ee EST,DF,St. Pauli,de Bundesliga,31,10,10,900,10.0,0,0,0,0.1,0.1,0.2,3,0,0.0,0.0,,-0.1,83.4,3,54,5,13,8,12,60,736,343,0.0,35
Thomas Meunier,be BEL,DF,Lille,fr Ligue 1,32,30,21,1928,21.4,2,0,2,1.9,1.9,0.7,28,11,39.3,0.07,0.18,0.1,80.4,13,136,64,53,38,34,64,1736,899,50.0,88
Shumaira Mheuka,eng ENG,MF,Chelsea,eng Premier League,16,1,0,1,0.0,0,0,0,0.1,0.1,0.0,1,1,100.0,0.0,0.0,-0.1,,0,0,0,0,0,0,0,2,1,,0
Lucas Michal,fr FRA,"FW,MF",Monaco,fr Ligue 1,19,8,0,117,1.3,0,0,0,0.2,0.2,0.9,3,1,33.3,0.0,0.0,-0.2,81.8,1,4,4,5,3,1,2,64,38,25.0,4
Florian Micheler,at AUT,MF,Hoffenheim,de Bundesliga,19,1,0,32,0.4,0,0,0,0.0,0.0,0.0,0,0,,,,0.0,91.7,0,1,1,0,0,0,0,12,11,100.0,1
Miguel,es ESP,FW,Leganés,es La Liga,24,34,17,1724,19.2,1,3,4,4.9,3.3,1.4,33,14,42.4,0.0,0.0,-3.9,58.6,7,16,14,16,7,4,23,472,258,22.2,27
Valentin Mihaila,ro ROU,"FW,MF",Parma,it Serie A,24,21,16,1288,14.3,0,3,3,2.4,2.4,1.2,31,11,35.5,0.0,0.0,-2.4,75.4,17,41,25,29,15,8,6,582,332,37.0,39
Georges Mikautadze,ge GEO,FW,Lyon,fr Ligue 1,23,34,13,1449,16.1,11,6,17,10.3,7.0,4.3,52,22,42.3,0.15,0.36,0.7,76.5,21,54,37,7,6,4,6,653,402,28.8,44
Igor Miladinović,rs SRB,"FW,MF",Saint-Étienne,fr Ligue 1,21,3,0,26,0.3,0,0,0,0.0,0.0,0.0,0,0,,,,0.0,80.0,0,1,0,0,0,1,1,20,10,0.0,4
Nikola Milenković,rs SRB,DF,Nott'ham Forest,eng Premier League,26,37,37,3330,37.0,5,2,7,4.0,4.0,1.1,29,8,27.6,0.17,0.63,1.0,82.3,9,51,3,51,29,27,209,1412,547,100.0,85
Lewis Miley,eng ENG,MF,Newcastle Utd,eng Premier League,18,14,1,313,3.5,1,0,1,0.5,0.5,0.0,3,2,66.7,0.33,0.5,0.5,88.0,1,17,2,14,11,2,5,235,112,33.3,16
Éder Militão,br BRA,DF,Real Madrid,es La Liga,26,12,11,938,10.4,1,1,2,0.6,0.6,0.5,10,3,30.0,0.1,0.33,0.4,89.3,6,46,7,19,17,12,35,819,533,62.5,44
Luis Milla,es ESP,MF,Getafe,es La Liga,29,33,32,2875,31.9,1,4,5,1.8,1.0,3.9,31,7,22.6,0.0,0.0,-0.8,73.5,70,152,32,61,40,24,28,1802,799,53.8,168
Pere Milla,es ESP,"MF,FW",Espanyol,es La Liga,31,20,1,456,5.1,3,0,3,1.5,1.5,0.3,11,5,45.5,0.27,0.6,1.5,58.8,5,13,9,6,2,3,5,239,117,28.6,25
Enzo Millot,fr FRA,"MF,FW",Stuttgart,de Bundesliga,22,29,22,1843,20.5,6,5,11,7.6,6.7,3.1,43,17,39.5,0.14,0.35,-1.6,84.8,23,118,44,30,13,13,6,1397,848,46.3,99
James Milner,eng ENG,MF,Brighton,eng Premier League,38,4,3,170,1.9,0,0,0,0.2,0.2,0.2,2,0,0.0,0.0,,-0.2,74.3,4,10,1,5,2,2,2,93,47,100.0,2
Kim Min-jae,kr KOR,DF,Bayern Munich,de Bundesliga,27,27,27,2283,25.4,2,0,2,1.6,1.6,0.3,7,5,71.4,0.29,0.4,0.4,92.5,6,181,16,35,20,37,91,2764,1644,60.0,153
Yerry Mina,co COL,DF,Cagliari,it Serie A,29,31,31,2569,28.5,1,0,1,2.3,2.3,0.3,26,8,30.8,0.04,0.13,-1.3,85.9,4,76,17,66,32,37,163,1797,948,37.5,158
Takumi Minamino,jp JPN,"MF,FW",Monaco,fr Ligue 1,29,31,27,2231,24.8,6,3,9,8.9,8.9,6.6,57,20,35.1,0.11,0.3,-2.9,70.7,40,114,51,33,19,10,20,1016,567,30.0,88
Lucas Mincarelli,fr FRA,DF,Montpellier,fr Ligue 1,20,10,8,715,7.9,1,0,1,0.6,0.6,0.3,7,2,28.6,0.14,0.5,0.4,81.5,3,25,15,17,10,9,27,462,255,20.0,25
Tyrone Mings,eng ENG,DF,Aston Villa,eng Premier League,31,14,12,1120,12.4,0,0,0,0.8,0.8,0.2,9,1,11.1,0.0,0.0,-0.8,88.2,3,40,7,7,6,7,61,794,484,66.7,38
Óscar Mingueza,es ESP,"MF,DF",Celta Vigo,es La Liga,25,34,31,2729,30.3,4,6,10,1.5,1.5,5.6,33,10,30.3,0.12,0.4,2.5,77.0,35,200,69,38,24,22,46,2460,1386,41.7,138
Kim Minsu,kr KOR,"MF,FW",Girona,es La Liga,18,3,0,22,0.2,0,0,0,0.0,0.0,0.0,0,0,,,,0.0,90.0,0,0,0,1,0,0,0,18,12,0.0,1
Yankuba Minteh,gm GAM,"FW,MF",Brighton,eng Premier League,20,32,20,1838,20.4,6,4,10,4.1,4.1,5.0,34,16,47.1,0.18,0.38,1.9,62.5,29,48,90,48,35,11,31,836,481,46.9,85
Bojan Miovski,mk MKD,FW,Girona,es La Liga,25,17,12,869,9.7,2,1,3,2.7,2.7,0.2,14,4,28.6,0.14,0.5,-0.7,76.1,4,4,4,7,5,2,7,182,88,42.9,13
Rafa Mir,es ESP,"FW,MF",Valencia,es La Liga,27,20,5,753,8.4,1,2,3,3.0,3.0,0.7,27,7,25.9,0.04,0.14,-2.0,72.0,4,20,10,12,6,5,9,294,145,14.3,18
Juan Miranda,es ESP,DF,Bologna,it Serie A,24,31,25,2277,25.3,0,6,6,0.7,0.7,6.1,22,5,22.7,0.0,0.0,-0.7,75.7,57,163,34,32,18,23,50,2080,1047,35.0,97
Fabio Miretti,it ITA,"MF,FW",Genoa,it Serie A,20,25,22,1677,18.6,3,3,6,3.1,3.1,2.0,24,6,25.0,0.13,0.5,-0.1,74.4,22,54,33,28,15,7,13,847,461,34.2,85
Tyrick Mitchell,eng ENG,DF,Crystal Palace,eng Premier League,24,37,37,3092,34.4,0,5,5,1.3,1.3,6.4,12,3,25.0,0.0,0.0,-1.3,72.0,41,70,63,91,55,19,108,1754,820,42.1,168
Kaoru Mitoma,jp JPN,"FW,MF",Brighton,eng Premier League,27,36,28,2603,28.9,10,4,14,9.2,9.2,4.6,57,27,47.4,0.18,0.37,0.8,75.8,37,89,146,45,27,14,10,1375,830,39.7,99
Maximilian Mittelstädt,de GER,DF,Stuttgart,de Bundesliga,27,31,28,2469,27.4,1,7,8,0.9,0.9,4.7,21,4,19.0,0.05,0.25,0.1,83.4,47,182,62,79,54,47,96,2385,1251,55.3,119
Koji Miyoshi,jp JPN,"FW,MF",Bochum,de Bundesliga,27,15,6,464,5.2,1,0,1,1.1,1.1,0.8,12,5,41.7,0.08,0.2,-0.1,59.2,5,15,11,8,5,2,2,201,120,35.7,22
Henrikh Mkhitaryan,am ARM,MF,Inter,it Serie A,35,31,29,2328,25.9,1,4,5,1.5,1.5,2.7,23,2,8.7,0.04,0.5,-0.5,87.4,29,199,72,43,24,16,41,1747,1036,26.9,131
Jakub Moder,pl POL,MF,Brighton,eng Premier League,25,4,0,11,0.1,0,0,0,0.0,0.0,0.2,0,0,,,,0.0,81.8,3,4,2,1,0,0,3,27,13,,2
Rui Modesto,ao ANG,"DF,MF",Udinese,it Serie A,24,20,4,608,6.8,0,1,1,0.5,0.5,0.8,3,2,66.7,0.0,0.0,-0.5,74.5,14,22,16,16,12,8,13,388,166,37.5,26
Luka Modrić,hr CRO,MF,Real Madrid,es La Liga,38,35,17,1827,20.3,2,6,8,1.6,1.6,7.0,22,6,27.3,0.09,0.33,0.4,87.6,66,208,62,31,20,27,17,2124,1419,58.3,105
Terem Moffi,ng NGA,FW,Nice,fr Ligue 1,25,5,0,58,0.6,1,0,1,2.3,2.3,0.0,6,4,66.7,0.17,0.25,-1.3,60.0,0,1,1,0,0,0,0,17,9,100.0,1
Mostafa Mohamed,eg EGY,FW,Nantes,fr Ligue 1,26,30,11,1252,13.9,5,0,5,5.5,5.5,0.4,43,16,37.2,0.12,0.31,-0.5,64.8,6,20,11,18,9,10,27,452,239,46.2,50
Johan Mojica,co COL,DF,Mallorca,es La Liga,31,36,30,2755,30.6,1,2,3,0.9,0.9,4.1,17,3,17.6,0.06,0.33,0.1,74.2,40,130,66,35,23,26,84,1949,1024,37.1,181
David Mokwa,fr FRA,"DF,FW",Hoffenheim,de Bundesliga,20,2,0,22,0.2,0,0,0,0.3,0.3,0.0,2,2,100.0,0.0,0.0,-0.3,25.0,0,0,0,1,0,0,0,11,5,100.0,1
Alberto Moleiro,es ESP,"FW,MF",Las Palmas,es La Liga,20,35,32,2714,30.2,6,1,7,5.6,5.6,3.3,68,24,35.3,0.09,0.25,0.4,81.3,41,116,97,27,12,18,8,1416,946,42.7,132
Nahuel Molina,ar ARG,DF,Atlético Madrid,es La Liga,26,30,17,1590,17.7,0,3,3,0.8,0.8,1.5,9,1,11.1,0.0,0.0,-0.8,79.9,13,61,35,44,19,13,53,1366,782,50.0,66
Florent Mollet,fr FRA,"MF,FW",Nantes,fr Ligue 1,32,9,3,242,2.7,0,0,0,0.3,0.3,0.3,6,2,33.3,0.0,0.0,-0.3,78.3,6,9,3,2,2,1,4,125,85,66.7,13
Jon Moncayola,es ESP,MF,Osasuna,es La Liga,26,32,26,2099,23.3,0,0,0,1.6,1.6,3.7,21,9,42.9,0.0,0.0,-1.6,74.4,33,107,25,70,41,11,20,1198,571,33.3,91
Gonzalo Montiel,ar ARG,"DF,MF",Sevilla,es La Liga,27,6,1,113,1.3,0,0,0,0.0,0.0,0.0,1,0,0.0,0.0,,0.0,87.2,0,2,3,4,2,2,11,99,37,0.0,4
Mikey Moore,eng ENG,FW,Tottenham,eng Premier League,16,10,3,366,4.1,0,1,1,0.2,0.2,0.3,3,0,0.0,0.0,,-0.2,69.8,3,9,12,2,1,1,4,142,106,11.8,11
Álvaro Morata,es ESP,"FW,MF",Milan,it Serie A,31,16,13,1099,12.2,5,0,5,3.9,3.9,0.8,27,10,37.0,0.19,0.5,1.1,75.4,7,26,18,16,10,5,5,383,215,35.3,31
Morato,br BRA,DF,Nott'ham Forest,eng Premier League,23,26,6,907,10.1,0,0,0,0.2,0.2,0.0,2,1,50.0,0.0,0.0,-0.2,77.0,0,19,1,22,14,10,78,457,164,100.0,36
Diego Moreira,pt POR,"DF,MF",Strasbourg,fr Ligue 1,19,32,29,2568,28.5,2,7,9,2.0,2.0,7.3,25,8,32.0,0.08,0.25,0.0,77.5,30,87,99,44,28,35,65,1701,953,45.6,139
Alberto Moreno,es ESP,DF,Como,it Serie A,32,24,21,1727,19.2,0,0,0,0.4,0.4,1.2,14,6,42.9,0.0,0.0,-0.4,82.5,19,81,23,25,11,14,40,1224,722,42.9,74
Álex Moreno,es ESP,"DF,MF",Nott'ham Forest,eng Premier League,31,15,11,955,10.6,0,1,1,0.2,0.2,1.3,6,0,0.0,0.0,,-0.2,72.0,8,34,26,25,18,15,43,559,229,38.1,50
Gerard Moreno,es ESP,FW,Villarreal,es La Liga,32,17,6,721,8.0,3,2,5,4.2,1.8,3.6,23,9,39.1,0.0,0.0,-1.2,77.0,17,53,19,7,4,2,8,404,243,58.1,25
Matias Moreno,ar ARG,DF,Fiorentina,it Serie A,20,4,2,144,1.6,0,0,0,0.0,0.0,0.0,0,0,,,,0.0,81.7,1,6,1,8,8,1,9,98,55,100.0,5
Xavier Moreno,es ESP,FW,Valladolid,es La Liga,19,1,1,45,0.5,0,0,0,0.0,0.0,0.0,0,0,,,,0.0,23.1,0,1,1,0,0,0,1,17,8,0.0,1
Tete Morente,es ESP,"FW,MF",Lecce,it Serie A,27,31,23,2021,22.5,3,2,5,2.9,2.9,1.6,41,13,31.7,0.07,0.23,0.1,74.8,25,102,48,27,17,14,31,983,560,54.5,104
Mateu Morey,es ESP,DF,Mallorca,es La Liga,24,16,8,741,8.2,0,0,0,0.4,0.4,0.3,3,1,33.3,0.0,0.0,-0.4,77.2,4,17,17,22,18,15,32,502,254,52.9,41
Ilaix Moriba,gn GUI,MF,Celta Vigo,es La Liga,21,33,22,2132,23.7,1,1,2,1.7,1.7,1.5,34,11,32.4,0.03,0.09,-0.7,85.7,20,119,34,68,42,14,33,1305,769,30.6,108
Manu Morlanes,es ESP,MF,Mallorca,es La Liga,25,23,15,1338,14.9,0,0,0,0.6,0.6,0.3,11,1,9.1,0.0,0.0,-0.6,88.9,10,88,16,43,27,24,16,845,459,37.5,79
Nikola Moro,hr CRO,MF,Bologna,it Serie A,26,22,15,1208,13.4,0,2,2,0.5,0.5,0.8,14,2,14.3,0.0,0.0,-0.5,80.2,20,93,17,35,27,13,18,923,486,58.3,73
Raúl Moro,es ESP,"MF,FW",Valladolid,es La Liga,21,33,26,2341,26.0,4,5,9,4.1,4.1,5.7,46,16,34.8,0.09,0.25,-0.1,64.9,44,81,112,22,13,10,20,1050,607,43.2,85
Sam Morsy,eg EGY,MF,Ipswich Town,eng Premier League,32,33,31,2751,30.6,1,1,2,0.4,0.4,1.2,13,3,23.1,0.08,0.33,0.6,86.4,24,120,22,68,41,29,47,1683,852,58.6,157
Gabriel Moscardo,br BRA,"MF,DF",Reims,fr Ligue 1,18,6,0,84,0.9,0,0,0,0.2,0.2,0.0,2,0,0.0,0.0,,-0.2,78.9,0,3,1,3,1,0,1,54,29,50.0,4
Cristhian Mosquera,es ESP,DF,Valencia,es La Liga,20,37,37,3319,36.9,1,0,1,0.4,0.4,0.0,5,2,40.0,0.2,0.5,0.6,90.5,0,123,35,56,36,35,128,2367,1401,55.6,190
Daniel Mosquera,co COL,FW,Hellas Verona,it Serie A,24,35,12,1375,15.3,5,1,6,6.6,6.6,1.3,57,15,26.3,0.09,0.33,-1.6,68.7,12,25,17,11,8,2,10,509,250,64.0,54
Yerson Mosquera,co COL,DF,Wolves,eng Premier League,23,5,5,441,4.9,0,0,0,0.3,0.3,0.1,2,0,0.0,0.0,,-0.3,85.4,2,7,0,11,7,10,14,294,168,,24
Dany Mota,pt POR,"FW,MF",Monza,it Serie A,26,31,24,2104,23.4,5,2,7,5.1,5.1,1.8,42,11,26.2,0.12,0.45,-0.1,72.4,22,47,53,13,3,9,27,820,501,33.3,61
Yael Mouanga,fr FRA,DF,Montpellier,fr Ligue 1,19,14,10,946,10.5,0,0,0,0.1,0.1,0.2,1,0,0.0,0.0,,-0.1,87.7,2,22,4,14,8,10,50,589,337,100.0,29
Aimen Moueffek,fr FRA,MF,Saint-Étienne,fr Ligue 1,23,22,13,1039,11.5,0,1,1,1.1,1.1,1.1,10,2,20.0,0.0,0.0,-1.1,84.8,10,43,20,20,12,5,26,554,302,45.8,59
Youssoufa Moukoko,de GER,"FW,MF",Nice,fr Ligue 1,19,11,2,204,2.3,2,1,3,2.2,2.2,0.8,6,2,33.3,0.33,1.0,-0.2,81.8,5,6,2,3,2,0,0,75,43,28.6,14
Steve Mounié,bj BEN,"FW,MF",Augsburg,de Bundesliga,29,16,1,347,3.9,1,0,1,3.2,3.2,0.0,22,7,31.8,0.05,0.14,-2.2,62.7,1,11,8,4,4,1,5,164,86,25.0,8
Mason Mount,eng ENG,MF,Manchester Utd,eng Premier League,25,17,8,622,6.9,1,0,1,3.2,3.2,0.6,20,9,45.0,0.05,0.11,-2.2,81.8,8,33,15,15,5,4,4,339,215,10.0,18
Santiago Mouriño,uy URU,DF,Alavés,es La Liga,22,25,20,1849,20.5,0,1,1,0.9,0.9,0.9,13,3,23.1,0.0,0.0,-0.9,78.0,7,46,14,43,28,29,120,952,442,36.4,85
Louis Mouton,fr FRA,MF,Saint-Étienne,fr Ligue 1,22,24,12,1045,11.6,0,1,1,1.3,1.3,1.3,19,3,15.8,0.0,0.0,-1.3,80.2,16,54,18,49,25,10,19,703,366,50.0,63
Divin Mubama,eng ENG,FW,Manchester City,eng Premier League,19,1,0,28,0.3,0,0,0,0.0,0.0,0.0,1,0,0.0,0.0,,0.0,66.7,0,1,0,0,0,0,0,5,2,,1
Mykhailo Mudryk,ua UKR,FW,Chelsea,eng Premier League,23,7,1,151,1.7,0,0,0,0.3,0.3,1.0,1,1,100.0,0.0,0.0,-0.3,66.7,2,5,7,2,2,0,1,62,39,37.5,9
Ngal'Ayel Mukau,cd COD,MF,Lille,fr Ligue 1,19,22,14,1190,13.2,0,1,1,0.8,0.8,0.7,11,2,18.2,0.0,0.0,-0.8,89.1,12,57,19,33,18,15,22,778,426,52.9,63
Nordi Mukiele,fr FRA,DF,Leverkusen,de Bundesliga,26,15,10,899,10.0,1,0,1,1.4,1.4,1.0,7,3,42.9,0.14,0.33,-0.4,80.4,9,36,20,20,16,16,37,725,363,52.9,46
Thomas Müller,de GER,"MF,FW",Bayern Munich,de Bundesliga,34,30,12,1225,13.6,1,4,5,3.8,3.8,2.9,30,11,36.7,0.03,0.09,-2.8,75.0,35,50,24,8,5,2,14,763,386,47.1,24
Abdul Mumin,gh GHA,DF,Rayo Vallecano,es La Liga,26,24,24,2017,22.4,2,1,3,0.6,0.6,0.2,10,3,30.0,0.2,0.67,1.4,82.9,1,40,12,37,25,23,125,1351,725,50.0,93
Marshall Munetsi,zw ZIM,"MF,FW",Wolves,eng Premier League,28,14,12,1078,12.0,2,1,3,3.3,3.3,1.8,22,7,31.8,0.09,0.29,-1.3,71.7,9,10,9,24,10,6,18,364,148,27.3,35
Marshall Munetsi,zw ZIM,MF,Reims,fr Ligue 1,28,19,19,1692,18.8,4,2,6,4.0,4.0,2.0,32,10,31.3,0.13,0.4,0.0,68.5,19,26,8,36,18,17,35,594,206,50.0,72
Rodrigo Muniz,br BRA,FW,Fulham,eng Premier League,23,31,8,964,10.7,8,1,9,5.8,5.8,0.7,39,19,48.7,0.21,0.42,2.2,64.8,7,27,6,10,5,5,14,311,157,33.3,14
Aihen Muñoz,es ESP,DF,Real Sociedad,es La Liga,26,21,13,1098,12.2,0,0,0,0.2,0.2,0.3,6,0,0.0,0.0,,-0.2,71.0,3,38,26,24,12,14,47,763,356,58.3,43
Álex Muñoz,es ESP,DF,Las Palmas,es La Liga,30,21,18,1415,15.7,3,0,3,0.9,0.9,0.5,9,5,55.6,0.33,0.6,2.1,79.7,7,45,15,39,29,16,69,974,398,22.2,35
Daniel Muñoz,co COL,DF,Crystal Palace,eng Premier League,28,37,37,3228,35.9,4,5,9,4.9,4.9,5.5,37,14,37.8,0.11,0.29,-0.9,75.7,46,97,62,123,80,44,108,2010,806,37.5,171
Iker Muñoz,es ESP,MF,Osasuna,es La Liga,21,23,4,610,6.8,0,1,1,0.5,0.5,1.0,11,0,0.0,0.0,,-0.5,78.9,6,24,6,5,2,4,12,365,184,50.0,28
Javier Muñoz,es ESP,"MF,DF",Las Palmas,es La Liga,29,35,28,2588,28.8,1,3,4,1.3,1.3,2.5,25,6,24.0,0.04,0.17,-0.3,77.9,29,108,36,45,35,31,39,1411,700,58.3,112
Víctor Muñoz,es ESP,"FW,DF",Real Madrid,es La Liga,21,2,0,36,0.4,0,0,0,0.5,0.5,0.0,1,0,0.0,0.0,,-0.5,91.7,0,0,3,0,0,0,0,17,15,0.0,1
Murillo,br BRA,DF,Nott'ham Forest,eng Premier League,22,36,36,3188,35.4,2,0,2,1.4,1.4,1.2,25,6,24.0,0.08,0.33,0.6,78.5,13,115,22,53,36,36,249,1918,821,73.0,142
Vedat Muriqi,xk KVX,FW,Mallorca,es La Liga,30,29,24,2058,22.9,7,2,9,9.7,7.3,2.2,52,16,30.8,0.1,0.31,-2.7,60.6,26,30,23,7,5,7,43,733,334,34.6,49
Jacob Murphy,eng ENG,FW,Newcastle Utd,eng Premier League,29,35,31,2360,26.2,8,12,20,5.7,5.7,8.9,43,15,34.9,0.19,0.53,2.3,68.5,42,83,79,28,19,13,35,1271,733,50.7,98
Bob Murphy Omoregbe,it ITA,MF,Milan,it Serie A,20,1,0,3,0.0,0,0,0,0.0,0.0,0.0,0,0,,,,0.0,50.0,0,0,0,0,0,0,0,2,1,,0
Yunus Musah,us USA,"MF,FW",Milan,it Serie A,21,29,19,1571,17.5,0,2,2,1.9,1.9,1.8,22,5,22.7,0.0,0.0,-1.9,87.2,23,84,51,27,19,7,9,888,581,56.8,60
Jamal Musiala,de GER,MF,Bayern Munich,de Bundesliga,21,25,21,1798,20.0,12,2,14,9.3,9.3,4.5,68,31,45.6,0.18,0.39,2.7,82.6,41,107,71,36,21,8,5,1278,792,51.1,75
Florent Muslija,xk KVX,"FW,MF",Freiburg,de Bundesliga,26,9,0,168,1.9,0,0,0,0.3,0.3,0.3,3,2,66.7,0.0,0.0,-0.3,72.4,3,7,5,5,4,1,1,121,83,57.1,12
Almoatasem Al Musrati,ly LBY,MF,Monaco,fr Ligue 1,28,10,3,386,4.3,1,1,2,0.5,0.5,0.4,11,3,27.3,0.09,0.33,0.5,87.6,5,41,2,14,11,5,9,339,195,50.0,19
Kingstone Mutandwa,zm ZAM,"FW,MF",Cagliari,it Serie A,21,6,0,127,1.4,0,0,0,0.4,0.4,0.0,4,0,0.0,0.0,,-0.4,67.9,0,0,1,0,0,0,0,44,25,33.3,6
Junior Mwanga,fr FRA,MF,Le Havre,fr Ligue 1,21,11,11,952,10.6,1,2,3,1.3,1.3,1.0,16,3,18.8,0.06,0.33,-0.3,82.2,7,42,15,26,16,8,18,555,315,43.8,61
Junior Mwanga,fr FRA,MF,Strasbourg,fr Ligue 1,21,8,2,296,3.3,0,0,0,0.0,0.0,0.0,0,0,,,,0.0,90.5,1,10,2,17,9,2,2,177,99,33.3,16
Phillipp Mwene,at AUT,DF,Mainz 05,de Bundesliga,30,32,32,2607,29.0,1,4,5,1.5,1.5,1.9,21,4,19.0,0.05,0.25,-0.5,75.0,22,106,62,51,29,24,51,1555,775,44.0,110
Vitaliy Mykolenko,ua UKR,DF,Everton,eng Premier League,25,35,35,3082,34.2,1,2,3,0.5,0.5,2.6,14,1,7.1,0.07,1.0,0.5,74.6,24,110,33,63,38,44,145,1678,697,40.0,88
Joakim Mæhle,dk DEN,DF,Wolfsburg,de Bundesliga,27,28,25,2188,24.3,3,4,7,2.0,2.0,2.2,18,7,38.9,0.17,0.43,1.0,80.9,20,88,59,34,15,25,57,1464,791,31.7,122
Obite N'Dicka,ci CIV,DF,Roma,it Serie A,24,38,38,3420,38.0,0,1,1,1.0,1.0,0.7,18,5,27.8,0.0,0.0,-1.0,92.1,8,107,29,32,26,33,150,2823,1734,0.0,134
Konan N'dri,ci CIV,"FW,MF",Lecce,it Serie A,23,11,2,306,3.4,0,0,0,0.5,0.5,0.2,9,2,22.2,0.0,0.0,-0.5,67.2,6,2,16,3,3,1,0,122,78,35.0,7
Loïc N'Gatta,fr FRA,DF,Auxerre,fr Ligue 1,20,2,0,13,0.1,0,0,0,0.0,0.0,0.0,0,0,,,,0.0,86.7,0,1,2,1,1,0,1,19,12,,4
Nathan N'Goumou,cm CMR,FW,Gladbach,de Bundesliga,24,19,9,828,9.2,2,1,3,1.9,1.9,1.3,24,13,54.2,0.08,0.15,0.1,73.6,6,16,30,17,11,4,16,386,215,33.3,21
Djylian N'Guessan,fr FRA,FW,Saint-Étienne,fr Ligue 1,15,8,3,181,2.0,0,0,0,0.4,0.4,0.1,3,0,0.0,0.0,,-0.4,83.0,2,9,1,6,4,0,1,80,49,20.0,4
Stanley N'Soki,fr FRA,DF,Hoffenheim,de Bundesliga,25,22,16,1308,14.5,0,0,0,0.1,0.1,0.4,3,1,33.3,0.0,0.0,-0.1,85.8,7,52,10,22,16,26,58,1005,529,68.8,79
Mickael Nade,fr FRA,DF,Saint-Étienne,fr Ligue 1,25,26,25,2306,25.6,1,2,3,0.7,0.7,0.6,5,2,40.0,0.2,0.5,0.3,90.0,7,72,17,59,43,33,132,1665,825,37.5,113
Bilal Nadir,ma MAR,MF,Marseille,fr Ligue 1,20,15,5,383,4.3,1,0,1,0.6,0.6,0.4,8,3,37.5,0.13,0.33,0.4,87.3,7,18,18,10,3,4,7,305,167,44.4,19
Mahamadou Nagida,cm CMR,DF,Rennes,fr Ligue 1,19,12,4,430,4.8,2,0,2,1.5,1.5,0.3,6,3,50.0,0.33,0.67,0.5,77.0,3,15,22,8,6,9,6,289,169,35.7,37
Keito Nakamura,jp JPN,"FW,MF",Reims,fr Ligue 1,24,32,31,2649,29.4,11,2,13,9.1,9.1,2.9,84,32,38.1,0.13,0.34,1.9,74.2,26,82,90,24,16,13,19,1110,675,38.5,116
Sebastian Nanasi,se SWE,"MF,FW",Strasbourg,fr Ligue 1,22,31,26,2107,23.4,6,4,10,6.5,6.5,4.9,28,12,42.9,0.21,0.5,-0.5,79.2,37,126,53,20,13,7,18,992,557,47.5,71
Yael Nandjou,fr FRA,DF,Nice,fr Ligue 1,19,3,2,154,1.7,0,0,0,0.2,0.2,0.7,1,0,0.0,0.0,,-0.2,75.8,2,3,2,4,1,4,7,89,27,100.0,8
Nikolas Nartey,dk DEN,MF,Stuttgart,de Bundesliga,24,1,0,22,0.2,0,0,0,0.0,0.0,0.0,0,0,,,,0.0,80.0,0,0,0,0,0,0,4,9,3,,2
Matija Nastasić,rs SRB,DF,Leganés,es La Liga,31,26,24,2110,23.4,1,0,1,0.1,0.1,0.1,2,1,50.0,0.5,1.0,0.9,82.6,2,59,1,25,11,21,165,1128,499,100.0,50
Natan,br BRA,DF,Betis,es La Liga,23,31,23,2175,24.2,1,1,2,0.3,0.3,0.6,9,4,44.4,0.11,0.25,0.7,88.7,5,52,12,35,24,28,123,1514,929,66.7,75
Pau Navarro,es ESP,DF,Villarreal,es La Liga,19,17,8,916,10.2,0,0,0,0.0,0.0,0.0,1,0,0.0,0.0,,0.0,89.6,1,40,3,23,17,4,41,668,322,42.9,46
Roberto Navarro,es ESP,"MF,FW",Mallorca,es La Liga,22,23,15,1278,14.2,1,0,1,2.0,2.0,1.9,18,6,33.3,0.06,0.17,-1.0,75.5,13,51,45,29,22,19,12,683,425,52.2,94
Jesús Navas,es ESP,"FW,MF",Sevilla,es La Liga,38,15,3,424,4.7,1,0,1,0.5,0.5,0.5,3,2,66.7,0.33,0.5,0.5,77.5,10,23,13,5,2,4,6,295,150,66.7,10
Michel Ndary Adopo,fr FRA,MF,Cagliari,it Serie A,24,35,27,2409,26.8,1,1,2,1.1,1.1,2.3,20,4,20.0,0.05,0.25,-0.1,83.0,19,106,20,55,32,27,25,1222,656,45.2,135
Youssouf Ndayishimiye,bi BDI,DF,Nice,fr Ligue 1,25,23,22,1932,21.5,3,0,3,0.9,0.9,0.2,11,4,36.4,0.27,0.75,2.1,89.4,5,86,17,40,21,21,117,1581,906,75.0,114
Iliman Ndiaye,sn SEN,FW,Everton,eng Premier League,24,33,29,2430,27.0,9,0,9,6.2,4.7,1.9,35,15,42.9,0.2,0.47,2.8,81.8,18,59,86,53,28,20,24,1084,621,47.6,172
Junior Ndiaye,fr FRA,FW,Montpellier,fr Ligue 1,19,15,4,441,4.9,0,0,0,0.5,0.5,0.4,5,2,40.0,0.0,0.0,-0.5,71.3,5,7,5,3,2,0,2,124,61,25.0,4
Rassoul Ndiaye,sn SEN,MF,Le Havre,fr Ligue 1,22,27,11,1061,11.8,1,0,1,1.7,1.7,0.6,18,5,27.8,0.06,0.2,-0.7,73.7,10,46,6,35,25,12,24,578,261,25.0,66
Wilfred Ndidi,ng NGA,MF,Leicester City,eng Premier League,27,28,28,2324,25.8,0,5,5,2.0,2.0,1.9,22,8,36.4,0.0,0.0,-2.0,80.3,17,70,18,85,51,31,80,1400,670,39.4,127
Wilfried Ndollo,cm CMR,DF,Montpellier,fr Ligue 1,19,8,3,401,4.5,0,0,0,0.0,0.0,0.0,0,0,,,,0.0,79.5,1,7,5,6,5,7,11,251,119,12.5,22
Tanguy Ndombele,fr FRA,MF,Nice,fr Ligue 1,27,18,12,1131,12.6,1,2,3,2.4,2.4,2.4,11,2,18.2,0.09,0.5,-1.4,87.2,18,61,22,35,23,14,9,611,366,53.2,67
Cher Ndour,it ITA,"MF,DF",Fiorentina,it Serie A,20,9,4,406,4.5,0,0,0,0.1,0.1,0.0,4,0,0.0,0.0,,-0.1,81.1,1,17,12,4,1,2,7,265,155,50.0,20
Dan Ndoye,ch SUI,FW,Bologna,it Serie A,23,30,26,2143,23.8,8,4,12,7.0,5.4,3.8,50,17,34.0,0.12,0.35,1.0,73.7,27,74,132,26,19,9,4,1021,755,38.5,89
Paul Nebel,de GER,MF,Mainz 05,de Bundesliga,21,31,26,2345,26.1,10,4,14,5.8,5.8,4.1,44,18,40.9,0.23,0.56,4.2,73.1,35,91,67,38,24,13,30,1516,894,39.1,124
Kosta Nedeljković,rs SRB,DF,Aston Villa,eng Premier League,18,5,0,126,1.4,0,0,0,0.0,0.0,0.0,0,0,,,,0.0,88.7,0,6,1,7,5,0,3,66,27,50.0,4
Kosta Nedeljković,rs SRB,DF,RB Leipzig,de Bundesliga,18,10,6,479,5.3,0,0,0,0.5,0.5,0.3,4,0,0.0,0.0,,-0.5,81.5,3,16,10,11,8,2,14,283,120,25.0,11
Loïc Nego,hu HUN,"DF,FW",Le Havre,fr Ligue 1,33,31,28,2459,27.3,0,0,0,0.8,0.8,0.7,11,2,18.2,0.0,0.0,-0.8,75.1,13,102,64,58,35,29,82,1469,742,53.1,111
Ivan Nekić,hr CRO,DF,Holstein Kiel,de Bundesliga,23,1,1,71,0.8,0,0,0,0.0,0.0,0.0,0,0,,,,0.0,76.2,0,2,0,1,1,3,2,50,19,0.0,1
Reiss Nelson,eng ENG,FW,Arsenal,eng Premier League,24,1,0,3,0.0,0,0,0,0.0,0.0,0.0,0,0,,,,0.0,,0,0,0,1,0,0,1,2,1,,0
Reiss Nelson,eng ENG,FW,Fulham,eng Premier League,24,11,5,487,5.4,1,1,2,1.1,1.1,1.0,12,6,50.0,0.08,0.17,-0.1,86.6,13,35,45,8,6,5,2,347,259,37.1,29
Victor Nelsson,dk DEN,DF,Roma,it Serie A,25,4,1,187,2.1,0,0,0,0.0,0.0,0.0,1,0,0.0,0.0,,0.0,88.3,0,4,0,5,4,2,9,141,66,100.0,4
David Nemeth,at AUT,DF,St. Pauli,de Bundesliga,23,24,24,2137,23.7,0,1,1,0.2,0.2,0.1,5,1,20.0,0.0,0.0,-0.2,86.4,3,65,14,43,29,18,94,1338,697,44.4,87
David Neres,br BRA,FW,Napoli,it Serie A,27,28,13,1283,14.3,2,4,6,2.7,2.7,3.5,29,7,24.1,0.07,0.29,-0.7,75.7,26,32,73,21,11,7,4,724,443,44.0,52
Pedro Neto,pt POR,FW,Chelsea,eng Premier League,24,35,24,2269,25.2,4,6,10,3.5,3.5,6.7,59,17,28.8,0.07,0.24,0.5,78.4,46,60,126,23,9,9,6,1153,746,32.7,81
Luca Netz,de GER,DF,Gladbach,de Bundesliga,21,24,8,969,10.8,0,2,2,0.2,0.2,1.9,3,0,0.0,0.0,,-0.2,81.1,16,28,16,24,14,10,36,666,288,28.6,42
Florian Neuhaus,de GER,MF,Gladbach,de Bundesliga,27,18,2,382,4.2,0,1,1,0.6,0.6,0.3,9,3,33.3,0.0,0.0,-0.6,83.3,6,27,10,10,3,6,5,292,159,55.6,24
João Neves,pt POR,"MF,DF",Paris S-G,fr Ligue 1,19,29,22,1844,20.5,3,8,11,3.0,3.0,4.0,28,11,39.3,0.11,0.27,0.0,91.2,33,144,35,63,31,23,22,1851,1018,53.3,123
Yvan Neyou,cm CMR,MF,Leganés,es La Liga,27,30,27,2312,25.7,1,1,2,0.6,0.6,0.6,16,3,18.8,0.06,0.33,0.4,86.4,13,96,24,53,33,26,38,1379,806,45.2,121
Cyril Ngonge,be BEL,FW,Napoli,it Serie A,24,18,1,216,2.4,0,0,0,0.7,0.7,0.4,13,6,46.2,0.0,0.0,-0.7,78.2,3,8,7,8,5,2,4,145,93,33.3,8
Mikayil Ngor Faye,sn SEN,DF,Rennes,fr Ligue 1,20,11,7,688,7.6,0,0,0,0.4,0.4,0.0,6,3,50.0,0.0,0.0,-0.4,88.6,1,35,12,15,12,12,30,617,386,33.3,41
Steve Ngoura,fr FRA,FW,Le Havre,fr Ligue 1,19,8,2,289,3.2,0,0,0,1.3,1.3,0.4,10,2,20.0,0.0,0.0,-1.3,64.9,2,8,3,4,2,0,2,106,54,58.3,7
Bernard Nguene,cm CMR,FW,Nice,fr Ligue 1,17,1,0,13,0.1,0,0,0,0.0,0.0,0.0,0,0,,,,0.0,100.0,0,0,0,0,0,0,0,5,4,0.0,0
Moussa Niakhate,sn SEN,DF,Lyon,fr Ligue 1,28,31,30,2726,30.3,0,0,0,0.1,0.1,1.0,2,1,50.0,0.0,0.0,-0.1,90.3,7,111,34,47,27,25,143,2133,1331,100.0,119
Abdoulaye Niakhate Ndiaye,sn SEN,DF,Brest,fr Ligue 1,22,22,19,1707,19.0,1,0,1,1.0,1.0,0.0,11,2,18.2,0.09,0.5,0.0,86.4,1,39,5,49,33,11,144,1203,598,25.0,72
Ibrahima Niane,sn SEN,FW,Angers,fr Ligue 1,25,24,8,943,10.5,3,1,4,5.7,4.9,1.0,29,10,34.5,0.07,0.2,-2.7,68.4,9,9,19,7,3,2,6,312,182,31.6,32
Tanguy Nianzou,fr FRA,DF,Sevilla,es La Liga,22,6,6,518,5.8,0,0,0,0.2,0.2,0.0,2,0,0.0,0.0,,-0.2,90.8,0,10,4,7,5,8,27,376,207,100.0,9
Rasmus Nicolaisen,dk DEN,DF,Toulouse,fr Ligue 1,27,7,7,623,6.9,0,1,1,0.4,0.4,0.2,5,0,0.0,0.0,,-0.4,88.1,2,27,3,6,3,10,25,445,268,50.0,29
Hans Nicolussi Caviglia,it ITA,MF,Venezia,it Serie A,24,35,33,2861,31.8,4,2,6,2.4,2.4,2.1,53,20,37.7,0.08,0.2,1.6,79.3,29,140,20,47,28,28,55,1739,901,34.0,147
Julian Niehues,de GER,MF,Heidenheim,de Bundesliga,23,8,0,154,1.7,0,0,0,0.2,0.2,0.1,2,1,50.0,0.0,0.0,-0.2,78.6,3,6,0,3,1,0,8,106,43,50.0,4
Oliver Nielsen,dk DEN,DF,Lazio,it Serie A,21,2,0,35,0.4,0,0,0,0.0,0.0,0.0,0,0,,,,0.0,90.0,0,0,0,0,0,1,2,23,10,,1
Saúl Ñíguez,es ESP,MF,Sevilla,es La Liga,29,24,17,1553,17.3,1,6,7,2.8,2.8,2.5,42,9,21.4,0.02,0.11,-1.8,78.3,22,66,13,47,32,22,34,904,386,42.9,86
Eybi Nije,se SWE,"FW,MF",Torino,it Serie A,19,16,0,394,4.4,1,0,1,1.5,1.5,0.4,9,5,55.6,0.11,0.2,-0.5,66.3,4,7,10,5,1,0,1,167,108,36.8,12
Tamás Nikitscher,hu HUN,"MF,DF",Valladolid,es La Liga,24,13,9,858,9.5,0,0,0,0.1,0.1,0.0,2,1,50.0,0.0,0.0,-0.1,91.3,2,13,2,17,8,11,16,401,189,71.4,34
Adrian Niño,es ESP,FW,Atlético Madrid,es La Liga,20,1,0,12,0.1,0,0,0,0.2,0.2,0.0,2,0,0.0,0.0,,-0.2,,0,0,0,0,0,0,0,2,1,,0
Justin Njinmah,de GER,"FW,MF",Werder Bremen,de Bundesliga,23,26,10,952,10.6,3,2,5,3.7,3.7,1.6,31,8,25.8,0.1,0.38,-0.7,61.7,12,23,33,6,2,3,1,349,230,40.7,20
Eddie Nketiah,eng ENG,"FW,MF",Crystal Palace,eng Premier League,25,29,9,1034,11.5,3,1,4,5.8,5.8,1.7,43,16,37.2,0.07,0.19,-2.8,74.3,13,19,41,15,8,3,12,412,246,35.5,26
Niels Nkounkou,fr FRA,"DF,MF",Eint Frankfurt,de Bundesliga,23,12,4,382,4.2,0,0,0,0.2,0.2,1.3,4,0,0.0,0.0,,-0.2,68.9,9,15,17,13,10,7,15,295,178,43.8,24
Christopher Nkunku,fr FRA,FW,Chelsea,eng Premier League,26,27,9,921,10.2,3,2,5,4.8,4.8,2.1,25,11,44.0,0.12,0.27,-1.8,89.5,14,25,17,12,8,7,10,448,280,37.0,29
Felix Nmecha,de GER,MF,Dortmund,de Bundesliga,23,26,19,1509,16.8,4,1,5,1.3,1.3,1.1,18,6,33.3,0.22,0.67,2.7,87.9,14,85,21,34,22,23,30,1083,632,65.4,85
Lukas Nmecha,de GER,"FW,MF",Wolfsburg,de Bundesliga,25,19,3,467,5.2,3,0,3,4.5,4.5,0.3,20,9,45.0,0.15,0.33,-1.5,63.9,3,6,8,2,0,2,4,183,109,50.0,15
Arnaud Nordin,fr FRA,FW,Montpellier,fr Ligue 1,26,16,14,1166,13.0,4,1,5,4.1,2.5,0.9,26,11,42.3,0.12,0.27,-0.1,69.9,15,23,51,24,15,5,7,499,323,45.1,47
Arnaud Nordin,fr FRA,"DF,MF",Mainz 05,de Bundesliga,26,6,0,80,0.9,0,0,0,0.0,0.0,0.5,1,0,0.0,0.0,,0.0,70.8,3,1,3,2,0,0,2,68,34,20.0,5
Brooke Norton-Cuffy,eng ENG,"DF,FW",Genoa,it Serie A,20,14,8,719,8.0,0,0,0,0.3,0.3,0.2,5,2,40.0,0.0,0.0,-0.3,75.2,2,18,12,12,7,3,12,344,190,35.0,26
Tijjani Noslin,nl NED,"FW,MF",Lazio,it Serie A,25,30,8,861,9.6,2,2,4,2.0,2.0,1.6,19,6,31.6,0.11,0.33,0.0,75.0,12,16,13,6,5,1,7,347,194,42.1,22
Hugo Novoa,es ESP,"DF,MF",Alavés,es La Liga,21,5,2,237,2.6,0,0,0,0.5,0.5,0.2,1,0,0.0,0.0,,-0.5,76.8,2,2,7,8,5,0,6,100,50,30.0,9
Randy Nteka,ao ANG,FW,Rayo Vallecano,es La Liga,26,24,16,1129,12.5,3,0,3,2.6,2.6,0.5,16,8,50.0,0.19,0.38,0.4,64.6,9,8,10,16,5,4,20,366,159,33.3,26
Ernest Nuamah,gh GHA,"FW,MF",Lyon,fr Ligue 1,20,23,13,1052,11.7,3,1,4,2.2,2.2,1.5,28,13,46.4,0.11,0.23,0.8,79.9,18,33,44,21,11,8,8,597,388,51.2,60
Gustavo Nunes,br BRA,"FW,MF",Brentford,eng Premier League,18,3,0,12,0.1,0,0,0,0.0,0.0,0.0,0,0,,,,0.0,100.0,0,0,1,3,2,0,2,7,1,,0
Matheus Nunes,pt POR,"DF,MF",Manchester City,eng Premier League,25,26,19,1674,18.6,1,6,7,1.2,1.2,4.4,9,4,44.4,0.11,0.25,-0.2,86.3,23,79,63,35,22,15,38,1416,866,46.3,70
Darwin Núñez,uy URU,FW,Liverpool,eng Premier League,25,30,8,1133,12.6,5,2,7,5.8,5.8,1.3,34,13,38.2,0.15,0.38,-0.8,70.9,11,27,23,21,18,4,12,366,201,34.8,41
Unai Núñez,es ESP,DF,Athletic Club,es La Liga,27,10,7,645,7.2,0,0,0,0.2,0.2,0.1,1,0,0.0,0.0,,-0.2,87.1,1,26,2,10,5,17,46,415,225,66.7,28
Antonio Nusa,no NOR,"MF,DF",RB Leipzig,de Bundesliga,19,25,16,1558,17.3,3,3,6,1.6,1.6,2.8,24,7,29.2,0.13,0.43,1.4,74.2,20,52,57,30,17,8,11,802,480,45.3,78
Ethan Nwaneri,eng ENG,"FW,MF",Arsenal,eng Premier League,17,26,11,895,9.9,4,2,6,1.2,1.2,1.2,24,9,37.5,0.17,0.44,2.8,80.5,16,33,46,11,7,2,4,544,365,59.7,34
Allan Nyom,cm CMR,"DF,MF",Getafe,es La Liga,36,20,10,887,9.9,1,2,3,0.5,0.5,0.3,9,4,44.4,0.11,0.25,0.5,79.5,5,22,5,18,11,4,23,443,206,44.4,32
Rabby Nzingoula,cg CGO,MF,Montpellier,fr Ligue 1,18,27,20,1689,18.8,1,0,1,1.0,1.0,1.6,19,6,31.6,0.05,0.17,0.0,76.7,8,40,25,64,42,29,23,850,454,48.1,99
M'Bala Nzola,ao ANG,FW,Lens,fr Ligue 1,27,21,16,1460,16.2,6,1,7,8.6,8.6,1.3,47,18,38.3,0.13,0.33,-2.6,75.2,20,22,26,5,4,5,7,490,284,36.8,36
Marwann Nzuzi,fr FRA,DF,Saint-Étienne,fr Ligue 1,20,2,2,125,1.4,0,0,0,0.0,0.0,0.1,2,1,50.0,0.0,0.0,0.0,83.6,1,2,2,2,2,2,6,72,34,0.0,3
Christian Nørgaard,dk DEN,MF,Brentford,eng Premier League,30,34,34,2819,31.3,5,4,9,4.3,4.3,1.3,39,15,38.5,0.13,0.33,0.7,81.6,18,154,14,79,49,49,70,1802,826,50.0,193
Jake O'Brien,ie IRL,DF,Everton,eng Premier League,23,20,17,1571,17.5,2,0,2,0.8,0.8,0.6,6,3,50.0,0.33,0.67,1.2,79.6,6,50,7,26,17,4,93,900,391,40.0,52
Matt O'Riley,dk DEN,MF,Brighton,eng Premier League,23,21,11,938,10.4,2,2,4,2.8,2.0,2.4,21,6,28.6,0.05,0.17,-0.8,76.5,21,38,22,16,9,13,9,525,275,61.5,29
Dara O'Shea,ie IRL,DF,Ipswich Town,eng Premier League,25,35,35,3122,34.7,0,2,2,1.3,1.3,0.5,22,2,9.1,0.0,0.0,-1.3,78.2,3,80,3,49,31,33,225,2022,897,50.0,110
Adam Obert,sk SVK,DF,Cagliari,it Serie A,21,21,13,1077,12.0,1,1,2,0.9,0.9,0.4,9,2,22.2,0.11,0.5,0.1,76.9,10,50,12,31,18,23,48,710,298,35.7,59
Chidozie Obi-Martin,dk DEN,FW,Manchester Utd,eng Premier League,16,7,1,165,1.8,0,0,0,0.7,0.7,0.0,5,1,20.0,0.0,0.0,-0.7,83.3,0,1,2,2,1,0,1,47,22,33.3,9
Lucas Ocampos,ar ARG,FW,Sevilla,es La Liga,30,2,2,175,1.9,0,1,1,0.2,0.2,0.3,4,2,50.0,0.0,0.0,-0.2,71.4,3,7,5,3,2,0,2,115,63,25.0,6
Jens Odgaard,dk DEN,"MF,FW",Bologna,it Serie A,25,29,24,1952,21.7,6,1,7,3.6,3.6,1.8,49,22,44.9,0.12,0.27,2.4,74.8,16,50,35,20,14,9,12,759,454,28.3,70
Wilson Odobert,fr FRA,"FW,MF",Tottenham,eng Premier League,19,16,9,850,9.4,1,0,1,1.6,1.6,1.0,13,4,30.8,0.08,0.25,-0.6,77.4,6,27,45,14,5,4,5,381,265,37.5,34
David Odogu,de GER,DF,Wolfsburg,de Bundesliga,18,3,2,195,2.2,0,0,0,0.2,0.2,0.0,2,0,0.0,0.0,,-0.2,87.9,0,8,1,6,4,2,25,143,78,,4
Álvaro Odriozola,es ESP,DF,Real Sociedad,es La Liga,28,2,0,43,0.5,0,0,0,0.0,0.0,0.0,0,0,,,,0.0,73.3,0,3,0,1,1,0,1,35,21,,2
Tim Oermann,de GER,DF,Bochum,de Bundesliga,20,29,26,2213,24.6,0,2,2,0.2,0.2,0.6,9,0,0.0,0.0,,-0.2,82.4,7,61,15,50,31,22,64,1172,605,42.9,99
Chiedozie Ogbene,ie IRL,FW,Ipswich Town,eng Premier League,27,5,3,238,2.6,0,0,0,0.0,0.0,0.1,0,0,,,,0.0,74.4,2,0,7,7,3,1,3,70,41,14.3,6
Ifechukwu Ogbus,ch SUI,DF,Freiburg,de Bundesliga,18,2,0,19,0.2,0,0,0,0.0,0.0,0.0,0,0,,,,0.0,60.0,0,0,0,1,1,1,2,15,4,,1
Thiago Ojeda,ar ARG,MF,Villarreal,es La Liga,21,1,0,8,0.1,0,0,0,0.0,0.0,0.0,1,0,0.0,0.0,,0.0,87.5,0,2,1,0,0,0,1,11,5,,0
Hamzat Ojediran,ng NGA,"MF,FW",Lens,fr Ligue 1,20,17,1,416,4.6,1,0,1,0.6,0.6,0.4,10,3,30.0,0.1,0.33,0.4,79.9,2,22,4,28,15,10,7,343,151,54.5,26
Noah Okafor,ch SUI,FW,Milan,it Serie A,24,11,5,414,4.6,1,0,1,1.5,1.5,0.3,13,7,53.8,0.08,0.14,-0.5,73.3,4,12,21,2,1,2,1,163,111,48.0,8
Noah Okafor,ch SUI,"FW,MF",Napoli,it Serie A,24,4,0,40,0.4,0,0,0,0.0,0.0,0.6,1,0,0.0,0.0,,0.0,64.7,3,1,7,3,2,0,1,29,15,28.6,3
Caleb Okoli,it ITA,DF,Leicester City,eng Premier League,23,19,12,1125,12.5,1,0,1,0.6,0.6,0.0,4,2,50.0,0.25,0.5,0.4,86.3,0,32,3,25,14,15,79,806,468,,44
Yllan Okou,fr FRA,DF,Hellas Verona,it Serie A,21,1,0,2,0.0,0,0,0,0.0,0.0,0.0,0,0,,,,0.0,0.0,0,0,0,0,0,0,0,3,1,,0
Joseph Okumu,ke KEN,DF,Reims,fr Ligue 1,27,22,20,1695,18.8,1,0,1,1.0,1.0,0.1,12,2,16.7,0.08,0.5,0.0,81.5,4,116,18,30,15,25,137,1348,710,77.8,94
Aingeru Olabarrieta,es ESP,FW,Athletic Club,es La Liga,18,1,1,54,0.6,0,0,0,0.0,0.0,0.0,0,0,,,,0.0,50.0,0,1,2,0,0,1,1,25,15,25.0,4
Kazeem Olaigbe,be BEL,"MF,FW",Rennes,fr Ligue 1,21,10,3,299,3.3,0,2,2,0.3,0.3,1.9,6,2,33.3,0.0,0.0,-0.3,87.9,15,18,17,6,4,0,0,176,111,59.1,13
Olasagasti,es ESP,MF,Real Sociedad,es La Liga,23,22,7,857,9.5,1,1,2,0.9,0.9,0.8,13,2,15.4,0.08,0.5,0.1,77.1,6,38,11,21,10,15,10,512,258,23.1,42
Ben Old,nz NZL,"FW,MF",Saint-Étienne,fr Ligue 1,21,13,4,528,5.9,0,0,0,1.0,1.0,0.8,11,2,18.2,0.0,0.0,-1.0,74.0,9,14,16,7,5,2,2,218,134,40.9,24
Finn Ole Becker,de GER,MF,Hoffenheim,de Bundesliga,24,13,7,670,7.4,0,1,1,0.1,0.1,0.3,4,2,50.0,0.0,0.0,-0.1,82.5,8,45,3,11,5,10,20,461,256,42.9,50
Michael Olise,fr FRA,"FW,MF",Bayern Munich,de Bundesliga,22,34,28,2334,25.9,12,15,27,9.7,9.7,12.0,86,36,41.9,0.14,0.33,2.3,81.4,90,184,119,36,23,8,16,1957,1305,47.7,105
Brian Oliván,es ESP,DF,Espanyol,es La Liga,30,17,12,1017,11.3,0,1,1,0.4,0.4,1.1,6,1,16.7,0.0,0.0,-0.4,69.2,15,40,21,13,10,10,23,540,248,25.0,28
Lucas Oliveira Rosa,br BRA,DF,Valladolid,es La Liga,24,21,21,1890,21.0,0,1,1,0.9,0.9,2.0,8,3,37.5,0.0,0.0,-0.9,76.5,13,50,31,53,33,28,69,1076,447,45.2,87
Mathías Olivera,uy URU,DF,Napoli,it Serie A,26,32,26,2370,26.3,0,2,2,1.1,1.1,1.7,16,2,12.5,0.0,0.0,-1.1,85.4,25,126,46,63,35,28,74,1884,957,31.3,93
Dani Olmo,es ESP,"MF,FW",Barcelona,es La Liga,26,25,13,1212,13.5,10,3,13,6.5,4.9,3.0,40,15,37.5,0.2,0.53,3.5,81.1,26,81,33,16,11,3,11,797,505,51.1,46
Warmed Omari,km COM,DF,Lyon,fr Ligue 1,24,1,0,8,0.1,0,0,0,0.0,0.0,0.0,0,0,,,,0.0,100.0,0,0,0,0,0,0,1,7,3,,0
Becir Omeragic,ch SUI,DF,Montpellier,fr Ligue 1,22,22,21,1799,20.0,0,0,0,0.3,0.3,0.1,7,3,42.9,0.0,0.0,-0.3,92.1,3,51,21,32,16,13,78,1084,609,78.6,75
Andrew Omobamidele,ie IRL,DF,Strasbourg,fr Ligue 1,22,10,6,539,6.0,0,0,0,0.0,0.0,0.0,0,0,,,,0.0,94.1,0,9,0,7,4,8,41,468,258,50.0,25
Ado Onaiwu,jp JPN,"MF,FW",Auxerre,fr Ligue 1,28,31,9,957,10.6,4,1,5,4.0,4.0,1.1,23,14,60.9,0.17,0.29,0.0,73.3,10,33,17,11,7,3,12,458,268,44.0,45
Amadou Onana,be BEL,MF,Aston Villa,eng Premier League,22,26,20,1617,18.0,3,0,3,2.1,2.1,0.7,17,6,35.3,0.18,0.5,0.9,87.7,10,75,29,55,30,26,41,998,553,70.0,72
Jean Onana,cm CMR,MF,Genoa,it Serie A,24,9,2,304,3.4,0,0,0,0.0,0.0,0.1,1,0,0.0,0.0,,0.0,80.6,2,11,1,12,6,4,8,183,82,50.0,13
Jacob Ondrejka,se SWE,"MF,FW",Parma,it Serie A,21,12,3,422,4.7,5,0,5,1.3,1.3,0.6,14,10,71.4,0.36,0.5,3.7,74.8,7,11,13,12,6,7,2,192,107,75.0,18
Karim Onisiwo,at AUT,"MF,FW",Mainz 05,de Bundesliga,32,6,1,110,1.2,0,0,0,0.1,0.1,0.3,3,0,0.0,0.0,,-0.1,62.5,1,0,1,1,1,0,0,45,23,50.0,4
Paul Onuachu,ng NGA,FW,Southampton,eng Premier League,30,25,11,1050,11.7,4,1,5,3.6,3.6,0.5,34,15,44.1,0.12,0.27,0.4,60.8,8,13,7,7,2,1,16,440,214,30.8,19
Frank Onyeka,ng NGA,MF,Brentford,eng Premier League,26,2,0,25,0.3,0,0,0,0.0,0.0,0.0,0,0,,,,0.0,85.7,0,1,0,0,0,0,0,10,6,,2
Frank Onyeka,ng NGA,MF,Augsburg,de Bundesliga,26,31,30,2586,28.7,0,1,1,1.4,1.4,1.3,24,6,25.0,0.0,0.0,-1.4,83.6,17,106,46,58,45,36,36,1339,754,33.3,147
Loïs Openda,be BEL,"FW,MF",RB Leipzig,de Bundesliga,24,33,28,2453,27.3,9,5,14,9.0,8.2,3.4,77,31,40.3,0.12,0.29,0.0,63.8,28,47,58,9,4,5,12,904,521,29.7,54
Christopher Operi,ci CIV,"DF,FW",Le Havre,fr Ligue 1,27,13,13,1169,13.0,0,2,2,0.3,0.3,2.2,7,1,14.3,0.0,0.0,-0.3,71.4,24,52,28,13,9,14,30,878,418,51.9,51
Fredrik Oppegard,no NOR,DF,Auxerre,fr Ligue 1,21,9,2,273,3.0,0,0,0,0.1,0.1,0.1,3,1,33.3,0.0,0.0,-0.1,81.2,2,7,5,6,4,2,12,184,99,33.3,14
Victor Orakpo,ng NGA,FW,Nice,fr Ligue 1,18,4,0,36,0.4,0,0,0,0.3,0.3,0.0,2,0,0.0,0.0,,-0.3,88.2,0,1,2,0,0,0,0,21,14,100.0,3
Ike Orazi,ie IRL,MF,Reims,fr Ligue 1,17,1,0,3,0.0,0,0,0,0.0,0.0,0.0,0,0,,,,0.0,100.0,0,0,1,0,0,0,0,2,2,0.0,0
Gift Orban,ng NGA,"FW,DF",Lyon,fr Ligue 1,22,3,2,186,2.1,2,0,2,1.2,1.2,0.0,4,3,75.0,0.5,0.67,0.8,66.7,1,2,1,0,0,0,0,49,26,40.0,5
Gift Orban,ng NGA,FW,Hoffenheim,de Bundesliga,22,13,7,687,7.6,4,0,4,3.4,3.4,0.2,11,4,36.4,0.36,1.0,0.6,70.8,2,7,8,3,1,0,3,208,108,36.4,18
Willi Orban,hu HUN,DF,RB Leipzig,de Bundesliga,31,25,25,2222,24.7,5,0,5,4.0,4.0,1.0,22,7,31.8,0.23,0.71,1.0,87.4,8,106,15,38,21,21,169,2101,1083,75.0,122
Ivan Ordets,ua UKR,DF,Bochum,de Bundesliga,32,22,21,1861,20.7,0,0,0,0.7,0.7,0.7,11,0,0.0,0.0,,-0.7,80.0,7,48,2,18,8,41,139,1156,510,100.0,77
Lewis Orford,eng ENG,MF,West Ham,eng Premier League,18,2,0,49,0.5,0,0,0,0.0,0.0,0.0,1,0,0.0,0.0,,0.0,86.8,2,0,0,0,0,1,0,42,22,,7
Gaetano Oristanio,it ITA,"FW,MF",Venezia,it Serie A,21,37,29,2315,25.7,3,3,6,4.1,4.1,2.6,44,12,27.3,0.07,0.25,-1.1,69.3,33,64,72,17,13,6,6,758,543,44.7,84
Aimar Oroz,es ESP,MF,Osasuna,es La Liga,22,37,35,2966,33.0,5,4,9,4.2,3.5,2.9,47,15,31.9,0.09,0.27,0.8,81.9,41,163,74,35,19,20,10,1432,913,48.5,164
Riccardo Orsolini,it ITA,FW,Bologna,it Serie A,27,30,23,1878,20.9,15,4,19,10.1,7.8,3.7,72,25,34.7,0.17,0.48,4.9,65.8,30,69,61,16,13,8,10,916,589,45.2,65
Ángel Ortíz,es ESP,DF,Betis,es La Liga,20,5,4,353,3.9,0,1,1,0.0,0.0,0.1,2,0,0.0,0.0,,0.0,74.2,3,15,4,12,8,5,7,272,133,50.0,16
Gabriel Osei Misehouy,nl NED,"FW,MF",Girona,es La Liga,19,9,1,257,2.9,1,0,1,0.9,0.9,0.3,6,2,33.3,0.17,0.5,0.1,87.4,4,15,5,1,1,0,0,128,100,63.6,11
Gabriel Osho,ng NGA,DF,Auxerre,fr Ligue 1,25,20,20,1654,18.4,1,0,1,1.0,1.0,0.1,7,3,42.9,0.14,0.33,0.0,88.8,1,43,12,23,15,12,87,944,539,57.1,52
Yordan Osorio,ve VEN,DF,Parma,it Serie A,30,3,2,172,1.9,0,0,0,0.0,0.0,0.1,1,0,0.0,0.0,,0.0,87.4,1,3,1,5,3,4,6,141,88,,6
Patrick Osterhage,de GER,MF,Freiburg,de Bundesliga,24,30,27,2267,25.2,1,0,1,1.7,1.7,1.4,21,3,14.3,0.05,0.33,-0.7,83.7,16,73,26,45,29,18,37,1259,636,40.7,106
William Osula,dk DEN,FW,Newcastle Utd,eng Premier League,20,14,0,134,1.5,1,0,1,0.2,0.2,0.1,4,1,25.0,0.25,1.0,0.8,62.1,2,4,5,2,0,4,2,56,37,50.0,2
Jibril Othman,tn TUN,FW,Saint-Étienne,fr Ligue 1,20,1,0,5,0.1,0,0,0,0.0,0.0,0.0,0,0,,,,0.0,100.0,0,0,0,0,0,0,0,1,1,,1
Sebastian Otoa,dk DEN,DF,Genoa,it Serie A,20,3,3,179,2.0,0,0,0,0.0,0.0,0.0,0,0,,,,0.0,87.5,0,0,0,1,0,3,14,88,49,,5
David Otorbi,es ESP,MF,Valencia,es La Liga,16,1,0,14,0.2,0,0,0,0.0,0.0,0.0,0,0,,,,0.0,50.0,0,0,1,0,0,0,0,6,3,0.0,0
Dango Ouattara,bf BFA,FW,Bournemouth,eng Premier League,22,32,21,2005,22.3,7,4,11,8.4,8.4,5.5,62,20,32.3,0.11,0.35,-1.4,60.0,35,43,79,35,26,11,51,959,492,47.6,92
Guimissongui Ouattara,fr FRA,"DF,FW",Strasbourg,fr Ligue 1,18,17,3,471,5.2,1,1,2,0.3,0.3,0.5,5,2,40.0,0.2,0.5,0.7,85.6,3,18,7,6,4,9,12,251,119,50.0,26
Kassoum Ouattara,fr FRA,"DF,FW",Monaco,fr Ligue 1,19,12,5,391,4.3,0,1,1,0.2,0.2,1.2,2,1,50.0,0.0,0.0,-0.2,79.3,6,16,15,9,7,5,2,274,137,33.3,27
Remi Oudin,fr FRA,"MF,FW",Lecce,it Serie A,27,11,3,299,3.3,0,0,0,0.1,0.1,0.6,3,1,33.3,0.0,0.0,-0.1,67.1,6,13,2,3,1,2,1,168,94,50.0,18
Assan Ouedraogo,de GER,MF,RB Leipzig,de Bundesliga,18,3,0,50,0.6,0,0,0,0.1,0.1,0.0,1,0,0.0,0.0,,-0.1,75.0,0,1,2,0,0,0,0,30,23,0.0,6
Zinédine Ould Khaled,fr FRA,MF,Angers,fr Ligue 1,24,10,4,343,3.8,0,0,0,0.0,0.0,0.0,1,1,100.0,0.0,0.0,0.0,91.1,0,11,2,9,7,2,12,167,82,0.0,17
Cheick Oumar Conde,gn GUI,MF,Venezia,it Serie A,24,9,1,151,1.7,0,0,0,0.0,0.0,0.0,1,0,0.0,0.0,,0.0,66.7,1,8,2,6,5,4,3,80,31,40.0,13
Beres Owusu,fr FRA,DF,Saint-Étienne,fr Ligue 1,20,1,1,90,1.0,0,0,0,0.0,0.0,0.0,0,0,,,,0.0,62.5,1,3,0,2,2,0,5,44,19,,2
Elisha Owusu,gh GHA,MF,Auxerre,fr Ligue 1,26,28,28,2344,26.0,1,3,4,0.4,0.4,1.0,7,3,42.9,0.14,0.33,0.6,81.8,14,78,8,73,41,42,35,1097,521,39.1,154
Mikel Oyarzabal,es ESP,FW,Real Sociedad,es La Liga,27,35,28,2250,25.0,9,3,12,9.9,6.8,2.4,39,13,33.3,0.13,0.38,-0.9,73.5,15,28,31,25,16,4,15,729,393,45.0,48
Daniel Oyegoke,eng ENG,DF,Hellas Verona,it Serie A,21,5,0,103,1.1,0,0,0,0.0,0.0,0.0,1,0,0.0,0.0,,0.0,69.6,0,2,2,2,2,1,7,65,32,66.7,5
Salih Özcan,tr TUR,MF,Wolfsburg,de Bundesliga,26,11,3,353,3.9,0,0,0,0.1,0.1,0.8,2,0,0.0,0.0,,-0.1,75.9,5,22,6,2,2,7,5,252,128,66.7,27
Salih Özcan,tr TUR,MF,Dortmund,de Bundesliga,26,11,3,391,4.3,0,0,0,0.3,0.3,0.4,4,0,0.0,0.0,,-0.3,77.6,5,31,4,11,7,11,10,307,127,100.0,33
Cenk Özkacar,tr TUR,DF,Valladolid,es La Liga,23,11,8,757,8.4,0,0,0,0.1,0.1,0.0,2,0,0.0,0.0,,-0.1,84.4,1,15,2,9,5,18,69,507,244,,30
Nico O’Reilly,eng ENG,DF,Manchester City,eng Premier League,19,9,6,528,5.9,2,0,2,1.3,1.3,0.4,8,3,37.5,0.25,0.67,0.7,86.4,4,17,16,9,4,4,12,419,249,60.0,31
Jon Pacheco,es ESP,DF,Real Sociedad,es La Liga,23,14,9,854,9.5,0,0,0,0.1,0.1,0.1,1,0,0.0,0.0,,-0.1,83.2,1,27,12,15,9,9,49,585,313,50.0,35
Willian Pacho,ec ECU,DF,Paris S-G,fr Ligue 1,22,28,23,2132,23.7,0,1,1,0.3,0.3,0.3,4,1,25.0,0.0,0.0,-0.3,94.8,3,53,3,56,32,40,91,2223,1399,28.6,119
Simone Pafundi,it ITA,"MF,DF",Udinese,it Serie A,18,9,0,116,1.3,0,0,0,0.1,0.1,0.7,2,1,50.0,0.0,0.0,-0.1,74.0,3,0,3,3,3,0,1,95,56,14.3,3
Exequiel Palacios,ar ARG,MF,Leverkusen,de Bundesliga,25,24,11,1155,12.8,1,6,7,1.5,1.5,2.3,13,8,61.5,0.08,0.13,-0.5,90.1,28,97,15,22,15,13,15,1144,660,66.7,76
Tomás Palacios,ar ARG,DF,Monza,it Serie A,21,8,5,446,5.0,0,0,0,0.0,0.0,0.0,1,0,0.0,0.0,,0.0,88.7,0,21,3,11,5,8,17,417,293,88.9,29
Tomás Palacios,ar ARG,DF,Inter,it Serie A,21,2,0,11,0.1,0,0,0,0.0,0.0,0.0,0,0,,,,0.0,100.0,0,3,0,0,0,1,0,15,14,,2
Isaac Palazón Camacho,es ESP,"MF,FW",Rayo Vallecano,es La Liga,29,35,25,2162,24.0,4,4,8,4.7,4.7,4.4,61,18,29.5,0.07,0.22,-0.7,77.1,48,117,30,22,17,8,13,1285,716,37.9,102
Marco Palestra,it ITA,DF,Atalanta,it Serie A,19,9,2,222,2.5,0,0,0,0.0,0.0,0.2,0,0,,,,0.0,78.0,3,6,13,6,4,2,4,137,89,33.3,7
João Palhinha,pt POR,MF,Bayern Munich,de Bundesliga,29,17,6,673,7.5,0,0,0,0.7,0.7,0.2,10,3,30.0,0.0,0.0,-0.7,92.4,4,32,3,20,14,4,9,631,330,50.0,17
Nicolas Pallois,fr FRA,DF,Nantes,fr Ligue 1,36,26,23,2017,22.4,0,2,2,0.4,0.4,0.4,3,1,33.3,0.0,0.0,-0.4,83.6,3,52,6,61,27,28,164,1192,570,42.9,96
Matteo Palma,de GER,DF,Udinese,it Serie A,16,1,0,5,0.1,0,0,0,0.0,0.0,0.0,0,0,,,,0.0,71.4,0,1,0,0,0,0,1,9,5,,1
Cole Palmer,eng ENG,"MF,FW",Chelsea,eng Premier League,22,37,36,3191,35.5,15,8,23,17.3,13.3,10.9,121,44,36.4,0.09,0.25,-2.3,77.0,87,214,120,34,20,11,20,1851,1173,45.1,106
Emerson Palmieri,it ITA,DF,West Ham,eng Premier League,29,31,26,2113,23.5,2,1,3,2.0,2.0,1.5,16,7,43.8,0.13,0.29,0.0,79.9,16,66,47,60,31,21,59,1325,555,33.3,84
Mats Pannewig,de GER,MF,Bochum,de Bundesliga,19,14,2,267,3.0,0,0,0,0.8,0.8,0.1,9,3,33.3,0.0,0.0,-0.8,75.2,1,10,3,10,6,2,8,182,97,33.3,24
Lucas Paquetá,br BRA,"MF,FW",West Ham,eng Premier League,26,33,27,2380,26.4,4,0,4,5.3,3.7,3.1,39,3,7.7,0.05,0.67,-1.3,77.3,36,155,26,66,37,18,37,1796,921,44.7,149
Aitor Paredes,es ESP,DF,Athletic Club,es La Liga,24,23,21,1812,20.1,3,0,3,2.3,2.3,0.1,6,3,50.0,0.5,1.0,0.7,83.3,2,46,4,15,13,22,114,1154,596,0.0,62
Kevin Paredes,us USA,DF,Wolfsburg,de Bundesliga,21,2,2,123,1.4,0,1,1,0.4,0.4,0.1,4,0,0.0,0.0,,-0.4,78.7,2,7,1,3,1,1,0,64,39,0.0,7
Leandro Paredes,ar ARG,MF,Roma,it Serie A,30,22,15,1373,15.3,3,1,4,2.3,0.7,1.5,24,7,29.2,0.04,0.14,0.7,88.0,21,106,17,26,14,19,33,1381,826,100.0,83
Daniel Parejo,es ESP,MF,Villarreal,es La Liga,35,36,26,2273,25.3,3,3,6,2.5,0.8,1.8,12,2,16.7,0.17,1.0,0.5,87.5,23,176,19,52,40,24,40,1732,898,66.7,142
Iago Parente,es ESP,DF,Valladolid,es La Liga,18,1,1,71,0.8,0,0,0,0.0,0.0,0.0,0,0,,,,0.0,73.0,1,4,0,0,0,0,2,40,32,,1
Fabiano Parisi,it ITA,"DF,MF",Fiorentina,it Serie A,23,25,11,1049,11.7,2,0,2,0.5,0.5,0.8,8,4,50.0,0.25,0.5,1.5,80.5,4,40,25,27,17,17,17,607,341,38.5,64
Thomas Partey,gh GHA,"MF,DF",Arsenal,eng Premier League,31,35,31,2797,31.1,4,2,6,2.3,2.3,2.1,26,9,34.6,0.15,0.44,1.7,87.4,20,185,36,89,53,35,49,2193,1256,68.6,138
Mario Pašalić,hr CRO,MF,Atalanta,it Serie A,29,34,23,1967,21.9,3,4,7,6.6,5.8,3.3,45,11,24.4,0.07,0.27,-3.6,87.3,32,149,44,26,16,12,28,1580,1048,27.8,112
Álvaro Pascual,es ESP,FW,Sevilla,es La Liga,22,8,4,408,4.5,1,0,1,1.1,1.1,0.0,11,4,36.4,0.09,0.25,-0.1,64.9,2,3,4,5,3,2,9,132,67,50.0,12
Felix Passlack,de GER,"DF,MF",Bochum,de Bundesliga,26,31,30,2334,25.9,1,6,7,1.3,1.3,3.9,26,6,23.1,0.04,0.17,-0.3,66.2,25,65,43,53,23,18,63,1290,588,38.7,114
Patric,es ESP,DF,Lazio,it Serie A,31,10,5,607,6.7,1,0,1,1.1,1.1,0.0,2,1,50.0,0.5,1.0,-0.1,88.3,1,30,4,9,6,3,22,449,276,,29
Nathan Patterson,sct SCO,DF,Everton,eng Premier League,22,10,3,347,3.9,0,1,1,0.1,0.1,0.4,1,0,0.0,0.0,,-0.1,73.9,4,13,6,11,6,2,7,215,95,75.0,12
Benjamin Pavard,fr FRA,DF,Inter,it Serie A,28,23,18,1584,17.6,0,1,1,0.5,0.5,0.8,8,1,12.5,0.0,0.0,-0.5,91.3,8,92,13,29,16,16,52,1291,855,0.0,46
Aleksandar Pavlovic,de GER,MF,Bayern Munich,de Bundesliga,20,21,18,1451,16.1,1,0,1,0.6,0.6,0.2,9,4,44.4,0.11,0.25,0.4,93.3,7,128,15,38,21,5,14,1648,1035,100.0,72
Strahinja Pavlović,rs SRB,DF,Milan,it Serie A,23,24,21,1864,20.7,2,1,3,1.8,1.8,1.1,17,8,47.1,0.12,0.25,0.2,88.2,6,94,40,52,31,16,82,1589,1036,33.3,67
Leonardo Pavoletti,it ITA,"FW,MF",Cagliari,it Serie A,35,26,1,445,4.9,2,0,2,2.7,2.7,1.0,18,7,38.9,0.11,0.29,-0.7,58.2,9,17,1,1,0,0,3,225,86,0.0,9
Martín Payero,ar ARG,MF,Udinese,it Serie A,25,25,16,1381,15.3,1,1,2,1.2,1.2,1.3,31,5,16.1,0.03,0.2,-0.2,77.8,15,51,33,24,16,13,13,649,368,42.9,75
Nicolas Pays,fr FRA,"FW,MF",Montpellier,fr Ligue 1,20,9,4,447,5.0,0,0,0,1.3,1.3,0.1,11,1,9.1,0.0,0.0,-1.3,77.7,3,14,21,13,6,4,2,247,170,38.5,20
Nicolás Paz,ar ARG,"MF,FW",Como,it Serie A,19,35,30,2687,29.9,6,8,14,9.3,8.5,6.0,109,37,33.9,0.06,0.16,-3.3,80.6,54,163,77,51,33,21,16,1683,1093,51.1,118
Mads Pedersen,dk DEN,DF,Augsburg,de Bundesliga,27,7,2,235,2.6,0,0,0,0.1,0.1,0.0,2,0,0.0,0.0,,-0.1,77.8,0,11,1,8,7,2,6,123,53,25.0,11
Marcus Pedersen,no NOR,DF,Torino,it Serie A,24,29,15,1362,15.1,0,0,0,0.6,0.6,0.4,8,3,37.5,0.0,0.0,-0.6,72.9,7,19,44,13,8,13,34,655,365,28.0,43
Alfonso Pedraza,es ESP,"DF,MF",Villarreal,es La Liga,28,12,4,460,5.1,0,2,2,0.5,0.5,1.4,5,2,40.0,0.0,0.0,-0.5,73.7,9,9,21,3,2,6,16,274,155,47.4,18
Pedri,es ESP,MF,Barcelona,es La Liga,21,37,35,2879,32.0,4,5,9,2.2,2.2,7.4,25,11,44.0,0.16,0.36,1.8,87.4,70,360,92,61,34,26,21,3060,2012,65.6,254
Pedro,es ESP,"FW,MF",Lazio,it Serie A,37,30,6,1102,12.2,10,1,11,5.3,3.8,1.7,37,16,43.2,0.22,0.5,4.7,79.8,22,76,48,19,14,3,3,722,435,50.0,59
Kévin Pedro,fr FRA,DF,Saint-Étienne,fr Ligue 1,18,1,0,10,0.1,0,0,0,0.0,0.0,0.0,0,0,,,,0.0,54.5,0,0,2,3,0,2,1,17,8,100.0,2
Adrià Pedrosa,es ESP,DF,Sevilla,es La Liga,26,31,27,2298,25.5,1,1,2,0.9,0.9,1.6,24,7,29.2,0.04,0.14,0.1,74.1,20,79,41,56,32,24,85,1526,617,45.9,100
Jordan Pefok,us USA,FW,Reims,fr Ligue 1,28,7,6,380,4.2,1,0,1,0.9,0.9,0.7,11,2,18.2,0.09,0.5,0.1,78.0,3,4,3,3,2,2,5,90,52,50.0,7
Jordan Pefok,us USA,FW,Union Berlin,de Bundesliga,28,18,10,908,10.1,0,1,1,3.2,3.2,0.9,23,7,30.4,0.0,0.0,-3.2,69.1,14,12,3,11,6,4,18,326,158,53.8,31
Pejiño,es ESP,FW,Las Palmas,es La Liga,28,1,0,16,0.2,0,0,0,0.0,0.0,0.0,1,0,0.0,0.0,,0.0,85.7,0,1,1,1,1,0,0,9,9,,2
Pietro Pellegri,it ITA,FW,Empoli,it Serie A,23,11,5,414,4.6,3,0,3,0.3,0.3,0.6,8,4,50.0,0.38,0.75,2.7,69.4,7,8,12,7,2,0,3,128,80,35.7,15
Lorenzo Pellegrini,it ITA,MF,Roma,it Serie A,28,25,20,1626,18.1,2,1,3,4.7,3.9,2.5,41,13,31.7,0.02,0.08,-2.7,79.5,27,61,27,24,16,6,22,825,463,40.7,61
Luca Pellegrini,it ITA,DF,Lazio,it Serie A,25,22,10,1067,11.9,0,4,4,0.7,0.7,1.8,13,4,30.8,0.0,0.0,-0.7,75.5,20,72,21,23,11,19,32,851,420,39.3,41
Mateo Pellegrino,ar ARG,FW,Parma,it Serie A,23,13,8,737,8.2,3,1,4,3.3,3.3,0.7,22,9,40.9,0.14,0.33,-0.3,54.3,5,15,6,3,2,1,6,263,164,33.3,20
Théo Pellenard,fr FRA,DF,Auxerre,fr Ligue 1,30,2,0,45,0.5,0,0,0,0.0,0.0,0.0,0,0,,,,0.0,75.0,0,1,1,3,2,0,3,28,7,,0
Andy Pelmard,fr FRA,DF,Lecce,it Serie A,24,3,1,129,1.4,0,0,0,0.0,0.0,0.0,0,0,,,,0.0,79.4,0,1,1,6,6,0,5,48,19,100.0,4
Andy Pelmard,fr FRA,DF,Las Palmas,es La Liga,24,4,2,205,2.3,0,0,0,0.0,0.0,0.0,1,0,0.0,0.0,,0.0,85.2,1,13,1,5,0,2,20,152,71,50.0,4
Timothee Pembele,fr FRA,DF,Le Havre,fr Ligue 1,21,20,12,1113,12.4,1,0,1,1.3,1.3,0.1,8,3,37.5,0.13,0.33,-0.3,81.5,3,43,27,30,22,11,42,680,368,51.7,46
Faris Pemi Moumbagna,cm CMR,FW,Marseille,fr Ligue 1,24,1,0,8,0.1,0,0,0,0.0,0.0,0.0,0,0,,,,0.0,,0,0,0,0,0,0,0,0,1,,0
Rubén Peña,es ESP,"FW,DF",Osasuna,es La Liga,33,25,7,775,8.6,0,0,0,0.7,0.7,0.6,10,3,30.0,0.0,0.0,-0.7,59.2,13,27,18,12,5,6,12,418,219,37.0,33
Nicolas Pépé,ci CIV,"FW,MF",Villarreal,es La Liga,29,28,15,1500,16.7,3,6,9,3.8,3.8,4.8,38,17,44.7,0.08,0.18,-0.8,79.1,33,60,76,22,9,5,12,842,518,42.2,53
Peque,es ESP,"MF,FW",Sevilla,es La Liga,21,26,14,1134,12.6,1,1,2,2.5,2.5,1.2,19,4,21.1,0.05,0.25,-1.5,79.9,12,35,14,16,5,8,5,485,266,42.3,41
Sergiu Perciun,md MDA,"FW,MF",Torino,it Serie A,18,5,0,152,1.7,0,0,0,0.0,0.0,0.1,2,1,50.0,0.0,0.0,0.0,65.4,2,4,2,2,2,1,2,72,48,40.0,10
Óscar Perea,co COL,"MF,DF",Strasbourg,fr Ligue 1,18,2,0,14,0.2,0,0,0,0.0,0.0,0.0,1,0,0.0,0.0,,0.0,100.0,0,2,1,0,0,0,0,13,8,100.0,1
Andreas Pereira,br BRA,MF,Fulham,eng Premier League,28,33,25,2013,22.4,2,4,6,3.8,3.0,4.6,38,8,21.1,0.05,0.25,-1.8,69.1,57,104,29,24,13,8,17,1148,578,46.7,100
Mathias Pereira Lage,pt POR,"FW,MF",Brest,fr Ligue 1,27,29,18,1571,17.5,2,7,9,3.3,3.3,3.5,36,15,41.7,0.06,0.13,-1.3,62.9,22,41,32,37,24,20,20,714,317,35.7,77
Pedro Pereira,pt POR,DF,Monza,it Serie A,26,35,32,2665,29.6,1,3,4,1.2,1.2,1.6,13,6,46.2,0.08,0.17,-0.2,80.7,14,66,52,53,32,21,85,1409,798,56.0,88
Ricardo Pereira,pt POR,DF,Leicester City,eng Premier League,30,10,4,388,4.3,0,0,0,0.1,0.1,0.0,2,1,50.0,0.0,0.0,-0.1,83.5,0,18,3,13,8,4,11,296,151,66.7,19
Gastón Pereiro,uy URU,MF,Genoa,it Serie A,29,2,0,31,0.3,0,0,0,0.0,0.0,0.0,0,0,,,,0.0,73.3,0,2,0,1,0,0,1,17,7,,0
Ayoze Pérez,es ESP,FW,Villarreal,es La Liga,31,30,22,1970,21.9,19,2,21,12.7,12.7,3.0,75,31,41.3,0.25,0.61,6.3,75.8,32,73,59,27,14,8,15,705,429,43.6,56
Carles Pérez,es ESP,"MF,FW",Getafe,es La Liga,26,27,15,1431,15.9,3,0,3,2.4,2.4,1.5,34,9,26.5,0.09,0.33,0.6,67.3,17,20,31,33,23,6,22,551,298,42.0,50
Francisco Perez,es ESP,"FW,MF",Valencia,es La Liga,21,26,4,570,6.3,0,0,0,0.3,0.3,2.6,6,1,16.7,0.0,0.0,-0.3,73.5,7,13,24,17,12,3,6,327,198,36.4,27
Kike Pérez,es ESP,MF,Venezia,it Serie A,27,16,13,1114,12.4,1,0,1,0.9,0.9,1.2,13,7,53.8,0.08,0.14,0.1,74.8,16,60,18,41,25,10,15,793,443,46.4,71
Kike Pérez,es ESP,MF,Valladolid,es La Liga,27,19,14,1191,13.2,2,0,2,2.1,2.1,1.0,20,4,20.0,0.1,0.5,-0.1,78.0,17,67,19,37,26,7,18,723,344,36.4,60
Luis Pérez,es ESP,DF,Valladolid,es La Liga,29,30,28,2558,28.4,0,0,0,0.2,0.2,2.1,5,2,40.0,0.0,0.0,-0.2,75.7,27,89,41,41,30,29,86,1444,585,57.1,77
Nehuén Pérez,ar ARG,DF,Udinese,it Serie A,24,2,2,180,2.0,0,0,0,0.0,0.0,0.0,0,0,,,,0.0,81.7,0,4,2,1,1,1,7,74,28,100.0,6
Romain Perraud,fr FRA,DF,Betis,es La Liga,26,28,22,2002,22.2,2,2,4,0.6,0.6,1.6,20,5,25.0,0.1,0.4,1.4,79.6,16,62,51,36,22,22,71,1419,766,31.4,95
Gaëtan Perrin,fr FRA,"MF,FW",Auxerre,fr Ligue 1,28,34,31,2691,29.9,10,11,21,6.1,6.1,7.8,59,26,44.1,0.17,0.38,3.9,70.6,73,142,83,49,26,12,4,1327,798,47.2,124
Máximo Perrone,ar ARG,MF,Como,it Serie A,21,26,20,1857,20.6,0,3,3,0.9,0.9,2.2,10,2,20.0,0.0,0.0,-0.9,90.4,30,98,16,38,27,20,43,1502,934,37.5,96
Noah Pesch,hr CRO,FW,Gladbach,de Bundesliga,19,1,0,6,0.1,0,0,0,0.0,0.0,0.0,0,0,,,,0.0,50.0,0,1,0,1,0,0,0,5,2,,1
Matteo Pessina,it ITA,MF,Monza,it Serie A,27,11,10,854,9.5,0,0,0,0.2,0.2,0.1,3,0,0.0,0.0,,-0.2,86.5,4,28,8,15,4,12,7,559,333,50.0,58
Andrea Petagna,it ITA,FW,Monza,it Serie A,29,13,2,335,3.7,0,0,0,0.2,0.2,0.0,4,0,0.0,0.0,,-0.2,64.3,1,1,2,2,1,1,2,100,66,50.0,7
Prosper Peter,ng NGA,"MF,FW",Angers,fr Ligue 1,16,2,0,27,0.3,0,0,0,0.0,0.0,0.0,0,0,,,,0.0,50.0,0,0,0,2,1,0,0,4,2,0.0,1
Léo Pétrot,fr FRA,DF,Saint-Étienne,fr Ligue 1,27,31,29,2634,29.3,0,3,3,0.6,0.6,1.6,7,3,42.9,0.0,0.0,-0.6,80.4,16,93,28,62,39,42,103,1708,766,50.0,115
Giuseppe Pezzella,it ITA,"DF,FW",Empoli,it Serie A,26,35,34,2878,32.0,0,3,3,0.6,0.6,4.6,15,3,20.0,0.0,0.0,-0.6,66.5,36,80,77,55,31,15,110,1579,673,33.3,88
Valentín Pezzolesi,es ESP,DF,Las Palmas,es La Liga,17,1,0,6,0.1,0,0,0,0.0,0.0,0.0,0,0,,,,0.0,40.0,0,0,0,0,0,0,1,6,2,,1
Maximilian Philipp,de GER,"MF,FW",Freiburg,de Bundesliga,30,2,0,17,0.2,0,0,0,0.0,0.0,0.0,1,0,0.0,0.0,,0.0,42.9,0,0,0,0,0,0,0,9,3,,0
Kalvin Phillips,eng ENG,MF,Ipswich Town,eng Premier League,28,19,14,1237,13.7,0,0,0,0.4,0.4,0.2,11,2,18.2,0.0,0.0,-0.4,79.1,5,51,4,35,19,19,37,739,310,41.7,68
Jaden Philogene Bidace,eng ENG,"FW,MF",Aston Villa,eng Premier League,22,11,2,332,3.7,0,0,0,0.5,0.5,0.3,7,0,0.0,0.0,,-0.5,73.3,1,4,7,11,5,3,2,145,75,26.7,21
Jaden Philogene Bidace,eng ENG,"FW,DF",Ipswich Town,eng Premier League,22,10,5,474,5.3,2,0,2,2.0,2.0,0.2,12,5,41.7,0.17,0.4,0.0,72.5,5,10,13,14,7,10,9,220,127,27.8,23
Pica,es ESP,DF,Alavés,es La Liga,22,9,5,499,5.5,0,0,0,0.3,0.3,0.0,4,1,25.0,0.0,0.0,-0.3,77.1,1,15,3,9,7,9,26,263,124,100.0,13
Roberto Piccoli,it ITA,FW,Cagliari,it Serie A,23,37,37,3127,34.7,10,1,11,12.7,12.0,0.9,97,28,28.9,0.09,0.32,-2.7,66.3,13,37,30,13,9,3,31,919,511,22.2,54
Benedikt Pichler,at AUT,FW,Holstein Kiel,de Bundesliga,27,18,7,785,8.7,1,2,3,2.3,2.3,1.1,20,9,45.0,0.05,0.11,-1.3,63.2,12,19,18,5,2,2,11,310,152,44.4,15
Amos Pieper,de GER,DF,Werder Bremen,de Bundesliga,26,23,16,1498,16.6,0,0,0,0.4,0.4,0.6,7,1,14.3,0.0,0.0,-0.4,84.8,4,62,11,32,17,24,98,1136,570,66.7,56
Marvin Pieringer,de GER,"FW,MF",Heidenheim,de Bundesliga,24,31,26,2206,24.5,7,4,11,8.9,6.6,4.0,57,17,29.8,0.07,0.24,-1.9,65.8,30,59,23,23,13,8,32,849,467,45.7,63
Nicholas Pierini,it ITA,MF,Venezia,it Serie A,25,2,0,83,0.9,0,0,0,0.0,0.0,0.1,1,0,0.0,0.0,,0.0,75.0,2,2,1,0,0,0,0,28,16,0.0,2
Santiago Pierotti,ar ARG,FW,Lecce,it Serie A,23,36,22,1937,21.5,4,2,6,3.1,3.1,2.4,32,7,21.9,0.13,0.57,0.9,71.3,25,38,43,46,24,14,32,730,353,44.9,111
Balthazar Pierret,fr FRA,MF,Lecce,it Serie A,24,30,21,1723,19.1,0,0,0,0.2,0.2,0.4,6,0,0.0,0.0,,-0.2,83.6,10,82,13,51,31,19,31,1020,512,54.2,93
Andrea Pinamonti,it ITA,FW,Genoa,it Serie A,25,36,33,2850,31.7,10,1,11,7.7,7.0,1.7,78,29,37.2,0.13,0.34,2.3,62.8,15,46,20,10,6,1,28,952,491,47.8,53
Ethan Pinnock,jm JAM,DF,Brentford,eng Premier League,31,22,21,1913,21.3,2,0,2,1.1,1.1,1.2,10,6,60.0,0.2,0.33,0.9,85.6,8,41,3,35,19,24,142,1348,633,33.3,50
Yeremi Pino,es ESP,"MF,FW",Villarreal,es La Liga,21,34,25,1934,21.5,4,7,11,3.9,3.9,5.3,29,8,27.6,0.14,0.5,0.1,73.9,37,66,42,60,32,8,18,986,565,43.1,93
Nicola Pintus,it ITA,DF,Cagliari,it Serie A,19,1,0,4,0.0,0,0,0,0.0,0.0,0.0,0,0,,,,0.0,100.0,0,0,0,0,0,0,2,3,1,,0
Niccolò Pisilli,it ITA,MF,Roma,it Serie A,19,28,11,1227,13.6,2,1,3,2.7,2.7,0.7,27,7,25.9,0.07,0.29,-0.7,83.5,10,63,22,24,11,11,16,718,389,35.7,58
Damián Pizarro,cl CHI,"FW,MF",Udinese,it Serie A,19,2,0,16,0.2,0,0,0,0.0,0.0,0.0,0,0,,,,0.0,66.7,0,0,0,0,0,0,0,3,0,,0
Alassane Pléa,fr FRA,"MF,FW",Gladbach,de Bundesliga,31,30,24,1902,21.1,11,4,15,7.4,6.6,3.1,41,12,29.3,0.24,0.83,3.6,72.1,25,116,51,7,3,2,7,979,601,39.5,66
Tommaso Pobega,it ITA,MF,Bologna,it Serie A,25,21,13,1178,13.1,2,2,4,2.1,2.0,1.4,24,8,33.3,0.08,0.25,-0.1,82.1,12,42,12,33,19,14,16,608,293,37.5,45
Daniel Podence,pt POR,"MF,FW",Wolves,eng Premier League,28,2,0,48,0.5,0,0,0,0.0,0.0,0.0,1,0,0.0,0.0,,0.0,68.8,0,2,1,0,0,0,0,20,13,100.0,1
Joel Pohjanpalo,fi FIN,FW,Venezia,it Serie A,29,20,19,1603,17.8,6,0,6,7.5,4.3,1.7,34,13,38.2,0.09,0.23,-1.5,60.3,15,29,9,3,3,4,24,491,249,30.0,20
Matteo Politano,it ITA,"FW,MF",Napoli,it Serie A,30,37,34,2804,31.2,3,4,7,3.1,3.1,4.8,56,14,25.0,0.05,0.21,-0.1,69.2,56,129,135,29,15,13,50,1561,920,40.0,95
Alfie Pond,eng ENG,DF,Wolves,eng Premier League,20,1,0,1,0.0,0,0,0,0.0,0.0,0.0,0,0,,,,0.0,100.0,0,0,0,0,0,0,0,1,1,,0
Marin Pongračić,hr CRO,DF,Fiorentina,it Serie A,26,19,14,1292,14.4,0,0,0,0.2,0.2,0.2,2,1,50.0,0.0,0.0,-0.2,89.2,5,34,7,18,13,12,69,922,560,64.3,73
Finn Porath,de GER,"DF,MF",Holstein Kiel,de Bundesliga,27,31,20,1970,21.9,2,3,5,1.9,1.8,2.0,29,12,41.4,0.07,0.17,0.1,66.9,22,58,42,45,26,21,67,999,418,44.4,79
Pedro Porro,es ESP,DF,Tottenham,eng Premier League,24,33,28,2610,29.0,2,6,8,1.6,1.6,5.0,39,8,20.5,0.05,0.25,0.4,73.2,57,154,65,66,49,36,84,2237,1187,35.0,152
Portu,es ESP,"FW,MF",Girona,es La Liga,32,27,6,779,8.7,1,2,3,1.6,1.6,1.7,8,3,37.5,0.13,0.33,-0.6,71.3,14,16,20,13,7,0,2,301,168,40.0,24
Stefan Posch,at AUT,DF,Bologna,it Serie A,27,14,7,714,7.9,0,0,0,0.3,0.3,0.7,2,0,0.0,0.0,,-0.3,78.4,10,36,11,26,15,5,22,602,295,27.3,43
Stefan Posch,at AUT,DF,Atalanta,it Serie A,27,5,4,387,4.3,0,0,0,0.2,0.2,0.0,3,2,66.7,0.0,0.0,-0.2,83.7,0,23,5,18,11,4,13,299,202,50.0,22
Tom Pouilly,fr FRA,"DF,MF",Lens,fr Ligue 1,21,10,2,273,3.0,0,0,0,0.4,0.4,0.4,5,2,40.0,0.0,0.0,-0.4,78.4,3,11,12,9,6,4,11,257,152,66.7,16
Yussuf Poulsen,dk DEN,"FW,MF",RB Leipzig,de Bundesliga,30,22,2,378,4.2,2,0,2,3.3,3.3,0.6,15,8,53.3,0.13,0.25,-1.3,59.6,7,12,2,10,5,0,14,221,89,16.7,16
Beñat Prados,es ESP,MF,Athletic Club,es La Liga,23,30,21,1715,19.1,1,0,1,1.0,1.0,1.1,16,5,31.3,0.06,0.2,0.0,82.0,11,78,20,55,36,28,26,991,480,50.0,91
Alexander Prass,at AUT,DF,Hoffenheim,de Bundesliga,23,23,19,1566,17.4,0,1,1,0.9,0.9,2.8,12,1,8.3,0.0,0.0,-0.9,72.7,18,63,28,42,23,9,53,1199,605,47.6,92
Matteo Prati,it ITA,MF,Cagliari,it Serie A,20,12,8,570,6.3,0,0,0,0.1,0.1,0.7,4,0,0.0,0.0,,-0.1,72.0,6,23,2,10,4,7,10,313,155,27.3,24
Abdón Prats,es ESP,"FW,MF",Mallorca,es La Liga,31,24,3,456,5.1,2,0,2,2.2,1.5,0.1,13,4,30.8,0.08,0.25,-0.2,66.7,3,7,0,2,1,1,5,146,77,33.3,13
David Preu,de GER,"MF,DF",Union Berlin,de Bundesliga,19,5,1,121,1.3,0,0,0,0.1,0.1,0.0,2,0,0.0,0.0,,-0.1,54.1,0,3,1,1,1,0,2,63,31,28.6,4
Grischa Prömel,de GER,MF,Hoffenheim,de Bundesliga,29,2,2,174,1.9,0,0,0,0.0,0.0,0.0,0,0,,,,0.0,84.2,0,5,2,0,0,2,4,106,70,0.0,7
Ivan Prtajin,hr CRO,FW,Union Berlin,de Bundesliga,28,5,2,161,1.8,0,0,0,0.5,0.5,0.1,8,2,25.0,0.0,0.0,-0.5,37.5,1,1,1,3,2,0,3,78,38,100.0,4
Javi Puado,es ESP,"FW,MF",Espanyol,es La Liga,26,35,35,2974,33.0,12,4,16,11.6,7.7,3.0,66,19,28.8,0.11,0.37,0.4,76.8,22,75,73,22,17,5,19,985,623,34.4,105
Tymoteusz Puchacz,pl POL,DF,Holstein Kiel,de Bundesliga,25,10,5,396,4.4,0,1,1,0.1,0.1,0.6,4,1,25.0,0.0,0.0,-0.1,70.3,8,8,13,9,4,3,11,247,109,47.4,32
Diego Pugno,it ITA,FW,Juventus,it Serie A,18,1,0,7,0.1,0,0,0,0.0,0.0,0.1,0,0,,,,0.0,100.0,1,0,0,0,0,0,0,4,2,0.0,1
Christian Pulisic,us USA,"FW,MF",Milan,it Serie A,25,34,29,2478,27.5,11,9,20,12.0,8.9,6.4,53,20,37.7,0.15,0.4,-1.0,76.5,69,105,121,43,29,5,13,1367,859,44.8,94
Jarell Quansah,eng ENG,DF,Liverpool,eng Premier League,21,13,4,495,5.5,0,0,0,0.1,0.1,0.1,1,0,0.0,0.0,,-0.1,90.8,2,19,3,12,8,7,28,464,268,33.3,19
Leopold Querfeld,at AUT,DF,Union Berlin,de Bundesliga,20,27,17,1747,19.4,2,2,4,1.1,1.1,1.0,16,4,25.0,0.13,0.5,0.9,80.8,10,49,3,25,12,19,144,1066,531,33.3,66
Dani Raba,es ESP,"FW,MF",Leganés,es La Liga,28,29,24,1879,20.9,8,6,14,7.5,3.6,5.3,39,12,30.8,0.1,0.33,0.5,67.1,47,69,42,37,23,14,19,930,523,50.5,90
Adrien Rabiot,fr FRA,MF,Marseille,fr Ligue 1,29,29,27,2485,27.6,9,4,13,7.3,7.3,3.8,48,22,45.8,0.19,0.41,1.7,84.8,28,168,79,49,31,21,32,1822,1096,52.0,124
Hamza Rafia,tn TUN,MF,Lecce,it Serie A,25,18,14,1058,11.8,0,0,0,0.5,0.5,1.4,10,2,20.0,0.0,0.0,-0.5,77.6,16,51,13,44,27,4,18,651,317,45.5,62
Antonio Raillo,es ESP,DF,Mallorca,es La Liga,32,36,36,3207,35.6,2,0,2,2.0,2.0,1.6,35,8,22.9,0.06,0.25,0.0,88.7,13,108,31,31,18,29,222,2185,1108,66.7,104
Antonio Raimondo,it ITA,"FW,DF",Venezia,it Serie A,20,9,0,94,1.0,0,0,0,0.3,0.3,0.1,1,1,100.0,0.0,0.0,-0.3,65.4,1,2,2,2,1,0,0,34,21,,4
Ylber Ramadani,al ALB,MF,Lecce,it Serie A,28,29,21,1807,20.1,1,1,2,0.6,0.6,1.1,17,6,35.3,0.06,0.17,0.4,82.1,16,60,9,51,28,24,26,1038,537,54.2,117
Benito Ramírez,es ESP,"DF,FW",Las Palmas,es La Liga,29,19,2,478,5.3,0,0,0,0.3,0.3,0.9,10,1,10.0,0.0,0.0,-0.3,79.4,13,16,14,10,5,1,14,406,211,20.0,32
Sandro Ramírez,es ESP,"FW,MF",Las Palmas,es La Liga,29,31,25,2034,22.6,9,3,12,4.1,3.3,3.4,51,20,39.2,0.16,0.4,4.9,64.2,28,52,52,27,15,16,22,930,469,34.0,93
Jacobo Ramón,es ESP,DF,Real Madrid,es La Liga,19,3,2,204,2.3,1,0,1,0.2,0.2,0.2,2,1,50.0,0.5,1.0,0.8,93.3,1,1,0,7,3,3,8,117,59,,5
Gonçalo Ramos,pt POR,FW,Paris S-G,fr Ligue 1,23,22,12,1066,11.8,10,3,13,13.6,11.3,2.2,52,29,55.8,0.15,0.28,-3.6,80.1,15,24,11,11,6,0,5,353,155,9.1,18
Jacob Ramsey,eng ENG,"FW,MF",Aston Villa,eng Premier League,23,29,19,1623,18.0,1,3,4,1.6,1.6,2.3,19,4,21.1,0.05,0.25,-0.6,84.8,21,68,61,30,15,8,8,762,496,54.3,83
Luca Ranieri,it ITA,DF,Fiorentina,it Serie A,25,35,34,2981,33.1,0,3,3,1.1,1.1,1.7,10,4,40.0,0.0,0.0,-0.1,85.4,16,80,25,42,24,27,154,2124,1234,47.4,95
Grant Ranos,am ARM,FW,Gladbach,de Bundesliga,21,2,0,20,0.2,0,0,0,0.0,0.0,0.0,0,0,,,,0.0,66.7,0,1,1,1,0,0,0,17,10,,0
Lilian Raolisoa,fr FRA,"DF,FW",Angers,fr Ligue 1,24,29,14,1318,14.6,0,3,3,0.7,0.7,2.0,14,1,7.1,0.0,0.0,-0.7,69.5,14,47,33,41,24,15,45,751,404,43.4,76
Raphinha,br BRA,"FW,MF",Barcelona,es La Liga,27,36,32,2839,31.5,18,9,27,19.2,17.6,12.7,112,40,35.7,0.14,0.4,-1.2,71.1,91,135,94,36,22,11,26,1863,1016,50.5,94
Marcus Rashford,eng ENG,"FW,MF",Manchester Utd,eng Premier League,26,15,12,978,10.9,4,1,5,1.7,1.7,2.1,16,9,56.3,0.25,0.44,2.3,73.8,15,21,20,7,4,4,7,440,293,23.1,24
Marcus Rashford,eng ENG,FW,Aston Villa,eng Premier League,26,10,4,444,4.9,2,2,4,3.1,2.3,2.3,18,5,27.8,0.06,0.2,-1.1,71.3,13,13,22,10,7,1,3,227,127,40.9,14
Giacomo Raspadori,it ITA,"FW,MF",Napoli,it Serie A,24,26,11,1103,12.3,6,1,7,4.0,4.0,2.4,42,14,33.3,0.14,0.43,2.0,68.3,28,42,18,18,9,3,13,549,263,64.3,43
Andrei Ratiu,ro ROU,DF,Rayo Vallecano,es La Liga,26,35,34,3065,34.1,2,3,5,1.8,1.8,5.7,31,7,22.6,0.06,0.29,0.2,81.6,36,145,122,71,41,27,73,2193,1190,51.7,169
Raúl,es ESP,"FW,MF",Osasuna,es La Liga,23,32,5,750,8.3,4,0,4,3.5,3.5,0.7,25,12,48.0,0.16,0.33,0.5,69.0,3,16,10,13,8,0,6,266,153,55.0,14
David Raum,de GER,DF,RB Leipzig,de Bundesliga,26,22,21,1783,19.8,1,5,6,0.5,0.5,6.5,9,4,44.4,0.11,0.25,0.5,69.4,48,71,36,38,28,9,47,1389,593,39.3,92
Rayan Raveloson,mg MAD,"MF,DF",Auxerre,fr Ligue 1,27,13,7,724,8.0,1,0,1,0.8,0.8,0.2,16,5,31.3,0.06,0.2,0.2,86.6,3,31,5,6,5,5,22,401,216,53.8,44
Abderrahman Rebbach,dz ALG,"FW,MF",Alavés,es La Liga,25,8,4,385,4.3,0,0,0,0.2,0.2,0.3,6,1,16.7,0.0,0.0,-0.2,62.7,6,5,16,3,2,0,6,173,103,21.4,16
Ante Rebić,hr CRO,"FW,MF",Lecce,it Serie A,30,27,7,788,8.8,1,0,1,2.1,2.1,2.1,13,5,38.5,0.08,0.2,-1.1,61.1,18,36,17,12,9,2,4,429,223,26.7,33
Harrison Reed,eng ENG,MF,Fulham,eng Premier League,29,12,0,108,1.2,0,0,0,0.2,0.2,0.1,3,2,66.7,0.0,0.0,-0.2,70.9,1,4,1,6,3,1,3,78,31,0.0,10
Remy Rees-Dottin,eng ENG,FW,Bournemouth,eng Premier League,18,1,0,1,0.0,0,0,0,0.0,0.0,0.0,0,0,,,,0.0,,0,0,0,0,0,0,0,0,0,,0
Sergio Reguilón,es ESP,DF,Tottenham,eng Premier League,27,4,1,196,2.2,0,0,0,0.1,0.1,0.0,2,0,0.0,0.0,,-0.1,68.4,1,13,5,4,3,4,8,167,88,33.3,14
Tijjani Reijnders,nl NED,MF,Milan,it Serie A,26,37,36,3128,34.8,10,4,14,7.5,7.5,3.5,77,28,36.4,0.13,0.36,2.5,87.5,47,230,111,26,13,38,28,1863,1214,50.7,125
Vitor Reis,br BRA,DF,Manchester City,eng Premier League,18,1,0,1,0.0,0,0,0,0.0,0.0,0.0,0,0,,,,0.0,100.0,0,0,0,0,0,0,1,3,2,100.0,0
Rocco Reitz,de GER,MF,Gladbach,de Bundesliga,22,27,21,1830,20.3,2,1,3,1.7,1.7,2.1,23,7,30.4,0.09,0.29,0.3,77.9,16,91,18,52,24,53,59,1199,614,47.2,94
Nicolai Remberg,de GER,MF,Holstein Kiel,de Bundesliga,24,32,26,2417,26.9,0,1,1,1.5,1.5,0.8,24,2,8.3,0.0,0.0,-1.5,77.9,9,80,25,45,25,29,100,1316,552,28.0,101
Devyne Rensch,nl NED,DF,Roma,it Serie A,21,14,5,469,5.2,0,1,1,0.3,0.3,0.8,3,2,66.7,0.0,0.0,-0.3,81.9,2,14,2,17,13,7,12,319,161,0.0,13
Daniel Requena,es ESP,MF,Villarreal,es La Liga,20,1,0,10,0.1,0,0,0,0.0,0.0,0.0,0,0,,,,0.0,80.0,0,0,0,0,0,0,0,5,2,,0
Mateo Retegui,it ITA,FW,Atalanta,it Serie A,25,36,32,2383,26.5,25,8,33,18.9,14.9,4.9,99,32,32.3,0.21,0.66,6.1,76.5,38,46,21,14,9,4,17,874,557,40.0,69
Elvis Rexhbeçaj,xk KVX,MF,Augsburg,de Bundesliga,26,27,22,1785,19.8,1,1,2,1.4,1.4,1.1,29,5,17.2,0.03,0.2,-0.4,70.0,16,94,31,27,19,16,22,887,463,31.3,85
Gio Reyna,us USA,MF,Dortmund,de Bundesliga,21,16,3,350,3.9,2,0,2,0.2,0.2,0.2,3,2,66.7,0.67,1.0,1.8,78.8,2,22,5,7,0,0,9,262,150,57.1,19
Chadi Riad,ma MAR,DF,Crystal Palace,eng Premier League,21,1,1,90,1.0,0,0,0,0.0,0.0,0.0,0,0,,,,0.0,85.4,0,7,2,5,2,2,0,90,58,,4
Alexsandro Ribeiro,br BRA,DF,Lille,fr Ligue 1,24,30,30,2700,30.0,1,1,2,1.6,1.6,0.4,21,4,19.0,0.05,0.25,-0.6,91.2,9,178,25,32,19,27,143,2712,1737,62.5,175
Samuele Ricci,it ITA,MF,Torino,it Serie A,22,34,34,2825,31.4,1,1,2,1.3,1.3,0.6,22,7,31.8,0.05,0.14,-0.3,88.0,15,116,43,35,21,25,51,1589,960,27.3,130
Declan Rice,eng ENG,MF,Arsenal,eng Premier League,25,35,33,2825,31.4,4,7,11,3.5,3.5,6.6,48,14,29.2,0.08,0.29,0.5,83.4,59,192,90,53,25,25,51,1948,1031,48.3,156
Chris Richards,us USA,DF,Crystal Palace,eng Premier League,24,24,22,1922,21.4,1,0,1,1.4,1.4,0.1,12,6,50.0,0.08,0.17,-0.4,79.8,2,39,6,47,30,19,121,1118,517,16.7,51
Amir Richardson,ma MAR,MF,Fiorentina,it Serie A,22,26,10,1024,11.4,1,1,2,0.9,0.9,0.6,11,5,45.5,0.09,0.2,0.1,87.6,8,47,19,30,13,6,29,748,451,57.9,51
Richarlison,br BRA,FW,Tottenham,eng Premier League,27,15,4,504,5.6,4,1,5,3.7,3.7,0.9,17,7,41.2,0.24,0.57,0.3,60.2,4,11,8,5,3,0,8,173,89,6.3,11
Diego Rico,es ESP,DF,Getafe,es La Liga,31,33,32,2819,31.3,0,3,3,0.4,0.4,2.7,16,3,18.8,0.0,0.0,-0.4,67.6,36,136,27,81,49,34,102,1929,694,42.9,132
Fabian Rieder,ch SUI,"MF,FW",Stuttgart,de Bundesliga,22,21,8,867,9.6,1,3,4,1.4,1.4,2.0,20,7,35.0,0.05,0.14,-0.4,70.6,12,38,20,17,14,10,7,492,253,47.4,45
Luis Rioja,es ESP,FW,Alavés,es La Liga,30,1,0,23,0.3,0,0,0,0.0,0.0,0.1,0,0,,,,0.0,45.5,1,1,4,2,1,0,0,15,8,,1
Luis Rioja,es ESP,"MF,FW",Valencia,es La Liga,30,36,33,2831,31.5,5,3,8,3.3,1.7,4.5,28,12,42.9,0.11,0.25,1.7,67.7,35,103,93,33,21,22,44,1505,816,47.3,111
Rodrigo Riquelme,es ESP,"MF,DF",Atlético Madrid,es La Liga,24,16,4,516,5.7,0,1,1,0.9,0.9,0.8,14,4,28.6,0.0,0.0,-0.9,78.1,15,24,43,11,5,2,3,354,246,25.0,21
Alberto Risco,es ESP,"MF,FW",Getafe,es La Liga,18,5,0,69,0.8,0,0,0,0.2,0.2,0.1,4,1,25.0,0.0,0.0,-0.2,73.5,4,3,3,4,4,0,0,57,32,16.7,5
Mihailo Ristić,rs SRB,"DF,MF",Celta Vigo,es La Liga,28,10,6,429,4.8,0,1,1,0.0,0.0,0.2,2,0,0.0,0.0,,0.0,77.6,4,10,8,7,7,2,18,302,153,15.4,17
Lars Ritzka,de GER,"DF,MF",St. Pauli,de Bundesliga,26,21,11,922,10.2,1,0,1,0.4,0.4,0.2,8,1,12.5,0.13,1.0,0.6,71.5,5,21,8,49,29,11,41,567,161,0.0,35
Gorka Rivera Alonso,es ESP,"DF,MF",Getafe,es La Liga,19,1,0,20,0.2,0,0,0,0.0,0.0,0.0,0,0,,,,0.0,45.5,0,1,0,2,0,0,0,17,5,0.0,1
Sergi Roberto,es ESP,MF,Como,it Serie A,32,13,8,696,7.7,0,1,1,0.7,0.7,0.7,6,1,16.7,0.0,0.0,-0.7,90.3,15,36,10,14,8,9,14,582,340,30.0,48
Andrew Robertson,sct SCO,DF,Liverpool,eng Premier League,30,33,29,2482,27.6,0,1,1,1.2,1.2,4.6,15,2,13.3,0.0,0.0,-1.2,82.7,40,176,64,39,22,21,54,2084,1107,38.9,105
Antonee Robinson,us USA,DF,Fulham,eng Premier League,26,36,35,3167,35.2,0,10,10,0.7,0.7,4.2,16,2,12.5,0.0,0.0,-0.7,76.8,43,131,118,95,61,62,133,2523,1343,45.8,157
Jay Robinson,eng ENG,"MF,FW",Southampton,eng Premier League,17,4,1,137,1.5,0,0,0,0.0,0.0,0.7,1,1,100.0,0.0,0.0,0.0,67.6,3,1,3,4,1,0,1,54,33,54.5,12
Marc Roca,es ESP,MF,Betis,es La Liga,27,14,11,906,10.1,2,2,4,1.1,1.1,1.0,12,4,33.3,0.17,0.5,0.9,86.4,12,59,11,20,14,14,14,632,385,80.0,51
Rodri,es ESP,MF,Manchester City,eng Premier League,28,3,1,73,0.8,0,0,0,0.0,0.0,0.0,0,0,,,,0.0,94.1,1,4,1,2,1,1,1,74,39,0.0,7
Rodri,es ESP,FW,Betis,es La Liga,24,3,1,118,1.3,0,0,0,0.2,0.2,0.1,2,2,100.0,0.0,0.0,-0.2,84.8,2,8,4,2,1,1,1,86,57,33.3,10
Alejandro Rodriguez,pt POR,MF,Lyon,fr Ligue 1,16,1,0,20,0.2,0,0,0,0.0,0.0,0.0,0,0,,,,0.0,50.0,0,0,0,0,0,0,0,8,1,,1
Álvaro Rodríguez,uy URU,FW,Getafe,es La Liga,20,22,7,852,9.5,2,0,2,1.2,1.2,0.3,25,10,40.0,0.08,0.2,0.8,46.0,5,13,6,10,7,3,12,415,186,48.5,31
Óscar Rodríguez Arnaiz,es ESP,"MF,FW",Leganés,es La Liga,26,29,12,1330,14.8,1,4,5,2.1,2.1,2.2,33,6,18.2,0.03,0.17,-1.1,72.1,19,60,24,32,17,20,20,749,381,40.4,56
Arturo Rodríguez,es ESP,FW,Las Palmas,es La Liga,17,1,0,21,0.2,0,0,0,0.0,0.0,0.0,0,0,,,,0.0,71.4,0,0,1,0,0,0,0,11,7,0.0,1
Damián Rodríguez,es ESP,MF,Celta Vigo,es La Liga,21,17,10,927,10.3,0,0,0,0.1,0.1,0.8,4,0,0.0,0.0,,-0.1,89.2,17,71,8,14,9,7,13,876,529,0.0,49
Dani Rodríguez,es ESP,"MF,FW",Mallorca,es La Liga,36,37,26,2162,24.0,4,7,11,2.8,2.8,3.1,31,10,32.3,0.13,0.4,1.2,69.7,33,78,37,49,29,12,30,971,512,47.1,70
Daniel Rodriguez,es ESP,FW,Barcelona,es La Liga,18,1,1,37,0.4,0,0,0,0.0,0.0,0.0,2,0,0.0,0.0,,0.0,75.0,0,2,4,0,0,0,0,25,20,0.0,0
Guido Rodríguez,ar ARG,MF,West Ham,eng Premier League,30,23,16,1149,12.8,0,1,1,0.2,0.2,0.2,8,1,12.5,0.0,0.0,-0.2,84.4,4,33,4,36,19,13,35,709,327,50.0,53
James Rodríguez,co COL,"MF,FW",Rayo Vallecano,es La Liga,33,6,1,140,1.6,0,0,0,0.3,0.3,0.2,4,2,50.0,0.0,0.0,-0.3,79.6,2,13,3,3,2,1,0,116,71,71.4,8
Javi Rodríguez,es ESP,DF,Celta Vigo,es La Liga,21,36,26,2514,27.9,3,2,5,2.3,2.3,1.0,12,5,41.7,0.25,0.6,0.7,86.7,13,114,29,53,38,33,96,1994,1187,45.5,87
Jesus Rodríguez,es ESP,FW,Betis,es La Liga,18,21,15,1111,12.3,2,0,2,2.3,2.3,0.2,23,8,34.8,0.09,0.25,-0.3,72.8,8,35,53,16,14,6,3,532,361,35.7,58
Kirian Rodríguez,es ESP,MF,Las Palmas,es La Liga,28,21,21,1758,19.5,0,3,3,1.6,1.6,1.5,21,8,38.1,0.0,0.0,-1.6,85.2,16,128,25,33,17,10,21,1357,763,68.8,100
Ricardo Rodríguez,ch SUI,DF,Betis,es La Liga,31,18,15,1274,14.2,0,1,1,0.2,0.2,0.4,5,1,20.0,0.0,0.0,-0.2,82.0,7,63,19,28,15,8,51,866,434,57.1,55
Rodrygo,br BRA,"FW,MF",Real Madrid,es La Liga,23,30,22,1928,21.4,6,5,11,4.0,3.9,3.0,54,20,37.0,0.11,0.3,2.0,85.9,49,108,113,21,14,11,9,1340,889,44.1,71
Mads Roerslev,dk DEN,DF,Brentford,eng Premier League,25,19,11,1101,12.2,0,2,2,0.2,0.2,3.0,5,2,40.0,0.0,0.0,-0.2,78.7,14,51,17,18,8,4,35,645,352,36.8,39
Mads Roerslev,dk DEN,DF,Wolfsburg,de Bundesliga,25,7,2,298,3.3,0,0,0,0.0,0.0,0.0,0,0,,,,0.0,83.9,1,13,7,10,9,5,16,215,102,33.3,8
Morgan Rogers,eng ENG,"FW,MF",Aston Villa,eng Premier League,22,37,37,3114,34.6,8,10,18,6.6,6.6,7.8,55,20,36.4,0.15,0.4,1.4,73.2,51,123,114,43,22,6,20,1362,794,41.3,119
Merlin Röhl,de GER,"MF,FW",Freiburg,de Bundesliga,22,19,11,965,10.7,0,1,1,0.8,0.8,1.7,12,3,25.0,0.0,0.0,-0.8,76.0,9,22,20,16,10,6,2,403,217,30.0,49
Alessio Romagnoli,it ITA,DF,Lazio,it Serie A,29,32,31,2672,29.7,2,0,2,2.4,2.4,0.3,20,7,35.0,0.1,0.29,-0.4,91.8,9,90,8,48,29,26,118,2042,1064,33.3,96
Carlos Romero,es ESP,DF,Espanyol,es La Liga,22,34,28,2554,28.4,2,1,3,2.0,2.0,2.1,29,6,20.7,0.07,0.33,0.0,71.4,29,64,50,73,47,30,102,1366,593,42.3,125
Cristian Romero,ar ARG,DF,Tottenham,eng Premier League,26,18,18,1416,15.7,1,0,1,1.6,1.6,0.6,16,8,50.0,0.06,0.13,-0.6,89.5,7,71,12,35,29,21,57,1377,896,25.0,90
Isaac Romero,es ESP,FW,Sevilla,es La Liga,24,31,26,2156,24.0,4,2,6,6.8,6.0,2.1,53,17,32.1,0.08,0.24,-2.8,70.3,20,29,21,13,7,7,27,751,382,32.3,59
Luka Romero,ar ARG,"FW,MF",Alavés,es La Liga,19,6,2,199,2.2,0,0,0,0.8,0.0,0.2,1,0,0.0,0.0,,-0.8,69.4,4,0,3,4,4,1,0,69,42,33.3,9
Oriol Romeu,es ESP,MF,Girona,es La Liga,32,25,17,1356,15.1,0,0,0,0.1,0.1,0.3,5,1,20.0,0.0,0.0,-0.1,90.4,8,73,22,38,25,12,20,1032,600,50.0,71
Valentin Rongier,fr FRA,"MF,DF",Marseille,fr Ligue 1,29,25,17,1562,17.4,3,1,4,1.0,1.0,1.1,14,7,50.0,0.21,0.43,2.0,90.3,11,110,25,50,28,33,28,1602,896,68.8,86
Marten de Roon,nl NED,"MF,DF",Atalanta,it Serie A,33,36,34,3058,34.0,4,4,8,0.9,0.9,2.3,14,4,28.6,0.29,1.0,3.1,86.4,25,242,37,74,48,47,67,2538,1475,46.2,140
Vitor Roque,br BRA,FW,Betis,es La Liga,19,22,14,1235,13.7,4,0,4,6.1,6.1,1.2,41,18,43.9,0.1,0.22,-2.1,72.8,12,17,24,11,6,7,4,365,213,25.6,35
Pablo Rosario,do DOM,"MF,DF",Nice,fr Ligue 1,27,29,21,1775,19.7,3,1,4,3.8,3.0,0.6,16,7,43.8,0.13,0.29,-0.8,85.0,16,89,17,30,20,31,43,950,473,52.9,60
Lasse Rosenboom,de GER,DF,Holstein Kiel,de Bundesliga,22,26,21,1734,19.3,2,2,4,1.9,1.9,1.1,12,5,41.7,0.17,0.4,0.1,65.1,14,34,19,47,35,19,71,780,284,36.8,57
Max Rosenfelder,de GER,DF,Freiburg,de Bundesliga,21,25,13,1249,13.9,1,0,1,0.4,0.4,0.7,5,1,20.0,0.2,1.0,0.6,85.3,5,29,24,27,17,7,65,826,445,56.0,60
Valentin Rosier,fr FRA,DF,Leganés,es La Liga,27,32,28,2595,28.8,1,2,3,0.9,0.9,1.1,14,4,28.6,0.07,0.25,0.1,79.3,11,74,41,72,52,52,149,1615,746,51.1,121
Tom Rothe,de GER,"DF,MF",Union Berlin,de Bundesliga,19,26,19,1670,18.6,3,3,6,1.8,1.8,1.3,23,9,39.1,0.13,0.33,1.2,68.1,12,50,25,45,28,18,57,1074,456,25.0,77
Anthony Rouault,fr FRA,DF,Rennes,fr Ligue 1,23,11,11,972,10.8,0,0,0,0.5,0.5,0.0,7,3,42.9,0.0,0.0,-0.5,91.6,1,36,3,12,8,8,65,786,485,,48
Anthony Rouault,fr FRA,DF,Stuttgart,de Bundesliga,23,18,14,1212,13.5,1,0,1,0.5,0.5,0.3,5,1,20.0,0.2,1.0,0.5,90.0,6,52,6,15,11,19,63,1014,573,40.0,63
Jonas Rouhi,se SWE,DF,Juventus,it Serie A,20,5,1,210,2.3,0,0,0,0.0,0.0,0.0,0,0,,,,0.0,79.2,0,9,1,4,1,3,2,192,84,40.0,15
Jérôme Roussillon,fr FRA,"DF,MF",Union Berlin,de Bundesliga,31,7,1,136,1.5,0,0,0,0.1,0.1,0.0,2,0,0.0,0.0,,-0.1,63.4,0,11,2,0,0,2,7,96,40,33.3,2
Nicolò Rovella,it ITA,MF,Lazio,it Serie A,22,33,31,2718,30.2,0,3,3,1.5,1.5,2.2,28,8,28.6,0.0,0.0,-1.5,89.6,31,159,45,84,50,47,46,2354,1451,72.0,154
Jon Rowe,eng ENG,"FW,MF",Marseille,fr Ligue 1,21,28,6,807,9.0,3,3,6,3.5,3.5,4.5,36,15,41.7,0.08,0.2,-0.5,80.1,18,31,30,15,11,2,4,438,294,41.7,21
Amir Rrahmani,xk KVX,DF,Napoli,it Serie A,30,38,38,3406,37.8,1,3,4,2.9,2.9,1.1,28,3,10.7,0.04,0.33,-1.9,91.0,11,188,30,39,31,27,179,3152,1859,66.7,135
Tommaso Rubino,it ITA,MF,Fiorentina,it Serie A,17,1,0,8,0.1,0,0,0,0.0,0.0,0.0,0,0,,,,0.0,33.3,1,1,0,0,0,0,0,3,3,,2
Antonio Rüdiger,de GER,DF,Real Madrid,es La Liga,31,29,26,2291,25.5,0,0,0,1.7,1.7,0.5,24,4,16.7,0.0,0.0,-1.7,91.8,7,94,20,20,13,9,96,2069,1373,42.9,102
Matteo Ruggeri,it ITA,DF,Atalanta,it Serie A,22,30,19,1751,19.5,0,3,3,0.2,0.2,2.0,3,2,66.7,0.0,0.0,-0.2,84.2,24,114,60,39,24,22,50,1479,785,54.5,124
Aitor Ruibal,es ESP,"DF,FW",Betis,es La Liga,28,29,13,1313,14.6,1,3,4,0.9,0.9,2.4,16,4,25.0,0.06,0.25,0.1,80.9,20,50,21,32,23,14,40,790,398,51.9,71
Abel Ruiz,es ESP,FW,Girona,es La Liga,24,23,17,1346,15.0,4,0,4,4.6,3.0,0.5,21,7,33.3,0.14,0.43,-0.6,87.9,8,23,21,6,2,5,7,391,225,35.0,21
Ferrán Ruiz,es ESP,MF,Girona,es La Liga,21,1,0,18,0.2,0,0,0,0.0,0.0,0.0,0,0,,,,0.0,50.0,0,1,0,0,0,1,0,9,5,,1
Fabián Ruiz Peña,es ESP,MF,Paris S-G,fr Ligue 1,28,30,21,1923,21.4,4,5,9,4.3,4.3,4.7,43,12,27.9,0.09,0.33,-0.3,89.6,36,205,47,37,24,16,27,1807,1037,70.0,135
Georginio Rutter,fr FRA,"MF,FW",Brighton,eng Premier League,22,28,19,1656,18.4,5,3,8,4.6,4.6,2.5,50,12,24.0,0.1,0.42,0.4,66.8,19,67,42,39,15,10,13,641,361,38.0,66
Julian Ryerson,no NOR,DF,Dortmund,de Bundesliga,26,29,27,2259,25.1,2,3,5,0.7,0.7,4.5,18,5,27.8,0.11,0.4,1.3,85.3,36,92,66,46,30,22,26,1684,1002,57.1,120
Elias Saad,tn TUN,"FW,MF",St. Pauli,de Bundesliga,24,18,10,900,10.0,3,2,5,2.8,2.8,0.8,26,8,30.8,0.12,0.38,0.2,76.2,14,27,29,20,13,3,1,427,301,29.6,43
Youssouf Sabaly,sn SEN,DF,Betis,es La Liga,31,22,20,1581,17.6,0,1,1,0.2,0.2,0.8,5,0,0.0,0.0,,-0.2,86.7,11,62,25,40,25,13,40,1170,620,40.0,87
Emmanuel Sabbi,us USA,"FW,MF",Le Havre,fr Ligue 1,26,15,7,653,7.3,0,0,0,1.9,1.9,0.6,15,4,26.7,0.0,0.0,-1.9,71.1,4,15,11,14,7,3,4,230,130,37.9,26
Stefano Sabelli,it ITA,DF,Genoa,it Serie A,31,34,23,2058,22.9,0,2,2,0.1,0.1,1.9,6,1,16.7,0.0,0.0,-0.1,68.5,18,88,36,58,31,22,65,1428,641,30.8,92
Marcel Sabitzer,at AUT,MF,Dortmund,de Bundesliga,30,26,18,1616,18.0,1,0,1,1.8,1.8,1.6,21,8,38.1,0.05,0.13,-0.8,84.8,12,97,24,29,19,10,29,1028,577,40.0,58
Falaye Sacko,ml MLI,DF,Montpellier,fr Ligue 1,29,16,14,1233,13.7,0,1,1,0.0,0.0,0.2,0,0,,,,0.0,83.6,7,59,21,14,8,13,21,734,371,22.2,52
Umar Sadiq,ng NGA,FW,Valencia,es La Liga,27,16,9,825,9.2,5,0,5,3.4,3.4,0.7,20,7,35.0,0.25,0.71,1.6,72.3,6,7,9,10,5,1,7,301,175,44.0,14
Umar Sadiq,ng NGA,FW,Real Sociedad,es La Liga,27,7,2,227,2.5,0,0,0,0.2,0.2,0.2,5,0,0.0,0.0,,-0.2,52.1,1,5,5,2,1,1,2,85,49,55.6,5
Alexis Saelemaekers,be BEL,"DF,FW",Roma,it Serie A,25,22,17,1389,15.4,7,3,10,2.5,2.5,2.6,25,12,48.0,0.28,0.58,4.5,81.5,24,53,39,33,20,9,8,945,582,42.3,75
Alexis Saelemaekers,be BEL,"DF,FW",Milan,it Serie A,25,1,1,90,1.0,0,0,0,0.0,0.0,0.1,0,0,,,,0.0,84.6,2,4,7,1,1,1,0,81,59,,4
Jorge Sáenz,es ESP,DF,Leganés,es La Liga,27,23,19,1690,18.8,1,0,1,1.3,1.3,0.1,8,3,37.5,0.13,0.33,-0.3,83.7,2,36,5,37,23,25,161,1181,579,57.1,58
Modibo Sagnan,ml MLI,DF,Montpellier,fr Ligue 1,25,27,24,2141,23.8,2,0,2,0.7,0.7,0.6,11,3,27.3,0.18,0.67,1.3,88.6,6,51,13,57,35,29,110,1224,657,65.0,90
Richie Sagrado,be BEL,DF,Venezia,it Serie A,20,3,3,140,1.6,0,0,0,0.1,0.1,0.0,1,0,0.0,0.0,,-0.1,77.4,0,2,0,2,2,3,4,46,21,,6
Osame Sahraoui,ma MAR,"FW,MF",Lille,fr Ligue 1,23,30,10,1293,14.4,3,3,6,2.9,2.9,3.6,23,8,34.8,0.13,0.38,0.1,83.9,29,89,69,13,9,7,8,804,535,44.3,58
Wesley Saïd,fr FRA,FW,Lens,fr Ligue 1,29,24,11,905,10.1,3,0,3,3.2,3.2,1.0,17,7,41.2,0.18,0.43,-0.2,77.8,9,24,16,16,11,2,2,325,185,47.4,17
Théo Sainte-Luce,fr FRA,DF,Montpellier,fr Ligue 1,25,16,11,1018,11.3,1,0,1,1.0,1.0,0.8,8,4,50.0,0.13,0.25,0.0,74.1,8,22,19,24,11,12,33,490,199,60.0,38
Bukayo Saka,eng ENG,"FW,MF",Arsenal,eng Premier League,22,25,20,1729,19.2,6,10,16,6.8,6.0,7.6,66,22,33.3,0.08,0.23,-0.8,75.5,58,70,96,29,15,3,8,979,628,45.6,70
Faik Sakar,de GER,MF,RB Leipzig,de Bundesliga,16,1,0,1,0.0,0,0,0,0.0,0.0,0.0,0,0,,,,0.0,,0,0,0,0,0,0,0,0,0,,0
Marco Sala,it ITA,DF,Como,it Serie A,25,8,3,261,2.9,0,0,0,0.0,0.0,0.1,0,0,,,,0.0,75.7,1,16,10,9,6,1,9,173,113,50.0,11
Marco Sala,it ITA,DF,Lecce,it Serie A,25,2,0,72,0.8,0,0,0,0.0,0.0,0.4,0,0,,,,0.0,72.0,1,6,5,1,0,0,0,52,32,,1
Ibrahim Salah,ma MAR,FW,Brest,fr Ligue 1,22,12,4,358,4.0,1,1,2,0.6,0.6,0.6,13,4,30.8,0.08,0.25,0.4,68.2,6,7,15,4,2,2,0,186,124,36.0,20
Mohamed Salah,eg EGY,FW,Liverpool,eng Premier League,32,38,38,3371,37.5,29,18,47,25.2,18.2,14.2,121,50,41.3,0.17,0.4,3.8,70.6,88,144,154,21,11,9,5,1695,1149,42.3,101
Anass Salah-Eddine,nl NED,DF,Roma,it Serie A,22,3,2,152,1.7,0,1,1,0.3,0.3,0.1,2,1,50.0,0.0,0.0,-0.3,83.5,2,2,8,1,1,1,2,117,61,0.0,6
Amine Salama,fr FRA,FW,Reims,fr Ligue 1,24,17,2,373,4.1,0,0,0,0.7,0.7,0.3,9,3,33.3,0.0,0.0,-0.7,75.6,5,9,12,3,2,1,0,132,81,41.2,11
Jan Salas,es ESP,"MF,FW",Mallorca,es La Liga,18,4,0,43,0.5,0,0,0,0.1,0.1,0.0,2,0,0.0,0.0,,-0.1,76.9,0,4,1,3,1,0,0,32,13,,2
Kike Salas,es ESP,DF,Sevilla,es La Liga,22,31,25,2238,24.9,3,2,5,1.9,1.9,0.6,23,6,26.1,0.13,0.5,1.1,78.5,6,59,7,47,28,32,146,1710,717,60.0,95
Manolis Saliakas,gr GRE,"MF,DF",St. Pauli,de Bundesliga,27,30,26,2314,25.7,2,1,3,1.5,1.5,2.6,29,6,20.7,0.07,0.33,0.5,71.8,26,93,28,46,22,20,62,1560,653,33.3,84
William Saliba,fr FRA,DF,Arsenal,eng Premier League,23,35,35,3039,33.8,2,0,2,2.3,2.3,0.9,6,2,33.3,0.33,1.0,-0.3,94.3,7,138,16,62,37,21,119,2824,1756,63.2,154
Mohammed Salisu,gh GHA,DF,Monaco,fr Ligue 1,25,15,11,1023,11.4,1,0,1,0.8,0.8,0.1,8,4,50.0,0.13,0.25,0.2,85.4,3,68,8,28,18,16,54,905,545,0.0,55
Roland Sallai,hu HUN,"FW,MF",Freiburg,de Bundesliga,27,2,0,46,0.5,0,0,0,0.1,0.1,0.1,3,1,33.3,0.0,0.0,-0.1,64.7,1,3,4,2,1,1,0,25,16,0.0,0
Yoann Salmier,gf GUF,DF,Le Havre,fr Ligue 1,31,13,9,797,8.9,0,0,0,0.8,0.8,0.2,5,2,40.0,0.0,0.0,-0.8,81.8,2,24,7,14,7,10,59,462,205,80.0,22
Lazar Samardzic,rs SRB,MF,Atalanta,it Serie A,22,31,7,1169,13.0,2,1,3,2.0,2.0,2.9,33,12,36.4,0.06,0.17,0.0,77.9,35,92,54,21,15,2,6,867,573,45.0,50
Diadie Samassékou,ml MLI,MF,Hoffenheim,de Bundesliga,28,8,6,290,3.2,0,0,0,0.1,0.1,0.0,3,1,33.3,0.0,0.0,-0.1,92.3,0,11,3,5,5,5,5,190,92,80.0,18
Mama Samba Baldé,gw GNB,FW,Lyon,fr Ligue 1,28,2,0,33,0.4,0,0,0,0.1,0.1,0.0,1,0,0.0,0.0,,-0.1,66.7,0,1,1,2,2,1,1,15,7,0.0,1
Mama Samba Baldé,gw GNB,FW,Brest,fr Ligue 1,28,27,12,1149,12.8,2,3,5,3.0,3.0,2.1,29,8,27.6,0.07,0.25,-1.0,72.3,16,22,35,13,9,6,14,434,257,30.9,37
Albert Sambi Lokonga,be BEL,MF,Sevilla,es La Liga,24,22,16,1471,16.3,0,2,2,0.9,0.9,1.0,13,5,38.5,0.0,0.0,-0.9,89.4,19,93,24,22,15,9,24,1018,533,40.0,69
Junior Sambia,fr FRA,"DF,FW",Empoli,it Serie A,27,17,2,387,4.3,0,0,0,0.4,0.4,0.3,10,1,10.0,0.0,0.0,-0.4,68.1,6,21,5,14,10,2,5,244,105,36.8,18
Chuky san jose,es ESP,MF,Valladolid,es La Liga,20,18,9,728,8.1,2,0,2,2.2,2.2,1.2,16,7,43.8,0.13,0.29,-0.2,68.7,8,15,6,8,2,0,4,232,107,44.4,20
Antonio Sanabria,py PAR,FW,Torino,it Serie A,28,26,16,1318,14.6,2,1,3,2.9,2.1,0.5,18,4,22.2,0.11,0.5,-0.9,78.4,9,18,6,3,3,1,13,377,227,54.5,24
Oihan Sancet,es ESP,MF,Athletic Club,es La Liga,24,29,19,1620,18.0,15,1,16,9.7,7.3,1.9,47,17,36.2,0.26,0.71,5.3,81.0,21,90,52,13,8,5,6,767,464,48.0,77
Alexis Sánchez,cl CHI,FW,Udinese,it Serie A,35,13,6,437,4.9,0,0,0,0.8,0.8,0.2,7,0,0.0,0.0,,-0.8,76.7,3,19,2,3,1,4,1,211,121,57.1,17
Antonio Sánchez,es ESP,"MF,DF",Mallorca,es La Liga,27,33,12,1395,15.5,0,0,0,1.1,1.1,0.6,17,2,11.8,0.0,0.0,-1.1,72.8,5,38,18,28,16,18,36,729,367,56.0,77
Iván Sánchez,es ESP,"MF,FW",Valladolid,es La Liga,31,32,11,1404,15.6,2,1,3,0.7,0.7,2.9,15,5,33.3,0.13,0.4,1.3,71.4,24,77,60,37,20,14,10,755,467,57.1,59
Javi Sánchez,es ESP,DF,Valladolid,es La Liga,27,25,25,2026,22.5,2,0,2,0.5,0.5,0.3,11,5,45.5,0.18,0.4,1.5,87.3,6,34,4,26,16,22,111,1387,720,100.0,57
Juanlu Sánchez,es ESP,"MF,DF",Sevilla,es La Liga,20,32,18,1722,19.1,4,4,8,2.1,2.1,2.8,13,6,46.2,0.31,0.67,1.9,81.5,24,68,44,50,34,17,19,884,427,39.3,66
Manu Sánchez,es ESP,DF,Alavés,es La Liga,23,33,30,2634,29.3,1,0,1,1.7,1.7,1.2,12,2,16.7,0.08,0.5,-0.7,72.2,16,78,47,83,56,30,76,1477,562,21.6,105
Jadon Sancho,eng ENG,FW,Chelsea,eng Premier League,24,31,19,1764,19.6,3,4,7,2.2,2.2,3.7,24,8,33.3,0.13,0.38,0.8,82.6,38,90,102,13,7,2,8,975,653,46.4,99
Philipp Sander,de GER,MF,Gladbach,de Bundesliga,26,27,16,1400,15.6,1,0,1,1.2,1.2,0.6,18,7,38.9,0.06,0.14,-0.2,80.9,13,60,16,33,17,23,44,921,473,61.1,82
James Sands,us USA,"MF,DF",St. Pauli,de Bundesliga,24,7,5,453,5.0,0,0,0,0.1,0.1,0.0,1,0,0.0,0.0,,-0.1,76.0,1,16,0,15,6,5,8,259,119,100.0,21
Leroy Sané,de GER,FW,Bayern Munich,de Bundesliga,28,30,17,1637,18.2,11,5,16,10.2,10.2,5.5,67,29,43.3,0.16,0.38,0.8,82.5,36,64,75,23,15,7,3,1184,787,39.0,82
Arouna Sangante,sn SEN,DF,Le Havre,fr Ligue 1,22,16,16,1244,13.8,3,0,3,1.0,1.0,0.1,7,4,57.1,0.43,0.75,2.0,87.1,3,48,11,25,16,21,65,949,546,83.3,53
Ibrahim Sangaré,ci CIV,MF,Nott'ham Forest,eng Premier League,26,13,7,590,6.6,0,1,1,0.0,0.0,0.4,1,1,100.0,0.0,0.0,0.0,85.4,4,27,1,28,14,6,13,407,171,0.0,42
Nhoa Sangui,fr FRA,"DF,MF",Reims,fr Ligue 1,18,26,10,1158,12.9,0,2,2,0.1,0.1,0.5,3,0,0.0,0.0,,-0.1,83.9,5,45,21,16,9,8,23,708,362,52.6,64
Maroan Sannadi,ma MAR,FW,Athletic Club,es La Liga,23,16,7,754,8.4,1,1,2,3.5,3.5,0.6,19,7,36.8,0.05,0.14,-2.5,72.3,7,15,21,5,0,1,2,282,198,46.7,24
Kaishu Sano,jp JPN,MF,Mainz 05,de Bundesliga,23,34,34,3043,33.8,0,0,0,0.9,0.9,1.2,20,2,10.0,0.0,0.0,-0.9,80.1,19,159,53,61,36,65,56,1814,894,62.7,190
Morgan Sanson,fr FRA,MF,Nice,fr Ligue 1,29,6,3,235,2.6,3,0,3,1.5,1.5,0.1,9,4,44.4,0.33,0.75,1.5,78.3,1,13,5,6,3,4,2,145,89,40.0,10
Nicola Sansone,it ITA,"MF,FW",Lecce,it Serie A,32,5,0,65,0.7,0,0,0,0.2,0.2,0.0,3,1,33.3,0.0,0.0,-0.2,81.8,1,1,0,0,0,0,0,29,20,0.0,1
Baptiste Santamaria,fr FRA,MF,Nice,fr Ligue 1,29,13,11,927,10.3,0,0,0,0.9,0.9,1.0,16,3,18.8,0.0,0.0,-0.9,82.6,9,45,10,20,10,18,19,589,277,61.5,49
Baptiste Santamaria,fr FRA,MF,Rennes,fr Ligue 1,29,10,5,482,5.4,0,1,1,0.1,0.1,0.3,4,1,25.0,0.0,0.0,-0.1,82.5,4,28,3,11,4,12,7,377,198,20.0,34
Jesús Santiago,es ESP,MF,Getafe,es La Liga,20,19,4,372,4.1,0,0,0,0.0,0.0,0.0,1,0,0.0,0.0,,0.0,72.8,0,16,4,14,8,1,3,184,97,14.3,21
Andrey Santos,br BRA,MF,Strasbourg,fr Ligue 1,20,32,32,2855,31.7,10,3,13,5.1,5.1,3.3,46,16,34.8,0.22,0.63,4.9,88.2,27,149,29,110,74,32,67,1983,1015,48.6,188
Tiago Santos,pt POR,DF,Lille,fr Ligue 1,22,7,4,404,4.5,0,0,0,0.4,0.4,0.6,8,4,50.0,0.0,0.0,-0.4,78.5,5,17,24,12,7,2,4,285,191,57.1,15
Pablo Sarabia,es ESP,"MF,FW",Wolves,eng Premier League,32,23,7,814,9.0,3,2,5,2.9,2.9,1.8,17,8,47.1,0.18,0.38,0.1,69.2,15,60,15,16,8,4,7,552,325,40.0,34
Jeremy Sarmiento,ec ECU,MF,Brighton,eng Premier League,22,1,0,9,0.1,0,0,0,0.0,0.0,0.0,0,0,,,,0.0,100.0,0,0,0,0,0,0,0,8,6,,1
Amin Sarr,se SWE,FW,Hellas Verona,it Serie A,23,32,25,1907,21.2,4,1,5,3.2,3.2,2.1,23,7,30.4,0.17,0.57,0.8,70.0,22,41,31,22,12,3,14,681,345,42.4,42
Ismaila Sarr,sn SEN,MF,Crystal Palace,eng Premier League,26,38,30,2711,30.1,8,6,14,10.7,10.7,8.5,59,29,49.2,0.14,0.28,-2.7,66.0,44,85,75,22,10,9,40,1091,607,27.9,113
Malang Sarr,fr FRA,DF,Lens,fr Ligue 1,25,21,15,1385,15.4,0,0,0,0.3,0.3,0.3,6,1,16.7,0.0,0.0,-0.3,89.4,5,54,4,21,13,22,63,1105,665,50.0,69
Mamadou Sarr,fr FRA,DF,Strasbourg,fr Ligue 1,18,27,27,2365,26.3,0,1,1,0.8,0.8,0.3,5,0,0.0,0.0,,-0.8,93.8,5,52,7,37,21,25,117,1953,1241,52.6,98
Martin Satriano,uy URU,"FW,DF",Lens,fr Ligue 1,23,7,0,88,1.0,0,0,0,0.4,0.4,0.1,5,0,0.0,0.0,,-0.4,60.0,2,2,2,3,1,0,2,52,24,50.0,6
Téji Savanier,fr FRA,MF,Montpellier,fr Ligue 1,32,31,27,2363,26.3,2,5,7,3.8,2.3,6.9,45,14,31.1,0.0,0.0,-1.8,69.6,67,183,26,29,25,15,21,1748,909,40.3,117
Sávio,br BRA,"FW,MF",Manchester City,eng Premier League,20,29,21,1766,19.6,1,8,9,5.0,5.0,6.9,55,21,38.2,0.02,0.05,-4.0,80.8,46,67,137,23,17,6,9,1095,783,46.0,79
Nicolò Savona,it ITA,DF,Juventus,it Serie A,21,28,19,1724,19.2,2,1,3,0.5,0.5,1.2,6,4,66.7,0.33,0.5,1.5,89.5,16,59,35,29,13,11,38,1227,778,54.5,72
Saba Sazonov,ge GEO,DF,Torino,it Serie A,22,1,0,3,0.0,0,0,0,0.0,0.0,0.0,0,0,,,,0.0,,0,0,0,0,0,0,0,1,0,,0
Joe Scally,us USA,DF,Gladbach,de Bundesliga,21,32,30,2578,28.6,0,0,0,0.4,0.4,1.1,6,1,16.7,0.0,0.0,-0.4,83.4,11,68,52,45,32,16,86,1850,980,52.5,97
Giorgio Scalvini,it ITA,DF,Atalanta,it Serie A,20,6,4,272,3.0,0,0,0,0.1,0.1,0.0,4,0,0.0,0.0,,-0.1,84.6,0,20,5,8,4,4,7,228,158,71.4,13
Gianluca Scamacca,it ITA,FW,Atalanta,it Serie A,25,1,0,6,0.1,0,0,0,0.1,0.1,0.0,1,1,100.0,0.0,0.0,-0.1,100.0,0,0,0,0,0,0,0,2,2,,0
Oliver Scarles,eng ENG,"DF,FW",West Ham,eng Premier League,18,15,7,665,7.4,0,0,0,0.1,0.1,0.1,3,0,0.0,0.0,,-0.1,78.8,2,22,12,21,11,11,26,466,219,28.6,34
Dane Scarlett,eng ENG,"FW,MF",Tottenham,eng Premier League,20,3,0,34,0.4,0,1,1,0.0,0.0,0.0,1,1,100.0,0.0,0.0,0.0,60.0,1,1,1,1,0,0,1,9,5,,3
Kevin Schade,de GER,FW,Brentford,eng Premier League,22,38,26,2293,25.5,11,2,13,8.2,8.2,3.7,55,27,49.1,0.2,0.41,2.8,59.7,23,38,61,39,25,5,34,883,434,33.7,83
András Schäfer,hu HUN,MF,Union Berlin,de Bundesliga,25,26,17,1534,17.0,1,1,2,0.6,0.6,0.9,12,1,8.3,0.08,1.0,0.4,73.5,10,55,23,52,26,22,36,799,362,44.8,72
Fabian Schär,ch SUI,DF,Newcastle Utd,eng Premier League,32,34,33,2934,32.6,4,0,4,3.7,3.7,0.4,40,11,27.5,0.1,0.36,0.3,83.7,5,118,18,36,21,45,138,2319,1438,61.5,134
Patrik Schick,cz CZE,FW,Leverkusen,de Bundesliga,28,31,19,1684,18.7,21,0,21,12.7,11.9,0.6,68,32,47.1,0.29,0.63,8.3,78.0,11,21,7,6,5,4,17,578,312,38.5,29
Stefan Schimmer,de GER,"FW,MF",Heidenheim,de Bundesliga,30,13,0,247,2.7,0,0,0,1.1,1.1,0.3,10,2,20.0,0.0,0.0,-1.1,60.4,4,3,0,2,0,0,4,84,38,0.0,9
Joël Schingtienne,be BEL,DF,Venezia,it Serie A,21,16,12,1122,12.5,0,0,0,0.0,0.0,0.1,0,0,,,,0.0,86.2,3,28,5,27,16,14,25,611,299,55.6,49
Xaver Schlager,at AUT,MF,RB Leipzig,de Bundesliga,26,4,2,181,2.0,0,0,0,0.1,0.1,0.7,1,0,0.0,0.0,,-0.1,86.7,1,6,5,4,2,0,3,123,56,100.0,8
Keven Schlotterbeck,de GER,DF,Augsburg,de Bundesliga,27,18,15,1297,14.4,3,1,4,0.8,0.8,0.6,12,4,33.3,0.25,0.75,2.2,84.5,7,59,3,19,17,15,73,845,424,100.0,55
Nico Schlotterbeck,de GER,DF,Dortmund,de Bundesliga,24,23,23,1982,22.0,0,4,4,1.3,1.3,2.1,17,4,23.5,0.0,0.0,-1.3,89.2,18,195,37,38,24,22,79,2297,1467,63.6,157
Jeffrey Schlupp,gh GHA,"MF,DF",Crystal Palace,eng Premier League,31,12,0,103,1.1,0,0,0,0.2,0.2,0.2,4,2,50.0,0.0,0.0,-0.2,78.0,3,5,4,2,0,0,2,79,30,100.0,6
Romano Schmid,at AUT,MF,Werder Bremen,de Bundesliga,24,32,32,2834,31.5,5,4,9,4.3,3.5,6.2,47,13,27.7,0.09,0.31,0.7,74.5,68,279,107,43,25,11,9,1988,1315,47.4,167
Niklas Schmidt,de GER,MF,Toulouse,fr Ligue 1,26,9,2,205,2.3,0,1,1,0.1,0.1,0.7,3,1,33.3,0.0,0.0,-0.1,78.9,5,23,2,6,4,1,4,194,109,0.0,24
Jan Schöppner,de GER,MF,Heidenheim,de Bundesliga,25,33,32,2681,29.8,4,3,7,3.9,3.9,3.4,41,13,31.7,0.1,0.31,0.1,74.7,25,107,35,56,30,43,95,1440,704,43.8,130
Marvin Schulz,de GER,"MF,DF",Holstein Kiel,de Bundesliga,29,12,3,306,3.4,0,0,0,0.0,0.0,0.7,3,1,33.3,0.0,0.0,0.0,78.0,4,11,5,6,5,0,17,220,95,25.0,18
Léo Scienza,br BRA,"FW,MF",Heidenheim,de Bundesliga,25,25,13,1153,12.8,3,3,6,2.0,2.0,3.7,38,15,39.5,0.08,0.2,1.0,66.3,34,30,70,17,12,5,9,584,368,44.6,53
Alex Scott,eng ENG,MF,Bournemouth,eng Premier League,20,20,8,755,8.4,0,0,0,0.7,0.7,0.9,15,6,40.0,0.0,0.0,-0.7,83.6,12,52,15,27,14,10,15,485,247,23.1,52
Jérémy Sebas,mq MTQ,"FW,MF",Strasbourg,fr Ligue 1,21,13,1,190,2.1,0,0,0,0.7,0.7,0.0,6,2,33.3,0.0,0.0,-0.7,65.9,1,3,6,3,2,0,4,70,41,75.0,10
Aleksandar Sedlar,rs SRB,DF,Alavés,es La Liga,32,9,7,594,6.6,0,0,0,0.0,0.0,0.0,1,0,0.0,0.0,,0.0,82.6,0,12,2,18,10,10,24,296,141,0.0,18
Alidu Seidu,gh GHA,DF,Rennes,fr Ligue 1,24,11,10,803,8.9,0,0,0,0.1,0.1,0.3,3,0,0.0,0.0,,-0.1,82.2,5,41,23,22,18,14,17,616,338,50.0,67
Nicolas Seiwald,at AUT,"MF,DF",RB Leipzig,de Bundesliga,23,30,20,2084,23.2,0,0,0,0.2,0.2,1.7,5,0,0.0,0.0,,-0.2,82.7,20,140,17,53,31,31,76,1607,760,40.0,125
Hiroki Sekine,jp JPN,DF,Reims,fr Ligue 1,21,15,9,887,9.9,0,0,0,0.1,0.1,0.2,5,0,0.0,0.0,,-0.1,80.8,3,39,22,9,7,5,51,628,328,50.0,21
Nélson Semedo,pt POR,DF,Wolves,eng Premier League,30,34,32,2886,32.1,0,4,4,0.9,0.9,2.8,18,7,38.9,0.0,0.0,-0.9,80.8,25,80,67,62,36,23,104,1717,901,45.1,139
Antoine Semenyo,gh GHA,FW,Bournemouth,eng Premier League,24,37,36,3203,35.6,11,5,16,10.0,10.0,5.8,125,40,32.0,0.09,0.28,1.0,73.4,46,109,140,55,35,11,39,1653,979,51.1,158
Marvin Senaya,tg TOG,DF,Strasbourg,fr Ligue 1,23,10,1,227,2.5,0,0,0,0.0,0.0,0.1,1,0,0.0,0.0,,0.0,79.7,2,5,1,8,3,7,12,173,72,0.0,13
Marcos Senesi,ar ARG,DF,Bournemouth,eng Premier League,27,17,13,1106,12.3,0,0,0,0.8,0.8,0.2,3,0,0.0,0.0,,-0.8,76.3,3,62,12,39,21,14,58,889,554,60.0,71
Stefano Sensi,it ITA,MF,Monza,it Serie A,28,12,2,274,3.0,1,0,1,0.9,0.2,0.2,6,1,16.7,0.0,0.0,0.1,86.0,3,38,4,8,5,3,3,329,245,71.4,16
Suat Serdar,de GER,MF,Hellas Verona,it Serie A,27,22,16,1376,15.3,2,1,3,1.9,1.9,1.0,30,8,26.7,0.07,0.25,0.1,74.8,10,56,18,35,22,8,21,660,370,51.4,74
Sergi,es ESP,DF,Leganés,es La Liga,32,36,33,2957,32.9,2,0,2,1.5,1.5,0.4,13,5,38.5,0.15,0.4,0.5,83.7,5,77,3,40,29,39,185,1875,977,80.0,80
Nicolás Serrano,es ESP,FW,Athletic Club,es La Liga,21,4,1,112,1.2,0,0,0,0.2,0.2,0.0,5,1,20.0,0.0,0.0,-0.2,56.8,1,4,2,1,1,1,1,68,27,33.3,3
Benjamin Šeško,si SVN,"FW,MF",RB Leipzig,de Bundesliga,21,33,30,2380,26.4,13,5,18,10.0,8.4,2.1,66,29,43.9,0.17,0.38,3.0,67.6,19,46,47,7,3,5,20,901,444,52.0,62
Ryan Sessegnon,eng ENG,"FW,DF",Fulham,eng Premier League,24,16,7,580,6.4,4,2,6,1.6,1.6,1.1,14,8,57.1,0.29,0.5,2.4,78.4,12,22,18,27,13,3,18,363,180,38.1,30
Stephan El Shaarawy,it ITA,"DF,MF",Roma,it Serie A,31,31,12,1098,12.2,3,4,7,2.7,2.7,1.2,28,12,42.9,0.11,0.25,0.3,79.2,15,49,42,16,12,10,13,635,381,44.7,48
Luke Shaw,eng ENG,DF,Manchester Utd,eng Premier League,29,7,4,349,3.9,0,0,0,0.0,0.0,0.7,1,0,0.0,0.0,,0.0,85.9,5,24,7,4,3,2,7,317,226,0.0,9
Eldor Shomurodov,uz UZB,"FW,MF",Roma,it Serie A,29,27,11,1097,12.2,4,4,8,4.7,4.7,1.3,29,13,44.8,0.14,0.31,-0.7,75.2,17,21,19,14,6,3,5,446,246,28.6,36
Djibril Sidibé,fr FRA,DF,Toulouse,fr Ligue 1,32,28,24,2101,23.3,0,3,3,0.4,0.4,2.9,5,1,20.0,0.0,0.0,-0.4,79.7,18,121,16,65,36,20,64,1475,817,57.9,99
Armindo Sieb,de GER,"FW,MF",Mainz 05,de Bundesliga,21,27,5,762,8.5,2,2,4,2.8,2.8,1.1,29,7,24.1,0.07,0.29,-0.8,69.7,8,18,28,10,4,1,7,333,184,30.6,29
Vincent Sierro,ch SUI,MF,Toulouse,fr Ligue 1,28,29,27,2402,26.7,5,1,6,4.2,2.7,3.6,30,7,23.3,0.1,0.43,0.8,78.4,30,147,15,44,27,16,44,1646,914,42.9,125
Tim Siersleben,de GER,DF,Heidenheim,de Bundesliga,24,16,14,1182,13.1,0,0,0,0.6,0.6,0.5,4,2,50.0,0.0,0.0,-0.6,80.8,6,31,8,21,14,20,66,869,472,50.0,37
Zain Silcott-Duberry,ms MSR,FW,Bournemouth,eng Premier League,19,1,0,1,0.0,0,0,0,0.0,0.0,0.0,0,0,,,,0.0,50.0,0,0,0,1,1,0,0,3,1,,0
Kiliann Sildillia,fr FRA,DF,Freiburg,de Bundesliga,22,21,8,801,8.9,2,0,2,0.5,0.5,0.7,7,2,28.6,0.29,1.0,1.5,73.2,7,29,11,17,10,11,38,576,253,66.7,33
André Silva,pt POR,FW,Werder Bremen,de Bundesliga,28,7,4,375,4.2,1,0,1,2.6,1.0,0.4,12,5,41.7,0.0,0.0,-1.6,70.7,5,10,6,2,2,0,3,176,103,6.3,10
André Silva,pt POR,"FW,MF",RB Leipzig,de Bundesliga,28,8,0,132,1.5,1,2,3,1.3,0.5,0.6,7,2,28.6,0.0,0.0,-0.3,71.4,3,4,6,1,1,1,2,65,35,,7
Bernardo Silva,pt POR,"MF,FW",Manchester City,eng Premier League,29,33,29,2670,29.7,4,4,8,3.9,3.9,5.1,32,11,34.4,0.13,0.36,0.1,86.8,53,134,101,56,37,23,32,2054,1288,45.9,107
Caio Henrique Oliveira Silva,br BRA,DF,Monaco,fr Ligue 1,27,27,21,1929,21.4,0,6,6,0.2,0.2,5.0,4,1,25.0,0.0,0.0,-0.2,74.1,35,102,57,37,26,22,59,1571,787,73.7,110
Fábio Silva,pt POR,FW,Las Palmas,es La Liga,22,24,22,1866,20.7,10,3,13,8.8,6.4,2.0,46,20,43.5,0.17,0.4,1.2,66.3,16,26,30,12,7,4,27,706,330,39.6,48
Jota Silva,pt POR,"FW,MF",Nott'ham Forest,eng Premier League,24,31,5,854,9.5,3,1,4,2.1,2.1,2.9,23,7,30.4,0.13,0.43,0.9,60.2,14,18,21,27,14,12,17,357,175,29.4,43
Eric da Silva Moreira,de GER,"MF,DF",Nott'ham Forest,eng Premier League,18,2,0,30,0.3,0,0,0,0.0,0.0,0.0,0,0,,,,0.0,87.5,0,0,1,2,2,1,0,13,4,0.0,2
Abdallah Sima,sn SEN,"FW,MF",Brest,fr Ligue 1,23,27,14,1238,13.8,7,2,9,5.9,5.9,1.0,37,18,48.6,0.19,0.39,1.1,69.6,13,24,36,15,11,1,9,510,299,26.1,61
Mohamed Simakan,fr FRA,DF,RB Leipzig,de Bundesliga,24,1,1,54,0.6,0,0,0,0.0,0.0,0.3,0,0,,,,0.0,84.0,3,7,3,0,0,2,0,52,27,0.0,3
Giovanni Simeone,ar ARG,FW,Napoli,it Serie A,29,30,1,419,4.7,1,1,2,2.6,2.6,0.8,13,3,23.1,0.08,0.33,-1.6,69.9,8,7,11,2,0,1,6,194,110,50.0,25
Giuliano Simeone,ar ARG,MF,Atlético Madrid,es La Liga,21,33,26,1926,21.4,2,6,8,2.2,2.2,5.2,22,7,31.8,0.09,0.29,-0.2,75.5,24,49,69,27,13,14,22,1034,652,44.1,72
Moses Simon,ng NGA,"FW,MF",Nantes,fr Ligue 1,29,32,31,2609,29.0,8,10,18,5.8,2.7,6.7,40,13,32.5,0.1,0.31,2.2,62.0,56,59,147,20,14,12,13,1131,731,44.2,118
Xavi Simons,nl NED,MF,RB Leipzig,de Bundesliga,21,25,25,2150,23.9,10,6,16,5.1,5.1,6.3,50,23,46.0,0.2,0.43,4.9,78.6,51,140,85,28,21,12,19,1557,869,33.0,128
Jahmai Simpson-Pusey,eng ENG,DF,Manchester City,eng Premier League,18,2,1,96,1.1,0,0,0,0.0,0.0,0.0,0,0,,,,0.0,93.0,0,3,1,1,0,0,2,123,79,0.0,3
Danel Sinani,lu LUX,"FW,MF",St. Pauli,de Bundesliga,27,26,14,1250,13.9,2,2,4,1.7,1.7,3.0,35,12,34.3,0.06,0.17,0.3,71.4,24,60,16,14,11,1,13,693,297,45.5,52
Lassine Sinayoko,ml MLI,"FW,MF",Auxerre,fr Ligue 1,24,34,25,2299,25.5,5,8,13,6.5,5.7,5.5,60,16,26.7,0.07,0.25,-1.5,76.7,37,62,53,33,20,13,38,993,576,38.4,76
Wilfried Singo,ci CIV,DF,Monaco,fr Ligue 1,23,27,23,2096,23.3,1,2,3,1.9,1.9,1.5,17,5,29.4,0.06,0.2,-0.9,86.2,7,118,35,37,23,43,110,1703,951,46.2,138
Luis Sinisterra,co COL,"FW,MF",Bournemouth,eng Premier League,25,12,1,236,2.6,1,1,2,1.2,1.2,1.4,13,6,46.2,0.08,0.17,-0.2,78.5,9,6,19,7,2,1,8,155,95,40.0,17
Daley Sinkgraven,nl NED,DF,Las Palmas,es La Liga,29,2,1,91,1.0,0,0,0,0.0,0.0,0.0,0,0,,,,0.0,75.8,1,3,2,5,1,1,2,77,46,100.0,6
Jailson Siqueira,br BRA,"DF,MF",Celta Vigo,es La Liga,28,13,6,614,6.8,0,0,0,0.1,0.1,0.0,4,2,50.0,0.0,0.0,-0.1,90.4,1,43,10,13,11,9,28,551,369,75.0,32
Ayanda Sishuba,be BEL,FW,Rennes,fr Ligue 1,19,1,0,3,0.0,0,0,0,0.0,0.0,0.0,0,0,,,,0.0,,0,0,0,1,0,0,0,1,1,,0
Ibrahim Sissoko,ml MLI,FW,Saint-Étienne,fr Ligue 1,28,20,8,819,9.1,3,1,4,4.3,3.5,0.6,21,4,19.0,0.1,0.5,-1.3,66.3,7,12,14,11,9,2,13,297,149,27.3,23
Ibrahima Sissoko,ml MLI,MF,Bochum,de Bundesliga,26,32,30,2610,29.0,2,1,3,1.7,1.7,1.6,25,8,32.0,0.08,0.25,0.3,75.0,27,105,35,66,44,36,61,1429,691,52.5,154
Niama Sissoko,ml MLI,"FW,MF",Reims,fr Ligue 1,18,4,0,47,0.5,0,0,0,0.3,0.3,0.0,3,0,0.0,0.0,,-0.3,63.6,0,1,1,0,0,0,0,24,14,0.0,2
Tim Skarke,de GER,"FW,MF",Union Berlin,de Bundesliga,27,33,11,1164,12.9,0,2,2,2.1,2.1,1.2,20,9,45.0,0.0,0.0,-2.1,70.0,16,25,26,14,11,5,17,487,293,41.7,56
Ellyes Skhiri,tn TUN,MF,Eint Frankfurt,de Bundesliga,29,30,26,2231,24.8,1,2,3,1.4,1.4,1.4,13,2,15.4,0.08,0.5,-0.4,88.5,22,105,17,40,22,31,45,1544,823,73.3,105
Oliver Skipp,eng ENG,MF,Leicester City,eng Premier League,23,24,10,1129,12.5,0,0,0,0.4,0.4,0.3,5,1,20.0,0.0,0.0,-0.4,83.5,9,35,16,21,4,11,11,612,347,58.3,46
Leo Skiri Østigård,no NOR,DF,Rennes,fr Ligue 1,24,16,14,1227,13.6,1,0,1,0.7,0.7,0.2,6,2,33.3,0.17,0.5,0.3,84.8,2,50,3,20,18,15,81,948,490,50.0,51
Leo Skiri Østigård,no NOR,DF,Hoffenheim,de Bundesliga,24,11,11,927,10.3,0,0,0,0.3,0.3,0.1,5,0,0.0,0.0,,-0.3,83.9,3,51,0,9,7,9,111,747,344,66.7,44
Andreas Skov Olsen,dk DEN,"FW,MF",Wolfsburg,de Bundesliga,24,12,4,535,5.9,1,1,2,0.8,0.8,1.9,7,1,14.3,0.14,1.0,0.2,80.4,18,22,22,8,6,2,12,329,188,28.6,18
Robert Skov,dk DEN,"DF,MF",Union Berlin,de Bundesliga,28,15,11,852,9.5,2,2,4,1.7,0.9,2.4,16,5,31.3,0.06,0.2,0.3,65.9,19,36,25,15,11,8,9,564,263,29.4,43
Milan Škriniar,sk SVK,DF,Paris S-G,fr Ligue 1,29,5,4,382,4.2,0,0,0,0.2,0.2,0.1,3,0,0.0,0.0,,-0.2,96.5,1,20,3,7,5,3,16,417,244,0.0,25
Steven Skrzybski,de GER,"MF,FW",Holstein Kiel,de Bundesliga,31,24,15,1323,14.7,6,3,9,3.5,2.7,2.9,32,12,37.5,0.16,0.42,2.5,70.0,22,64,17,19,6,11,11,619,313,59.1,58
Naatan Skyttä,fi FIN,FW,Toulouse,fr Ligue 1,22,1,0,5,0.1,0,0,0,0.0,0.0,0.0,0,0,,,,0.0,100.0,0,0,0,1,0,0,0,5,4,,1
William Smallbone,ie IRL,MF,Southampton,eng Premier League,24,18,6,690,7.7,1,0,1,0.6,0.6,0.7,7,1,14.3,0.14,1.0,0.4,75.8,10,27,5,20,13,2,14,431,193,66.7,23
Adam Smith,eng ENG,DF,Bournemouth,eng Premier League,33,25,19,1590,17.7,0,0,0,0.7,0.7,0.4,3,0,0.0,0.0,,-0.7,75.7,8,49,15,24,12,15,49,825,366,37.5,50
Eric Smith,se SWE,"DF,MF",St. Pauli,de Bundesliga,27,32,32,2827,31.4,1,1,2,1.4,1.4,1.5,24,9,37.5,0.04,0.11,-0.4,80.8,28,118,16,46,29,37,104,1956,838,60.0,139
Justin Smith,ca CAN,MF,Espanyol,es La Liga,21,5,3,209,2.3,0,0,0,0.0,0.0,0.0,0,0,,,,0.0,65.6,1,6,4,9,3,4,3,95,41,33.3,8
Emile Smith Rowe,eng ENG,MF,Fulham,eng Premier League,24,34,25,2043,22.7,6,3,9,4.5,4.5,1.4,37,11,29.7,0.16,0.55,1.5,90.1,24,126,53,31,18,11,16,1223,779,45.7,75
Ivan Smolčić,hr CRO,DF,Como,it Serie A,23,9,7,630,7.0,0,0,0,0.4,0.4,0.1,7,3,42.9,0.0,0.0,-0.4,83.0,2,23,3,16,9,10,24,475,231,0.0,27
Eduard Sobol,ua UKR,DF,Strasbourg,fr Ligue 1,29,10,0,95,1.1,0,0,0,0.0,0.0,0.0,0,0,,,,0.0,64.7,0,3,0,0,0,2,14,53,19,,4
Simon Sohm,ch SUI,MF,Parma,it Serie A,23,37,36,2989,33.2,4,0,4,3.1,3.1,2.1,34,13,38.2,0.12,0.31,0.9,85.2,20,140,69,28,17,26,36,1467,876,42.9,127
Alex Sola,es ESP,"MF,FW",Getafe,es La Liga,25,19,13,1029,11.4,0,1,1,1.0,1.0,0.7,15,2,13.3,0.0,0.0,-1.0,64.0,9,23,24,21,14,7,11,446,265,34.4,47
Arnau Solà,es ESP,MF,Villarreal,es La Liga,21,1,0,13,0.1,0,0,0,0.0,0.0,0.0,0,0,,,,0.0,50.0,0,0,0,0,0,0,0,3,1,,0
Dominic Solanke,eng ENG,FW,Tottenham,eng Premier League,26,27,25,2201,24.5,9,3,12,10.9,10.1,2.9,59,24,40.7,0.14,0.33,-1.9,70.6,14,47,31,18,11,1,23,655,385,33.3,38
Ola Solbakken,no NOR,"MF,FW",Empoli,it Serie A,25,21,8,760,8.4,0,0,0,0.8,0.8,0.4,4,3,75.0,0.0,0.0,-0.8,70.9,9,20,18,7,4,2,8,263,150,46.7,19
Carlos Soler,es ESP,"MF,FW",West Ham,eng Premier League,27,31,14,1409,15.7,1,1,2,1.8,1.8,1.4,25,8,32.0,0.04,0.13,-0.8,85.2,18,56,17,16,11,8,21,794,367,44.4,64
Julio Soler,ar ARG,"DF,FW",Bournemouth,eng Premier League,19,3,0,11,0.1,0,0,0,0.0,0.0,0.0,0,0,,,,0.0,78.6,0,0,0,1,1,0,0,17,12,,0
Oumar Solet,fr FRA,DF,Udinese,it Serie A,24,19,19,1672,18.6,1,2,3,0.8,0.8,1.2,12,7,58.3,0.08,0.14,0.2,88.5,17,65,20,33,19,17,78,1325,806,80.6,92
Jhon Solis,co COL,MF,Girona,es La Liga,19,19,3,535,5.9,1,0,1,0.7,0.7,0.1,4,1,25.0,0.25,1.0,0.3,89.5,2,29,9,13,7,4,6,364,229,41.7,27
Borna Sosa,hr CRO,DF,Torino,it Serie A,26,19,14,1181,13.1,0,0,0,0.3,0.3,0.7,4,1,25.0,0.0,0.0,-0.3,79.6,11,51,13,26,19,14,33,781,417,42.9,53
Ramón Sosa,py PAR,"FW,MF",Nott'ham Forest,eng Premier League,24,19,1,295,3.3,1,0,1,1.0,1.0,0.5,11,5,45.5,0.09,0.2,0.0,68.0,8,6,12,5,3,4,5,154,75,61.5,25
Hugo Sotelo,es ESP,MF,Celta Vigo,es La Liga,20,24,15,1254,13.9,0,0,0,0.2,0.2,1.7,4,0,0.0,0.0,,-0.2,85.8,19,83,21,28,17,5,9,1097,656,40.0,71
Florian Sotoca,fr FRA,"FW,MF",Lens,fr Ligue 1,33,31,22,1794,19.9,1,1,2,4.6,4.6,1.5,47,18,38.3,0.02,0.06,-3.6,73.5,18,105,44,22,13,14,25,1186,679,41.0,79
Riccardo Sottil,it ITA,"FW,MF",Fiorentina,it Serie A,25,18,8,833,9.3,1,1,2,0.9,0.9,0.9,22,6,27.3,0.05,0.17,0.1,70.5,12,18,71,5,4,4,3,356,272,40.7,44
Riccardo Sottil,it ITA,"FW,MF",Milan,it Serie A,25,6,1,123,1.4,0,0,0,0.2,0.2,0.3,2,0,0.0,0.0,,-0.2,74.5,3,3,11,1,1,0,0,63,47,25.0,5
Tomáš Souček,cz CZE,MF,West Ham,eng Premier League,29,35,30,2567,28.5,9,1,10,6.7,6.7,1.0,55,17,30.9,0.16,0.53,2.3,73.8,14,74,9,46,21,20,85,1280,506,50.0,63
Matìas Soulé,ar ARG,"MF,DF",Roma,it Serie A,21,27,22,1781,19.8,5,5,10,3.0,3.0,5.2,42,13,31.0,0.12,0.38,2.0,82.2,51,89,84,26,16,9,25,1271,794,32.4,105
Boubakary Soumaré,fr FRA,MF,Leicester City,eng Premier League,25,31,25,2171,24.1,0,0,0,0.3,0.3,0.4,7,0,0.0,0.0,,-0.3,87.0,11,105,34,37,20,27,34,1441,847,60.0,140
Issa Soumaré,sn SEN,"FW,MF",Le Havre,fr Ligue 1,23,29,21,1902,21.1,5,4,9,3.8,3.8,3.1,43,19,44.2,0.12,0.26,1.2,61.2,28,45,61,25,14,16,32,839,495,28.1,98
Djibril Sow,ch SUI,MF,Sevilla,es La Liga,27,30,24,2062,22.9,2,1,3,2.4,2.4,1.6,22,6,27.3,0.09,0.33,-0.4,88.8,21,100,23,25,14,28,26,1197,604,40.0,110
Saidou Sow,gn GUI,DF,Strasbourg,fr Ligue 1,22,12,11,1018,11.3,0,1,1,0.3,0.3,0.2,4,1,25.0,0.0,0.0,-0.3,90.7,2,16,0,9,5,15,37,735,465,50.0,36
Saidou Sow,gn GUI,DF,Nantes,fr Ligue 1,22,9,9,799,8.9,1,0,1,0.6,0.6,0.4,5,2,40.0,0.2,0.5,0.4,83.2,2,15,2,17,11,13,46,511,288,66.7,32
Djed Spence,eng ENG,DF,Tottenham,eng Premier League,23,25,19,1792,19.9,1,2,3,0.6,0.6,1.8,10,3,30.0,0.1,0.33,0.4,85.4,11,105,59,47,34,21,74,1428,794,50.0,109
Leonardo Spinazzola,it ITA,"DF,FW",Napoli,it Serie A,31,27,17,1517,16.9,1,1,2,0.8,0.8,3.5,12,4,33.3,0.08,0.25,0.2,79.3,26,88,83,17,10,9,31,1051,603,43.8,62
Anton Stach,de GER,"MF,DF",Hoffenheim,de Bundesliga,25,30,29,2585,28.7,1,2,3,2.0,2.0,2.2,35,10,28.6,0.03,0.1,-1.0,82.6,26,152,33,66,46,46,101,1925,1002,42.9,171
Jens Stage,dk DEN,MF,Werder Bremen,de Bundesliga,27,28,26,2204,24.5,10,5,15,7.2,7.2,2.8,44,15,34.1,0.23,0.67,2.8,77.0,23,104,28,49,30,18,42,1271,668,47.1,114
Josip Stanišić,hr CRO,DF,Bayern Munich,de Bundesliga,24,14,9,876,9.7,0,2,2,0.3,0.3,1.5,2,0,0.0,0.0,,-0.3,91.6,14,76,20,13,11,6,29,876,533,71.4,64
Jay Stansfield,eng ENG,MF,Fulham,eng Premier League,21,1,0,1,0.0,0,0,0,0.0,0.0,0.0,0,0,,,,0.0,,0,0,0,0,0,0,0,0,0,,0
Carl Starfelt,se SWE,DF,Celta Vigo,es La Liga,29,28,26,2270,25.2,1,0,1,0.5,0.5,0.2,5,1,20.0,0.2,1.0,0.5,93.7,6,66,11,40,20,31,129,1901,1104,100.0,77
Niklas Stark,de GER,DF,Werder Bremen,de Bundesliga,29,26,25,2106,23.4,0,1,1,1.1,1.1,0.1,12,3,25.0,0.0,0.0,-1.1,85.6,1,62,7,33,21,36,129,1558,882,100.0,73
Lucas Stassin,be BEL,FW,Saint-Étienne,fr Ligue 1,19,28,23,1887,21.0,12,4,16,7.0,7.0,3.4,44,23,52.3,0.27,0.52,3.0,74.0,18,35,26,16,11,3,8,655,326,41.7,34
Orri Steinn Óskarsson,is ISL,FW,Real Sociedad,es La Liga,19,23,9,944,10.5,3,0,3,5.2,5.2,0.2,19,7,36.8,0.16,0.43,-2.2,52.8,5,9,6,6,6,2,11,285,122,25.0,15
Pascal Stenzel,de GER,DF,Stuttgart,de Bundesliga,28,10,4,290,3.2,0,0,0,0.3,0.3,0.6,8,2,25.0,0.0,0.0,-0.3,83.0,5,12,2,3,2,2,6,246,136,,11
Jack Stephens,eng ENG,DF,Southampton,eng Premier League,30,19,17,1389,15.4,1,0,1,0.6,0.6,0.2,4,2,50.0,0.25,0.5,0.4,92.0,3,63,14,34,20,13,53,1097,631,0.0,44
Leonidas Stergiou,ch SUI,DF,Stuttgart,de Bundesliga,22,12,11,852,9.5,1,2,3,1.1,1.1,0.9,3,1,33.3,0.33,1.0,-0.1,82.4,4,39,11,24,13,14,39,642,339,66.7,35
Raheem Sterling,eng ENG,"FW,MF",Arsenal,eng Premier League,29,17,7,499,5.5,0,2,2,1.4,1.4,0.5,11,0,0.0,0.0,,-1.4,78.6,8,18,27,9,4,1,4,274,201,33.3,16
Enzo Sternal,fr FRA,"FW,MF",Marseille,fr Ligue 1,17,2,0,24,0.3,0,0,0,0.0,0.0,0.0,0,0,,,,0.0,87.5,1,0,0,0,0,0,0,13,10,33.3,0
Finley Stevens,wls WAL,DF,St. Pauli,de Bundesliga,21,1,0,1,0.0,0,0,0,0.0,0.0,0.0,0,0,,,,0.0,50.0,0,0,0,0,0,0,0,2,1,,0
Ross Stewart,sct SCO,FW,Southampton,eng Premier League,28,12,4,389,4.3,1,0,1,1.1,1.1,0.0,9,2,22.2,0.11,0.5,-0.1,70.5,0,2,3,6,4,1,7,140,64,60.0,6
Angelo Stiller,de GER,MF,Stuttgart,de Bundesliga,23,32,31,2741,30.5,1,8,9,1.8,1.8,7.2,21,4,19.0,0.05,0.25,-0.8,87.4,59,289,39,49,27,26,50,2781,1588,66.7,140
Kevin Stöger,at AUT,MF,Gladbach,de Bundesliga,30,31,16,1551,17.2,3,3,6,3.9,2.3,5.3,24,9,37.5,0.04,0.11,-0.9,75.8,54,121,40,37,21,16,26,1318,699,47.2,75
Stoichkov,es ESP,"MF,FW",Alavés,es La Liga,30,16,6,699,7.8,0,1,1,1.1,1.1,1.2,18,3,16.7,0.0,0.0,-1.1,61.7,7,26,9,14,9,1,7,304,179,33.3,44
Petar Stojanović,si SVN,MF,Empoli,it Serie A,28,1,0,3,0.0,0,0,0,0.0,0.0,0.0,0,0,,,,0.0,33.3,0,0,0,0,0,0,0,3,2,,1
John Stones,eng ENG,"DF,MF",Manchester City,eng Premier League,30,11,6,548,6.1,2,0,2,0.4,0.4,0.1,2,2,100.0,1.0,1.0,1.6,91.1,2,21,10,6,2,4,19,442,292,100.0,22
Jørgen Strand Larsen,no NOR,FW,Wolves,eng Premier League,24,35,30,2587,28.7,14,4,18,10.3,10.3,3.0,54,33,61.1,0.26,0.42,3.7,64.6,21,29,17,10,6,6,29,736,345,40.0,42
Gabriel Strefezza,br BRA,"FW,MF",Como,it Serie A,27,37,32,2619,29.1,6,4,10,3.7,3.7,3.9,58,21,36.2,0.1,0.29,2.3,75.6,57,106,80,57,39,13,26,1483,1033,43.9,108
Cristhian Stuani,uy URU,FW,Girona,es La Liga,37,32,6,1078,12.0,11,2,13,8.1,5.8,0.6,31,16,51.6,0.26,0.5,2.9,69.5,6,10,2,9,7,7,11,256,96,40.0,14
Álex Suárez,es ESP,DF,Las Palmas,es La Liga,31,30,30,2460,27.3,0,0,0,0.5,0.5,0.1,6,3,50.0,0.0,0.0,-0.5,85.9,3,53,6,40,23,13,107,1609,816,0.0,68
Denis Suárez,es ESP,MF,Villarreal,es La Liga,30,21,7,608,6.8,1,1,2,0.9,0.9,1.5,10,3,30.0,0.1,0.33,0.1,78.4,14,35,27,12,8,3,3,358,197,58.8,25
Gabriel Suazo,cl CHI,DF,Toulouse,fr Ligue 1,26,30,23,2163,24.0,0,6,6,0.8,0.8,3.8,7,4,57.1,0.0,0.0,-0.8,79.6,40,109,42,59,39,36,40,1484,782,64.1,125
Luka Sučić,hr CRO,MF,Real Sociedad,es La Liga,21,29,21,1792,19.9,1,1,2,3.3,3.3,2.6,43,11,25.6,0.02,0.09,-2.3,82.4,25,79,30,25,18,15,16,1094,666,47.2,109
Yukinari Sugawara,jp JPN,"DF,MF",Southampton,eng Premier League,24,30,16,1557,17.3,1,1,2,0.5,0.5,2.2,14,5,35.7,0.07,0.2,0.5,80.0,17,72,33,31,18,11,53,1066,564,45.0,44
Niklas Süle,de GER,DF,Dortmund,de Bundesliga,28,15,12,1053,11.7,0,0,0,0.6,0.6,0.1,9,2,22.2,0.0,0.0,-0.6,92.8,3,47,15,14,12,4,46,1038,668,42.9,53
Ibrahim Sulemana,gh GHA,MF,Atalanta,it Serie A,21,9,3,283,3.1,2,0,2,0.6,0.6,0.0,5,2,40.0,0.4,1.0,1.4,88.3,1,12,2,9,4,0,1,209,135,25.0,13
Kamaldeen Sulemana,gh GHA,"FW,MF",Southampton,eng Premier League,22,26,17,1402,15.6,1,1,2,1.5,1.5,1.0,29,8,27.6,0.03,0.13,-0.5,79.8,10,27,63,22,17,6,9,587,380,37.9,63
Crysencio Summerville,nl NED,"FW,MF",West Ham,eng Premier League,22,19,7,786,8.7,1,1,2,1.6,1.6,1.7,14,4,28.6,0.07,0.25,-0.6,76.4,17,18,29,13,7,0,7,372,207,33.3,38
Tomáš Suslov,sk SVK,"MF,FW",Hellas Verona,it Serie A,22,31,27,2080,23.1,0,1,1,1.6,1.6,1.9,32,7,21.9,0.0,0.0,-1.6,73.2,27,82,39,54,38,18,17,811,462,46.8,88
Suso,es ESP,"FW,MF",Sevilla,es La Liga,30,16,4,606,6.7,0,2,2,0.7,0.7,1.6,16,4,25.0,0.0,0.0,-0.7,74.0,22,43,20,10,7,4,2,463,280,43.8,31
Mattias Svanberg,se SWE,MF,Wolfsburg,de Bundesliga,25,20,14,1219,13.5,3,1,4,3.6,3.6,1.7,21,7,33.3,0.14,0.43,-0.6,68.7,13,36,11,20,10,15,26,520,235,40.0,48
Daniel Svensson,se SWE,"DF,FW",Dortmund,de Bundesliga,22,12,8,781,8.7,1,3,4,0.8,0.8,1.2,6,2,33.3,0.17,0.5,0.2,79.3,10,41,11,15,11,5,30,580,303,20.0,31
Marin Šverko,hr CRO,DF,Venezia,it Serie A,26,16,12,1117,12.4,1,0,1,0.3,0.3,0.3,3,1,33.3,0.33,1.0,0.7,82.2,2,38,8,20,9,16,45,711,356,60.0,44
Michael Svoboda,at AUT,DF,Venezia,it Serie A,25,16,15,1314,14.6,1,0,1,0.2,0.2,0.6,4,4,100.0,0.25,0.25,0.8,84.8,5,43,13,26,14,22,66,984,509,66.7,71
Williot Swedberg,se SWE,"FW,MF",Celta Vigo,es La Liga,20,32,15,1348,15.0,4,5,9,5.2,5.2,2.6,32,15,46.9,0.13,0.27,-1.2,73.3,16,28,34,23,16,3,10,562,351,22.7,46
Abakar Sylla,ci CIV,DF,Strasbourg,fr Ligue 1,21,21,10,950,10.6,1,0,1,0.4,0.4,0.1,5,1,20.0,0.2,1.0,0.6,88.6,1,21,0,27,15,11,63,791,425,50.0,39
Issiaga Sylla,gn GUI,DF,Montpellier,fr Ligue 1,30,19,15,1156,12.8,1,0,1,1.8,1.8,0.6,11,2,18.2,0.09,0.5,-0.8,77.3,7,53,33,25,10,10,34,683,335,60.0,51
Mamadou Sylla,sn SEN,"FW,MF",Valladolid,es La Liga,30,29,17,1583,17.6,5,1,6,5.1,2.0,1.7,18,3,16.7,0.06,0.33,-0.1,62.8,14,22,15,8,4,3,14,431,188,29.4,35
Sammie Szmodics,ie IRL,"FW,MF",Ipswich Town,eng Premier League,28,20,13,992,11.0,4,0,4,3.4,3.4,0.2,21,12,57.1,0.19,0.33,0.6,74.1,5,19,16,16,10,6,14,318,179,33.3,42
Dominik Szoboszlai,hu HUN,MF,Liverpool,eng Premier League,23,36,29,2491,27.7,6,6,12,7.3,7.3,7.4,67,22,32.8,0.09,0.27,-1.3,84.3,56,131,72,38,20,9,19,1584,805,51.2,133
Alexander Sørloth,no NOR,FW,Atlético Madrid,es La Liga,28,35,15,1566,17.4,20,2,22,16.8,16.0,1.6,78,40,51.3,0.24,0.48,3.2,63.8,13,31,32,9,5,1,28,602,323,37.8,41
Musa Al-Taamari,jo JOR,"FW,MF",Montpellier,fr Ligue 1,27,15,12,1116,12.4,2,1,3,2.6,2.6,1.5,27,11,40.7,0.07,0.18,-0.6,77.3,12,30,55,14,10,3,3,470,316,32.4,49
Musa Al-Taamari,jo JOR,"FW,MF",Rennes,fr Ligue 1,27,11,7,567,6.3,1,0,1,2.4,2.4,1.3,14,3,21.4,0.07,0.33,-1.4,81.8,10,8,21,4,1,2,2,206,114,35.0,17
Haris Tabakovic,ba BIH,FW,Hoffenheim,de Bundesliga,30,22,6,821,9.1,3,1,4,3.3,3.3,1.2,30,10,33.3,0.1,0.3,-0.3,62.9,9,7,4,3,1,1,16,334,165,33.3,13
Nicolás Tagliafico,ar ARG,DF,Lyon,fr Ligue 1,31,24,22,1902,21.1,3,1,4,3.0,3.0,0.8,28,7,25.0,0.11,0.43,0.0,86.6,5,97,31,57,37,36,55,1582,822,12.5,102
Jonathan Tah,de GER,DF,Leverkusen,de Bundesliga,28,33,33,2970,33.0,3,0,3,1.1,1.1,0.4,24,7,29.2,0.13,0.43,1.9,92.9,4,169,15,19,12,36,157,2626,1551,60.0,165
Adrien Tameze,cm CMR,"MF,DF",Torino,it Serie A,30,20,9,649,7.2,0,0,0,0.4,0.4,0.8,7,3,42.9,0.0,0.0,-0.4,86.0,6,23,16,5,2,10,8,368,214,26.7,25
Axel Tapé,fr FRA,"DF,MF",Paris S-G,fr Ligue 1,16,2,2,180,2.0,0,0,0,0.0,0.0,0.0,1,0,0.0,0.0,,0.0,94.0,1,5,1,3,1,1,5,174,129,33.3,11
Renato Tapia,pe PER,"MF,DF",Leganés,es La Liga,29,34,28,2424,26.9,1,0,1,0.6,0.6,0.4,14,6,42.9,0.07,0.17,0.4,78.3,8,83,17,61,35,27,86,1397,663,51.4,155
Edmond Tapsoba,bf BFA,DF,Leverkusen,de Bundesliga,25,29,29,2507,27.9,0,0,0,1.1,1.1,0.2,21,2,9.5,0.0,0.0,-1.1,86.4,4,164,52,39,24,24,89,2214,1326,57.9,124
Florian Tardieu,fr FRA,MF,Saint-Étienne,fr Ligue 1,32,24,13,1252,13.9,2,4,6,0.6,0.6,1.3,16,3,18.8,0.13,0.67,1.4,85.8,19,139,11,18,14,15,21,1141,598,23.1,83
Mehdi Taremi,ir IRN,FW,Inter,it Serie A,32,25,7,807,9.0,1,2,3,3.5,2.7,1.6,13,5,38.5,0.0,0.0,-2.5,80.1,15,25,10,7,1,0,11,318,186,54.5,29
Matt Targett,eng ENG,DF,Newcastle Utd,eng Premier League,28,2,0,21,0.2,0,0,0,0.0,0.0,0.0,0,0,,,,0.0,93.3,0,0,0,0,0,1,1,17,4,,2
Oussama Targhalline,ma MAR,MF,Le Havre,fr Ligue 1,22,14,12,990,11.0,0,0,0,0.1,0.1,0.7,5,0,0.0,0.0,,-0.1,79.6,6,66,25,19,14,19,14,551,330,38.5,43
James Tarkowski,eng ENG,DF,Everton,eng Premier League,31,33,33,2922,32.5,1,1,2,1.3,1.3,2.9,15,4,26.7,0.07,0.25,-0.3,81.0,16,75,9,64,40,41,213,1706,727,71.4,98
César Tárrega,es ESP,DF,Valencia,es La Liga,22,34,34,3026,33.6,2,0,2,1.9,1.9,0.1,20,6,30.0,0.1,0.33,0.1,84.4,3,79,20,49,37,22,222,2096,1134,73.3,104
Nuno Tavares,pt POR,DF,Lazio,it Serie A,24,23,22,1686,18.7,0,8,8,1.1,1.1,4.8,28,5,17.9,0.0,0.0,-1.1,78.7,33,111,98,28,21,21,44,1302,736,46.7,104
Marcus Tavernier,eng ENG,"FW,MF",Bournemouth,eng Premier League,25,29,20,1939,21.5,3,5,8,5.5,5.5,4.0,57,17,29.8,0.05,0.18,-2.5,73.8,43,128,53,43,24,5,11,1196,705,43.1,119
Charlie Taylor,eng ENG,DF,Southampton,eng Premier League,30,8,3,356,4.0,0,0,0,0.0,0.0,0.1,0,0,,,,0.0,87.9,1,9,3,7,5,5,31,279,116,100.0,10
Jack Taylor,ie IRL,MF,Ipswich Town,eng Premier League,26,32,4,860,9.6,1,0,1,0.7,0.7,0.5,19,4,21.1,0.05,0.25,0.3,82.9,5,43,11,20,10,9,24,534,254,36.4,53
Loum Tchaouna,fr FRA,"FW,MF",Lazio,it Serie A,20,24,6,660,7.3,1,0,1,2.5,2.5,0.6,23,8,34.8,0.04,0.13,-1.5,69.6,10,20,22,8,4,4,14,341,188,50.0,18
Jackson Tchatchoua,cm CMR,"DF,MF",Hellas Verona,it Serie A,22,36,36,3167,35.2,2,3,5,1.6,1.6,2.8,18,3,16.7,0.11,0.67,0.4,74.3,34,72,88,50,31,14,75,1403,685,52.5,121
Enzo Tchato,cm CMR,DF,Montpellier,fr Ligue 1,21,27,21,1899,21.1,0,0,0,0.1,0.1,1.5,4,2,50.0,0.0,0.0,-0.1,75.0,14,62,44,48,26,22,59,1204,532,42.9,60
Aurélien Tchouaméni,fr FRA,"DF,MF",Real Madrid,es La Liga,24,32,31,2689,29.9,0,0,0,1.7,1.7,0.6,19,3,15.8,0.0,0.0,-1.7,92.3,5,154,19,47,23,46,92,2324,1440,62.5,143
Álvaro Tejero,es ESP,"MF,DF",Espanyol,es La Liga,28,28,13,1238,13.8,1,4,5,0.6,0.6,2.9,17,4,23.5,0.06,0.25,0.4,72.4,33,46,27,14,4,13,34,757,336,21.4,64
Martín Tejón,es ESP,"MF,DF",Valencia,es La Liga,20,4,0,49,0.5,0,0,0,0.1,0.1,0.0,1,0,0.0,0.0,,-0.1,76.9,1,4,0,2,0,0,0,34,17,50.0,4
Mathys Tel,fr FRA,FW,Tottenham,eng Premier League,19,13,11,911,10.1,2,1,3,3.0,2.2,2.6,22,8,36.4,0.05,0.13,-1.0,69.5,14,21,28,16,6,2,8,414,266,28.3,38
Mathys Tel,fr FRA,"FW,MF",Bayern Munich,de Bundesliga,19,8,2,256,2.8,0,1,1,0.7,0.7,0.3,10,3,30.0,0.0,0.0,-0.7,84.4,1,9,6,2,2,1,1,157,109,50.0,10
Nathan Tella,ng NGA,"MF,FW",Leverkusen,de Bundesliga,25,27,17,1359,15.1,2,4,6,3.1,3.1,1.5,28,10,35.7,0.07,0.2,-1.1,74.6,18,22,38,16,11,4,10,529,308,37.3,37
Nahuel Tenaglia,ar ARG,DF,Alavés,es La Liga,28,34,33,2922,32.5,2,1,3,2.2,2.2,1.6,27,8,29.6,0.07,0.25,-0.2,72.1,19,103,42,96,61,47,123,1835,757,48.6,117
Casper Tengstedt,dk DEN,FW,Hellas Verona,it Serie A,24,25,20,1517,16.9,6,1,7,5.3,4.5,0.9,37,10,27.0,0.14,0.5,0.7,67.4,12,29,29,7,5,4,29,458,238,33.3,37
Filippo Terracciano,it ITA,"DF,MF",Milan,it Serie A,21,13,6,539,6.0,0,0,0,0.2,0.2,0.1,3,1,33.3,0.0,0.0,-0.2,87.9,2,14,5,9,6,6,11,303,162,0.0,21
Ramón Terrats,es ESP,"MF,FW",Villarreal,es La Liga,23,11,1,131,1.5,0,0,0,0.1,0.1,0.3,2,0,0.0,0.0,,-0.1,81.0,1,7,1,3,3,2,3,106,64,16.7,11
Ramón Terrats,es ESP,"MF,FW",Getafe,es La Liga,23,15,15,1219,13.5,4,1,5,2.2,2.2,2.5,19,8,42.1,0.21,0.5,1.8,64.8,16,36,8,20,10,8,16,493,256,50.0,53
Martin Terrier,fr FRA,"MF,FW",Leverkusen,de Bundesliga,27,15,7,584,6.5,2,1,3,2.4,2.4,0.9,16,6,37.5,0.13,0.33,-0.4,81.9,8,14,11,4,2,1,1,250,129,50.0,8
Tanner Tessmann,us USA,MF,Lyon,fr Ligue 1,22,25,13,1234,13.7,1,0,1,1.0,1.0,0.6,18,10,55.6,0.06,0.1,0.0,89.4,7,56,11,25,15,19,29,915,575,50.0,63
Kenny Tete,nl NED,DF,Fulham,eng Premier League,28,22,21,1774,19.7,0,2,2,1.4,1.4,0.9,24,2,8.3,0.0,0.0,-1.4,80.8,9,63,34,56,38,32,67,1205,611,45.0,74
Teddy Teuma,mt MLT,MF,Reims,fr Ligue 1,30,17,9,750,8.3,1,0,1,1.4,0.6,1.1,13,2,15.4,0.0,0.0,-0.4,79.2,13,47,9,18,10,12,8,722,350,25.0,42
Jordan Teze,nl NED,DF,Monaco,fr Ligue 1,24,16,8,569,6.3,1,0,1,1.2,1.2,1.5,5,2,40.0,0.2,0.5,-0.2,79.1,13,31,9,18,9,6,15,434,171,50.0,29
Florian Thauvin,fr FRA,"FW,MF",Udinese,it Serie A,31,25,24,1956,21.7,8,3,11,8.1,5.7,3.8,51,23,45.1,0.14,0.3,-0.1,66.4,39,90,92,20,14,7,10,1062,682,42.4,68
Arthur Theate,be BEL,DF,Eint Frankfurt,de Bundesliga,24,31,31,2704,30.0,0,0,0,2.4,2.4,1.0,36,9,25.0,0.0,0.0,-2.4,82.6,13,171,50,36,25,39,170,2230,1321,76.9,123
Norman Theuerkauf,de GER,MF,Heidenheim,de Bundesliga,37,1,0,22,0.2,0,0,0,0.0,0.0,0.0,1,0,0.0,0.0,,0.0,85.0,0,2,0,0,0,0,0,21,8,,0
Thiago,br BRA,"FW,MF",Brentford,eng Premier League,23,8,1,175,1.9,0,0,0,0.1,0.1,0.1,2,0,0.0,0.0,,-0.1,71.4,2,4,3,5,3,2,3,83,45,60.0,12
Malick Thiaw,de GER,DF,Milan,it Serie A,22,22,19,1806,20.1,0,0,0,0.6,0.6,0.1,7,0,0.0,0.0,,-0.6,93.1,4,89,12,24,17,15,76,1432,905,75.0,65
Denis Thomalla,de GER,MF,Heidenheim,de Bundesliga,31,1,0,4,0.0,0,0,0,0.0,0.0,0.0,0,0,,,,0.0,100.0,0,0,0,0,0,0,0,1,1,,1
Luke Thomas,eng ENG,DF,Leicester City,eng Premier League,23,14,13,1110,12.3,0,0,0,0.4,0.4,0.5,5,0,0.0,0.0,,-0.4,78.4,9,37,5,31,25,21,49,775,371,50.0,42
Sorba Thomas,wls WAL,"FW,MF",Nantes,fr Ligue 1,24,25,15,1321,14.7,1,3,4,1.5,1.5,3.7,9,1,11.1,0.11,1.0,-0.5,65.5,36,34,41,14,6,9,27,674,372,37.5,66
Adrien Thomasson,fr FRA,MF,Lens,fr Ligue 1,30,33,31,2615,29.1,3,7,10,5.9,5.9,6.0,41,11,26.8,0.07,0.27,-2.9,81.8,56,149,30,90,47,19,28,1995,1056,43.3,206
Morten Thorsby,no NOR,"MF,FW",Genoa,it Serie A,28,30,22,1898,21.1,0,1,1,2.8,2.8,2.1,15,6,40.0,0.0,0.0,-2.8,66.6,27,58,24,49,30,5,28,753,295,40.9,51
Khéphren Thuram,fr FRA,MF,Juventus,it Serie A,23,35,26,2326,25.8,4,5,9,3.5,3.5,3.6,36,10,27.8,0.11,0.4,0.5,88.4,25,123,74,44,21,14,39,1661,1067,55.7,110
Marcus Thuram,fr FRA,FW,Inter,it Serie A,26,31,26,2200,24.4,14,4,18,9.9,9.9,4.4,64,27,42.2,0.22,0.52,4.1,73.7,39,53,62,18,8,3,15,830,453,45.3,71
Cheikh Tidiane Niasse,sn SEN,MF,Hellas Verona,it Serie A,24,11,8,755,8.4,0,0,0,0.4,0.4,0.1,3,1,33.3,0.0,0.0,-0.4,80.0,4,25,5,18,15,17,17,353,160,14.3,26
Youri Tielemans,be BEL,MF,Aston Villa,eng Premier League,27,36,35,3026,33.6,3,7,10,3.3,2.5,7.0,40,12,30.0,0.08,0.25,-0.3,82.2,60,235,39,84,58,23,47,2385,1288,50.8,145
Kieran Tierney,sct SCO,"DF,FW",Arsenal,eng Premier League,27,13,2,259,2.9,1,0,1,0.4,0.4,1.4,2,1,50.0,0.5,1.0,0.6,83.8,8,15,8,7,5,3,9,199,108,50.0,6
Phillip Tietz,de GER,FW,Augsburg,de Bundesliga,27,34,19,1686,18.7,7,2,9,6.1,5.3,1.2,51,19,37.3,0.12,0.32,0.9,62.4,22,29,8,11,6,5,26,677,347,48.4,48
Jurriën Timber,nl NED,DF,Arsenal,eng Premier League,23,30,27,2417,26.9,1,3,4,1.2,1.2,0.8,14,4,28.6,0.07,0.25,-0.2,85.6,17,146,57,58,38,22,44,1661,890,45.3,94
Jean-Clair Todibo,fr FRA,DF,West Ham,eng Premier League,24,27,20,1825,20.3,0,0,0,0.4,0.4,0.0,5,0,0.0,0.0,,-0.4,87.9,2,38,9,47,28,26,83,1297,760,56.3,79
Harry Toffolo,eng ENG,DF,Nott'ham Forest,eng Premier League,28,4,1,137,1.5,0,0,0,0.0,0.0,0.0,1,0,0.0,0.0,,0.0,70.1,0,2,0,5,3,2,12,88,17,,2
Umut Tohumcu,de GER,"MF,FW",Hoffenheim,de Bundesliga,19,12,3,375,4.2,0,1,1,0.1,0.1,0.4,3,1,33.3,0.0,0.0,-0.1,82.7,3,13,3,9,5,3,6,169,91,57.1,13
Corentin Tolisso,fr FRA,MF,Lyon,fr Ligue 1,29,32,27,2329,25.9,7,4,11,5.3,5.3,4.9,51,18,35.3,0.14,0.39,1.7,84.8,31,166,31,57,25,22,41,1917,1073,52.4,128
John Tolkin,us USA,"DF,MF",Holstein Kiel,de Bundesliga,22,11,9,737,8.2,0,2,2,0.1,0.1,0.7,3,0,0.0,0.0,,-0.1,67.9,11,17,6,18,11,8,54,479,174,50.0,21
Rafael Tolói,it ITA,DF,Atalanta,it Serie A,33,11,2,468,5.2,0,0,0,0.1,0.1,0.2,3,0,0.0,0.0,,-0.1,87.7,3,26,5,10,5,8,11,340,195,66.7,33
Raúl de Tomás,es ESP,"DF,FW",Rayo Vallecano,es La Liga,29,2,0,22,0.2,0,0,0,0.0,0.0,0.0,0,0,,,,0.0,83.3,0,0,0,2,2,0,0,11,8,0.0,2
Tiago Tomás,pt POR,"FW,MF",Wolfsburg,de Bundesliga,22,32,23,1884,20.9,6,1,7,5.4,5.4,2.6,42,20,47.6,0.14,0.3,0.6,69.3,20,50,31,33,19,9,19,782,503,36.3,74
Takehiro Tomiyasu,jp JPN,DF,Arsenal,eng Premier League,25,1,0,7,0.1,0,0,0,0.2,0.2,0.0,1,0,0.0,0.0,,-0.2,75.0,0,1,0,0,0,0,1,7,1,,0
Fikayo Tomori,eng ENG,DF,Milan,it Serie A,26,22,19,1593,17.7,0,1,1,0.1,0.1,0.7,2,0,0.0,0.0,,-0.1,92.4,8,63,8,40,25,20,61,1260,721,100.0,60
Sandro Tonali,it ITA,MF,Newcastle Utd,eng Premier League,24,36,28,2630,29.2,4,2,6,4.4,4.4,2.2,35,12,34.3,0.11,0.33,-0.4,83.7,28,128,37,51,32,34,33,1818,979,54.1,177
Luka Topalović,si SVN,MF,Inter,it Serie A,18,1,0,11,0.1,0,0,0,0.0,0.0,0.0,0,0,,,,0.0,55.6,0,0,0,1,1,0,0,11,5,0.0,0
Pablo Torre,es ESP,"MF,FW",Barcelona,es La Liga,21,10,4,310,3.4,3,1,4,0.4,0.4,0.8,6,4,66.7,0.5,0.75,2.6,81.8,8,17,5,5,4,3,5,254,130,33.3,15
David Torres,es ESP,DF,Valladolid,es La Liga,21,18,15,1387,15.4,0,0,0,0.3,0.3,0.0,3,1,33.3,0.0,0.0,-0.3,82.5,1,37,11,13,8,10,74,846,451,50.0,27
Ferrán Torres,es ESP,"FW,MF",Barcelona,es La Liga,24,27,12,1106,12.3,10,6,16,8.0,8.0,3.1,48,22,45.8,0.21,0.45,2.0,74.2,19,35,23,8,4,4,5,498,291,52.4,27
Pau Torres,es ESP,DF,Aston Villa,eng Premier League,27,24,23,2020,22.4,0,0,0,0.5,0.5,0.1,8,2,25.0,0.0,0.0,-0.5,88.9,3,97,40,21,15,10,75,1518,965,88.2,62
Lucas Torró,es ESP,MF,Osasuna,es La Liga,30,35,35,2957,32.9,3,0,3,2.3,2.3,1.2,31,7,22.6,0.1,0.43,0.7,75.3,10,109,10,74,41,45,70,1706,736,66.7,172
Lorenzo Tosto,it ITA,DF,Empoli,it Serie A,18,1,0,1,0.0,0,0,0,0.0,0.0,0.0,0,0,,,,0.0,100.0,0,0,0,0,0,0,0,4,3,,0
Abdoulaye Touré,gn GUI,MF,Le Havre,fr Ligue 1,30,28,26,2324,25.8,10,1,11,9.4,2.2,0.4,38,6,15.8,0.05,0.33,0.6,82.0,7,109,17,61,34,34,42,1354,714,51.5,160
Bazoumana Touré,ci CIV,"FW,MF",Hoffenheim,de Bundesliga,18,13,7,609,6.8,0,3,3,1.4,1.4,1.9,19,5,26.3,0.0,0.0,-1.4,66.8,13,14,24,12,10,3,2,291,183,54.5,27
Birama Touré,ml MLI,"MF,DF",Montpellier,fr Ligue 1,32,8,2,300,3.3,0,0,0,0.0,0.0,0.1,3,1,33.3,0.0,0.0,0.0,82.1,3,9,0,8,5,6,7,157,86,,14
Ousmane Toure,fr FRA,DF,Lille,fr Ligue 1,19,1,0,6,0.1,0,0,0,0.0,0.0,0.0,0,0,,,,0.0,66.7,0,2,0,0,0,1,2,8,4,,1
Souleymane Touré,fr FRA,DF,Udinese,it Serie A,21,12,11,733,8.1,1,0,1,0.4,0.4,0.0,4,2,50.0,0.25,0.5,0.6,91.7,2,26,6,7,6,9,17,585,378,50.0,23
Lucas Tousart,fr FRA,MF,Union Berlin,de Bundesliga,27,15,6,561,6.2,0,1,1,0.4,0.4,0.5,9,5,55.6,0.0,0.0,-0.4,66.7,3,18,4,17,9,7,27,264,94,45.5,32
Conor Townsend,eng ENG,DF,Ipswich Town,eng Premier League,31,6,3,335,3.7,0,1,1,0.0,0.0,0.7,1,0,0.0,0.0,,0.0,63.0,4,8,2,11,8,4,16,172,53,,8
Adama Traoré,es ESP,"FW,MF",Fulham,eng Premier League,28,36,18,1772,19.7,2,7,9,4.0,4.0,4.9,39,12,30.8,0.05,0.17,-2.0,72.2,42,68,100,20,13,1,6,801,538,49.5,87
Boubacar Traoré,ml MLI,MF,Wolves,eng Premier League,22,1,0,1,0.0,0,0,0,0.0,0.0,0.0,0,0,,,,0.0,,0,0,0,2,0,0,0,2,0,,0
Hamari Traoré,ml MLI,DF,Real Sociedad,es La Liga,32,11,9,700,7.8,0,1,1,0.0,0.0,0.2,1,0,0.0,0.0,,0.0,82.8,3,26,12,19,12,9,21,529,252,60.0,29
Omar Traoré,de GER,DF,Heidenheim,de Bundesliga,26,30,30,2616,29.1,0,1,1,0.5,0.5,1.6,16,3,18.8,0.0,0.0,-0.5,70.7,20,117,103,50,26,21,66,1712,922,39.1,136
Óscar Trejo,ar ARG,MF,Rayo Vallecano,es La Liga,36,19,6,496,5.5,1,0,1,0.6,0.6,1.0,5,2,40.0,0.2,0.5,0.4,83.7,9,37,15,8,5,4,5,409,227,36.4,25
Philipp Treu,de GER,"MF,DF",St. Pauli,de Bundesliga,23,33,33,2881,32.0,0,2,2,1.2,1.2,2.5,19,4,21.1,0.0,0.0,-1.2,80.0,22,105,58,61,42,19,87,1867,825,33.3,147
Ryan Trevitt,eng ENG,MF,Brentford,eng Premier League,21,1,0,4,0.0,0,0,0,0.0,0.0,0.0,0,0,,,,0.0,57.1,0,0,0,1,1,0,0,7,4,,2
Christopher Trimmel,at AUT,"DF,MF",Union Berlin,de Bundesliga,37,26,20,1740,19.3,0,3,3,0.2,0.2,2.1,9,3,33.3,0.0,0.0,-0.2,60.5,35,73,18,38,25,18,92,979,365,25.0,63
Kieran Trippier,eng ENG,DF,Newcastle Utd,eng Premier League,33,25,14,1309,14.5,0,3,3,0.1,0.1,1.4,4,0,0.0,0.0,,-0.1,82.5,22,117,26,38,21,12,49,1388,609,50.0,68
Leandro Trossard,be BEL,FW,Arsenal,eng Premier League,29,38,28,2546,28.3,8,7,15,7.2,7.2,6.1,72,21,29.2,0.11,0.38,0.8,74.5,41,101,80,31,20,9,18,1278,828,44.2,104
Adrien Truffert,fr FRA,"DF,MF",Rennes,fr Ligue 1,22,33,31,2752,30.6,2,2,4,2.4,2.3,3.2,23,10,43.5,0.09,0.2,-0.4,78.9,39,104,69,61,36,27,56,1906,971,36.4,139
Kostas Tsimikas,gr GRE,DF,Liverpool,eng Premier League,28,18,9,837,9.3,0,1,1,0.4,0.4,2.1,4,2,50.0,0.0,0.0,-0.4,84.1,16,76,17,31,20,11,20,741,368,41.7,31
Viktor Tsyhankov,ua UKR,"FW,MF",Girona,es La Liga,26,27,23,1913,21.3,2,5,7,2.8,2.8,3.9,35,9,25.7,0.06,0.22,-0.8,74.2,33,65,62,19,12,15,16,1064,650,42.9,69
Axel Tuanzebe,cd COD,DF,Ipswich Town,eng Premier League,26,22,20,1710,19.0,0,1,1,0.2,0.2,0.3,4,0,0.0,0.0,,-0.2,83.8,5,61,10,31,19,23,56,971,402,40.0,49
Beñat Turrientes,es ESP,MF,Real Sociedad,es La Liga,22,21,11,942,10.5,0,0,0,0.6,0.6,0.2,7,1,14.3,0.0,0.0,-0.6,89.6,3,42,18,15,6,5,14,561,317,54.2,45
Tuta,br BRA,"DF,MF",Eint Frankfurt,de Bundesliga,25,30,26,2274,25.3,2,1,3,1.1,1.1,0.3,13,5,38.5,0.15,0.4,0.9,87.7,4,78,11,44,27,40,135,1772,1007,76.5,120
Christantus Uche,ng NGA,"FW,MF",Getafe,es La Liga,21,33,30,2486,27.6,4,6,10,3.8,3.8,2.9,50,14,28.0,0.08,0.29,0.2,65.4,29,49,43,35,21,10,19,971,553,35.2,110
Destiny Udogie,it ITA,DF,Tottenham,eng Premier League,21,25,24,1924,21.4,0,1,1,0.3,0.3,1.5,5,1,20.0,0.0,0.0,-0.3,87.2,16,121,54,75,47,22,36,1376,758,40.6,111
Manuel Ugarte Ribeiro,uy URU,MF,Manchester Utd,eng Premier League,23,29,22,1785,19.8,1,2,3,1.0,1.0,1.1,19,4,21.1,0.05,0.25,0.0,87.9,10,61,16,77,49,27,17,1161,668,56.3,122
Lesley Ugochukwu,fr FRA,MF,Southampton,eng Premier League,20,26,18,1655,18.4,1,1,2,0.9,0.9,1.0,10,1,10.0,0.1,1.0,0.1,85.0,14,49,29,50,24,14,23,879,479,67.9,67
Lukas Ullrich,de GER,DF,Gladbach,de Bundesliga,20,26,24,1903,21.1,1,2,3,0.9,0.9,1.8,8,2,25.0,0.13,0.5,0.1,76.1,8,39,31,25,16,23,74,1073,531,33.3,73
Enes Ünal,tr TUR,"FW,MF",Bournemouth,eng Premier League,27,17,2,345,3.8,2,1,3,2.7,2.7,0.4,20,7,35.0,0.1,0.29,-0.7,63.6,4,12,4,1,0,0,6,172,91,8.3,16
Deniz Undav,de GER,"FW,MF",Stuttgart,de Bundesliga,28,27,20,1726,19.2,9,3,12,11.7,11.7,3.6,75,31,41.3,0.12,0.29,-2.7,73.2,26,70,31,11,10,3,10,797,469,41.7,48
Naci Ünüvar,nl NED,"MF,DF",Espanyol,es La Liga,21,2,0,31,0.3,0,0,0,0.0,0.0,0.0,1,0,0.0,0.0,,0.0,72.2,1,1,1,2,2,0,0,23,14,0.0,3
Dayot Upamecano,fr FRA,DF,Bayern Munich,de Bundesliga,25,20,20,1759,19.5,2,0,2,1.2,1.2,0.5,13,6,46.2,0.15,0.33,0.8,93.9,7,137,17,36,22,34,45,2101,1440,50.0,115
Kacper Urbanski,pl POL,MF,Bologna,it Serie A,19,7,1,247,2.7,1,0,1,0.3,0.3,0.5,4,1,25.0,0.25,1.0,0.7,84.1,9,15,5,5,2,2,5,163,107,60.0,16
Kacper Urbanski,pl POL,MF,Monza,it Serie A,19,8,6,500,5.6,0,0,0,0.1,0.1,0.1,5,1,20.0,0.0,0.0,-0.1,86.3,4,41,10,5,3,2,9,304,187,37.5,23
Can Uzun,tr TUR,"MF,FW",Eint Frankfurt,de Bundesliga,18,20,6,675,7.5,4,1,5,3.0,3.0,1.1,27,11,40.7,0.15,0.36,1.0,79.9,14,42,11,10,4,1,3,395,265,50.0,31
Josha Vagnoman,de GER,"DF,MF",Stuttgart,de Bundesliga,23,26,19,1834,20.4,1,1,2,1.5,1.5,2.1,15,6,40.0,0.07,0.17,-0.5,80.4,22,47,24,26,14,14,57,1105,541,28.6,92
Lautaro Valenti,ar ARG,DF,Parma,it Serie A,25,20,18,1556,17.3,1,0,1,0.2,0.2,0.2,7,2,28.6,0.14,0.5,0.8,84.5,4,28,3,17,12,13,94,1011,556,0.0,48
Óscar Valentín,es ESP,MF,Rayo Vallecano,es La Liga,29,34,18,1835,20.4,0,0,0,0.4,0.4,0.9,5,1,20.0,0.0,0.0,-0.4,82.9,13,86,13,55,41,21,51,1068,509,45.5,109
Nicolás Valentini,ar ARG,DF,Hellas Verona,it Serie A,23,14,13,1129,12.5,0,0,0,0.3,0.3,0.8,8,0,0.0,0.0,,-0.3,67.5,6,42,4,35,23,15,97,654,268,100.0,43
Germán Valera,es ESP,MF,Valencia,es La Liga,22,8,1,148,1.6,0,0,0,0.1,0.1,0.0,3,2,66.7,0.0,0.0,-0.1,72.3,1,2,1,1,1,4,2,73,46,37.5,4
Emanuele Valeri,it ITA,DF,Parma,it Serie A,25,35,34,2873,31.9,2,6,8,1.8,1.0,4.7,26,4,15.4,0.04,0.25,0.2,65.6,36,93,79,51,31,29,103,1528,740,25.5,124
Martin Valjent,sk SVK,DF,Mallorca,es La Liga,28,31,31,2763,30.7,3,0,3,0.8,0.8,0.1,12,5,41.7,0.25,0.6,2.2,85.9,4,91,23,30,21,18,195,1723,948,60.0,102
Álex Valle,es ESP,DF,Como,it Serie A,20,15,12,1030,11.4,0,0,0,0.3,0.3,0.7,9,1,11.1,0.0,0.0,-0.3,85.0,11,44,19,26,12,8,42,799,425,50.0,51
Jesús Vallejo,es ESP,DF,Real Madrid,es La Liga,27,4,1,138,1.5,0,1,1,0.0,0.0,0.1,0,0,,,,0.0,89.6,2,5,0,0,0,2,8,78,50,,8
Mattia Valoti,it ITA,MF,Monza,it Serie A,30,5,0,40,0.4,0,0,0,0.0,0.0,0.0,0,0,,,,0.0,63.2,0,0,0,3,3,0,2,27,7,,3
Federico Valverde,uy URU,"MF,DF",Real Madrid,es La Liga,26,36,34,3032,33.7,6,4,10,2.7,2.7,3.1,57,22,38.6,0.11,0.27,3.3,89.9,39,226,66,50,30,55,52,2543,1525,57.1,174
Ignace Van Der Brempt,be BEL,DF,Como,it Serie A,22,20,14,1257,14.0,0,1,1,0.5,0.5,0.5,7,3,42.9,0.0,0.0,-0.5,81.1,10,42,19,40,32,17,34,841,432,46.4,59
Siebe Van Der Heyden,be BEL,"DF,MF",Mallorca,es La Liga,26,2,1,97,1.1,0,0,0,0.0,0.0,0.1,1,0,0.0,0.0,,0.0,89.0,1,5,1,1,1,2,3,83,57,33.3,5
Siebe Van Der Heyden,be BEL,"DF,MF",St. Pauli,de Bundesliga,26,13,11,872,9.7,1,0,1,1.7,1.7,0.0,3,2,66.7,0.33,0.5,-0.7,79.3,2,28,10,17,10,17,43,602,265,20.0,32
Virgil van Dijk,nl NED,DF,Liverpool,eng Premier League,33,37,37,3330,37.0,3,1,4,2.2,2.2,0.7,27,8,29.6,0.11,0.38,0.8,91.6,12,198,22,38,20,56,190,3301,1856,60.0,115
Vanderson,br BRA,DF,Monaco,fr Ligue 1,23,29,23,2064,22.9,1,3,4,2.2,2.2,3.1,21,8,38.1,0.05,0.13,-1.2,77.7,23,102,57,76,48,39,65,1714,876,50.0,153
Jamie Vardy,eng ENG,FW,Leicester City,eng Premier League,37,35,35,2823,31.4,9,4,13,11.2,9.6,3.0,56,23,41.1,0.14,0.35,-2.2,66.3,19,22,29,19,13,5,24,586,285,47.8,39
Ruben Vargas,ch SUI,"FW,MF",Sevilla,es La Liga,25,11,9,671,7.5,2,1,3,2.0,2.0,0.8,17,5,29.4,0.12,0.4,0.0,67.2,13,14,29,7,4,3,10,362,186,36.4,31
Ruben Vargas,ch SUI,"MF,FW",Augsburg,de Bundesliga,25,8,3,305,3.4,0,0,0,0.7,0.7,0.7,9,1,11.1,0.0,0.0,-0.7,83.7,6,13,9,2,1,2,1,179,109,50.0,14
Johan Vásquez,mx MEX,DF,Genoa,it Serie A,25,36,34,3041,33.8,3,0,3,2.4,2.4,0.3,36,8,22.2,0.08,0.38,0.6,84.7,7,96,37,56,31,50,150,2190,1202,71.4,122
Denis Vavro,sk SVK,DF,Wolfsburg,de Bundesliga,28,29,27,2461,27.3,2,0,2,1.4,1.4,0.2,25,6,24.0,0.08,0.33,0.6,86.9,7,96,9,21,13,37,234,1901,1036,50.0,89
José Luis García Vayá,es ESP,MF,Valencia,es La Liga,25,34,18,1742,19.4,2,2,4,2.1,0.5,2.1,12,4,33.3,0.0,0.0,-0.1,78.4,32,142,13,43,25,19,42,1406,645,61.5,99
Robinio Vaz,fr FRA,FW,Marseille,fr Ligue 1,17,2,0,75,0.8,0,0,0,0.5,0.5,0.0,2,0,0.0,0.0,,-0.5,25.0,0,0,3,1,1,0,2,20,12,0.0,1
Jesus Vazquez,es ESP,DF,Valencia,es La Liga,21,19,10,919,10.2,0,0,0,0.1,0.1,0.6,5,1,20.0,0.0,0.0,-0.1,77.2,3,21,32,23,18,10,30,586,250,38.9,42
Lucas Vázquez,es ESP,DF,Real Madrid,es La Liga,33,32,25,2189,24.3,1,5,6,1.4,1.4,4.7,15,3,20.0,0.07,0.33,-0.4,87.1,33,99,37,58,34,17,35,1850,1031,52.8,83
Matías Vecino,uy URU,MF,Lazio,it Serie A,32,20,7,877,9.7,2,3,5,2.3,2.3,2.4,16,4,25.0,0.13,0.5,-0.3,81.1,11,29,4,13,7,5,15,475,231,100.0,29
Danilo Veiga,pt POR,DF,Lecce,it Serie A,21,13,2,374,4.2,0,0,0,0.6,0.6,0.3,5,0,0.0,0.0,,-0.6,64.6,6,10,10,8,6,4,14,225,111,42.9,19
Renato Veiga,pt POR,"DF,MF",Chelsea,eng Premier League,21,7,1,181,2.0,0,0,0,0.1,0.1,0.0,3,1,33.3,0.0,0.0,-0.1,84.9,0,7,4,9,6,1,2,167,85,60.0,9
Renato Veiga,pt POR,DF,Juventus,it Serie A,21,13,12,1093,12.1,0,1,1,1.0,1.0,0.1,12,5,41.7,0.0,0.0,-1.0,88.0,2,40,9,17,12,19,81,727,388,100.0,38
Alejo Véliz,ar ARG,FW,Espanyol,es La Liga,20,27,10,1127,12.5,1,0,1,2.3,2.3,0.6,19,6,31.6,0.05,0.17,-1.3,65.2,3,8,2,1,1,4,23,317,123,20.0,20
Miloš Veljković,rs SRB,DF,Werder Bremen,de Bundesliga,28,14,11,1029,11.4,0,1,1,0.6,0.6,0.2,2,1,50.0,0.0,0.0,-0.6,86.7,3,64,9,10,5,2,47,738,460,,32
Joël Veltman,nl NED,DF,Brighton,eng Premier League,32,21,19,1697,18.9,0,0,0,0.5,0.5,0.5,6,1,16.7,0.0,0.0,-0.5,80.2,6,85,32,43,29,19,66,1133,548,26.7,68
Micky van de Ven,nl NED,DF,Tottenham,eng Premier League,23,13,12,1015,11.3,0,2,2,0.6,0.6,1.2,6,2,33.3,0.0,0.0,-0.6,90.9,2,51,8,10,6,10,39,895,620,50.0,63
Lorenzo Venturino,it ITA,"FW,MF",Genoa,it Serie A,18,6,1,167,1.9,2,0,2,0.7,0.7,0.2,4,3,75.0,0.5,0.67,1.3,50.9,3,7,5,5,3,0,5,86,39,66.7,8
Nikolas Veratschnig,at AUT,"DF,MF",Mainz 05,de Bundesliga,21,15,2,364,4.0,0,0,0,0.2,0.2,0.3,7,1,14.3,0.0,0.0,-0.2,72.6,5,7,7,9,6,5,8,200,99,18.2,12
Simone Verdi,it ITA,"MF,FW",Como,it Serie A,32,9,0,115,1.3,0,0,0,0.1,0.1,0.5,2,2,100.0,0.0,0.0,-0.1,51.7,6,5,3,2,2,0,2,75,44,100.0,5
Jordan Veretout,fr FRA,MF,Lyon,fr Ligue 1,31,27,19,1553,17.3,2,0,2,1.9,1.9,0.6,21,9,42.9,0.1,0.22,0.1,83.9,13,99,35,30,14,5,23,1085,597,55.6,88
Arthur Vermeeren,be BEL,MF,RB Leipzig,de Bundesliga,19,28,18,1572,17.5,0,2,2,0.4,0.4,0.9,4,1,25.0,0.0,0.0,-0.4,86.1,12,77,14,32,19,23,25,1109,536,40.0,94
Yorbe Vertessen,be BEL,"MF,FW",Union Berlin,de Bundesliga,23,17,7,718,8.0,1,0,1,1.3,1.3,1.6,27,5,18.5,0.04,0.2,-0.3,66.2,15,16,18,6,3,3,6,342,194,37.3,32
Mikel Vesga,es ESP,MF,Athletic Club,es La Liga,31,25,10,988,11.0,0,0,0,1.2,0.4,1.0,5,2,40.0,0.0,0.0,-1.2,79.6,12,64,10,22,15,15,26,653,291,58.3,66
Jannik Vestergaard,dk DEN,DF,Leicester City,eng Premier League,31,18,16,1391,15.5,0,0,0,0.1,0.1,0.1,3,2,66.7,0.0,0.0,-0.1,90.7,3,32,3,22,10,16,74,1092,672,100.0,46
Ben Viadere,fr FRA,MF,Auxerre,fr Ligue 1,18,1,0,5,0.1,0,0,0,0.0,0.0,0.0,0,0,,,,0.0,33.3,1,0,1,0,0,0,0,7,4,50.0,0
Carlos Vicente,es ESP,"FW,MF",Alavés,es La Liga,25,37,35,3092,34.4,5,5,10,3.5,2.7,5.4,35,13,37.1,0.11,0.31,1.5,63.2,63,68,104,47,31,14,40,1551,781,32.1,133
Pau Victor,es ESP,FW,Barcelona,es La Liga,22,21,2,319,3.5,2,1,3,3.0,3.0,0.9,14,8,57.1,0.14,0.25,-1.0,81.0,8,11,6,3,1,2,5,170,92,58.3,14
Nacho Vidal,es ESP,DF,Osasuna,es La Liga,29,5,1,124,1.4,0,0,0,0.0,0.0,0.0,0,0,,,,0.0,75.5,0,1,3,2,0,0,6,65,24,100.0,5
Gabriel Vidovic,hr CRO,MF,Mainz 05,de Bundesliga,20,1,0,4,0.0,0,0,0,0.1,0.1,0.0,1,0,0.0,0.0,,-0.1,100.0,0,0,0,0,0,0,0,8,3,,0
Gabriel Vidovic,hr CRO,MF,Bayern Munich,de Bundesliga,20,4,0,24,0.3,0,0,0,0.1,0.1,0.0,1,0,0.0,0.0,,-0.1,100.0,0,0,0,0,0,0,0,14,11,0.0,1
Sergio Viera,es ESP,MF,Las Palmas,es La Liga,19,2,1,96,1.1,0,0,0,0.0,0.0,0.0,1,0,0.0,0.0,,0.0,88.2,0,2,0,1,1,1,1,59,32,50.0,5
Samuele Vignato,it ITA,MF,Monza,it Serie A,20,17,3,470,5.2,0,0,0,0.3,0.3,0.0,4,1,25.0,0.0,0.0,-0.3,75.4,1,17,5,6,3,0,6,214,139,30.8,12
Asier Villalibre,es ESP,FW,Alavés,es La Liga,26,16,2,333,3.7,1,1,2,1.6,0.8,1.0,8,1,12.5,0.0,0.0,-0.6,63.8,1,7,4,2,2,1,7,116,55,16.7,7
Carlos Vinícius,br BRA,"MF,FW",Fulham,eng Premier League,29,3,0,16,0.2,0,0,0,0.0,0.0,0.0,1,1,100.0,0.0,0.0,0.0,33.3,0,0,1,0,0,0,0,7,7,100.0,0
Nicolas Viola,it ITA,"FW,MF",Cagliari,it Serie A,34,27,18,1267,14.1,3,1,4,2.2,2.2,1.9,31,9,29.0,0.1,0.33,0.8,63.1,28,46,21,14,7,3,5,595,326,36.7,52
Viti,es ESP,DF,Las Palmas,es La Liga,26,29,23,1982,22.0,0,2,2,0.1,0.1,1.4,3,2,66.7,0.0,0.0,-0.1,81.0,12,44,43,71,46,27,61,1186,491,45.0,85
Mattia Viti,it ITA,DF,Empoli,it Serie A,22,30,30,2572,28.6,1,0,1,0.8,0.8,0.2,11,2,18.2,0.09,0.5,0.2,80.2,5,86,17,65,45,48,128,1506,633,54.5,97
Vitinha,pt POR,"FW,MF",Genoa,it Serie A,24,25,16,1328,14.8,2,3,5,1.6,1.6,3.3,33,5,15.2,0.06,0.4,0.4,59.3,16,19,38,23,8,12,22,572,309,32.4,53
Vitinha,pt POR,MF,Paris S-G,fr Ligue 1,24,29,20,2042,22.7,5,1,6,3.4,1.8,2.6,25,12,48.0,0.12,0.25,1.6,93.1,27,224,53,43,23,14,19,2581,1756,67.5,144
Daniel Vivian,es ESP,DF,Athletic Club,es La Liga,25,32,28,2608,29.0,4,0,4,1.9,1.9,0.4,18,5,27.8,0.22,0.8,2.1,87.1,10,185,36,40,26,47,152,2085,1169,58.8,164
Dušan Vlahović,rs SRB,FW,Juventus,it Serie A,24,29,21,1784,19.8,10,4,14,12.3,9.2,1.3,73,25,34.2,0.08,0.24,-2.3,69.1,15,22,27,4,2,1,9,564,308,32.1,36
Vanja Vlahović,rs SRB,"FW,MF",Atalanta,it Serie A,20,3,0,60,0.7,0,0,0,0.2,0.2,0.1,1,1,100.0,0.0,0.0,-0.2,66.7,2,0,0,1,1,0,0,18,13,0.0,0
Nikola Vlašić,hr CRO,"MF,FW",Torino,it Serie A,26,30,23,2117,23.5,5,4,9,3.4,1.8,2.4,30,10,33.3,0.1,0.3,1.6,79.8,32,94,53,37,19,9,15,983,607,50.0,93
Alessandro Vogliacco,it ITA,DF,Genoa,it Serie A,25,12,8,715,7.9,2,0,2,1.3,1.3,0.0,5,2,40.0,0.4,1.0,0.7,78.0,1,26,9,15,3,9,20,407,208,0.0,20
Alessandro Vogliacco,it ITA,DF,Parma,it Serie A,25,10,10,772,8.6,0,0,0,0.1,0.1,0.1,1,1,100.0,0.0,0.0,-0.1,91.6,3,21,2,5,2,3,37,551,370,100.0,24
Kevin Vogt,de GER,DF,Union Berlin,de Bundesliga,32,18,16,1367,15.2,1,0,1,0.8,0.0,0.0,0,0,,,,0.2,88.1,2,70,11,12,8,9,75,1030,560,80.0,90
Mërgim Vojvoda,xk KVX,DF,Torino,it Serie A,29,17,12,1105,12.3,0,0,0,0.4,0.4,0.4,5,0,0.0,0.0,,-0.4,83.6,11,64,18,18,10,7,24,875,577,54.5,53
Mërgim Vojvoda,xk KVX,DF,Como,it Serie A,29,11,8,717,8.0,1,2,3,0.2,0.2,2.0,4,1,25.0,0.25,1.0,0.8,81.5,12,43,16,9,6,3,18,521,293,27.3,28
Kevin Volland,de GER,"FW,MF",Union Berlin,de Bundesliga,32,4,0,61,0.7,0,0,0,0.0,0.0,0.1,0,0,,,,0.0,71.4,1,2,0,0,0,0,1,20,12,,2
Aster Vranckx,be BEL,MF,Wolfsburg,de Bundesliga,21,14,6,556,6.2,0,0,0,0.0,0.0,0.0,0,0,,,,0.0,82.2,1,20,5,11,6,10,13,276,123,83.3,22
Stefan de Vrij,nl NED,DF,Inter,it Serie A,32,25,17,1636,18.2,3,0,3,1.1,1.1,0.0,13,3,23.1,0.23,1.0,1.9,93.3,1,76,11,18,11,22,89,1613,988,37.5,66
Ibrahima Wadji,sn SEN,"FW,MF",Saint-Étienne,fr Ligue 1,29,10,2,347,3.9,0,0,0,0.8,0.8,0.0,12,1,8.3,0.0,0.0,-0.8,84.1,1,4,11,7,6,1,0,112,65,70.0,7
Robert Wagner,de GER,MF,St. Pauli,de Bundesliga,21,12,5,407,4.5,0,0,0,0.1,0.1,0.0,2,0,0.0,0.0,,-0.1,75.4,0,10,1,8,3,2,12,183,59,50.0,22
Elye Wahi,fr FRA,FW,Marseille,fr Ligue 1,21,13,7,574,6.4,3,1,4,6.0,5.2,0.4,16,9,56.3,0.13,0.22,-3.0,79.3,6,7,7,0,0,1,0,161,103,20.0,8
Elye Wahi,fr FRA,"FW,MF",Eint Frankfurt,de Bundesliga,21,8,1,196,2.2,0,0,0,1.3,1.3,0.1,9,2,22.2,0.0,0.0,-1.3,64.3,1,5,6,0,0,0,1,66,43,75.0,8
Hauke Wahl,de GER,DF,St. Pauli,de Bundesliga,30,33,33,2970,33.0,0,0,0,0.9,0.9,0.5,11,4,36.4,0.0,0.0,-0.9,86.6,9,142,30,36,27,31,170,2096,1040,80.0,129
Kyle Walker,eng ENG,DF,Manchester City,eng Premier League,34,15,9,970,10.8,0,0,0,0.1,0.1,0.4,5,2,40.0,0.0,0.0,-0.1,87.7,7,64,12,17,10,3,13,892,499,50.0,46
Kyle Walker,eng ENG,DF,Milan,it Serie A,34,11,7,659,7.3,0,0,0,0.0,0.0,0.9,2,0,0.0,0.0,,0.0,87.7,6,32,11,17,9,9,15,492,310,71.4,37
Kyle Walker-Peters,eng ENG,DF,Southampton,eng Premier League,27,33,33,2918,32.4,0,2,2,0.8,0.8,2.8,20,6,30.0,0.0,0.0,-0.8,88.2,24,139,114,44,29,19,90,2022,1271,41.3,135
Sebastian Walukiewicz,pl POL,DF,Torino,it Serie A,24,29,20,1661,18.5,0,0,0,0.4,0.4,0.3,6,1,16.7,0.0,0.0,-0.4,81.1,4,80,25,38,20,18,60,1119,557,27.3,52
Sebastian Walukiewicz,pl POL,DF,Empoli,it Serie A,24,2,2,180,2.0,0,0,0,0.0,0.0,0.1,0,0,,,,0.0,77.4,1,8,2,1,0,1,15,83,32,,6
Aaron Wan-Bissaka,eng ENG,DF,West Ham,eng Premier League,26,36,35,3154,35.0,2,5,7,1.2,1.2,3.5,16,5,31.3,0.13,0.4,0.8,81.1,33,149,110,70,49,66,125,2256,1092,52.5,174
Paul Wanner,de GER,"MF,FW",Heidenheim,de Bundesliga,18,29,20,1771,19.7,3,2,5,3.7,2.9,1.3,24,5,20.8,0.08,0.4,-0.7,73.1,20,64,28,40,27,4,20,935,496,42.4,90
Joel Ward,eng ENG,DF,Crystal Palace,eng Premier League,34,2,1,71,0.8,0,0,0,0.0,0.0,0.0,0,0,,,,0.0,58.3,1,1,0,2,0,0,3,32,15,0.0,7
James Ward-Prowse,eng ENG,MF,West Ham,eng Premier League,29,15,12,1039,11.5,1,1,2,1.6,1.6,1.9,13,5,38.5,0.08,0.2,-0.6,88.2,20,54,11,20,14,8,15,849,427,40.0,52
James Ward-Prowse,eng ENG,MF,Nott'ham Forest,eng Premier League,29,9,5,400,4.4,0,1,1,0.1,0.1,1.1,2,1,50.0,0.0,0.0,-0.1,79.7,4,16,1,4,1,5,8,205,92,,19
Kjell-Arik Wätjen,de GER,MF,Dortmund,de Bundesliga,18,2,0,16,0.2,0,0,0,0.0,0.0,0.0,0,0,,,,0.0,37.5,0,0,0,0,0,0,2,12,4,,2
Ollie Watkins,eng ENG,FW,Aston Villa,eng Premier League,28,38,31,2598,28.9,16,8,24,15.3,13.8,3.3,82,36,43.9,0.17,0.39,0.7,72.4,24,31,55,10,7,8,15,695,409,24.4,43
Timothy Weah,us USA,"DF,FW",Juventus,it Serie A,24,30,18,1638,18.2,5,2,7,3.4,3.4,1.6,21,9,42.9,0.24,0.56,1.6,83.7,19,56,45,36,19,14,27,977,565,38.2,60
Adam Webster,eng ENG,DF,Brighton,eng Premier League,29,14,11,887,9.9,0,0,0,0.2,0.2,0.5,5,1,20.0,0.0,0.0,-0.2,87.7,3,63,8,10,6,20,41,824,476,33.3,35
Julian Weigl,de GER,MF,Gladbach,de Bundesliga,28,33,33,2881,32.0,0,2,2,0.7,0.7,1.1,19,6,31.6,0.0,0.0,-0.7,88.3,11,122,11,53,25,48,86,2075,1061,87.5,133
Nelson Weiper,de GER,"FW,MF",Mainz 05,de Bundesliga,19,23,7,704,7.8,3,2,5,4.1,4.1,1.9,22,12,54.5,0.14,0.25,-1.1,67.1,10,13,12,5,4,2,5,311,149,47.6,20
Mitchell Weiser,de GER,"DF,MF",Werder Bremen,de Bundesliga,30,32,32,2868,31.9,5,9,14,5.4,5.4,4.7,43,15,34.9,0.12,0.33,-0.4,73.9,42,125,65,61,40,22,61,1949,990,41.7,152
Noah Weißhaupt,de GER,"FW,MF",St. Pauli,de Bundesliga,22,19,13,1160,12.9,1,0,1,2.1,2.1,1.8,18,4,22.2,0.06,0.25,-1.1,62.3,18,33,42,6,4,2,8,509,306,34.2,51
Noah Weißhaupt,de GER,FW,Freiburg,de Bundesliga,22,3,0,80,0.9,0,0,0,0.0,0.0,0.0,1,0,0.0,0.0,,0.0,74.0,0,6,8,0,0,0,1,59,49,25.0,3
Danny Welbeck,eng ENG,FW,Brighton,eng Premier League,33,30,24,2115,23.5,10,4,14,9.6,8.8,1.4,59,23,39.0,0.15,0.39,0.4,84.9,23,47,21,26,16,5,14,726,448,35.1,46
Welington,br BRA,DF,Southampton,eng Premier League,23,10,6,482,5.4,0,0,0,0.0,0.0,0.1,3,0,0.0,0.0,,0.0,78.0,3,11,5,21,9,7,36,276,100,55.6,21
Timo Werner,de GER,"FW,MF",Tottenham,eng Premier League,28,18,4,516,5.7,0,3,3,1.0,1.0,2.5,8,3,37.5,0.0,0.0,-1.0,66.9,10,30,42,6,4,1,7,298,215,52.6,18
Adam Wharton,eng ENG,MF,Crystal Palace,eng Premier League,20,20,16,1318,14.6,0,2,2,0.4,0.4,3.0,13,5,38.5,0.0,0.0,-0.4,75.6,26,107,14,34,14,20,27,872,430,20.0,102
Ben White,eng ENG,DF,Arsenal,eng Premier League,26,17,13,1198,13.3,0,2,2,0.5,0.5,1.4,9,2,22.2,0.0,0.0,-0.5,83.8,10,59,23,20,14,16,44,813,394,0.0,37
Silvan Widmer,ch SUI,DF,Mainz 05,de Bundesliga,31,27,3,504,5.6,0,1,1,0.3,0.3,0.4,3,1,33.3,0.0,0.0,-0.3,74.0,2,23,3,11,5,5,27,363,146,0.0,16
Mats Wieffer,nl NED,"DF,MF",Brighton,eng Premier League,24,25,10,1015,11.3,1,3,4,0.8,0.8,1.6,9,4,44.4,0.11,0.25,0.2,85.1,16,62,18,58,34,17,28,867,483,46.7,68
Mateusz Wieteska,pl POL,DF,Cagliari,it Serie A,27,5,1,184,2.0,0,0,0,0.2,0.2,0.2,1,0,0.0,0.0,,-0.2,86.3,1,5,1,1,0,7,6,116,69,,11
Caleb Wiley,us USA,"DF,MF",Strasbourg,fr Ligue 1,19,6,3,266,3.0,0,1,1,0.0,0.0,0.7,1,0,0.0,0.0,,0.0,78.9,2,7,3,1,0,4,5,149,70,0.0,17
Iñaki Williams,gh GHA,FW,Athletic Club,es La Liga,30,35,29,2652,29.5,6,8,14,7.6,7.6,7.8,63,24,38.1,0.1,0.25,-1.6,63.3,43,76,107,17,10,12,32,1169,739,32.7,87
Neco Williams,wls WAL,DF,Nott'ham Forest,eng Premier League,23,35,28,2594,28.8,1,3,4,2.3,2.3,1.6,37,7,18.9,0.03,0.14,-1.3,75.5,18,89,68,90,57,31,137,1565,650,39.1,110
Nico Williams,es ESP,FW,Athletic Club,es La Liga,22,29,22,1996,22.2,5,5,10,4.2,4.2,3.5,54,19,35.2,0.09,0.26,0.8,70.5,40,69,118,28,18,7,9,1064,697,36.4,96
Willian,br BRA,"FW,MF",Fulham,eng Premier League,35,10,2,257,2.9,0,0,0,0.3,0.3,0.5,7,0,0.0,0.0,,-0.3,85.6,7,40,11,4,2,1,1,231,148,14.3,14
Joe Willock,eng ENG,"MF,FW",Newcastle Utd,eng Premier League,24,32,11,1086,12.1,0,2,2,1.6,1.6,2.1,18,3,16.7,0.0,0.0,-1.6,82.6,22,41,38,30,17,6,7,533,325,34.3,40
Callum Wilson,eng ENG,FW,Newcastle Utd,eng Premier League,32,18,2,370,4.1,0,0,0,0.4,0.4,0.1,6,1,16.7,0.0,0.0,-0.4,75.5,3,4,5,2,2,1,1,95,47,14.3,11
Harry Wilson,wls WAL,"FW,MF",Fulham,eng Premier League,27,25,12,1162,12.9,6,1,7,4.2,4.2,1.1,43,17,39.5,0.14,0.35,1.8,73.3,20,51,22,20,14,7,10,598,342,37.5,55
Patrick Wimmer,at AUT,"MF,FW",Wolfsburg,de Bundesliga,23,29,22,1770,19.7,3,4,7,3.7,3.7,2.9,41,10,24.4,0.07,0.3,-0.7,65.7,24,91,46,47,35,32,15,920,504,53.6,92
Jonas Wind,dk DEN,"FW,MF",Wolfsburg,de Bundesliga,25,31,21,1966,21.8,9,3,12,5.7,4.0,4.2,38,11,28.9,0.21,0.73,3.3,70.6,34,100,17,10,6,6,15,810,450,30.0,59
Harry Winks,eng ENG,MF,Leicester City,eng Premier League,28,22,17,1538,17.1,0,2,2,0.2,0.2,1.2,10,4,40.0,0.0,0.0,-0.2,87.1,17,101,19,24,11,9,20,1158,696,25.0,106
Ben Winterburn,eng ENG,"MF,FW",Bournemouth,eng Premier League,19,4,0,24,0.3,0,0,0,0.0,0.0,0.0,0,0,,,,0.0,71.4,0,0,2,0,0,2,0,9,6,,2
Florian Wirtz,de GER,"MF,FW",Leverkusen,de Bundesliga,21,31,25,2351,26.1,10,12,22,9.4,6.1,7.0,74,35,47.3,0.11,0.23,0.6,78.3,57,176,131,32,20,10,6,2096,1217,49.1,113
Yoane Wissa,cd COD,FW,Brentford,eng Premier League,27,35,34,2919,32.4,19,4,23,18.5,18.5,2.6,90,41,45.6,0.21,0.46,0.5,76.5,27,67,60,22,12,8,21,925,550,30.6,81
Dani de Wit,nl NED,"MF,FW",Bochum,de Bundesliga,26,28,11,1153,12.8,2,1,3,2.1,2.1,0.5,20,7,35.0,0.1,0.29,-0.1,72.0,10,33,5,29,17,12,23,558,244,12.5,36
Axel Witsel,be BEL,DF,Atlético Madrid,es La Liga,35,14,9,852,9.5,0,1,1,0.0,0.0,0.5,1,0,0.0,0.0,,0.0,90.6,2,21,2,16,12,11,34,645,405,50.0,32
Maximilian Wittek,de GER,DF,Bochum,de Bundesliga,28,33,32,2706,30.1,0,0,0,1.4,1.4,4.4,41,7,17.1,0.0,0.0,-1.4,70.6,46,141,47,65,42,27,89,1882,769,40.0,115
Marius Wolf,de GER,DF,Augsburg,de Bundesliga,29,32,28,2144,23.8,1,3,4,0.7,0.7,3.2,12,2,16.7,0.08,0.5,0.3,68.5,45,117,36,27,16,24,51,1427,627,44.2,82
Nick Woltemade,de GER,"FW,MF",Stuttgart,de Bundesliga,22,28,17,1622,18.0,12,2,14,10.2,8.0,4.6,46,23,50.0,0.22,0.43,1.8,70.6,37,52,31,10,7,1,15,788,470,43.7,53
Jeong Woo-yeong,kr KOR,"MF,FW",Union Berlin,de Bundesliga,24,23,17,1263,14.0,3,2,5,2.8,2.8,1.7,25,6,24.0,0.12,0.5,0.2,75.3,18,63,32,10,7,11,11,621,386,57.1,68
Chris Wood,nz NZL,FW,Nott'ham Forest,eng Premier League,32,36,35,2959,32.9,20,3,23,13.4,11.0,2.6,65,32,49.2,0.26,0.53,6.6,64.3,22,42,14,6,5,5,29,770,376,30.8,50
Nathan Wood-Gordon,eng ENG,DF,Southampton,eng Premier League,22,11,9,773,8.6,0,0,0,0.2,0.2,0.0,2,0,0.0,0.0,,-0.2,93.3,1,17,2,14,8,5,39,564,313,66.7,20
Christopher Wooh,cm CMR,DF,Rennes,fr Ligue 1,22,20,17,1456,16.2,0,0,0,1.3,1.3,0.1,10,4,40.0,0.0,0.0,-1.3,87.1,2,59,14,36,19,23,63,1028,558,58.3,53
Luke Woolfenden,eng ENG,DF,Ipswich Town,eng Premier League,25,15,12,1187,13.2,0,0,0,0.0,0.0,0.0,1,0,0.0,0.0,,0.0,88.3,0,15,7,9,6,19,76,694,368,,38
Granit Xhaka,ch SUI,MF,Leverkusen,de Bundesliga,31,33,33,2888,32.1,2,7,9,0.9,0.9,4.4,21,3,14.3,0.1,0.67,1.1,89.7,50,318,42,48,26,12,52,3052,1611,43.8,179
Lamine Yamal,es ESP,FW,Barcelona,es La Liga,17,35,31,2856,31.7,9,13,22,9.8,9.8,13.9,144,46,31.9,0.06,0.2,-0.8,74.8,64,160,181,42,28,16,3,2094,1486,50.9,123
Daniel Yáñez,es ESP,FW,Real Madrid,es La Liga,17,1,0,2,0.0,0,0,0,0.0,0.0,0.0,0,0,,,,0.0,,0,0,0,0,0,0,0,0,1,,0
Erencan Yardimci,tr TUR,"FW,MF",Hoffenheim,de Bundesliga,22,8,3,313,3.5,0,0,0,1.0,1.0,0.0,6,1,16.7,0.0,0.0,-1.0,60.7,0,4,4,4,3,1,2,99,41,,4
Yehor Yarmoliuk,ua UKR,MF,Brentford,eng Premier League,20,31,15,1450,16.1,0,0,0,0.6,0.6,0.9,9,2,22.2,0.0,0.0,-0.6,87.0,9,63,15,49,28,13,33,960,520,48.1,113
Ryan Yates,eng ENG,MF,Nott'ham Forest,eng Premier League,26,35,18,1915,21.3,2,1,3,2.3,2.3,1.2,33,9,27.3,0.06,0.22,-0.3,81.5,18,53,18,42,21,26,61,1041,425,50.0,104
John Yeboah,ec ECU,"FW,MF",Venezia,it Serie A,24,33,11,1226,13.6,1,1,2,3.0,3.0,1.9,30,10,33.3,0.03,0.1,-2.0,72.9,20,42,50,6,3,4,2,517,374,40.7,45
Bertuğ Yıldırım,tr TUR,FW,Getafe,es La Liga,22,22,14,1083,12.0,1,0,1,2.5,2.5,1.2,19,7,36.8,0.05,0.14,-1.5,54.3,9,14,8,10,5,1,16,323,133,43.8,24
Kenan Yıldız,tr TUR,"FW,MF",Juventus,it Serie A,19,35,28,2402,26.7,7,4,11,4.3,4.3,5.0,61,22,36.1,0.11,0.32,2.7,79.7,57,121,115,54,30,5,13,1485,964,53.2,123
Leny Yoro,fr FRA,DF,Manchester Utd,eng Premier League,18,21,12,1165,12.9,0,0,0,0.7,0.7,0.1,5,1,20.0,0.0,0.0,-0.7,92.4,2,52,19,29,11,18,43,894,614,50.0,46
Ashley Young,eng ENG,DF,Everton,eng Premier League,39,32,19,1875,20.8,1,3,4,0.3,0.3,2.3,6,3,50.0,0.17,0.33,0.7,70.9,26,90,24,58,33,25,64,1194,487,35.0,75
Etienne Youte Kinkoue,fr FRA,DF,Le Havre,fr Ligue 1,22,28,26,2320,25.8,0,0,0,1.3,1.3,0.2,14,1,7.1,0.0,0.0,-1.3,89.1,3,63,12,19,10,29,158,1544,861,100.0,65
Illia Zabarnyi,ua UKR,DF,Bournemouth,eng Premier League,21,36,35,3109,34.5,0,1,1,1.3,1.3,0.7,12,1,8.3,0.0,0.0,-1.3,82.1,12,140,27,52,36,41,182,2062,1282,66.7,157
Eloge Zabi,ci CIV,"DF,MF",Reims,fr Ligue 1,17,2,0,18,0.2,0,0,0,0.0,0.0,0.0,0,0,,,,0.0,75.0,0,2,1,0,0,0,1,14,9,,3
Mattia Zaccagni,it ITA,FW,Lazio,it Serie A,29,34,33,2686,29.8,8,6,14,6.4,4.9,4.6,46,14,30.4,0.13,0.43,1.6,75.8,55,114,91,38,27,29,22,1458,911,45.8,86
Dan-Axel Zagadou,fr FRA,"DF,MF",Stuttgart,de Bundesliga,25,2,0,29,0.3,0,0,0,0.0,0.0,0.0,0,0,,,,0.0,100.0,0,0,0,0,0,1,1,12,6,,0
Yoram Zague,fr FRA,"DF,FW",Paris S-G,fr Ligue 1,18,4,2,183,2.0,0,0,0,0.1,0.1,0.1,1,1,100.0,0.0,0.0,-0.1,94.0,2,10,5,8,6,2,2,203,148,100.0,5
Wilfried Zaha,ci CIV,FW,Lyon,fr Ligue 1,31,4,1,73,0.8,0,0,0,0.1,0.1,0.0,1,1,100.0,0.0,0.0,-0.1,87.5,0,1,1,1,1,1,0,49,30,60.0,2
Warren Zaïre-Emery,fr FRA,"MF,DF",Paris S-G,fr Ligue 1,18,29,23,2050,22.8,1,2,3,1.7,1.7,1.4,17,7,41.2,0.06,0.14,-0.7,92.8,18,135,49,51,26,23,20,1908,1211,54.1,136
Miha Zajc,si SVN,MF,Toulouse,fr Ligue 1,30,19,1,262,2.9,0,0,0,0.2,0.2,0.1,6,2,33.3,0.0,0.0,-0.2,82.7,3,24,7,4,4,3,7,215,121,75.0,14
Denis Zakaria,ch SUI,MF,Monaco,fr Ligue 1,27,26,24,2144,23.8,6,4,10,5.2,3.6,1.4,29,9,31.0,0.14,0.44,0.8,90.4,16,113,27,41,26,34,39,1425,823,58.3,165
Arsen Zakharyan,ru RUS,"MF,FW",Real Sociedad,es La Liga,21,3,1,73,0.8,1,0,1,0.2,0.2,0.1,4,2,50.0,0.25,0.5,0.8,84.8,1,3,0,1,1,1,0,44,21,100.0,2
Nicola Zalewski,pl POL,"DF,FW",Roma,it Serie A,22,12,4,533,5.9,0,0,0,0.3,0.3,0.8,5,0,0.0,0.0,,-0.3,73.2,10,17,31,8,6,4,8,325,193,12.5,23
Nicola Zalewski,pl POL,"DF,MF",Inter,it Serie A,22,11,4,435,4.8,1,1,2,0.2,0.2,1.7,5,3,60.0,0.2,0.33,0.8,83.7,11,18,29,7,4,2,5,293,206,45.0,21
Andre-Frank Zambo Anguissa,cm CMR,MF,Napoli,it Serie A,28,35,32,2852,31.7,6,4,10,4.4,4.4,2.4,44,12,27.3,0.14,0.5,1.6,84.5,26,144,24,42,26,35,40,1825,915,53.2,150
Francesco Zampano,it ITA,DF,Venezia,it Serie A,30,24,17,1639,18.2,1,2,3,1.0,1.0,0.8,7,4,57.1,0.14,0.25,0.0,73.2,12,41,42,31,20,6,29,731,418,28.6,77
Nicolò Zaniolo,it ITA,FW,Fiorentina,it Serie A,25,9,4,343,3.8,0,0,0,0.7,0.6,0.2,9,4,44.4,0.0,0.0,-0.7,70.3,5,5,8,3,1,0,2,131,100,35.3,11
Nicolò Zaniolo,it ITA,"FW,MF",Atalanta,it Serie A,25,14,0,356,4.0,2,2,4,0.9,0.9,0.5,11,4,36.4,0.18,0.5,1.1,83.3,7,13,7,0,0,1,0,153,118,37.5,11
Alessandro Zanoli,it ITA,"FW,DF",Genoa,it Serie A,23,31,19,1711,19.0,1,0,1,0.4,0.4,1.6,11,3,27.3,0.09,0.33,0.6,66.9,19,27,65,29,20,12,40,720,364,35.7,60
Duván Zapata,co COL,FW,Torino,it Serie A,33,7,7,587,6.5,3,0,3,3.4,3.4,0.5,21,8,38.1,0.14,0.38,-0.4,69.0,9,7,6,7,5,2,7,192,104,11.1,15
Gabriele Zappa,it ITA,DF,Cagliari,it Serie A,24,37,35,3060,34.0,2,0,2,0.9,0.9,3.6,11,5,45.5,0.18,0.4,1.1,76.5,28,146,57,40,23,23,93,2017,1100,44.8,123
Davide Zappacosta,it ITA,DF,Atalanta,it Serie A,32,30,26,2067,23.0,4,2,6,2.2,2.2,2.1,39,12,30.8,0.1,0.33,1.8,82.7,23,107,67,26,16,11,32,1416,780,29.3,89
Bryan Zaragoza,es ESP,"FW,MF",Osasuna,es La Liga,23,27,22,1836,20.4,1,6,7,2.7,2.7,3.2,42,13,31.0,0.02,0.08,-1.7,64.6,36,50,105,13,9,4,8,782,544,43.5,55
Anass Zaroury,ma MAR,"FW,MF",Lens,fr Ligue 1,23,28,16,1405,15.6,2,2,4,1.7,1.7,2.9,35,12,34.3,0.06,0.17,0.3,67.8,35,65,49,23,17,6,15,893,541,48.6,59
Oier Zarraga,es ESP,MF,Udinese,it Serie A,25,22,9,896,10.0,1,0,1,0.4,0.4,0.4,6,1,16.7,0.17,1.0,0.6,82.4,6,28,7,19,13,2,8,359,186,40.0,25
David Zec,si SVN,DF,Holstein Kiel,de Bundesliga,24,18,18,1541,17.1,2,0,2,1.2,1.2,0.5,11,5,45.5,0.18,0.4,0.8,87.7,8,34,3,23,10,17,93,1049,527,55.6,76
Jordan Zemura,zw ZIM,DF,Udinese,it Serie A,24,23,13,1415,15.7,1,2,3,1.0,1.0,1.0,14,3,21.4,0.07,0.33,0.0,76.5,11,42,25,31,14,16,41,815,403,41.7,60
Alessio Zerbin,it ITA,DF,Venezia,it Serie A,25,18,17,1518,16.9,1,1,2,1.9,1.9,2.1,16,6,37.5,0.06,0.17,-0.9,65.4,24,54,53,51,28,15,25,864,383,33.3,69
Alessio Zerbin,it ITA,"FW,DF",Napoli,it Serie A,25,2,0,2,0.0,0,0,0,0.0,0.0,0.0,0,0,,,,0.0,,0,0,0,2,1,0,0,3,0,0.0,0
Kevin Zeroli,it ITA,MF,Monza,it Serie A,19,8,4,395,4.4,0,1,1,0.8,0.8,0.5,6,1,16.7,0.0,0.0,-0.8,74.0,2,5,2,6,2,2,11,146,83,0.0,15
Kevin Zeroli,it ITA,MF,Milan,it Serie A,19,1,0,12,0.1,0,0,0,0.0,0.0,0.0,0,0,,,,0.0,100.0,0,2,1,1,1,0,0,9,7,,1
Cedric Zesiger,ch SUI,DF,Augsburg,de Bundesliga,26,15,15,1221,13.6,0,2,2,1.2,1.2,1.3,10,2,20.0,0.0,0.0,-1.2,78.6,7,40,4,13,7,21,96,771,398,25.0,57
Cedric Zesiger,ch SUI,DF,Wolfsburg,de Bundesliga,26,7,5,522,5.8,0,0,0,0.1,0.1,0.0,2,1,50.0,0.0,0.0,-0.1,79.7,1,19,3,13,8,3,28,303,135,100.0,16
Nathan Zeze,fr FRA,DF,Nantes,fr Ligue 1,19,18,17,1512,16.8,0,0,0,0.3,0.3,0.0,6,2,33.3,0.0,0.0,-0.3,85.8,1,46,2,38,22,23,120,1083,600,75.0,63
Edon Zhegrova,xk KVX,"FW,MF",Lille,fr Ligue 1,25,12,12,978,10.9,4,1,5,2.3,2.3,2.2,23,9,39.1,0.17,0.44,1.7,76.0,16,54,37,5,2,4,1,524,360,41.8,42
Piotr Zieliński,pl POL,MF,Inter,it Serie A,30,26,8,980,10.9,2,2,4,2.6,1.1,0.9,15,4,26.7,0.0,0.0,-0.6,89.5,14,65,26,14,10,6,13,803,510,33.3,58
Oleksandr Zinchenko,ua UKR,"DF,MF",Arsenal,eng Premier League,27,15,5,527,5.9,0,1,1,0.6,0.6,0.2,10,0,0.0,0.0,,-0.6,84.7,3,48,10,6,1,5,10,499,281,60.0,19
Joshua Zirkzee,nl NED,"FW,MF",Manchester Utd,eng Premier League,23,32,14,1402,15.6,3,1,4,4.8,4.8,1.5,28,11,39.3,0.11,0.27,-1.8,71.2,12,44,14,14,8,6,8,587,327,31.4,57
Budu Zivzivadze,ge GEO,FW,Heidenheim,de Bundesliga,30,15,10,958,10.6,2,3,5,1.7,1.7,1.5,22,9,40.9,0.09,0.22,0.3,69.3,12,20,11,17,11,3,7,332,185,30.0,33
Luck Zogbé,ci CIV,DF,Brest,fr Ligue 1,19,13,7,638,7.1,0,0,0,0.3,0.3,0.1,8,1,12.5,0.0,0.0,-0.3,77.1,4,19,4,32,18,14,22,436,196,21.1,51
Nadir Zortea,it ITA,"DF,MF",Cagliari,it Serie A,25,35,33,2713,30.1,6,2,8,3.1,3.1,2.4,33,10,30.3,0.18,0.6,2.9,67.4,28,63,69,30,14,19,47,1115,661,43.7,96
Aristide Zossou,ci CIV,MF,Auxerre,fr Ligue 1,19,3,0,16,0.2,0,0,0,0.0,0.0,0.0,0,0,,,,0.0,88.9,0,2,1,0,0,0,0,21,14,0.0,0
Yanis Zouaoui,dz ALG,"DF,FW",Le Havre,fr Ligue 1,30,17,9,976,10.8,0,2,2,0.1,0.1,2.9,5,2,40.0,0.0,0.0,-0.1,68.6,28,32,33,20,10,8,43,725,319,72.2,41
Igor Zubeldia,es ESP,DF,Real Sociedad,es La Liga,27,28,27,2269,25.2,0,0,0,0.6,0.6,0.4,12,4,33.3,0.0,0.0,-0.6,86.4,4,101,22,34,22,31,100,1732,1036,100.0,86
Martín Zubimendi,es ESP,MF,Real Sociedad,es La Liga,25,36,33,2962,32.9,2,1,3,2.6,2.6,1.1,24,6,25.0,0.08,0.33,-0.6,83.6,19,195,38,73,37,44,79,2131,1074,67.9,140
Edhy Zuliani,fr FRA,DF,Toulouse,fr Ligue 1,19,1,0,9,0.1,0,0,0,0.0,0.0,0.0,0,0,,,,0.0,100.0,0,0,0,0,0,1,0,3,2,,0
Szymon Żurkowski,pl POL,MF,Empoli,it Serie A,26,5,0,106,1.2,0,0,0,0.1,0.1,0.0,2,0,0.0,0.0,,-0.1,81.8,0,1,1,6,4,1,2,59,28,50.0,10
Martin Ødegaard,no NOR,MF,Arsenal,eng Premier League,25,30,26,2325,25.8,3,8,11,4.8,4.0,5.4,48,15,31.3,0.04,0.13,-1.8,82.5,63,258,92,19,11,6,6,1694,1174,42.4,97
Milan Đurić,ba BIH,FW,Monza,it Serie A,34,18,13,1270,14.1,4,1,5,2.9,2.9,1.1,23,10,43.5,0.17,0.4,1.1,49.2,5,21,2,1,1,2,17,358,150,66.7,13
Milan Đurić,ba BIH,FW,Parma,it Serie A,34,9,3,268,3.0,1,0,1,0.3,0.3,0.0,5,1,20.0,0.2,1.0,0.7,41.7,0,7,0,0,0,0,2,104,40,100.0,8
