Player,Nation,Pos,Squad,Comp,Age,MP,Starts,Min,90s,Gls,Ast,G+A,xG,npxG,xAG,Sh,SoT,SoT%,G/Sh,G/SoT,G-xG,Cmp%,KP,PrgP,PrgC,Tkl,TklW,Int,Clr,Touches,Carries,Succ%,Recov,Goals_per_90,Assists_per_90,Goal_Contributions_per_90,xG_per_90,xAG_per_90,Shots_per_90,Shots_on_Target_per_90,Key_Passes_per_90,Progressive_Actions_per_90,Tackles_per_90,Interceptions_per_90,Recoveries_per_90,Clearances_per_90
Max Aarons,eng ENG,DF,Bournemouth,eng Premier League,24,3,1,86,1.0,0,0,0,0.0,0.0,0.0,0,0,,,,0.0,79.4,0,8,1,2,2,1,0,73,41,0.0,7,0.0,0.0,0.0,0.0,0.0,0.0,0.0,0.0,9.418604651162791,2.0930232558139537,1.0465116279069768,7.325581395348838,0.0
Max Aarons,eng ENG,"DF,MF",Valencia,es La Liga,24,4,1,120,1.3,0,0,0,0.0,0.0,0.0,0,0,,,,0.0,71.2,1,6,0,4,4,0,3,85,46,25.0,7,0.0,0.0,0.0,0.0,0.0,0.0,0.0,0.75,4.5,3.0,0.0,5.25,2.25
Rodrigo Abajas,es ESP,DF,Valencia,es La Liga,21,1,1,65,0.7,0,0,0,0.1,0.1,0.0,1,0,0.0,0.0,,-0.1,58.6,0,2,3,3,2,1,0,36,13,100.0,2,0.0,0.0,0.0,0.13846153846153847,0.0,1.3846153846153846,0.0,0.0,6.923076923076923,4.153846153846154,1.3846153846153846,2.769230769230769,0.0
James Abankwah,ie IRL,"DF,MF",Udinese,it Serie A,20,6,0,88,1.0,0,0,0,0.1,0.1,0.0,1,0,0.0,0.0,,-0.1,78.3,0,4,3,4,2,1,3,65,29,,7,0.0,0.0,0.0,0.10227272727272729,0.0,1.0227272727272727,0.0,0.0,7.159090909090909,4.090909090909091,1.0227272727272727,7.159090909090909,3.068181818181818
Keyliane Abdallah,fr FRA,FW,Marseille,fr Ligue 1,18,1,0,3,0.0,0,0,0,0.0,0.0,0.0,0,0,,,,0.0,100.0,0,0,1,1,1,0,0,4,1,,0,0.0,0.0,0.0,0.0,0.0,0.0,0.0,0.0,30.0,30.0,0.0,0.0,0.0
Yunis Abdelhamid,ma MAR,DF,Saint-Étienne,fr Ligue 1,36,16,11,1033,11.5,0,0,0,0.2,0.2,0.1,2,1,50.0,0.0,0.0,-0.2,86.7,2,22,4,17,11,14,57,641,322,42.9,42,0.0,0.0,0.0,0.017424975798644726,0.008712487899322363,0.17424975798644723,0.08712487899322362,0.17424975798644723,2.265246853823814,1.4811229428848014,1.2197483059051306,3.6592449177153923,4.966118102613746
Himad Abdelli,dz ALG,"MF,FW",Angers,fr Ligue 1,24,32,32,2842,31.6,6,1,7,6.4,3.2,3.2,35,8,22.9,0.09,0.38,-0.4,82.1,39,207,107,48,32,26,28,1993,1183,47.1,193,0.1900070372976777,0.03166783954961295,0.22167487684729065,0.2026741731175229,0.10133708655876145,1.1083743842364533,0.2533427163969036,1.235045742434905,9.943701618578466,1.5200562983814216,0.8233638282899367,6.111893033075299,0.8866995073891626
Mohamed Abdelmoneim,eg EGY,DF,Nice,fr Ligue 1,25,12,10,855,9.5,0,0,0,0.0,0.0,0.0,0,0,,,,0.0,90.4,0,52,6,21,14,15,56,635,342,25.0,50,0.0,0.0,0.0,0.0,0.0,0.0,0.0,0.0,6.105263157894736,2.210526315789474,1.5789473684210527,5.263157894736842,5.894736842105264
Ali Abdi,tn TUN,"DF,MF",Nice,fr Ligue 1,30,25,17,1393,15.5,5,2,7,4.3,4.3,1.9,29,11,37.9,0.17,0.45,0.7,74.0,20,42,35,43,25,20,37,886,391,41.4,72,0.32304379038047376,0.12921751615218952,0.45226130653266333,0.27781765972720746,0.12275664034458005,1.8736539842067481,0.7106963388370423,1.292175161521895,4.974874371859297,2.7781765972720747,1.292175161521895,4.651830581478823,2.3905240488155064
Saud Abdulhamid,sa KSA,DF,Roma,it Serie A,25,4,2,205,2.3,0,1,1,0.0,0.0,0.2,1,0,0.0,0.0,,0.0,86.8,2,9,6,3,2,2,0,157,90,37.5,3,0.0,0.43902439024390244,0.43902439024390244,0.0,0.0878048780487805,0.43902439024390244,0.0,0.8780487804878049,6.585365853658536,1.3170731707317074,0.8780487804878049,1.3170731707317074,0.0
Abel,es ESP,DF,Osasuna,es La Liga,23,35,20,2074,23.0,2,0,2,0.5,0.5,1.0,12,4,33.3,0.17,0.5,1.5,72.5,16,77,50,61,37,18,64,1322,605,51.4,106,0.08678881388621022,0.0,0.08678881388621022,0.021697203471552556,0.04339440694310511,0.5207328833172614,0.17357762777242045,0.6943105110896818,5.511089681774349,2.6470588235294117,0.781099324975892,4.599807135969142,2.777242044358727
Nabil Aberdin,fr FRA,MF,Getafe,es La Liga,21,7,4,263,2.9,0,0,0,0.0,0.0,0.0,2,0,0.0,0.0,,0.0,59.0,1,6,2,6,4,0,5,87,34,66.7,8,0.0,0.0,0.0,0.0,0.0,0.6844106463878327,0.0,0.34220532319391633,2.7376425855513307,2.0532319391634983,0.0,2.7376425855513307,1.7110266159695817
Oliver Abildgaard,dk DEN,MF,Como,it Serie A,28,1,0,7,0.1,0,0,0,0.0,0.0,0.0,0,0,,,,0.0,100.0,0,0,0,0,0,0,0,2,0,,0,0.0,0.0,0.0,0.0,0.0,0.0,0.0,0.0,0.0,0.0,0.0,0.0,0.0
Matthis Abline,fr FRA,FW,Nantes,fr Ligue 1,21,34,33,2768,30.8,9,2,11,8.5,7.7,3.8,73,26,35.6,0.11,0.31,0.5,65.2,27,48,75,11,5,4,36,878,587,40.7,83,0.29263005780346824,0.06502890173410404,0.3576589595375722,0.2763728323699422,0.12355491329479769,2.373554913294798,0.8453757225433527,0.8778901734104047,3.999277456647399,0.3576589595375722,0.13005780346820808,2.6986994219653178,1.170520231213873
Abner,br BRA,DF,Lyon,fr Ligue 1,24,19,12,1090,12.1,1,1,2,0.6,0.6,1.1,7,3,42.9,0.14,0.33,0.4,84.1,11,66,31,29,20,5,41,791,426,50.0,45,0.08256880733944955,0.08256880733944955,0.1651376146788991,0.04954128440366972,0.09082568807339451,0.5779816513761469,0.24770642201834864,0.9082568807339451,8.009174311926605,2.3944954128440368,0.41284403669724773,3.7155963302752295,3.3853211009174315
Zakaria Aboukhlal,ma MAR,"MF,FW",Toulouse,fr Ligue 1,24,26,22,1901,21.1,7,2,9,10.2,8.6,1.6,62,26,41.9,0.1,0.23,-3.2,63.3,12,22,34,22,13,6,9,613,375,30.2,61,0.33140452393477116,0.09468700683850605,0.4260915307732772,0.48290373487638083,0.07574960547080485,2.9352972119936873,1.2309310889005787,0.5681220410310363,2.6512361914781692,1.0415570752235666,0.2840610205155181,2.8879537085744347,0.4260915307732772
Abdel Abqar,ma MAR,DF,Alavés,es La Liga,25,29,29,2463,27.4,0,1,1,0.9,0.9,0.3,12,1,8.3,0.0,0.0,-0.9,76.6,8,79,16,36,23,39,146,1251,632,75.0,87,0.0,0.03654080389768575,0.03654080389768575,0.03288672350791717,0.010962241169305723,0.43848964677222896,0.03654080389768575,0.292326431181486,3.471376370280146,1.3154689403166868,1.4250913520097441,3.1790499390986597,5.33495736906212
Tammy Abraham,eng ENG,FW,Roma,it Serie A,26,1,0,1,0.0,0,0,0,0.0,0.0,0.0,0,0,,,,0.0,33.3,0,1,0,0,0,0,0,4,3,,0,0.0,0.0,0.0,0.0,0.0,0.0,0.0,0.0,90.0,0.0,0.0,0.0,0.0
Tammy Abraham,eng ENG,FW,Milan,it Serie A,26,28,12,1183,13.1,3,4,7,7.1,5.4,2.2,26,11,42.3,0.08,0.18,-4.1,68.8,14,26,8,17,11,2,16,367,158,28.6,12,0.22823330515638207,0.3043110735418428,0.5325443786982248,0.540152155536771,0.16737109044801354,1.978021978021978,0.8368554522400676,1.0650887573964496,2.5866441251056633,1.2933220625528317,0.1521555367709214,0.9129332206255283,1.2172442941673711
Federico Accornero,it ITA,MF,Genoa,it Serie A,20,1,0,5,0.1,0,0,0,0.0,0.0,0.0,0,0,,,,0.0,66.7,0,0,0,0,0,0,0,8,5,,1,0.0,0.0,0.0,0.0,0.0,0.0,0.0,0.0,0.0,0.0,0.0,18.0,0.0
Francesco Acerbi,it ITA,DF,Inter,it Serie A,36,23,20,1710,19.0,0,1,1,0.4,0.4,0.6,5,1,20.0,0.0,0.0,-0.4,92.5,9,62,19,23,19,26,81,1484,915,75.0,62,0.0,0.052631578947368425,0.052631578947368425,0.021052631578947368,0.031578947368421054,0.2631578947368421,0.052631578947368425,0.47368421052631576,4.2631578947368425,1.2105263157894737,1.368421052631579,3.263157894736842,4.2631578947368425
Joshua Acheampong,eng ENG,DF,Chelsea,eng Premier League,18,4,2,170,1.9,0,0,0,0.2,0.2,0.0,2,0,0.0,0.0,,-0.2,83.9,0,8,0,2,1,1,2,137,106,50.0,7,0.0,0.0,0.0,0.10588235294117648,0.0,1.0588235294117647,0.0,0.0,4.235294117647059,1.0588235294117647,0.5294117647058824,3.7058823529411766,1.0588235294117647
Akor Adams,ng NGA,FW,Sevilla,es La Liga,24,4,1,134,1.5,0,0,0,0.4,0.4,0.0,2,1,50.0,0.0,0.0,-0.4,74.1,0,5,0,0,0,0,1,34,5,100.0,4,0.0,0.0,0.0,0.26865671641791045,0.0,1.3432835820895521,0.6716417910447761,0.0,3.3582089552238803,0.0,0.0,2.6865671641791042,0.6716417910447761
Akor Adams,ng NGA,FW,Montpellier,fr Ligue 1,24,15,13,1075,11.9,3,1,4,4.3,4.3,1.0,26,12,46.2,0.12,0.25,-1.3,62.6,12,6,11,4,3,1,5,251,126,50.0,24,0.25116279069767444,0.08372093023255814,0.33488372093023255,0.36,0.08372093023255814,2.1767441860465113,1.0046511627906978,1.0046511627906978,1.4232558139534883,0.33488372093023255,0.08372093023255814,2.0093023255813955,0.41860465116279066
Che Adams,sct SCO,FW,Torino,it Serie A,28,36,30,2652,29.5,9,3,12,9.0,8.2,2.0,63,25,39.7,0.14,0.36,0.0,74.3,26,40,23,12,6,2,18,802,509,29.7,50,0.3054298642533937,0.10180995475113123,0.40723981900452494,0.3054298642533937,0.06787330316742082,2.1380090497737556,0.8484162895927602,0.8823529411764706,2.1380090497737556,0.40723981900452494,0.06787330316742082,1.6968325791855203,0.6108597285067874
Tyler Adams,us USA,MF,Bournemouth,eng Premier League,25,28,21,1965,21.8,0,3,3,1.6,1.6,1.0,9,2,22.2,0.0,0.0,-1.6,84.4,18,76,14,83,50,32,42,1337,663,22.2,114,0.0,0.13740458015267176,0.13740458015267176,0.0732824427480916,0.04580152671755725,0.4122137404580153,0.0916030534351145,0.8244274809160306,4.122137404580153,3.8015267175572522,1.465648854961832,5.221374045801527,1.9236641221374047
Junior Adamu,at AUT,FW,Freiburg,de Bundesliga,23,25,19,1545,17.2,2,2,4,5.5,5.5,2.4,36,11,30.6,0.06,0.18,-3.5,63.5,17,14,8,9,3,12,20,534,275,34.5,52,0.11650485436893204,0.11650485436893204,0.23300970873786409,0.32038834951456313,0.13980582524271842,2.0970873786407767,0.6407766990291263,0.9902912621359222,1.2815533980582525,0.5242718446601942,0.6990291262135923,3.0291262135922334,1.1650485436893205
Tosin Adarabioyo,eng ENG,DF,Chelsea,eng Premier League,26,22,15,1409,15.7,1,1,2,0.9,0.9,0.2,13,2,15.4,0.08,0.5,0.1,91.1,1,42,5,17,13,11,80,1330,777,66.7,41,0.063875088715401,0.063875088715401,0.127750177430802,0.057487579843860895,0.0127750177430802,0.830376153300213,0.127750177430802,0.063875088715401,3.002129169623847,1.085876508161817,0.7026259758694109,2.6188786373314406,5.110007097232079
Martin Adeline,fr FRA,MF,Reims,fr Ligue 1,20,1,0,26,0.3,0,0,0,0.0,0.0,0.0,0,0,,,,0.0,80.0,0,0,1,1,1,0,2,14,6,,0,0.0,0.0,0.0,0.0,0.0,0.0,0.0,0.0,3.4615384615384617,3.4615384615384617,0.0,0.0,6.923076923076923
Karim Adeyemi,de GER,"FW,MF",Dortmund,de Bundesliga,22,25,17,1433,15.9,7,6,13,5.5,5.5,6.0,46,18,39.1,0.15,0.39,1.5,74.3,28,28,68,20,14,7,5,636,417,42.6,48,0.4396371249127704,0.3768318213538032,0.8164689462665736,0.3454291695743196,0.3768318213538032,2.8890439637124916,1.1304954640614098,1.7585484996510816,6.0293091416608515,1.256106071179344,0.4396371249127704,3.0146545708304258,0.314026517794836
Simon Adingra,ci CIV,"FW,MF",Brighton,eng Premier League,22,29,12,1097,12.2,2,2,4,2.5,2.5,2.5,33,8,24.2,0.06,0.25,-0.5,75.9,16,18,50,23,14,8,6,548,366,42.0,47,0.1640838650865998,0.1640838650865998,0.3281677301731996,0.20510483135824975,0.20510483135824975,2.707383773928897,0.6563354603463992,1.3126709206927984,5.578851412944394,1.886964448495898,0.6563354603463992,3.8559708295350954,0.4922515952597995
Amine Adli,ma MAR,"MF,FW",Leverkusen,de Bundesliga,24,20,6,766,8.5,2,0,2,2.7,2.7,0.7,20,7,35.0,0.1,0.29,-0.7,74.2,11,24,37,15,9,0,4,468,248,46.9,30,0.2349869451697128,0.0,0.2349869451697128,0.3172323759791123,0.08224543080939947,2.3498694516971277,0.8224543080939948,1.2924281984334205,7.16710182767624,1.762402088772846,0.0,3.524804177545692,0.4699738903394256
Yacine Adli,fr FRA,MF,Fiorentina,it Serie A,24,25,14,1219,13.5,4,6,10,1.0,1.0,2.4,14,5,35.7,0.29,0.8,3.0,80.7,23,103,24,32,19,6,19,1021,618,37.5,77,0.29532403609516,0.44298605414273995,0.7383100902379,0.07383100902379,0.17719442165709595,1.03363412633306,0.36915504511895,1.6981132075471697,9.37653814602133,2.36259228876128,0.44298605414273995,5.684987694831829,1.40278917145201
Adryelson,br BRA,DF,Lyon,fr Ligue 1,26,1,0,1,0.0,0,0,0,0.0,0.0,0.0,0,0,,,,0.0,33.3,0,1,0,0,0,1,1,5,1,,0,0.0,0.0,0.0,0.0,0.0,0.0,0.0,0.0,90.0,0.0,90.0,0.0,90.0
Vasilije Adžić,me MNE,"MF,FW",Juventus,it Serie A,18,6,0,42,0.5,0,0,0,0.0,0.0,0.0,1,1,100.0,0.0,0.0,0.0,75.0,0,1,0,2,2,0,0,24,14,0.0,3,0.0,0.0,0.0,0.0,0.0,2.142857142857143,2.142857142857143,0.0,2.142857142857143,4.285714285714286,0.0,6.428571428571428,0.0
Michel Aebischer,ch SUI,MF,Bologna,it Serie A,27,14,9,724,8.0,0,0,0,0.4,0.4,0.4,10,5,50.0,0.0,0.0,-0.4,87.4,8,33,8,18,13,7,6,485,291,50.0,35,0.0,0.0,0.0,0.04972375690607735,0.04972375690607735,1.2430939226519337,0.6215469613259669,0.9944751381215469,5.096685082872928,2.2375690607734806,0.8701657458563535,4.350828729281768,0.7458563535911602
Oladapo Afolayan,eng ENG,"FW,MF",St. Pauli,de Bundesliga,26,32,17,1639,18.2,3,1,4,3.1,3.1,3.8,38,13,34.2,0.08,0.23,-0.1,69.4,21,32,53,17,8,8,20,741,495,49.0,72,0.16473459426479561,0.05491153142159853,0.21964612568639413,0.17022574740695545,0.20866381940207443,2.086638194020744,0.7138499084807809,1.1531421598535694,4.6674801708358755,0.9334960341671752,0.43929225137278827,3.9536302623550945,1.0982306284319707
Emmanuel Agbadou,ci CIV,DF,Wolves,eng Premier League,27,16,16,1410,15.7,1,0,1,0.8,0.8,0.2,7,2,28.6,0.14,0.5,0.2,85.4,4,31,6,30,19,12,90,1172,758,76.9,83,0.06382978723404256,0.0,0.06382978723404256,0.05106382978723404,0.01276595744680851,0.4468085106382979,0.12765957446808512,0.25531914893617025,2.3617021276595747,1.9148936170212765,0.7659574468085106,5.297872340425532,5.744680851063829
Emmanuel Agbadou,ci CIV,DF,Reims,fr Ligue 1,27,14,14,1260,14.0,0,0,0,0.5,0.5,0.3,15,3,20.0,0.0,0.0,-0.5,87.9,8,77,10,25,17,19,64,1080,621,75.0,85,0.0,0.0,0.0,0.03571428571428571,0.02142857142857143,1.0714285714285714,0.2142857142857143,0.5714285714285714,6.214285714285714,1.7857142857142856,1.3571428571428572,6.071428571428571,4.571428571428571
Asher Agbinone,eng ENG,MF,Crystal Palace,eng Premier League,18,2,0,6,0.1,0,0,0,0.0,0.0,0.0,1,0,0.0,0.0,,0.0,66.7,1,0,2,2,1,0,0,8,5,0.0,0,0.0,0.0,0.0,0.0,0.0,15.0,0.0,15.0,30.0,30.0,0.0,0.0,0.0
Jeremy Agbonifo,se SWE,"FW,MF",Lens,fr Ligue 1,18,8,1,300,3.3,1,0,1,0.7,0.7,0.2,6,4,66.7,0.17,0.25,0.3,72.5,3,6,13,7,6,1,0,131,84,45.0,9,0.30000000000000004,0.0,0.30000000000000004,0.20999999999999996,0.060000000000000005,1.8,1.2000000000000002,0.9,5.7,2.1,0.30000000000000004,2.6999999999999997,0.0
Lucien Agoume,fr FRA,MF,Sevilla,es La Liga,22,35,24,2114,23.5,1,3,4,0.9,0.9,2.5,10,2,20.0,0.1,0.5,0.1,81.5,27,135,29,70,32,41,42,1481,689,73.3,136,0.04257332071901608,0.12771996215704826,0.17029328287606432,0.038315988647114475,0.10643330179754021,0.42573320719016083,0.08514664143803216,1.1494796594134342,6.982024597918638,2.980132450331126,1.7455061494796595,5.789971617786188,1.7880794701986755
Felix Agu,ng NGA,DF,Werder Bremen,de Bundesliga,24,22,21,1751,19.5,3,0,3,1.4,1.4,1.8,9,4,44.4,0.33,0.75,1.6,79.7,20,43,33,30,14,21,48,1045,545,25.7,67,0.15419760137064534,0.0,0.15419760137064534,0.07195888063963449,0.09251856082238721,0.46259280411193604,0.20559680182752713,1.0279840091376355,3.9063392347230157,1.5419760137064533,1.0793832095945175,3.443746430611079,2.4671616219303254
Álvaro Aguado,es ESP,MF,Espanyol,es La Liga,28,16,4,443,4.9,0,1,1,0.6,0.6,0.6,10,1,10.0,0.0,0.0,-0.6,77.8,4,37,15,5,2,4,5,303,175,62.5,37,0.0,0.20316027088036115,0.20316027088036115,0.1218961625282167,0.1218961625282167,2.0316027088036117,0.20316027088036115,0.8126410835214446,10.564334085778782,1.0158013544018059,0.8126410835214446,7.516930022573364,1.0158013544018059
Lorenzo Aguado,es ESP,DF,Real Madrid,es La Liga,21,2,0,5,0.1,0,0,0,0.0,0.0,0.0,0,0,,,,0.0,100.0,0,0,0,0,0,0,2,3,1,,0,0.0,0.0,0.0,0.0,0.0,0.0,0.0,0.0,0.0,0.0,0.0,0.0,36.0
Nayef Aguerd,ma MAR,DF,Real Sociedad,es La Liga,28,21,21,1760,19.6,0,0,0,2.4,2.4,0.1,15,5,33.3,0.0,0.0,-2.4,87.3,5,75,26,30,24,13,91,1594,1019,50.0,73,0.0,0.0,0.0,0.12272727272727271,0.005113636363636364,0.7670454545454545,0.2556818181818182,0.2556818181818182,5.1647727272727275,1.534090909090909,0.6647727272727273,3.732954545454546,4.653409090909091
Ruben Aguilar,fr FRA,"DF,MF",Lens,fr Ligue 1,31,16,13,1124,12.5,1,2,3,0.8,0.8,1.9,11,3,27.3,0.09,0.33,0.2,80.3,11,74,32,34,18,13,23,996,518,42.9,79,0.08007117437722419,0.16014234875444838,0.2402135231316726,0.06405693950177936,0.15213523131672596,0.8807829181494662,0.2402135231316726,0.8807829181494662,8.487544483985765,2.7224199288256226,1.0409252669039146,6.325622775800712,1.8416370106761566
Naouirou Ahamada,fr FRA,"MF,FW",Rennes,fr Ligue 1,22,3,0,58,0.6,0,0,0,0.0,0.0,0.0,1,0,0.0,0.0,,0.0,77.3,0,1,2,0,0,2,2,31,16,0.0,7,0.0,0.0,0.0,0.0,0.0,1.5517241379310345,0.0,0.0,4.655172413793103,0.0,3.103448275862069,10.862068965517242,3.103448275862069
Honest Ahanor,it ITA,"DF,MF",Genoa,it Serie A,16,6,3,270,3.0,0,0,0,0.5,0.5,0.1,3,1,33.3,0.0,0.0,-0.5,67.1,2,3,3,7,5,1,9,106,52,0.0,14,0.0,0.0,0.0,0.16666666666666669,0.03333333333333334,1.0,0.33333333333333337,0.6666666666666667,2.0,2.3333333333333335,0.33333333333333337,4.666666666666667,3.0
Erik Ahlstrand,se SWE,"FW,MF",St. Pauli,de Bundesliga,22,5,0,43,0.5,0,0,0,0.0,0.0,0.0,0,0,,,,0.0,76.9,0,1,1,0,0,1,1,22,12,,0,0.0,0.0,0.0,0.0,0.0,0.0,0.0,0.0,4.186046511627907,0.0,2.0930232558139537,0.0,2.0930232558139537
Jean-Eudes Aholou,ci CIV,MF,Angers,fr Ligue 1,30,26,26,1959,21.8,2,0,2,1.8,1.8,1.0,27,7,25.9,0.07,0.29,0.2,84.3,10,68,15,56,36,33,32,1032,495,42.9,100,0.09188361408882083,0.0,0.09188361408882083,0.08269525267993874,0.045941807044410414,1.2404287901990811,0.3215926493108729,0.4594180704441041,3.813169984686064,2.572741194486983,1.5160796324655437,4.594180704441041,1.4701378254211332
Joseph Aidoo,gh GHA,DF,Valladolid,es La Liga,28,8,6,583,6.5,0,0,0,0.0,0.0,0.0,1,0,0.0,0.0,,0.0,89.2,0,14,1,5,5,5,26,431,259,100.0,25,0.0,0.0,0.0,0.0,0.0,0.15437392795883362,0.0,0.0,2.3156089193825045,0.7718696397941681,0.7718696397941681,3.8593481989708405,4.013722126929674
Joseph Aidoo,gh GHA,DF,Celta Vigo,es La Liga,28,1,0,2,0.0,0,0,0,0.0,0.0,0.0,0,0,,,,0.0,85.7,0,1,0,1,0,0,0,8,7,,1,0.0,0.0,0.0,0.0,0.0,0.0,0.0,0.0,45.0,45.0,0.0,45.0,0.0
Ayman Aiki,fr FRA,"FW,MF",Saint-Étienne,fr Ligue 1,19,5,1,127,1.4,0,0,0,0.1,0.1,0.0,3,1,33.3,0.0,0.0,-0.1,58.6,1,5,4,3,3,1,0,48,33,0.0,7,0.0,0.0,0.0,0.07086614173228348,0.0,2.1259842519685037,0.7086614173228346,0.7086614173228346,6.377952755905512,2.1259842519685037,0.7086614173228346,4.960629921259843,0.0
Ola Aina,ng NGA,DF,Nott'ham Forest,eng Premier League,27,35,35,2995,33.3,2,1,3,0.6,0.6,1.4,11,2,18.2,0.18,1.0,1.4,73.5,16,107,67,55,42,33,115,1708,749,45.8,190,0.06010016694490818,0.03005008347245409,0.09015025041736227,0.018030050083472453,0.04207011686143572,0.330550918196995,0.06010016694490818,0.48080133555926546,5.228714524207012,1.652754590984975,0.991652754590985,5.7095158597662765,3.4557595993322203
Rayan Aït-Nouri,dz ALG,DF,Wolves,eng Premier League,23,37,37,3109,34.5,4,7,11,2.7,2.7,5.5,36,10,27.8,0.11,0.4,1.3,84.2,46,108,89,89,57,26,75,2148,1129,46.0,145,0.11579285944033452,0.20263750402058542,0.3184303634609199,0.0781601801222258,0.15921518173045995,1.0421357349630107,0.28948214860083626,1.331617883563847,5.702798327436475,2.576391122547443,0.7526535863621743,4.197491154712126,2.171116114506272
Junior Ajayi,ci CIV,FW,Hellas Verona,it Serie A,19,2,0,13,0.1,0,0,0,0.0,0.0,0.0,0,0,,,,0.0,100.0,0,1,0,0,0,0,0,5,5,,1,0.0,0.0,0.0,0.0,0.0,0.0,0.0,0.0,6.923076923076923,0.0,0.0,6.923076923076923,0.0
Kristoffer Ajer,no NOR,DF,Brentford,eng Premier League,26,24,17,1438,16.0,0,0,0,1.0,1.0,1.2,9,3,33.3,0.0,0.0,-1.0,78.3,8,56,27,26,18,12,50,795,387,43.8,42,0.0,0.0,0.0,0.06258692628650904,0.07510431154381085,0.5632823365785813,0.18776077885952713,0.5006954102920723,5.194714881780251,1.6272600834492352,0.7510431154381085,2.6286509040333796,3.129346314325452
Ludovic Ajorque,fr FRA,FW,Brest,fr Ligue 1,30,31,29,2495,27.7,13,2,15,10.4,9.6,3.1,53,25,47.2,0.25,0.52,2.6,68.9,35,41,10,26,19,6,26,914,410,47.1,62,0.468937875751503,0.07214428857715431,0.5410821643286573,0.3751503006012024,0.11182364729458918,1.9118236472945893,0.9018036072144289,1.2625250501002003,1.839679358717435,0.937875751503006,0.21643286573146292,2.2364729458917836,0.937875751503006
Manuel Akanji,ch SUI,DF,Manchester City,eng Premier League,29,26,23,2014,22.4,0,0,0,1.6,1.6,0.4,15,2,13.3,0.0,0.0,-1.6,93.6,9,158,46,19,12,9,64,1881,1254,100.0,103,0.0,0.0,0.0,0.07149950347567031,0.01787487586891758,0.6703078450844091,0.08937437934458788,0.4021847070506455,9.116186693147965,0.8490566037735848,0.4021847070506455,4.602780536246276,2.859980139026812
Ümit Akdag,ro ROU,DF,Toulouse,fr Ligue 1,20,9,6,500,5.6,0,0,0,0.1,0.1,0.1,2,0,0.0,0.0,,-0.1,78.7,2,29,4,8,4,11,19,400,217,100.0,24,0.0,0.0,0.0,0.018000000000000002,0.018000000000000002,0.36,0.0,0.36,5.94,1.44,1.98,4.32,3.42
Nathan Aké,nl NED,DF,Manchester City,eng Premier League,29,10,8,678,7.5,0,0,0,0.2,0.2,0.0,3,0,0.0,0.0,,-0.2,93.9,1,50,12,9,7,3,22,596,403,100.0,24,0.0,0.0,0.0,0.02654867256637168,0.0,0.39823008849557523,0.0,0.1327433628318584,8.23008849557522,1.1946902654867257,0.39823008849557523,3.185840707964602,2.920353982300885
Ilias Akhomach,ma MAR,"MF,FW",Villarreal,es La Liga,20,11,7,584,6.5,1,0,1,0.6,0.6,1.0,17,6,35.3,0.06,0.17,0.4,73.5,9,12,30,12,7,3,13,293,200,44.2,30,0.1541095890410959,0.0,0.1541095890410959,0.09246575342465753,0.1541095890410959,2.61986301369863,0.9246575342465753,1.386986301369863,6.472602739726027,1.8493150684931505,0.46232876712328763,4.623287671232877,2.0034246575342465
Sergio Akieme,es ESP,DF,Reims,fr Ligue 1,26,30,29,2523,28.0,2,3,5,1.5,1.5,2.5,26,7,26.9,0.08,0.29,0.5,81.0,21,86,55,34,23,17,97,1436,710,41.9,109,0.0713436385255648,0.1070154577883472,0.178359096313912,0.0535077288941736,0.089179548156956,0.9274673008323425,0.24970273483947683,0.7491082045184304,5.029726516052319,1.2128418549346016,0.6064209274673008,3.8882282996432815,3.460166468489893
Maghnes Akliouche,fr FRA,"FW,MF",Monaco,fr Ligue 1,22,32,27,2406,26.7,5,10,15,9.2,8.4,7.3,61,17,27.9,0.07,0.24,-4.2,81.3,49,173,127,51,31,15,13,1566,999,48.5,131,0.18703241895261846,0.3740648379052369,0.5610972568578554,0.34413965087281795,0.2730673316708229,2.281795511221945,0.6359102244389028,1.832917705735661,11.221945137157107,1.9077306733167083,0.5610972568578554,4.9002493765586035,0.48628428927680795
Paul Akouokou,ci CIV,MF,Lyon,fr Ligue 1,26,2,0,19,0.2,0,0,0,0.0,0.0,0.0,0,0,,,,0.0,66.7,0,1,0,1,0,1,0,18,14,,0,0.0,0.0,0.0,0.0,0.0,0.0,0.0,0.0,4.7368421052631575,4.7368421052631575,4.7368421052631575,0.0,0.0
Clément Akpa,ci CIV,DF,Auxerre,fr Ligue 1,22,31,29,2486,27.6,0,1,1,0.3,0.3,0.9,6,1,16.7,0.0,0.0,-0.3,82.5,8,74,27,55,34,42,141,1532,895,34.8,116,0.0,0.036202735317779566,0.036202735317779566,0.01086082059533387,0.03258246178600161,0.21721641190667737,0.036202735317779566,0.28962188254223653,3.6564762670957363,1.991150442477876,1.5205148833467417,4.19951729686243,5.1045856798069185
Jean-Daniel Akpa-Akpro,ci CIV,MF,Monza,it Serie A,31,14,12,966,10.7,0,0,0,0.3,0.3,0.2,4,2,50.0,0.0,0.0,-0.3,79.5,3,19,21,30,18,13,16,505,306,31.6,54,0.0,0.0,0.0,0.027950310559006212,0.018633540372670808,0.3726708074534162,0.1863354037267081,0.2795031055900621,3.7267080745341614,2.7950310559006213,1.2111801242236024,5.031055900621118,1.4906832298136647
David Akpan Ankeye,ng NGA,"FW,MF",Genoa,it Serie A,22,4,0,45,0.5,0,0,0,0.0,0.0,0.0,0,0,,,,0.0,85.7,0,1,0,0,0,0,1,9,6,100.0,0,0.0,0.0,0.0,0.0,0.0,0.0,0.0,0.0,2.0,0.0,0.0,0.0,2.0
Kevin Akpoguma,ng NGA,DF,Hoffenheim,de Bundesliga,29,32,23,2220,24.7,0,0,0,0.1,0.1,0.3,5,1,20.0,0.0,0.0,-0.1,87.1,7,98,14,54,27,29,115,1692,892,53.3,107,0.0,0.0,0.0,0.004054054054054054,0.012162162162162163,0.20270270270270271,0.04054054054054054,0.28378378378378377,4.54054054054054,2.1891891891891895,1.1756756756756757,4.337837837837838,4.662162162162162
Chuba Akpom,eng ENG,FW,Lille,fr Ligue 1,28,14,6,639,7.1,3,1,4,5.0,3.4,0.5,18,9,50.0,0.11,0.22,-2.0,67.7,5,7,6,8,5,0,3,165,80,44.4,11,0.4225352112676056,0.14084507042253522,0.5633802816901409,0.7042253521126761,0.07042253521126761,2.535211267605634,1.267605633802817,0.7042253521126761,1.8309859154929575,1.1267605633802817,0.0,1.5492957746478873,0.4225352112676056
David Alaba,at AUT,DF,Real Madrid,es La Liga,32,7,4,317,3.5,0,0,0,0.0,0.0,0.1,0,0,,,,0.0,90.4,1,7,2,1,0,6,7,247,180,,8,0.0,0.0,0.0,0.0,0.028391167192429023,0.0,0.0,0.28391167192429023,2.555205047318612,0.28391167192429023,1.7034700315457414,2.271293375394322,1.9873817034700316
Ibrahim Alani,ng NGA,MF,Valladolid,es La Liga,18,3,1,160,1.8,0,0,0,0.0,0.0,0.0,1,0,0.0,0.0,,0.0,83.5,0,5,2,12,7,1,1,113,54,100.0,13,0.0,0.0,0.0,0.0,0.0,0.5625,0.0,0.0,3.9374999999999996,6.75,0.5625,7.3125,0.5625
Andreas Albers,dk DEN,FW,St. Pauli,de Bundesliga,34,14,0,62,0.7,1,0,1,0.6,0.6,0.1,3,1,33.3,0.33,1.0,0.4,51.7,2,3,1,1,1,0,1,44,24,66.7,3,1.4516129032258065,0.0,1.4516129032258065,0.8709677419354839,0.14516129032258066,4.354838709677419,1.4516129032258065,2.903225806451613,5.806451612903226,1.4516129032258065,0.0,4.354838709677419,1.4516129032258065
Raúl Albiol,es ESP,DF,Villarreal,es La Liga,38,15,14,1188,13.2,0,0,0,0.1,0.1,0.0,2,0,0.0,0.0,,-0.1,89.4,0,34,3,10,9,6,69,915,514,,44,0.0,0.0,0.0,0.007575757575757576,0.0,0.15151515151515152,0.0,0.0,2.803030303030303,0.7575757575757576,0.4545454545454546,3.333333333333333,5.2272727272727275
Carlos Alcaraz,ar ARG,MF,Southampton,eng Premier League,21,1,0,10,0.1,0,0,0,0.1,0.1,0.1,1,1,100.0,0.0,0.0,-0.1,100.0,1,6,4,0,0,1,0,17,12,0.0,2,0.0,0.0,0.0,0.9,0.9,9.0,9.0,9.0,90.0,0.0,9.0,18.0,0.0
Carlos Alcaraz,ar ARG,"FW,MF",Everton,eng Premier League,21,15,7,764,8.5,2,3,5,1.7,1.7,1.6,26,11,42.3,0.08,0.18,0.3,80.6,13,42,19,11,5,5,10,378,211,50.0,37,0.23560209424083772,0.3534031413612565,0.5890052356020943,0.20026178010471204,0.1884816753926702,3.0628272251308903,1.2958115183246073,1.5314136125654452,7.18586387434555,1.2958115183246073,0.5890052356020943,4.358638743455497,1.1780104712041886
Omar Alderete,py PAR,DF,Getafe,es La Liga,27,34,34,2971,33.0,1,0,1,1.7,1.7,0.9,38,10,26.3,0.03,0.1,-0.7,65.5,11,112,25,43,29,40,241,1585,633,64.3,115,0.030292830696735107,0.0,0.030292830696735107,0.05149781218444968,0.027263547627061596,1.151127566475934,0.30292830696735107,0.3332211376640862,4.15011780545271,1.3025917199596095,1.2117132278694043,3.4836755301245375,7.30057219791316
Carles Aleñá,es ESP,"MF,FW",Getafe,es La Liga,26,10,5,452,5.0,0,0,0,0.9,0.9,0.1,5,1,20.0,0.0,0.0,-0.9,79.5,3,12,3,6,3,0,7,163,88,75.0,12,0.0,0.0,0.0,0.17920353982300885,0.019911504424778764,0.995575221238938,0.19911504424778761,0.5973451327433629,2.9867256637168142,1.1946902654867257,0.0,2.3893805309734515,1.3938053097345133
Carles Aleñá,es ESP,"MF,FW",Alavés,es La Liga,26,14,13,1090,12.1,0,2,2,0.7,0.7,1.3,15,4,26.7,0.0,0.0,-0.7,76.1,19,58,18,19,12,2,4,590,330,50.0,47,0.0,0.1651376146788991,0.1651376146788991,0.057798165137614675,0.10733944954128441,1.2385321100917432,0.3302752293577982,1.5688073394495414,6.275229357798166,1.5688073394495414,0.1651376146788991,3.8807339449541285,0.3302752293577982
Trent Alexander-Arnold,eng ENG,DF,Liverpool,eng Premier League,25,33,28,2365,26.3,3,6,9,1.9,1.9,7.3,45,8,17.8,0.07,0.38,1.1,73.5,52,232,51,72,50,31,55,2252,1183,45.9,132,0.11416490486257927,0.22832980972515854,0.34249471458773784,0.0723044397463002,0.27780126849894293,1.7124735729386893,0.3044397463002114,1.9788583509513744,10.76955602536998,2.7399577167019027,1.1797040169133193,5.023255813953488,2.0930232558139537
Alfon,es ESP,"FW,MF",Celta Vigo,es La Liga,25,26,14,1371,15.2,5,2,7,4.6,4.6,2.6,46,19,41.3,0.11,0.26,0.4,69.8,24,22,89,8,3,5,5,551,374,39.7,37,0.3282275711159738,0.13129102844638948,0.4595185995623633,0.30196936542669583,0.17067833698030635,3.019693654266958,1.2472647702407003,1.575492341356674,7.286652078774617,0.5251641137855579,0.3282275711159738,2.4288840262582054,0.3282275711159738
Mohamed Ali Cho,fr FRA,"FW,MF",Nice,fr Ligue 1,20,27,21,1621,18.0,3,4,7,4.0,4.0,4.0,36,15,41.7,0.08,0.2,-1.0,70.3,30,59,81,13,9,5,8,720,460,28.6,69,0.16656384947563233,0.22208513263417645,0.38864898210980875,0.22208513263417645,0.22208513263417645,1.998766193707588,0.8328192473781616,1.6656384947563232,7.772979642196176,0.7217766810610734,0.27760641579272055,3.8309685379395435,0.4441702652683529
Faride Alidou,de GER,"FW,MF",Hellas Verona,it Serie A,23,3,0,71,0.8,0,0,0,0.0,0.0,0.0,1,0,0.0,0.0,,0.0,80.0,1,1,1,0,0,1,3,31,17,50.0,0,0.0,0.0,0.0,0.0,0.0,1.267605633802817,0.0,1.267605633802817,2.535211267605634,0.0,1.267605633802817,0.0,3.8028169014084505
Tadeo Allende,ar ARG,FW,Celta Vigo,es La Liga,25,1,0,2,0.0,0,0,0,0.0,0.0,0.0,0,0,,,,0.0,33.3,0,0,0,0,0,0,0,4,3,0.0,1,0.0,0.0,0.0,0.0,0.0,0.0,0.0,0.0,0.0,0.0,0.0,45.0,0.0
Jim Allevinah,ga GAB,FW,Angers,fr Ligue 1,29,28,23,1750,19.4,1,3,4,4.2,4.2,2.5,35,10,28.6,0.03,0.1,-3.2,75.2,15,48,57,19,11,12,17,682,435,31.3,88,0.051428571428571435,0.15428571428571428,0.20571428571428574,0.21600000000000003,0.12857142857142856,1.8,0.5142857142857142,0.7714285714285715,5.3999999999999995,0.9771428571428571,0.6171428571428571,4.525714285714286,0.8742857142857142
Dele Alli,eng ENG,MF,Como,it Serie A,28,1,0,9,0.1,0,0,0,0.0,0.0,0.0,0,0,,,,0.0,100.0,0,0,0,0,0,0,0,4,3,,0,0.0,0.0,0.0,0.0,0.0,0.0,0.0,0.0,0.0,0.0,0.0,0.0,0.0
Thiago Almada,ar ARG,"MF,FW",Lyon,fr Ligue 1,23,16,9,951,10.6,1,4,5,2.0,2.0,2.6,23,5,21.7,0.04,0.2,-1.0,84.9,22,97,38,14,8,7,6,831,568,57.1,56,0.0946372239747634,0.3785488958990536,0.47318611987381703,0.1892744479495268,0.24605678233438485,2.176656151419558,0.47318611987381703,2.082018927444795,12.77602523659306,1.3249211356466877,0.6624605678233438,5.299684542586751,0.5678233438485805
Domingos André Ribeiro Almeida,pt POR,"MF,FW",Valencia,es La Liga,24,34,24,1977,22.0,0,4,4,1.2,1.2,3.2,18,5,27.8,0.0,0.0,-1.2,84.3,43,142,45,48,32,8,14,1162,676,40.7,89,0.0,0.1820940819423369,0.1820940819423369,0.054628224582701064,0.1456752655538695,0.8194233687405159,0.2276176024279211,1.9575113808801212,8.51289833080425,2.1851289833080427,0.3641881638846738,4.051593323216996,0.6373292867981791
Iker Almena,es ESP,"FW,DF",Girona,es La Liga,20,2,0,48,0.5,0,1,1,0.0,0.0,0.7,1,0,0.0,0.0,,0.0,71.9,2,2,6,0,0,0,2,39,32,66.7,2,0.0,1.875,1.875,0.0,1.3124999999999998,1.875,0.0,3.75,15.0,0.0,0.0,3.75,3.75
Miguel Almirón,py PAR,FW,Newcastle Utd,eng Premier League,30,9,1,157,1.7,0,0,0,0.5,0.5,0.3,6,2,33.3,0.0,0.0,-0.5,81.8,3,6,3,3,2,0,0,81,54,50.0,4,0.0,0.0,0.0,0.28662420382165604,0.17197452229299362,3.4394904458598723,1.1464968152866242,1.7197452229299361,5.159235668789809,1.7197452229299361,0.0,2.2929936305732483,0.0
Pontus Almqvist,se SWE,"FW,MF",Parma,it Serie A,25,29,10,1112,12.4,1,1,2,2.1,2.1,1.3,26,9,34.6,0.04,0.11,-1.1,72.4,10,12,42,17,13,19,8,462,298,40.0,40,0.08093525179856116,0.08093525179856116,0.16187050359712232,0.16996402877697842,0.10521582733812951,2.10431654676259,0.7284172661870504,0.8093525179856115,4.370503597122302,1.3758992805755397,1.537769784172662,3.237410071942446,0.6474820143884893
Marcos Alonso,es ESP,DF,Celta Vigo,es La Liga,33,31,29,2647,29.4,3,0,3,4.0,1.6,1.3,31,10,32.3,0.0,0.0,-1.0,89.2,21,215,64,35,21,34,126,2683,1733,64.0,176,0.10200226671703816,0.0,0.10200226671703816,0.1360030222893842,0.04420098224404986,1.0540234227427276,0.34000755572346053,0.7140158670192671,9.48621080468455,1.1900264450321119,1.1560256894597658,5.984132980732905,4.284095202115602
Giorgio Altare,it ITA,DF,Venezia,it Serie A,25,12,8,753,8.4,0,0,0,0.2,0.2,0.1,3,1,33.3,0.0,0.0,-0.2,72.8,1,20,4,13,12,17,49,505,235,83.3,27,0.0,0.0,0.0,0.02390438247011952,0.01195219123505976,0.35856573705179284,0.1195219123505976,0.1195219123505976,2.8685258964143427,1.5537848605577689,2.0318725099601593,3.2270916334661357,5.856573705179283
Adrià Altimira,es ESP,"DF,FW",Leganés,es La Liga,23,22,19,1630,18.1,0,0,0,0.3,0.3,0.5,7,2,28.6,0.0,0.0,-0.3,78.5,11,42,23,41,24,15,54,826,370,32.3,71,0.0,0.0,0.0,0.01656441717791411,0.027607361963190184,0.3865030674846626,0.11042944785276074,0.6073619631901841,3.5889570552147236,2.2638036809815953,0.8282208588957056,3.920245398773006,2.98159509202454
Sergi Altimira,es ESP,MF,Betis,es La Liga,22,32,22,1972,21.9,0,1,1,1.7,1.6,1.7,21,4,19.0,0.0,0.0,-1.7,89.3,22,99,25,61,37,24,43,1521,908,66.7,117,0.0,0.04563894523326572,0.04563894523326572,0.07758620689655173,0.07758620689655173,0.9584178498985801,0.18255578093306288,1.0040567951318458,5.659229208924949,2.783975659229209,1.0953346855983772,5.3397565922920895,1.962474645030426
Edson Álvarez,mx MEX,MF,West Ham,eng Premier League,26,28,20,1772,19.7,0,1,1,0.4,0.4,0.8,12,1,8.3,0.0,0.0,-0.4,85.8,12,85,24,50,27,18,46,1239,687,42.4,88,0.0,0.05079006772009029,0.05079006772009029,0.020316027088036117,0.040632054176072234,0.6094808126410836,0.05079006772009029,0.6094808126410836,5.536117381489842,2.539503386004515,0.9142212189616252,4.469525959367946,2.3363431151241536
Hugo Álvarez,es ESP,"MF,DF",Celta Vigo,es La Liga,21,26,16,1572,17.5,4,3,7,2.5,2.5,1.1,25,9,36.0,0.16,0.44,1.5,78.9,17,60,74,26,9,8,29,1214,726,44.4,78,0.22900763358778628,0.17175572519083968,0.40076335877862596,0.1431297709923664,0.06297709923664123,1.4312977099236641,0.5152671755725191,0.9732824427480915,7.67175572519084,1.4885496183206106,0.45801526717557256,4.465648854961832,1.6603053435114503
Julián Álvarez,ar ARG,FW,Atlético Madrid,es La Liga,24,37,30,2509,27.9,17,4,21,14.1,11.0,5.3,70,36,51.4,0.19,0.36,2.9,74.2,41,92,79,25,17,2,12,1238,776,52.3,75,0.6098047030689517,0.1434834595456357,0.7532881626145875,0.5057791948983659,0.19011558389796732,2.510960542048625,1.2913511359107213,1.470705460342766,6.133917895575927,0.8967716221602232,0.07174172977281786,2.6903148664806698,0.4304503786369071
Yeray Álvarez,es ESP,DF,Athletic Club,es La Liga,29,21,20,1781,19.8,1,0,1,0.5,0.5,0.2,9,2,22.2,0.11,0.5,0.5,84.1,4,105,19,25,13,34,129,1425,792,66.7,83,0.05053340819764178,0.0,0.05053340819764178,0.02526670409882089,0.010106681639528357,0.454800673778776,0.10106681639528356,0.20213363279056712,6.2661426165075795,1.2633352049410442,1.7181358787198204,4.1942728804042675,6.5188096574957894
Skelly Alvero,fr FRA,MF,Werder Bremen,de Bundesliga,22,12,1,236,2.6,0,0,0,0.0,0.0,0.0,1,0,0.0,0.0,,0.0,74.7,0,8,1,11,6,2,10,136,70,66.7,13,0.0,0.0,0.0,0.0,0.0,0.3813559322033898,0.0,0.0,3.4322033898305087,4.194915254237288,0.7627118644067796,4.9576271186440675,3.813559322033898
Will Alves,eng ENG,FW,Leicester City,eng Premier League,19,1,0,1,0.0,0,0,0,0.0,0.0,0.0,0,0,,,,0.0,100.0,0,0,0,0,0,0,0,1,1,,0,0.0,0.0,0.0,0.0,0.0,0.0,0.0,0.0,0.0,0.0,0.0,0.0,0.0
Selim Amallah,ma MAR,MF,Valladolid,es La Liga,27,24,18,1376,15.3,3,1,4,3.5,2.7,1.1,21,7,33.3,0.1,0.29,-0.5,78.3,13,57,24,30,18,14,5,607,308,48.5,73,0.19622093023255813,0.06540697674418605,0.2616279069767442,0.22892441860465118,0.07194767441860465,1.3735465116279069,0.45784883720930236,0.8502906976744186,5.2979651162790695,1.9622093023255816,0.9156976744186047,4.774709302325581,0.3270348837209302
Harry Amass,eng ENG,DF,Manchester Utd,eng Premier League,17,5,4,346,3.8,0,0,0,0.1,0.1,0.0,3,0,0.0,0.0,,-0.1,82.3,1,7,9,6,2,2,11,250,132,37.5,26,0.0,0.0,0.0,0.02601156069364162,0.0,0.7803468208092484,0.0,0.26011560693641617,4.161849710982659,1.5606936416184969,0.5202312138728323,6.7630057803468215,2.8612716763005777
Amath,sn SEN,"FW,DF",Valladolid,es La Liga,28,13,5,375,4.2,0,1,1,0.4,0.4,0.5,5,1,20.0,0.0,0.0,-0.4,76.8,6,12,10,2,0,2,6,166,103,43.8,13,0.0,0.24,0.24,0.096,0.12,1.2000000000000002,0.24,1.44,5.28,0.48,0.48,3.1199999999999997,1.44
Jordan Amavi,fr FRA,DF,Brest,fr Ligue 1,30,11,8,790,8.8,0,0,0,0.3,0.3,0.2,8,3,37.5,0.0,0.0,-0.3,73.4,6,36,22,24,17,7,18,615,309,53.8,35,0.0,0.0,0.0,0.03417721518987342,0.02278481012658228,0.9113924050632911,0.34177215189873417,0.6835443037974683,6.607594936708861,2.7341772151898733,0.7974683544303798,3.9873417721518987,2.050632911392405
Aurele Amenda,ch SUI,DF,Eint Frankfurt,de Bundesliga,21,8,1,96,1.1,0,0,0,0.0,0.0,0.3,0,0,,,,0.0,84.1,1,2,1,1,0,2,11,89,46,100.0,2,0.0,0.0,0.0,0.0,0.28125,0.0,0.0,0.9375,2.8125,0.9375,1.875,1.875,10.3125
Kelvin Amian,fr FRA,DF,Nantes,fr Ligue 1,26,30,23,2165,24.1,1,0,1,1.0,1.0,0.8,7,4,57.1,0.14,0.25,0.0,80.1,13,73,32,55,31,13,85,1153,544,59.1,54,0.04157043879907621,0.0,0.04157043879907621,0.04157043879907621,0.03325635103926097,0.2909930715935335,0.16628175519630484,0.5404157043879908,4.364896073903003,2.2863741339491916,0.5404157043879908,2.2448036951501154,3.533487297921478
Michael Amir Murillo,pa PAN,DF,Marseille,fr Ligue 1,28,30,27,2437,27.1,1,3,4,1.5,1.5,3.3,13,4,30.8,0.08,0.25,-0.5,87.5,24,140,43,49,31,18,70,2135,1169,51.9,138,0.03693065244152646,0.1107919573245794,0.14772260976610585,0.0553959786622897,0.12187115305703733,0.48009848173984404,0.14772260976610585,0.8863356585966352,6.758309396799344,1.809601969634797,0.6647517439474764,5.096430036930653,2.5851456709068525
Nadiem Amiri,de GER,MF,Mainz 05,de Bundesliga,27,30,30,2473,27.5,7,5,12,5.5,3.9,6.6,60,24,40.0,0.08,0.21,1.5,77.0,63,204,50,50,23,16,30,2093,1134,47.8,207,0.2547513141932875,0.1819652244237768,0.4367165386170643,0.20016174686615446,0.24019409623938534,2.1835826930853215,0.8734330772341286,2.2927618277395876,9.243833400727862,1.8196522442377678,0.5822887181560857,7.5333602911443585,1.0917913465426607
Samuel Amo-Ameyaw,eng ENG,"FW,DF",Southampton,eng Premier League,18,2,0,28,0.3,0,0,0,0.0,0.0,0.1,1,0,0.0,0.0,,0.0,88.9,1,0,1,1,0,0,0,16,11,0.0,1,0.0,0.0,0.0,0.0,0.32142857142857145,3.214285714285714,0.0,3.214285714285714,3.214285714285714,3.214285714285714,0.0,3.214285714285714,0.0
Samuel Amo-Ameyaw,eng ENG,"DF,MF",Strasbourg,fr Ligue 1,18,9,3,320,3.6,2,0,2,0.7,0.7,0.6,9,7,77.8,0.22,0.29,1.3,86.2,5,12,11,5,3,3,2,165,94,41.7,14,0.5625,0.0,0.5625,0.19687499999999997,0.16874999999999998,2.53125,1.9687499999999998,1.40625,6.468749999999999,1.40625,0.84375,3.9374999999999996,0.5625
Mathis Amougou,fr FRA,MF,Chelsea,eng Premier League,18,1,0,8,0.1,0,0,0,0.0,0.0,0.0,0,0,,,,0.0,100.0,0,1,0,0,0,0,0,9,7,,2,0.0,0.0,0.0,0.0,0.0,0.0,0.0,0.0,11.25,0.0,0.0,22.5,0.0
Mathis Amougou,fr FRA,MF,Saint-Étienne,fr Ligue 1,18,17,9,859,9.5,0,0,0,0.5,0.5,0.4,7,1,14.3,0.0,0.0,-0.5,77.1,7,36,8,21,15,12,4,407,242,31.3,37,0.0,0.0,0.0,0.05238649592549476,0.04190919674039581,0.7334109429569267,0.10477299185098952,0.7334109429569267,4.610011641443538,2.20023282887078,1.2572759022118742,3.876600698486612,0.4190919674039581
Mohamed Amoura,dz ALG,FW,Wolfsburg,de Bundesliga,24,31,29,2467,27.4,10,9,19,8.7,7.2,4.0,73,25,34.2,0.11,0.32,1.3,70.3,35,61,81,29,22,9,24,1106,628,40.7,92,0.36481556546412647,0.3283340089177138,0.6931495743818403,0.31738954195379,0.1459262261856506,2.663153627888123,0.9120389136603162,1.2768544791244427,5.180381029590596,1.0579651398459666,0.3283340089177138,3.3563032022699635,0.8755573571139036
Sofyan Amrabat,ma MAR,MF,Fiorentina,it Serie A,27,2,2,180,2.0,0,0,0,0.0,0.0,0.1,0,0,,,,0.0,84.2,2,14,2,3,2,0,2,140,84,,7,0.0,0.0,0.0,0.0,0.05,0.0,0.0,1.0,8.0,1.5,0.0,3.5,1.0
Joachim Andersen,dk DEN,DF,Crystal Palace,eng Premier League,28,1,1,90,1.0,0,0,0,0.0,0.0,0.0,1,1,100.0,0.0,0.0,0.0,73.5,0,4,1,1,1,0,7,93,49,,7,0.0,0.0,0.0,0.0,0.0,1.0,1.0,0.0,5.0,1.0,0.0,7.0,7.0
Joachim Andersen,dk DEN,DF,Fulham,eng Premier League,28,29,29,2583,28.7,0,0,0,1.0,1.0,0.5,19,4,21.1,0.0,0.0,-1.0,82.7,4,112,16,27,18,34,188,2336,1350,66.7,122,0.0,0.0,0.0,0.03484320557491289,0.017421602787456445,0.662020905923345,0.13937282229965156,0.13937282229965156,4.45993031358885,0.9407665505226481,1.1846689895470384,4.2508710801393725,6.550522648083624
Elliot Anderson,eng ENG,MF,Nott'ham Forest,eng Premier League,21,37,33,2728,30.3,2,6,8,2.1,2.1,3.3,40,7,17.5,0.05,0.29,-0.1,78.3,37,143,52,92,56,31,76,1831,932,48.0,207,0.06598240469208211,0.19794721407624635,0.26392961876832843,0.06928152492668622,0.10887096774193547,1.3196480938416424,0.23093841642228738,1.220674486803519,6.433284457478006,3.035190615835777,1.0227272727272727,6.8291788856304985,2.5073313782991202
André,br BRA,MF,Wolves,eng Premier League,23,33,31,2472,27.5,0,0,0,0.4,0.4,0.8,10,1,10.0,0.0,0.0,-0.4,92.9,18,109,10,91,55,37,30,1623,912,50.0,194,0.0,0.0,0.0,0.014563106796116505,0.02912621359223301,0.36407766990291257,0.03640776699029127,0.6553398058252428,4.33252427184466,3.313106796116505,1.3470873786407767,7.063106796116505,1.0922330097087378
Benjamin André,fr FRA,MF,Lille,fr Ligue 1,33,30,30,2692,29.9,0,3,3,1.4,1.4,1.9,16,4,25.0,0.0,0.0,-1.4,83.0,21,209,29,103,57,48,56,2267,1153,40.9,189,0.0,0.10029717682020801,0.10029717682020801,0.046805349182763745,0.06352154531946508,0.5349182763744428,0.1337295690936107,0.7020802377414561,7.956909361069837,3.4435364041604757,1.6047548291233282,6.318722139673105,1.8722139673105498
Marcos André,br BRA,FW,Valladolid,es La Liga,27,22,14,1188,13.2,1,2,3,2.7,2.7,0.8,22,2,9.1,0.05,0.5,-1.7,65.7,9,16,11,10,6,3,10,372,195,41.5,44,0.07575757575757576,0.15151515151515152,0.2272727272727273,0.20454545454545459,0.06060606060606061,1.6666666666666665,0.15151515151515152,0.6818181818181819,2.0454545454545454,0.7575757575757576,0.2272727272727273,3.333333333333333,0.7575757575757576
Robert Andrich,de GER,"MF,DF",Leverkusen,de Bundesliga,29,23,19,1598,17.8,2,2,4,1.3,1.3,0.3,21,5,23.8,0.1,0.4,0.7,88.4,9,65,8,24,12,29,23,1114,526,40.0,73,0.11264080100125157,0.11264080100125157,0.22528160200250313,0.07321652065081352,0.016896120150187734,1.1827284105131413,0.2816020025031289,0.506883604505632,4.111389236545682,1.3516896120150188,1.6332916145181475,4.111389236545682,1.295369211514393
Angeliño,es ESP,DF,Roma,it Serie A,27,38,36,3177,35.3,2,1,3,1.4,1.4,3.7,24,6,25.0,0.08,0.33,0.6,78.4,50,172,66,46,24,28,98,2266,1202,40.7,101,0.056657223796033995,0.028328611898016998,0.08498583569405099,0.03966005665722379,0.10481586402266291,0.6798866855524079,0.16997167138810199,1.41643059490085,6.742209631728045,1.303116147308782,0.7932011331444758,2.861189801699717,2.7762039660056654
Lorenzo Anghelè,it ITA,FW,Juventus,it Serie A,19,1,0,6,0.1,0,0,0,0.0,0.0,0.0,0,0,,,,0.0,100.0,0,1,0,0,0,0,0,5,3,100.0,0,0.0,0.0,0.0,0.0,0.0,0.0,0.0,0.0,15.0,0.0,0.0,0.0,0.0
Faustino Anjorin,eng ENG,MF,Empoli,it Serie A,22,22,14,1114,12.4,2,3,5,0.9,0.9,1.7,23,7,30.4,0.09,0.29,1.1,80.5,17,55,28,29,13,13,20,628,327,39.0,65,0.16157989228007183,0.24236983842010773,0.40394973070017953,0.07271095152603231,0.13734290843806105,1.858168761220826,0.5655296229802513,1.3734290843806103,6.705565529622979,2.342908438061041,1.0502692998204668,5.251346499102334,1.6157989228007181
Waldemar Anton,de GER,DF,Dortmund,de Bundesliga,28,26,22,1949,21.7,2,2,4,1.7,1.7,0.8,19,3,15.8,0.11,0.67,0.3,90.4,6,117,32,34,21,30,112,2126,1386,83.3,122,0.09235505387378141,0.09235505387378141,0.18471010774756283,0.07850179579271421,0.03694202154951257,0.8773730118009235,0.13853258081067213,0.27706516162134426,6.880451513596717,1.5700359158542843,1.3853258081067215,5.633658286300667,5.17188301693176
Leandro Antonetti,pr PUR,FW,Sevilla,es La Liga,21,2,0,28,0.3,0,0,0,0.1,0.1,0.0,1,1,100.0,0.0,0.0,-0.1,50.0,1,0,1,0,0,0,0,12,5,0.0,3,0.0,0.0,0.0,0.32142857142857145,0.0,3.214285714285714,3.214285714285714,3.214285714285714,3.214285714285714,0.0,0.0,9.642857142857142,0.0
Kyllian Antonio,fr FRA,"DF,MF",Lens,fr Ligue 1,16,3,2,139,1.5,0,0,0,0.1,0.1,0.0,1,0,0.0,0.0,,-0.1,83.5,0,0,1,3,2,3,3,114,82,50.0,5,0.0,0.0,0.0,0.06474820143884892,0.0,0.6474820143884893,0.0,0.0,0.6474820143884893,1.9424460431654678,1.9424460431654678,3.237410071942446,1.9424460431654678
Michail Antonio,jm JAM,FW,West Ham,eng Premier League,34,14,11,836,9.3,1,1,2,2.2,2.2,1.6,19,4,21.1,0.05,0.25,-1.2,60.6,9,18,29,2,2,0,2,296,173,33.3,22,0.10765550239234449,0.10765550239234449,0.21531100478468898,0.23684210526315794,0.1722488038277512,2.0454545454545454,0.43062200956937796,0.9688995215311005,5.059808612440191,0.21531100478468898,0.0,2.3684210526315788,0.21531100478468898
Antoniu,es ESP,"FW,MF",Espanyol,es La Liga,21,26,13,1022,11.4,0,1,1,0.9,0.9,1.1,10,4,40.0,0.0,0.0,-0.9,67.0,7,28,35,21,10,8,11,369,215,53.7,39,0.0,0.08806262230919765,0.08806262230919765,0.0792563600782779,0.09686888454011743,0.8806262230919765,0.3522504892367906,0.6164383561643836,5.547945205479452,1.8493150684931505,0.7045009784735812,3.434442270058708,0.9686888454011742
Antony,br BRA,"DF,MF",Manchester Utd,eng Premier League,24,8,0,141,1.6,0,0,0,1.0,1.0,0.1,6,3,50.0,0.0,0.0,-1.0,81.2,3,6,5,6,3,2,0,101,60,36.4,11,0.0,0.0,0.0,0.6382978723404256,0.06382978723404256,3.829787234042553,1.9148936170212765,1.9148936170212765,7.0212765957446805,3.829787234042553,1.2765957446808511,7.0212765957446805,0.0
Antony,br BRA,FW,Betis,es La Liga,24,17,15,1362,15.1,5,2,7,2.9,2.9,3.5,43,17,39.5,0.12,0.29,2.1,81.0,36,67,94,25,11,10,9,982,663,38.1,73,0.3303964757709251,0.13215859030837004,0.46255506607929514,0.19162995594713655,0.23127753303964757,2.841409691629956,1.1233480176211454,2.378854625550661,10.638766519823788,1.6519823788546255,0.6607929515418502,4.823788546255507,0.5947136563876653
Anuar,ma MAR,"MF,FW",Valladolid,es La Liga,29,26,21,1720,19.1,2,0,2,1.7,1.7,1.2,11,5,45.5,0.18,0.4,0.3,81.4,7,30,24,38,27,18,26,705,359,29.2,71,0.10465116279069767,0.0,0.10465116279069767,0.08895348837209302,0.06279069767441861,0.5755813953488372,0.2616279069767442,0.36627906976744184,2.8255813953488373,1.9883720930232558,0.9418604651162791,3.7151162790697674,1.3604651162790697
Dennis Appiah,fr FRA,DF,Saint-Étienne,fr Ligue 1,32,29,22,2128,23.6,0,1,1,0.2,0.2,2.1,5,2,40.0,0.0,0.0,-0.2,76.6,13,108,51,71,43,29,89,1486,630,46.5,90,0.0,0.042293233082706765,0.042293233082706765,0.008458646616541355,0.08881578947368421,0.21146616541353383,0.08458646616541353,0.549812030075188,6.724624060150377,3.0028195488721807,1.2265037593984962,3.8063909774436087,3.7640977443609023
Aritz Arambarri,es ESP,DF,Leganés,es La Liga,26,2,2,177,2.0,0,0,0,0.0,0.0,0.0,1,0,0.0,0.0,,0.0,73.1,0,2,0,1,1,3,8,86,44,,4,0.0,0.0,0.0,0.0,0.0,0.5084745762711864,0.0,0.0,1.0169491525423728,0.5084745762711864,1.5254237288135593,2.0338983050847457,4.067796610169491
Mauro Arambarri,uy URU,MF,Getafe,es La Liga,28,35,31,2661,29.6,10,0,10,8.2,5.8,0.6,53,16,30.2,0.13,0.44,1.8,73.3,17,75,17,48,29,15,46,1146,534,52.9,137,0.3382187147688839,0.0,0.3382187147688839,0.2773393461104847,0.020293122886133032,1.7925591882750844,0.5411499436302142,0.5749718151071026,3.1116121758737316,1.6234498308906424,0.5073280721533258,4.633596392333709,1.5558060879368658
Jon Aramburu,ve VEN,DF,Real Sociedad,es La Liga,22,35,28,2460,27.3,1,1,2,0.4,0.4,1.1,11,3,27.3,0.09,0.33,0.6,78.4,15,97,26,102,70,30,98,1887,847,21.6,127,0.036585365853658534,0.036585365853658534,0.07317073170731707,0.014634146341463414,0.0402439024390244,0.4024390243902439,0.10975609756097561,0.5487804878048781,4.5,3.731707317073171,1.0975609756097562,4.646341463414634,3.5853658536585367
Julian Araujo,mx MEX,DF,Bournemouth,eng Premier League,22,12,7,497,5.5,0,0,0,0.0,0.0,0.1,0,0,,,,0.0,79.1,1,14,4,10,5,6,18,275,126,0.0,29,0.0,0.0,0.0,0.0,0.018108651911468814,0.0,0.0,0.18108651911468815,3.2595573440643864,1.8108651911468814,1.0865191146881288,5.251509054325956,3.2595573440643864
Ronald Araújo,uy URU,DF,Barcelona,es La Liga,25,12,11,754,8.4,1,1,2,1.0,1.0,0.4,4,2,50.0,0.25,0.5,0.0,91.9,4,49,6,12,9,9,25,798,515,0.0,27,0.11936339522546419,0.11936339522546419,0.23872679045092837,0.11936339522546419,0.04774535809018568,0.47745358090185674,0.23872679045092837,0.47745358090185674,6.564986737400531,1.4323607427055702,1.0742705570291777,3.222811671087533,2.984084880636605
Cameron Archer,eng ENG,FW,Southampton,eng Premier League,23,35,13,1441,16.0,2,0,2,5.7,4.9,0.5,28,10,35.7,0.07,0.2,-3.7,81.7,5,14,22,13,8,2,11,398,226,40.5,35,0.12491325468424705,0.0,0.12491325468424705,0.3560027758501041,0.031228313671061762,1.7487855655794586,0.6245662734212353,0.31228313671061764,2.248438584316447,0.8119361554476059,0.12491325468424705,2.1859819569743237,0.6870229007633587
Carlens Arcus,ht HAI,DF,Angers,fr Ligue 1,28,28,25,2047,22.7,0,1,1,0.0,0.0,1.4,3,0,0.0,0.0,,0.0,79.4,17,70,39,52,35,27,83,1249,566,44.4,81,0.0,0.04396678065461651,0.04396678065461651,0.0,0.06155349291646311,0.13190034196384953,0.0,0.7474352711284806,4.7923790913532,2.2862725940400583,1.1871030776746458,3.5613092330239375,3.6492427943331704
Adu Ares,es ESP,FW,Athletic Club,es La Liga,22,1,0,19,0.2,0,0,0,0.0,0.0,0.0,0,0,,,,0.0,55.6,0,3,1,0,0,0,0,11,8,0.0,1,0.0,0.0,0.0,0.0,0.0,0.0,0.0,0.0,18.94736842105263,0.0,0.0,4.7368421052631575,0.0
Jesús Areso,es ESP,DF,Osasuna,es La Liga,25,36,35,3079,34.2,0,3,3,0.2,0.2,3.5,8,0,0.0,0.0,,-0.2,72.4,30,106,101,53,38,8,92,1902,904,37.5,118,0.0,0.08769080870412471,0.08769080870412471,0.005846053913608314,0.10230594348814549,0.23384215654433257,0.0,0.8769080870412471,6.050665800584605,1.5492042871062033,0.23384215654433257,3.449171809028906,2.6891848002598246
David Argüelles,es ESP,MF,Getafe,es La Liga,22,1,0,7,0.1,0,0,0,0.0,0.0,0.0,0,0,,,,0.0,60.0,0,0,1,0,0,0,0,7,3,,0,0.0,0.0,0.0,0.0,0.0,0.0,0.0,0.0,12.857142857142856,0.0,0.0,0.0,0.0
Joe Aribo,ng NGA,"MF,DF",Southampton,eng Premier League,28,32,21,2013,22.4,3,0,3,2.7,2.7,1.6,17,7,41.2,0.18,0.43,0.3,88.8,16,75,36,47,33,20,32,1271,745,42.9,112,0.13412816691505217,0.0,0.13412816691505217,0.12071535022354694,0.07153502235469449,0.760059612518629,0.31296572280178836,0.7153502235469449,4.96274217585693,2.1013412816691504,0.8941877794336811,5.007451564828614,1.4307004470938898
Adam Armstrong,eng ENG,"FW,MF",Southampton,eng Premier League,27,20,15,1248,13.9,2,2,4,3.3,2.3,1.2,25,7,28.0,0.08,0.29,-1.3,80.2,9,21,25,12,3,3,8,377,235,42.9,23,0.14423076923076922,0.14423076923076922,0.28846153846153844,0.23798076923076922,0.08653846153846154,1.8028846153846156,0.5048076923076923,0.6490384615384616,3.3173076923076925,0.8653846153846154,0.21634615384615385,1.6586538461538463,0.5769230769230769
Harrison Armstrong,eng ENG,MF,Everton,eng Premier League,17,3,0,48,0.5,0,0,0,0.4,0.4,0.1,1,0,0.0,0.0,,-0.4,46.7,1,1,1,0,0,0,1,20,15,100.0,2,0.0,0.0,0.0,0.75,0.1875,1.875,0.0,1.875,3.75,0.0,0.0,3.75,1.875
José Arnaiz,es ESP,"FW,MF",Osasuna,es La Liga,29,15,1,133,1.5,0,0,0,0.3,0.3,0.1,6,3,50.0,0.0,0.0,-0.3,67.5,3,4,6,7,5,5,1,117,55,20.0,16,0.0,0.0,0.0,0.20300751879699244,0.06766917293233084,4.060150375939849,2.0300751879699246,2.0300751879699246,6.7669172932330826,4.7368421052631575,3.3834586466165413,10.827067669172932,0.6766917293233082
Hákon Arnar Haraldsson,is ISL,"MF,FW",Lille,fr Ligue 1,21,25,21,1755,19.5,5,3,8,3.8,3.8,2.8,35,13,37.1,0.14,0.38,1.2,79.4,35,102,52,36,16,8,6,1136,715,55.1,71,0.25641025641025644,0.15384615384615385,0.41025641025641024,0.19487179487179485,0.14358974358974358,1.794871794871795,0.6666666666666667,1.794871794871795,7.897435897435898,1.8461538461538463,0.41025641025641024,3.641025641025641,0.3076923076923077
Marko Arnautović,at AUT,FW,Inter,it Serie A,35,17,5,527,5.9,4,2,6,3.3,3.3,1.2,13,6,46.2,0.31,0.67,0.7,71.5,7,16,4,7,5,1,1,198,99,66.7,10,0.683111954459203,0.3415559772296015,1.0246679316888045,0.5635673624288425,0.2049335863377609,2.22011385199241,1.0246679316888045,1.1954459203036054,3.415559772296015,1.1954459203036054,0.17077798861480076,1.7077798861480076,0.17077798861480076
Maximilian Arnold,de GER,MF,Wolfsburg,de Bundesliga,30,28,27,2356,26.2,3,5,8,0.9,0.9,3.5,27,12,44.4,0.11,0.25,2.1,77.2,45,128,9,34,20,24,70,1576,787,16.7,154,0.11460101867572157,0.19100169779286927,0.30560271646859083,0.03438030560271647,0.13370118845500847,1.031409168081494,0.4584040747028863,1.7190152801358234,5.233446519524618,1.298811544991511,0.9168081494057726,5.882852292020374,2.67402376910017
Jann-Fiete Arp,de GER,"FW,MF",Holstein Kiel,de Bundesliga,24,23,3,713,7.9,2,0,2,3.8,2.2,1.0,20,9,45.0,0.05,0.11,-1.8,58.6,11,21,14,13,10,3,8,303,158,43.8,21,0.25245441795231416,0.0,0.25245441795231416,0.47966339410939685,0.12622720897615708,2.524544179523142,1.1360448807854138,1.3884992987377278,4.417952314165498,1.640953716690042,0.37868162692847124,2.6507713884992987,1.0098176718092566
Sergio Arribas,es ESP,DF,Betis,es La Liga,21,1,1,90,1.0,0,0,0,0.0,0.0,0.0,0,0,,,,0.0,68.5,0,1,0,7,4,3,4,71,33,,3,0.0,0.0,0.0,0.0,0.0,0.0,0.0,0.0,1.0,7.0,3.0,3.0,4.0
Arthur,br BRA,DF,Leverkusen,de Bundesliga,21,20,7,752,8.4,0,1,1,0.1,0.1,0.4,1,0,0.0,0.0,,-0.1,78.9,2,25,15,14,11,9,29,508,242,20.8,31,0.0,0.11968085106382978,0.11968085106382978,0.011968085106382979,0.047872340425531915,0.11968085106382978,0.0,0.23936170212765956,4.787234042553192,1.675531914893617,1.077127659574468,3.710106382978723,3.470744680851064
Takuma Asano,jp JPN,"FW,MF",Mallorca,es La Liga,29,21,13,1054,11.7,2,1,3,2.7,2.7,0.7,28,8,28.6,0.07,0.25,-0.7,67.6,6,20,28,13,9,6,9,356,207,24.0,42,0.17077798861480076,0.08538899430740038,0.25616698292220114,0.23055028462998106,0.05977229601518026,2.390891840607211,0.683111954459203,0.5123339658444023,4.098671726755218,1.110056925996205,0.5123339658444023,3.586337760910816,0.7685009487666035
Raúl Asencio,es ESP,DF,Real Madrid,es La Liga,21,23,18,1670,18.6,0,1,1,0.1,0.1,0.6,3,1,33.3,0.0,0.0,-0.1,93.8,6,27,5,22,16,16,88,1149,720,66.7,75,0.0,0.05389221556886228,0.05389221556886228,0.005389221556886228,0.032335329341317366,0.16167664670658682,0.05389221556886228,0.32335329341317365,1.7245508982035929,1.18562874251497,0.8622754491017964,4.041916167664671,4.74251497005988
Marco Asensio,es ESP,MF,Aston Villa,eng Premier League,28,13,9,743,8.3,3,1,4,4.4,2.9,1.0,22,9,40.9,0.14,0.33,-1.4,77.3,16,45,22,7,5,2,3,386,242,63.2,28,0.3633916554508748,0.12113055181695828,0.4845222072678331,0.5329744279946165,0.12113055181695828,2.664872139973082,1.0901749663526246,1.9380888290713325,8.115746971736204,0.847913862718708,0.24226110363391656,3.391655450874832,0.3633916554508748
Marco Asensio,es ESP,"FW,MF",Paris S-G,fr Ligue 1,28,12,8,618,6.9,2,4,6,5.6,5.6,2.7,26,14,53.8,0.08,0.14,-3.6,86.9,16,36,19,4,3,0,1,377,260,50.0,18,0.29126213592233013,0.5825242718446603,0.8737864077669902,0.8155339805825242,0.3932038834951456,3.7864077669902914,2.0388349514563107,2.330097087378641,8.009708737864077,0.5825242718446603,0.0,2.621359223300971,0.14563106796116507
Kristjan Asllani,al ALB,MF,Inter,it Serie A,22,21,10,980,10.9,2,2,4,2.5,0.9,1.9,14,3,21.4,0.0,0.0,-0.5,89.2,15,55,7,14,3,9,13,1061,700,16.7,49,0.1836734693877551,0.1836734693877551,0.3673469387755102,0.22959183673469385,0.17448979591836733,1.2857142857142856,0.2755102040816326,1.3775510204081631,5.693877551020408,1.2857142857142856,0.826530612244898,4.5,1.193877551020408
Iago Aspas,es ESP,"FW,MF",Celta Vigo,es La Liga,36,30,19,1745,19.4,10,5,15,8.7,4.0,4.6,46,18,39.1,0.11,0.28,1.3,75.4,38,132,50,13,8,8,5,1038,724,55.6,55,0.5157593123209169,0.25787965616045844,0.7736389684813754,0.4487106017191977,0.23724928366762174,2.372492836676218,0.9283667621776504,1.9598853868194843,9.386819484240688,0.670487106017192,0.4126074498567335,2.836676217765043,0.25787965616045844
Yaser Asprilla,co COL,"FW,MF",Girona,es La Liga,20,27,15,1405,15.6,3,1,4,2.1,2.1,2.8,38,11,28.9,0.08,0.27,0.9,72.1,24,77,72,22,12,7,7,831,534,45.3,62,0.1921708185053381,0.06405693950177936,0.25622775800711745,0.13451957295373665,0.17935943060498222,2.434163701067616,0.704626334519573,1.5373665480427048,9.544483985765124,1.409252669039146,0.4483985765124555,3.9715302491103204,0.4483985765124555
Lorenz Assignon,tg TOG,"DF,MF",Rennes,fr Ligue 1,24,32,27,2357,26.2,3,4,7,2.2,2.2,3.5,22,5,22.7,0.14,0.6,0.8,78.0,29,116,98,49,27,25,74,1638,807,36.4,110,0.11455239711497665,0.15273652948663555,0.26728892660161224,0.08400509121764957,0.13364446330080612,0.8400509121764955,0.19092066185829445,1.1073398387781077,8.171404327535003,1.8710224862112854,0.9546033092914721,4.2002545608824775,2.825625795502758
Dehmaine Assoumani,fr FRA,"MF,FW",Nantes,fr Ligue 1,19,12,0,98,1.1,0,0,0,0.1,0.1,0.9,3,2,66.7,0.0,0.0,-0.1,76.0,5,1,4,6,3,1,4,77,48,50.0,8,0.0,0.0,0.0,0.09183673469387756,0.826530612244898,2.7551020408163263,1.8367346938775508,4.591836734693878,4.591836734693878,5.5102040816326525,0.9183673469387754,7.346938775510203,3.6734693877551017
Valentin Atangana Edoa,fr FRA,MF,Reims,fr Ligue 1,18,34,33,2854,31.7,1,0,1,2.5,2.5,1.1,33,6,18.2,0.03,0.17,-1.5,86.0,12,93,41,69,50,37,64,1433,735,29.2,117,0.03153468815697267,0.0,0.03153468815697267,0.07883672039243167,0.034688156972669935,1.040644709180098,0.18920812894183603,0.37841625788367206,4.225648213034338,2.175893482831114,1.1667834618079886,3.6895585143658023,2.018220042046251
Arthur Atta,fr FRA,"MF,FW",Udinese,it Serie A,21,27,12,1251,13.9,0,1,1,1.3,1.3,1.4,26,7,26.9,0.0,0.0,-1.3,80.4,18,57,31,20,12,7,15,813,515,44.3,57,0.0,0.07194244604316546,0.07194244604316546,0.09352517985611511,0.10071942446043165,1.8705035971223023,0.5035971223021583,1.2949640287769786,6.330935251798561,1.4388489208633093,0.5035971223021583,4.100719424460432,1.079136690647482
Tommaso Augello,it ITA,DF,Cagliari,it Serie A,29,38,30,2713,30.1,0,7,7,0.3,0.3,4.6,8,0,0.0,0.0,,-0.3,71.9,39,118,58,49,28,16,109,1902,882,55.8,135,0.0,0.23221525985993366,0.23221525985993366,0.009952082565425728,0.15259859933652783,0.26538886841135273,0.0,1.2937707335053448,5.83855510504976,1.6255068190195356,0.5307777368227055,4.478437154441577,3.6159233321046815
Carlos Augusto,br BRA,DF,Inter,it Serie A,25,28,15,1625,18.1,3,2,5,2.8,2.8,1.6,24,6,25.0,0.13,0.5,0.2,88.3,9,80,31,29,14,9,50,1413,837,58.3,70,0.16615384615384615,0.11076923076923077,0.27692307692307694,0.15507692307692306,0.08861538461538461,1.3292307692307692,0.3323076923076923,0.49846153846153846,6.147692307692307,1.606153846153846,0.49846153846153846,3.876923076923077,2.769230769230769
Yann Aurel Bisseck,de GER,DF,Inter,it Serie A,23,26,16,1553,17.3,3,2,5,2.6,2.6,0.9,21,5,23.8,0.14,0.6,0.4,91.8,7,93,32,17,11,17,64,1465,998,20.0,66,0.17385705086928527,0.1159047005795235,0.2897617514488087,0.15067611075338055,0.05215711526078558,1.2169993560849968,0.2897617514488087,0.40566645202833224,7.244043786220219,0.9851899549259499,0.9851899549259499,3.8248551191242757,3.708950418544752
Ezequiel Ávila,ar ARG,FW,Betis,es La Liga,30,19,6,677,7.5,2,0,2,1.5,1.5,1.0,20,10,50.0,0.1,0.2,0.5,69.7,15,18,12,8,3,2,8,323,173,45.5,28,0.2658788774002954,0.0,0.2658788774002954,0.19940915805022158,0.1329394387001477,2.658788774002954,1.329394387001477,1.9940915805022155,3.988183161004431,1.0635155096011817,0.2658788774002954,3.722304283604136,1.0635155096011817
Taiwo Awoniyi,ng NGA,FW,Nott'ham Forest,eng Premier League,26,26,3,416,4.6,1,0,1,2.1,2.1,0.1,10,4,40.0,0.1,0.25,-1.1,63.5,2,7,6,6,3,0,7,167,90,44.4,18,0.21634615384615385,0.0,0.21634615384615385,0.45432692307692313,0.021634615384615384,2.1634615384615388,0.8653846153846154,0.4326923076923077,2.8125,1.2980769230769231,0.0,3.894230769230769,1.5144230769230769
Yasin Ayari,se SWE,MF,Brighton,eng Premier League,20,34,22,1965,21.8,2,1,3,2.4,2.4,2.3,28,8,28.6,0.07,0.25,-0.4,81.5,30,75,30,59,32,20,26,1233,655,40.0,118,0.0916030534351145,0.04580152671755725,0.13740458015267176,0.1099236641221374,0.10534351145038168,1.2824427480916032,0.366412213740458,1.3740458015267174,4.809160305343512,2.702290076335878,0.9160305343511451,5.404580152671756,1.1908396946564885
Florian Ayé,fr FRA,FW,Auxerre,fr Ligue 1,27,26,4,575,6.4,2,0,2,1.9,1.9,0.1,12,3,25.0,0.17,0.67,0.1,73.6,3,7,5,2,2,7,6,187,89,100.0,14,0.3130434782608696,0.0,0.3130434782608696,0.29739130434782607,0.01565217391304348,1.8782608695652177,0.4695652173913044,0.4695652173913044,1.8782608695652177,0.3130434782608696,1.0956521739130434,2.1913043478260867,0.9391304347826088
André Ayew,gh GHA,FW,Le Havre,fr Ligue 1,34,27,15,1453,16.1,4,1,5,4.3,4.3,0.2,22,9,40.9,0.18,0.44,-0.3,76.1,8,18,5,18,10,3,21,378,159,38.5,26,0.24776324845147968,0.06194081211286992,0.3097040605643496,0.26634549208534064,0.012388162422573986,1.3626978664831384,0.5574673090158293,0.49552649690295936,1.4246386785960081,1.1149346180316586,0.1858224363386098,1.6104611149346182,1.3007570543702685
Jordan Ayew,gh GHA,"FW,MF",Crystal Palace,eng Premier League,32,1,0,21,0.2,0,0,0,0.5,0.5,0.0,1,0,0.0,0.0,,-0.5,80.0,1,0,0,1,0,0,0,12,6,,1,0.0,0.0,0.0,2.142857142857143,0.0,4.285714285714286,0.0,4.285714285714286,0.0,4.285714285714286,0.0,4.285714285714286,0.0
Jordan Ayew,gh GHA,"FW,MF",Leicester City,eng Premier League,32,30,19,1638,18.2,5,0,5,3.2,2.4,1.1,31,8,25.8,0.13,0.5,1.8,74.3,16,46,49,27,15,12,19,798,479,40.6,93,0.27472527472527475,0.0,0.27472527472527475,0.1758241758241758,0.06043956043956045,1.7032967032967032,0.43956043956043955,0.8791208791208791,5.21978021978022,1.4835164835164836,0.6593406593406593,5.1098901098901095,1.043956043956044
Neil El Aynaoui,fr FRA,MF,Lens,fr Ligue 1,23,24,17,1588,17.6,8,1,9,4.0,1.6,2.0,16,7,43.8,0.31,0.71,4.0,84.5,22,75,11,39,21,30,29,1196,582,23.8,90,0.4534005037783375,0.05667506297229219,0.5100755667506297,0.22670025188916876,0.11335012594458438,0.906801007556675,0.3967254408060453,1.2468513853904282,4.8740554156171285,2.2103274559193955,1.700251889168766,5.100755667506297,1.6435768261964734
Ayman Azhil,ma MAR,MF,Dortmund,de Bundesliga,23,1,0,24,0.3,0,0,0,0.0,0.0,0.0,0,0,,,,0.0,75.0,0,1,0,1,1,0,0,9,4,0.0,2,0.0,0.0,0.0,0.0,0.0,0.0,0.0,0.0,3.75,3.75,0.0,7.5,0.0
Adam Aznou,ma MAR,DF,Valladolid,es La Liga,18,13,10,876,9.7,0,0,0,0.3,0.3,0.3,4,1,25.0,0.0,0.0,-0.3,71.4,6,25,16,28,21,10,30,508,219,46.3,56,0.0,0.0,0.0,0.03082191780821918,0.03082191780821918,0.410958904109589,0.10273972602739725,0.6164383561643836,4.212328767123288,2.8767123287671232,1.0273972602739725,5.7534246575342465,3.0821917808219177
Adam Aznou,ma MAR,DF,Bayern Munich,de Bundesliga,18,2,0,17,0.2,0,0,0,0.0,0.0,0.0,0,0,,,,0.0,76.5,0,1,0,0,0,0,1,18,12,,1,0.0,0.0,0.0,0.0,0.0,0.0,0.0,0.0,5.294117647058823,0.0,0.0,5.294117647058823,5.294117647058823
César Azpilicueta,es ESP,DF,Atlético Madrid,es La Liga,34,14,10,875,9.7,1,0,1,0.2,0.2,0.1,5,2,40.0,0.2,0.5,0.8,86.6,3,66,13,25,14,5,32,759,432,50.0,28,0.10285714285714287,0.0,0.10285714285714287,0.020571428571428574,0.010285714285714287,0.5142857142857142,0.20571428571428574,0.30857142857142855,8.125714285714286,2.571428571428571,0.5142857142857142,2.88,3.291428571428572
Paulo Azzi,br BRA,DF,Cagliari,it Serie A,30,6,5,426,4.7,0,0,0,0.5,0.5,0.9,8,3,37.5,0.0,0.0,-0.5,70.0,5,13,15,11,9,5,11,242,119,61.5,24,0.0,0.0,0.0,0.1056338028169014,0.19014084507042256,1.6901408450704225,0.6338028169014085,1.056338028169014,5.915492957746479,2.323943661971831,1.056338028169014,5.070422535211268,2.323943661971831
Oussama El Azzouzi,ma MAR,MF,Bologna,it Serie A,23,2,0,19,0.2,0,0,0,0.0,0.0,0.0,0,0,,,,0.0,94.4,0,4,0,0,0,2,0,20,14,,1,0.0,0.0,0.0,0.0,0.0,0.0,0.0,0.0,18.94736842105263,0.0,9.473684210526315,4.7368421052631575,0.0
Papa Ba,es ESP,MF,Girona,es La Liga,19,1,0,48,0.5,0,0,0,0.0,0.0,0.0,1,0,0.0,0.0,,0.0,38.5,0,0,1,1,1,0,1,20,9,50.0,1,0.0,0.0,0.0,0.0,0.0,1.875,0.0,0.0,1.875,1.875,0.0,1.875,1.875
Shavy Babicka,ga GAB,"MF,FW",Toulouse,fr Ligue 1,24,30,11,1186,13.2,4,2,6,3.9,3.9,1.6,20,9,45.0,0.2,0.44,0.1,67.1,13,21,36,21,12,3,4,428,273,29.7,54,0.30354131534569984,0.15177065767284992,0.4553119730185497,0.2959527824620573,0.12141652613827994,1.5177065767284992,0.6829679595278246,0.9865092748735245,4.325463743676222,1.5935919055649244,0.22765598650927485,4.097807757166947,0.30354131534569984
Jacopo Bacci,it ITA,MF,Empoli,it Serie A,19,3,0,31,0.3,0,0,0,0.0,0.0,0.0,0,0,,,,0.0,54.5,0,1,0,1,0,1,1,14,5,,0,0.0,0.0,0.0,0.0,0.0,0.0,0.0,0.0,2.903225806451613,2.903225806451613,2.903225806451613,0.0,2.903225806451613
Aliou Badara Baldé,gn GUI,"MF,FW",Bochum,de Bundesliga,21,5,0,91,1.0,0,0,0,0.2,0.2,0.2,4,1,25.0,0.0,0.0,-0.2,55.0,2,1,2,1,1,0,0,43,30,22.2,3,0.0,0.0,0.0,0.1978021978021978,0.1978021978021978,3.956043956043956,0.989010989010989,1.978021978021978,2.967032967032967,0.989010989010989,0.0,2.967032967032967,0.0
Loïc Bade,fr FRA,DF,Sevilla,es La Liga,24,32,31,2686,29.8,1,1,2,0.6,0.6,0.7,13,4,30.8,0.08,0.25,0.4,85.7,4,62,11,47,27,29,162,2135,1173,77.3,138,0.03350707371556218,0.03350707371556218,0.06701414743112435,0.020104244229337303,0.023454951600893524,0.43559195830230824,0.1340282948622487,0.1340282948622487,2.446016381236039,1.5748324646314222,0.9717051377513031,4.6239761727475805,5.4281459419210725
Milan Badelj,hr CRO,MF,Genoa,it Serie A,35,23,21,1472,16.4,1,0,1,1.0,1.0,1.1,14,2,14.3,0.07,0.5,0.0,81.5,12,83,8,29,16,20,43,1014,499,45.0,74,0.06114130434782609,0.0,0.06114130434782609,0.06114130434782609,0.0672554347826087,0.8559782608695653,0.12228260869565218,0.733695652173913,5.563858695652174,1.7730978260869565,1.2228260869565217,4.524456521739131,2.629076086956522
Benoît Badiashile,fr FRA,DF,Chelsea,eng Premier League,23,5,3,334,3.7,0,0,0,0.0,0.0,0.0,0,0,,,,0.0,89.8,0,17,3,9,6,6,12,336,177,0.0,18,0.0,0.0,0.0,0.0,0.0,0.0,0.0,0.0,5.389221556886228,2.4251497005988023,1.6167664670658681,4.850299401197605,3.2335329341317363
Alex Baena,es ESP,"MF,FW",Villarreal,es La Liga,23,32,30,2595,28.8,7,9,16,7.1,6.3,11.7,69,17,24.6,0.1,0.41,-0.1,66.6,95,189,91,28,15,22,22,1569,895,37.5,140,0.24277456647398846,0.31213872832369943,0.5549132947976879,0.24624277456647398,0.4057803468208092,2.393063583815029,0.5895953757225433,3.294797687861272,9.710982658959537,0.9710982658959538,0.7630057803468208,4.855491329479769,0.7630057803468208
Juma Bah,sl SLE,DF,Valladolid,es La Liga,18,12,10,864,9.6,0,0,0,0.3,0.3,0.0,3,1,33.3,0.0,0.0,-0.3,81.1,1,13,0,10,7,12,60,523,265,75.0,35,0.0,0.0,0.0,0.03125,0.0,0.3125,0.10416666666666666,0.10416666666666666,1.3541666666666665,1.0416666666666665,1.25,3.6458333333333335,6.25
Juma Bah,sl SLE,DF,Lens,fr Ligue 1,18,10,8,686,7.6,0,0,0,0.1,0.1,0.2,2,1,50.0,0.0,0.0,-0.1,93.4,2,9,3,16,10,17,47,480,265,100.0,37,0.0,0.0,0.0,0.013119533527696793,0.026239067055393587,0.26239067055393583,0.13119533527696792,0.26239067055393583,1.5743440233236152,2.0991253644314867,2.230320699708455,4.854227405247814,6.166180758017492
Leon Bailey,jm JAM,"FW,MF",Aston Villa,eng Premier League,26,24,14,1139,12.7,1,2,3,1.7,1.7,1.5,28,6,21.4,0.04,0.17,-0.7,71.0,16,35,58,7,5,3,12,545,348,38.6,59,0.07901668129938542,0.15803336259877085,0.23705004389815626,0.13432835820895522,0.11852502194907813,2.212467076382792,0.4741000877963125,1.2642669007901668,7.348551360842845,0.553116769095698,0.23705004389815626,4.66198419666374,0.948200175592625
Eric Bailly,ci CIV,DF,Villarreal,es La Liga,30,12,8,617,6.9,0,0,0,0.3,0.3,0.0,4,0,0.0,0.0,,-0.3,87.5,0,18,1,12,4,6,29,394,200,100.0,19,0.0,0.0,0.0,0.04376012965964343,0.0,0.5834683954619124,0.0,0.0,2.771474878444084,1.7504051863857375,0.8752025931928687,2.771474878444084,4.230145867098865
Theo Bair,ca CAN,FW,Auxerre,fr Ligue 1,24,29,11,939,10.4,2,1,3,3.0,3.0,1.2,26,13,50.0,0.08,0.15,-1.0,62.0,10,16,15,4,3,3,10,306,143,25.0,15,0.1916932907348243,0.09584664536741215,0.2875399361022364,0.2875399361022364,0.11501597444089458,2.4920127795527156,1.2460063897763578,0.9584664536741214,2.9712460063897765,0.3833865814696486,0.2875399361022364,1.4376996805111821,0.9584664536741214
Stefan Bajcetic,es ESP,"MF,DF",Las Palmas,es La Liga,19,14,12,969,10.8,1,0,1,0.3,0.3,0.2,5,2,40.0,0.2,0.5,0.7,71.8,7,39,8,29,14,15,26,570,238,45.8,61,0.09287925696594426,0.0,0.09287925696594426,0.027863777089783277,0.018575851393188857,0.46439628482972134,0.18575851393188852,0.6501547987616099,4.3653250773993815,2.693498452012384,1.3931888544891642,5.6656346749226,2.414860681114551
Cédric Bakambu,cd COD,FW,Betis,es La Liga,33,25,6,710,7.9,2,2,4,3.2,3.2,0.6,24,11,45.8,0.08,0.18,-1.2,66.7,8,14,9,6,4,0,5,226,113,14.3,25,0.2535211267605634,0.2535211267605634,0.5070422535211268,0.4056338028169014,0.07605633802816901,3.04225352112676,1.3943661971830985,1.0140845070422535,2.9154929577464785,0.76056338028169,0.0,3.1690140845070425,0.6338028169014085
Mitchel Bakker,nl NED,MF,Atalanta,it Serie A,24,1,0,22,0.2,0,0,0,0.0,0.0,0.0,0,0,,,,0.0,77.8,0,1,0,1,0,0,0,10,6,,2,0.0,0.0,0.0,0.0,0.0,0.0,0.0,0.0,4.090909090909091,4.090909090909091,0.0,8.181818181818182,0.0
Mitchel Bakker,nl NED,"FW,DF",Lille,fr Ligue 1,24,24,14,1139,12.7,3,2,5,3.0,3.0,2.7,23,10,43.5,0.13,0.3,0.0,77.8,23,57,43,23,13,12,15,758,439,52.4,46,0.23705004389815626,0.15803336259877085,0.39508340649692714,0.23705004389815626,0.2133450395083407,1.8173836698858647,0.7901668129938543,1.8173836698858647,7.9016681299385425,1.8173836698858647,0.948200175592625,3.6347673397717295,1.1852502194907815
Darryl Bakola,fr FRA,"DF,MF",Marseille,fr Ligue 1,16,2,0,14,0.2,0,0,0,0.0,0.0,0.0,0,0,,,,0.0,92.3,0,0,0,1,1,0,0,15,9,0.0,1,0.0,0.0,0.0,0.0,0.0,0.0,0.0,0.0,0.0,6.428571428571428,0.0,6.428571428571428,0.0
Ridle Baku,de GER,"FW,MF",Wolfsburg,de Bundesliga,26,15,14,1170,13.0,2,1,3,1.5,1.5,1.3,18,6,33.3,0.11,0.33,0.5,74.1,13,44,16,23,15,15,15,646,352,45.0,68,0.15384615384615385,0.07692307692307693,0.23076923076923078,0.11538461538461539,0.1,1.3846153846153846,0.46153846153846156,1.0,4.615384615384615,1.7692307692307692,1.1538461538461537,5.230769230769231,1.1538461538461537
Ridle Baku,de GER,"DF,MF",RB Leipzig,de Bundesliga,26,19,15,1275,14.2,2,3,5,1.4,1.4,1.5,17,5,29.4,0.12,0.4,0.6,75.2,14,41,21,24,19,9,45,796,383,66.7,45,0.1411764705882353,0.2117647058823529,0.3529411764705882,0.0988235294117647,0.10588235294117646,1.2000000000000002,0.3529411764705882,0.9882352941176471,4.376470588235295,1.6941176470588233,0.6352941176470589,3.176470588235294,3.176470588235294
Dilane Bakwa,fr FRA,"MF,DF",Strasbourg,fr Ligue 1,21,30,29,2497,27.7,6,8,14,4.7,4.7,6.6,52,22,42.3,0.12,0.27,1.3,72.9,47,129,107,26,14,15,27,1420,890,39.4,92,0.21625951141369643,0.2883460152182619,0.5046055266319583,0.16940328394072887,0.23788546255506607,1.8742490989187026,0.7929515418502203,1.6940328394072888,8.506207448938726,0.9371245494593513,0.5406487785342411,3.315979175010012,0.9731678013616339
Tommaso Baldanzi,it ITA,"MF,FW",Roma,it Serie A,21,31,5,832,9.2,1,1,2,1.4,1.4,1.0,20,4,20.0,0.05,0.25,-0.4,84.0,10,23,39,12,4,6,8,472,292,43.6,48,0.10817307692307693,0.10817307692307693,0.21634615384615385,0.15144230769230768,0.10817307692307693,2.1634615384615388,0.4326923076923077,1.0817307692307694,6.706730769230769,1.2980769230769231,0.6490384615384616,5.1923076923076925,0.8653846153846154
Alejandro Balde,es ESP,DF,Barcelona,es La Liga,20,32,26,2284,25.4,0,4,4,0.5,0.5,3.4,12,3,25.0,0.0,0.0,-0.5,88.0,26,93,107,18,10,5,27,1721,1075,41.8,122,0.0,0.1576182136602452,0.1576182136602452,0.01970227670753065,0.1339754816112084,0.47285464098073554,0.11821366024518389,1.0245183887915936,7.880910683012259,0.7092819614711033,0.19702276707530647,4.807355516637478,1.063922942206655
Keita Baldé,sn SEN,FW,Monza,it Serie A,29,11,8,638,7.1,2,0,2,1.1,1.1,0.2,14,5,35.7,0.14,0.4,0.9,89.2,4,35,19,1,1,2,0,289,216,31.3,12,0.28213166144200624,0.0,0.28213166144200624,0.15517241379310345,0.02821316614420063,1.974921630094044,0.7053291536050156,0.5642633228840125,7.617554858934169,0.14106583072100312,0.28213166144200624,1.6927899686520378,0.0
Carlos Baleba,cm CMR,MF,Brighton,eng Premier League,20,34,31,2661,29.6,3,1,4,3.1,3.1,1.3,44,11,25.0,0.07,0.27,-0.1,87.4,21,118,43,79,46,46,44,1697,971,57.9,197,0.10146561443066515,0.033821871476888386,0.13528748590755355,0.10484780157835401,0.043968432919954906,1.488162344983089,0.37204058624577224,0.7102593010146561,5.445321307779031,2.6719278466741825,1.5558060879368658,6.662908680947012,1.488162344983089
Leonardo Balerdi,ar ARG,DF,Marseille,fr Ligue 1,25,27,27,2273,25.3,0,0,0,0.9,0.9,0.7,15,1,6.7,0.0,0.0,-0.9,93.8,8,105,13,54,39,38,72,2767,1752,68.8,161,0.0,0.0,0.0,0.035635723713154425,0.027716673999120103,0.5939287285525737,0.03959524857017158,0.31676198856137266,4.672239331280246,2.1381434227892653,1.50461944566652,6.374835019797624,2.8508578970523537
Iván Balliu,al ALB,DF,Rayo Vallecano,es La Liga,32,25,12,1200,13.3,0,0,0,0.0,0.0,0.5,1,0,0.0,0.0,,0.0,75.8,7,46,8,17,14,13,39,762,326,50.0,39,0.0,0.0,0.0,0.0,0.037500000000000006,0.07500000000000001,0.0,0.525,4.05,1.275,0.9750000000000001,2.9250000000000003,2.9250000000000003
Fodé Ballo-Touré,sn SEN,"DF,MF",Le Havre,fr Ligue 1,27,10,9,589,6.5,0,0,0,0.0,0.0,0.1,0,0,,,,0.0,83.3,1,13,15,8,7,4,27,377,163,35.7,31,0.0,0.0,0.0,0.0,0.015280135823429542,0.0,0.0,0.15280135823429541,4.278438030560271,1.2224108658743633,0.6112054329371817,4.7368421052631575,4.125636672325976
Botond Balogh,hu HUN,DF,Parma,it Serie A,22,29,23,2053,22.8,0,1,1,0.4,0.4,0.1,3,0,0.0,0.0,,-0.4,89.3,2,37,7,36,16,25,141,1228,621,,64,0.0,0.043838285435947394,0.043838285435947394,0.01753531417437896,0.00438382854359474,0.13151485630784218,0.0,0.08767657087189479,1.9288845591816852,1.5781782756941063,1.0959571358986848,2.805650267900633,6.181198246468583
Folarin Balogun,us USA,FW,Monaco,fr Ligue 1,23,13,7,615,6.8,4,0,4,4.8,4.8,0.9,31,10,32.3,0.13,0.4,-0.8,68.0,6,9,21,1,1,1,0,220,143,22.2,15,0.5853658536585366,0.0,0.5853658536585366,0.7024390243902439,0.13170731707317074,4.536585365853659,1.4634146341463417,0.8780487804878049,4.390243902439025,0.14634146341463414,0.14634146341463414,2.1951219512195124,0.0
Mario Balotelli,it ITA,"FW,MF",Genoa,it Serie A,33,6,0,62,0.7,0,0,0,0.0,0.0,0.0,2,0,0.0,0.0,,0.0,26.7,0,1,0,0,0,0,1,23,10,,1,0.0,0.0,0.0,0.0,0.0,2.903225806451613,0.0,0.0,1.4516129032258065,0.0,0.0,1.4516129032258065,1.4516129032258065
Abdoulaye Bamba,ci CIV,DF,Angers,fr Ligue 1,34,19,16,1510,16.8,0,0,0,0.1,0.1,0.3,1,0,0.0,0.0,,-0.1,88.5,6,16,1,22,12,19,79,743,408,100.0,47,0.0,0.0,0.0,0.005960264900662251,0.017880794701986755,0.059602649006622516,0.0,0.3576158940397351,1.0132450331125828,1.3112582781456954,1.1324503311258278,2.801324503311258,4.708609271523179
Jonathan Bamba,ci CIV,"FW,MF",Celta Vigo,es La Liga,28,12,10,811,9.0,0,1,1,0.8,0.8,1.8,13,6,46.2,0.0,0.0,-0.8,78.8,12,30,31,12,7,5,6,468,307,39.5,52,0.0,0.11097410604192355,0.11097410604192355,0.08877928483353884,0.1997533908754624,1.442663378545006,0.6658446362515413,1.3316892725030827,6.769420468557336,1.3316892725030827,0.5548705302096177,5.770653514180024,0.6658446362515413
Mohamed Bamba,ci CIV,MF,Reims,fr Ligue 1,19,2,0,10,0.1,0,0,0,0.0,0.0,0.0,0,0,,,,0.0,84.2,0,3,0,0,0,0,1,22,14,,0,0.0,0.0,0.0,0.0,0.0,0.0,0.0,0.0,27.0,0.0,0.0,0.0,9.0
Samuel Bamba,de GER,"FW,MF",Bochum,de Bundesliga,20,5,0,27,0.3,0,0,0,0.1,0.1,0.0,2,1,50.0,0.0,0.0,-0.1,77.3,1,5,3,1,1,0,0,31,20,25.0,2,0.0,0.0,0.0,0.33333333333333337,0.0,6.666666666666666,3.333333333333333,3.333333333333333,26.666666666666664,3.333333333333333,0.0,6.666666666666666,0.0
Lameck Banda,zm ZAM,"FW,MF",Lecce,it Serie A,23,15,6,610,6.8,0,1,1,1.2,1.2,1.1,17,4,23.5,0.0,0.0,-1.2,77.2,11,7,27,8,5,2,8,252,169,35.7,30,0.0,0.14754098360655737,0.14754098360655737,0.17704918032786884,0.16229508196721312,2.5081967213114753,0.5901639344262295,1.6229508196721312,5.016393442622951,1.180327868852459,0.29508196721311475,4.426229508196721,1.180327868852459
Daniel Bandeira,pt POR,MF,Hellas Verona,it Serie A,24,11,4,407,4.5,0,0,0,0.0,0.0,0.1,2,1,50.0,0.0,0.0,0.0,82.6,3,25,1,4,0,6,8,266,148,100.0,36,0.0,0.0,0.0,0.0,0.022113022113022112,0.44226044226044225,0.22113022113022113,0.6633906633906634,5.749385749385749,0.8845208845208845,1.3267813267813269,7.96068796068796,1.769041769041769
Mattia Bani,it ITA,DF,Genoa,it Serie A,30,20,19,1507,16.7,0,0,0,1.2,1.2,0.2,8,3,37.5,0.0,0.0,-1.2,87.4,2,25,6,19,10,22,85,1048,558,40.0,60,0.0,0.0,0.0,0.07166556071665561,0.0119442601194426,0.47777040477770405,0.17916390179163905,0.11944260119442601,1.8513603185136032,1.1347047113470472,1.313868613138686,3.5832780358327807,5.076310550763106
Noahkai Banks,us USA,DF,Augsburg,de Bundesliga,17,8,2,278,3.1,0,0,0,0.1,0.1,0.0,1,0,0.0,0.0,,-0.1,92.9,0,8,2,11,5,5,28,229,123,0.0,13,0.0,0.0,0.0,0.03237410071942446,0.0,0.32374100719424465,0.0,0.0,3.237410071942446,3.5611510791366903,1.618705035971223,4.20863309352518,9.06474820143885
Scott Banks,sct SCO,"FW,MF",St. Pauli,de Bundesliga,22,12,0,116,1.3,0,0,0,0.3,0.3,0.0,3,0,0.0,0.0,,-0.3,63.6,0,1,3,1,1,2,2,48,24,28.6,4,0.0,0.0,0.0,0.23275862068965517,0.0,2.3275862068965516,0.0,0.0,3.103448275862069,0.7758620689655172,1.5517241379310345,3.103448275862069,1.5517241379310345
Adrian Baquerin,es ESP,FW,Valladolid,es La Liga,17,5,0,49,0.5,0,0,0,0.4,0.4,0.0,3,0,0.0,0.0,,-0.4,90.0,0,1,0,1,1,0,1,18,10,0.0,1,0.0,0.0,0.0,0.7346938775510204,0.0,5.5102040816326525,0.0,0.0,1.8367346938775508,1.8367346938775508,0.0,1.8367346938775508,1.8367346938775508
Antonín Barák,cz CZE,MF,Fiorentina,it Serie A,29,1,1,54,0.6,0,0,0,0.1,0.1,0.3,2,2,100.0,0.0,0.0,-0.1,85.0,3,2,2,2,0,0,0,25,20,0.0,2,0.0,0.0,0.0,0.16666666666666669,0.5,3.333333333333333,3.333333333333333,5.0,6.666666666666666,3.333333333333333,0.0,3.333333333333333,0.0
Federico Barba,it ITA,DF,Como,it Serie A,30,7,5,431,4.8,0,0,0,0.2,0.2,0.0,2,1,50.0,0.0,0.0,-0.2,88.4,0,25,5,2,2,4,15,320,201,,19,0.0,0.0,0.0,0.04176334106728538,0.0,0.4176334106728538,0.2088167053364269,0.0,6.2645011600928076,0.4176334106728538,0.8352668213457076,3.967517401392111,3.1322505800464038
Valentín Barco,ar ARG,"DF,FW",Sevilla,es La Liga,20,7,3,288,3.2,0,0,0,0.3,0.3,0.6,7,0,0.0,0.0,,-0.3,72.8,6,13,4,15,9,2,5,236,124,23.1,16,0.0,0.0,0.0,0.09375,0.1875,2.1875,0.0,1.875,5.3125,4.6875,0.625,5.0,1.5625
Valentín Barco,ar ARG,"MF,DF",Strasbourg,fr Ligue 1,20,14,14,1157,12.9,0,2,2,0.5,0.5,1.5,10,1,10.0,0.0,0.0,-0.5,82.9,8,64,20,36,22,13,28,928,513,45.0,79,0.0,0.15557476231633535,0.15557476231633535,0.03889369057908384,0.11668107173725151,0.7778738115816768,0.07778738115816768,0.6222990492653414,6.534140017286085,2.800345721694036,1.0112359550561798,6.1452031114952455,2.178046672428695
Bradley Barcola,fr FRA,FW,Paris S-G,fr Ligue 1,21,34,27,2181,24.2,14,10,24,13.4,13.4,10.1,74,38,51.4,0.19,0.37,0.6,81.7,50,96,137,27,17,19,12,1278,855,24.8,67,0.5777166437414031,0.4126547455295736,0.9903713892709767,0.5529573590096286,0.41678129298486927,3.0536451169188448,1.5680880330123796,2.063273727647868,9.614855570839064,1.1141678129298487,0.7840440165061898,2.7647867950481433,0.49518569463548834
Melvin Bard,fr FRA,"DF,MF",Nice,fr Ligue 1,23,24,22,1938,21.5,2,1,3,2.2,2.2,1.9,23,8,34.8,0.09,0.25,-0.2,77.4,15,88,53,53,36,29,60,1436,778,44.9,124,0.09287925696594426,0.04643962848297213,0.1393188854489164,0.1021671826625387,0.08823529411764705,1.0681114551083593,0.37151702786377705,0.6965944272445821,6.54798761609907,2.461300309597523,1.346749226006192,5.758513931888545,2.7863777089783284
Nicolò Barella,it ITA,MF,Inter,it Serie A,27,32,28,2456,27.3,3,6,9,2.2,2.2,4.5,42,9,21.4,0.07,0.33,0.8,82.1,55,235,63,50,31,12,16,2064,1393,40.4,165,0.10993485342019543,0.21986970684039087,0.3298045602605863,0.08061889250814333,0.16490228013029315,1.5390879478827362,0.3298045602605863,2.015472312703583,10.920195439739414,1.8322475570032573,0.43973941368078173,6.04641693811075,0.5863192182410424
Gabriel Bares,ch SUI,"MF,DF",Montpellier,fr Ligue 1,23,6,0,56,0.6,0,0,0,0.0,0.0,0.0,0,0,,,,0.0,85.0,0,3,1,2,2,1,3,49,27,50.0,1,0.0,0.0,0.0,0.0,0.0,0.0,0.0,0.0,6.428571428571428,3.214285714285714,1.607142857142857,1.607142857142857,4.821428571428571
Borna Barišić,hr CRO,DF,Leganés,es La Liga,31,1,1,9,0.1,0,0,0,0.0,0.0,0.0,0,0,,,,0.0,75.0,0,0,0,0,0,0,0,4,2,,0,0.0,0.0,0.0,0.0,0.0,0.0,0.0,0.0,0.0,0.0,0.0,0.0,0.0
Téo Barisic,fr FRA,DF,Lyon,fr Ligue 1,19,1,0,2,0.0,0,0,0,0.0,0.0,0.0,0,0,,,,0.0,100.0,0,0,0,0,0,0,1,2,1,,0,0.0,0.0,0.0,0.0,0.0,0.0,0.0,0.0,0.0,0.0,0.0,0.0,45.0
Kike Barja,es ESP,"FW,MF",Osasuna,es La Liga,27,15,3,315,3.5,0,1,1,0.2,0.2,1.2,4,1,25.0,0.0,0.0,-0.2,64.9,10,4,22,5,4,3,4,167,102,43.8,10,0.0,0.2857142857142857,0.2857142857142857,0.05714285714285714,0.34285714285714286,1.1428571428571428,0.2857142857142857,2.8571428571428568,7.428571428571429,1.4285714285714284,0.8571428571428572,2.8571428571428568,1.1428571428571428
Ross Barkley,eng ENG,MF,Aston Villa,eng Premier League,30,20,3,581,6.5,3,1,4,1.8,1.8,0.6,16,5,31.3,0.19,0.6,1.2,85.3,9,36,15,14,3,10,5,464,277,75.0,43,0.4647160068846816,0.1549053356282272,0.6196213425129088,0.278829604130809,0.0929432013769363,2.478485370051635,0.7745266781411358,1.3941480206540449,7.900172117039586,2.168674698795181,1.5490533562822717,6.660929432013769,0.7745266781411358
Aymen Barkok,ma MAR,MF,Mainz 05,de Bundesliga,26,4,0,73,0.8,0,0,0,0.0,0.0,0.1,0,0,,,,0.0,70.3,1,5,2,2,1,2,0,47,22,0.0,4,0.0,0.0,0.0,0.0,0.12328767123287672,0.0,0.0,1.2328767123287672,8.63013698630137,2.4657534246575343,2.4657534246575343,4.931506849315069,0.0
Harvey Barnes,eng ENG,FW,Newcastle Utd,eng Premier League,26,33,17,1755,19.5,9,4,13,7.2,7.2,4.0,63,20,31.7,0.14,0.45,1.8,78.1,26,83,93,16,9,6,15,810,561,37.5,55,0.46153846153846156,0.20512820512820512,0.6666666666666667,0.36923076923076925,0.20512820512820512,3.2307692307692304,1.0256410256410258,1.3333333333333335,9.025641025641026,0.8205128205128205,0.3076923076923077,2.8205128205128207,0.7692307692307693
Enzo Barrenechea,ar ARG,MF,Valencia,es La Liga,23,30,26,2191,24.3,1,2,3,1.3,1.3,0.9,16,3,18.8,0.06,0.33,-0.3,86.5,15,126,21,57,30,28,48,1601,762,35.5,117,0.041077133728890915,0.08215426745778183,0.12323140118667276,0.05340027384755819,0.03696942035600183,0.6572341396622546,0.12323140118667276,0.6161570059333638,6.038338658146965,2.341396622546782,1.1501597444089455,4.806024646280237,1.9717024189867642
Ander Barrenetxea,es ESP,"MF,FW",Real Sociedad,es La Liga,22,30,14,1263,14.0,1,3,4,1.6,1.6,1.9,25,8,32.0,0.04,0.13,-0.6,70.9,16,48,43,26,19,11,16,751,470,37.7,88,0.07125890736342043,0.2137767220902613,0.2850356294536817,0.11401425178147269,0.1353919239904988,1.7814726840855106,0.5700712589073634,1.1401425178147269,6.484560570071259,1.852731591448931,0.7838479809976248,6.270783847980998,1.1401425178147269
Pablo Barrios,es ESP,MF,Atlético Madrid,es La Liga,21,31,28,2330,25.9,1,4,5,1.3,1.3,2.4,29,8,27.6,0.03,0.13,-0.3,86.0,26,142,29,46,26,34,33,1784,1119,59.5,131,0.03862660944206008,0.15450643776824033,0.19313304721030042,0.050214592274678116,0.09270386266094419,1.1201716738197425,0.30901287553648066,1.004291845493562,6.605150214592276,1.776824034334764,1.313304721030043,5.060085836909871,1.2746781115879828
Thierno Barry,fr FRA,FW,Villarreal,es La Liga,21,35,25,2323,25.8,11,4,15,12.5,11.7,2.9,71,24,33.8,0.14,0.42,-1.5,62.0,23,27,44,11,8,0,19,624,347,36.0,36,0.42617305208781747,0.15497201894102453,0.581145071028842,0.4842875591907017,0.11235471373224279,2.7507533362031853,0.9298321136461473,0.8910891089108911,2.7507533362031853,0.42617305208781747,0.0,1.3947481704692208,0.7361170899698666
Davide Bartesaghi,it ITA,DF,Milan,it Serie A,18,4,1,118,1.3,0,0,0,0.0,0.0,0.1,1,1,100.0,0.0,0.0,0.0,85.5,2,2,2,4,2,3,1,89,55,0.0,2,0.0,0.0,0.0,0.0,0.07627118644067797,0.7627118644067796,0.7627118644067796,1.5254237288135593,3.0508474576271185,3.0508474576271185,2.288135593220339,1.5254237288135593,0.7627118644067796
Marc Bartra,es ESP,DF,Betis,es La Liga,33,25,23,2099,23.3,2,1,3,1.2,1.2,0.2,18,5,27.8,0.11,0.4,0.8,81.3,4,68,7,33,19,33,148,1483,804,46.7,88,0.0857551214864221,0.04287756074321105,0.12863268222963314,0.05145307289185326,0.00857551214864221,0.7717960933777989,0.21438780371605526,0.1715102429728442,3.2158170557408288,1.4149595045259649,1.4149595045259649,3.7732253454025724,6.345878989995236
Federico Baschirotto,it ITA,DF,Lecce,it Serie A,27,38,38,3420,38.0,2,0,2,1.2,1.2,0.2,22,8,36.4,0.09,0.25,0.8,86.2,4,71,13,37,25,23,237,2043,940,80.0,93,0.052631578947368425,0.0,0.052631578947368425,0.031578947368421054,0.005263157894736842,0.5789473684210527,0.2105263157894737,0.10526315789473685,2.210526315789474,0.9736842105263158,0.6052631578947368,2.447368421052632,6.2368421052631575
Daniele Baselli,it ITA,MF,Como,it Serie A,32,2,1,22,0.2,0,0,0,0.0,0.0,0.0,0,0,,,,0.0,88.9,0,4,2,0,0,1,1,31,22,,0,0.0,0.0,0.0,0.0,0.0,0.0,0.0,0.0,24.545454545454543,0.0,4.090909090909091,0.0,4.090909090909091
Calvin Bassey,ng NGA,DF,Fulham,eng Premier League,24,35,34,3074,34.2,1,0,1,1.0,1.0,0.1,14,4,28.6,0.07,0.25,0.0,89.7,3,116,39,54,34,20,118,2463,1571,45.5,168,0.029277813923227067,0.0,0.029277813923227067,0.029277813923227067,0.002927781392322707,0.40988939492517895,0.11711125569290827,0.08783344176968119,4.538061158100195,1.5810019518542615,0.5855562784645413,4.9186727391021465,3.4547820429407934
Aboubacar Bassinga,ci CIV,MF,Las Palmas,es La Liga,19,1,0,4,0.0,0,0,0,0.0,0.0,0.0,0,0,,,,0.0,50.0,0,0,0,0,0,0,0,4,3,,0,0.0,0.0,0.0,0.0,0.0,0.0,0.0,0.0,0.0,0.0,0.0,0.0,0.0
Alessandro Bastoni,it ITA,DF,Inter,it Serie A,25,32,30,2333,25.9,1,5,6,0.8,0.8,2.3,12,2,16.7,0.08,0.5,0.2,88.4,27,162,62,46,23,21,52,2446,1633,43.8,96,0.03857693956279468,0.19288469781397344,0.23146163737676811,0.030861551650235748,0.08872696099442776,0.46292327475353623,0.07715387912558937,1.0415773681954563,8.64123446206601,1.7745392198885557,0.8101157308186884,3.70338619802829,2.006000857265324
Michy Batshuayi,be BEL,FW,Eint Frankfurt,de Bundesliga,30,10,3,300,3.3,3,0,3,1.2,1.2,0.0,5,3,60.0,0.6,1.0,1.8,80.3,1,8,3,1,1,1,0,101,60,28.6,10,0.9,0.0,0.9,0.36,0.0,1.5,0.9,0.30000000000000004,3.3,0.30000000000000004,0.30000000000000004,3.0,0.0
Dylan Batubinsika,cd COD,DF,Saint-Étienne,fr Ligue 1,28,25,22,2016,22.4,1,0,1,0.8,0.8,0.2,7,2,28.6,0.14,0.5,0.2,91.4,4,51,11,26,13,39,140,1476,790,66.7,76,0.04464285714285714,0.0,0.04464285714285714,0.03571428571428571,0.008928571428571428,0.3125,0.08928571428571427,0.17857142857142855,2.767857142857143,1.1607142857142856,1.7410714285714286,3.392857142857143,6.25
Maximilian Bauer,de GER,DF,Augsburg,de Bundesliga,24,11,8,658,7.3,0,0,0,0.2,0.2,0.1,1,1,100.0,0.0,0.0,-0.2,80.9,2,30,4,14,8,6,35,422,216,,20,0.0,0.0,0.0,0.02735562310030395,0.013677811550151976,0.13677811550151975,0.13677811550151975,0.2735562310030395,4.650455927051672,1.9148936170212765,0.8206686930091185,2.7355623100303954,4.787234042553192
Christoph Baumgartner,at AUT,MF,RB Leipzig,de Bundesliga,24,31,18,1610,17.9,2,1,3,4.5,4.5,1.3,39,15,38.5,0.05,0.13,-2.5,68.2,20,53,37,44,28,12,24,910,438,40.5,86,0.11180124223602485,0.055900621118012424,0.16770186335403725,0.25155279503105593,0.07267080745341614,2.1801242236024843,0.8385093167701864,1.1180124223602483,5.031055900621118,2.4596273291925463,0.670807453416149,4.807453416149069,1.341614906832298
Rafael Bauza,es ESP,MF,Espanyol,es La Liga,19,5,2,183,2.0,0,0,0,0.1,0.1,0.0,3,0,0.0,0.0,,-0.1,85.2,0,7,1,5,3,0,5,74,37,50.0,4,0.0,0.0,0.0,0.04918032786885246,0.0,1.4754098360655739,0.0,0.0,3.9344262295081966,2.459016393442623,0.0,1.9672131147540983,2.459016393442623
Ihlas Bebou,tg TOG,MF,Hoffenheim,de Bundesliga,30,1,0,9,0.1,0,0,0,0.0,0.0,0.0,0,0,,,,0.0,50.0,0,0,0,0,0,0,0,5,4,,0,0.0,0.0,0.0,0.0,0.0,0.0,0.0,0.0,0.0,0.0,0.0,0.0,0.0
Adrian Beck,de GER,"MF,FW",Heidenheim,de Bundesliga,27,32,18,1598,17.8,4,1,5,3.3,3.3,1.2,39,13,33.3,0.1,0.31,0.7,80.1,21,69,37,36,17,9,17,962,553,53.3,131,0.22528160200250313,0.056320400500625784,0.2816020025031289,0.18585732165206506,0.06758448060075094,2.1964956195244056,0.7321652065081352,1.1827284105131413,5.9699624530663336,2.027534418022528,0.506883604505632,7.377972465581978,0.9574468085106382
Sheraldo Becker,sr SUR,"FW,MF",Real Sociedad,es La Liga,29,22,11,995,11.1,2,1,3,2.0,2.0,2.0,22,13,59.1,0.09,0.15,0.0,63.9,8,23,51,3,2,1,10,384,242,36.4,30,0.18090452261306533,0.09045226130653267,0.271356783919598,0.18090452261306533,0.18090452261306533,1.9899497487437188,1.1758793969849246,0.7236180904522613,6.693467336683416,0.271356783919598,0.09045226130653267,2.7135678391959797,0.9045226130653267
Timo Becker,de GER,DF,Holstein Kiel,de Bundesliga,27,30,28,2445,27.2,0,2,2,1.4,1.4,0.8,17,4,23.5,0.0,0.0,-1.4,77.4,6,57,28,53,33,17,110,1325,588,46.2,98,0.0,0.0736196319018405,0.0736196319018405,0.051533742331288344,0.0294478527607362,0.6257668711656442,0.147239263803681,0.22085889570552147,3.128834355828221,1.950920245398773,0.6257668711656442,3.607361963190184,4.049079754601227
Jan Bednarek,pl POL,DF,Southampton,eng Premier League,28,30,30,2531,28.1,2,0,2,0.7,0.7,0.5,5,2,40.0,0.4,1.0,1.3,92.7,5,60,5,36,19,56,190,2049,1046,100.0,106,0.07111813512445674,0.0,0.07111813512445674,0.024891347293559855,0.017779533781114184,0.17779533781114185,0.07111813512445674,0.17779533781114185,2.311339391544844,1.2801264322402213,1.9913077834847885,3.769261161596207,6.75622283682339
Donny van de Beek,nl NED,MF,Girona,es La Liga,27,26,16,1421,15.8,2,2,4,1.5,1.5,3.2,18,5,27.8,0.11,0.4,0.5,81.7,18,45,17,29,18,10,12,580,281,46.2,48,0.1266713581984518,0.1266713581984518,0.2533427163969036,0.09500351864883885,0.2026741731175229,1.1400422237860661,0.3166783954961295,1.1400422237860661,3.926812104152006,1.8367346938775508,0.633356790992259,3.0401125967628433,0.7600281491907108
Kevin Behrens,de GER,FW,Wolfsburg,de Bundesliga,33,18,0,170,1.9,1,0,1,2.3,2.3,0.1,9,3,33.3,0.11,0.33,-1.3,60.8,2,4,2,1,1,1,2,106,41,0.0,9,0.5294117647058824,0.0,0.5294117647058824,1.2176470588235293,0.05294117647058824,4.764705882352941,1.588235294117647,1.0588235294117647,3.176470588235294,0.5294117647058824,0.5294117647058824,4.764705882352941,1.0588235294117647
Maximilian Beier,de GER,"FW,MF",Dortmund,de Bundesliga,21,29,17,1591,17.7,8,5,13,7.7,7.7,3.3,42,13,31.0,0.19,0.62,0.3,70.5,24,33,24,25,16,7,14,618,338,43.1,49,0.4525455688246386,0.28284098051539913,0.7353865493400377,0.4355751099937146,0.1866750471401634,2.3758642363293525,0.7353865493400377,1.3576367064739159,3.2243871778755504,1.4142049025769956,0.39597737272155875,2.7718416090509113,0.7919547454431175
Luken Beitia,es ESP,DF,Real Sociedad,es La Liga,20,1,0,8,0.1,0,0,0,0.0,0.0,0.0,0,0,,,,0.0,100.0,0,0,0,1,1,0,2,7,6,,1,0.0,0.0,0.0,0.0,0.0,0.0,0.0,0.0,0.0,11.25,0.0,11.25,22.5
Ismael Bekhoucha,ma MAR,"MF,DF",Getafe,es La Liga,19,5,0,69,0.8,0,0,0,0.0,0.0,0.0,0,0,,,,0.0,70.8,0,1,1,1,1,2,2,35,16,66.7,6,0.0,0.0,0.0,0.0,0.0,0.0,0.0,0.0,2.608695652173913,1.3043478260869565,2.608695652173913,7.826086956521739,2.608695652173913
Reda Belahyane,ma MAR,MF,Hellas Verona,it Serie A,20,22,17,1658,18.4,0,2,2,0.2,0.2,1.0,6,2,33.3,0.0,0.0,-0.2,83.7,16,73,22,36,26,10,22,884,551,63.5,109,0.0,0.10856453558504221,0.10856453558504221,0.010856453558504222,0.054282267792521106,0.32569360675512665,0.10856453558504221,0.8685162846803377,5.156815440289505,1.95416164053076,0.5428226779252111,5.916767189384801,1.1942098914354644
Reda Belahyane,ma MAR,MF,Lazio,it Serie A,20,6,1,198,2.2,0,0,0,0.0,0.0,0.0,0,0,,,,0.0,90.4,0,10,4,8,6,1,5,118,76,50.0,13,0.0,0.0,0.0,0.0,0.0,0.0,0.0,0.0,6.363636363636363,3.6363636363636367,0.4545454545454546,5.90909090909091,2.2727272727272725
Haris Belkebla,dz ALG,MF,Angers,fr Ligue 1,30,22,21,1792,19.9,0,1,1,0.1,0.1,0.9,3,0,0.0,0.0,,-0.1,87.6,5,69,8,56,38,35,46,1064,558,40.9,90,0.0,0.05022321428571428,0.05022321428571428,0.005022321428571429,0.04520089285714286,0.15066964285714285,0.0,0.25111607142857145,3.8671875,2.8125,1.7578125,4.520089285714286,2.310267857142857
Yassin Belkhdim,fr FRA,MF,Angers,fr Ligue 1,22,29,16,1523,16.9,1,1,2,0.8,0.8,0.6,9,5,55.6,0.11,0.2,0.2,80.9,5,37,17,53,27,21,41,702,343,13.3,74,0.05909389363099146,0.05909389363099146,0.11818778726198292,0.04727511490479318,0.03545633617859488,0.5318450426789232,0.29546946815495734,0.29546946815495734,3.191070256073539,3.131976362442548,1.2409717662508208,4.372948128693368,2.42284963887065
Stefan Bell,de GER,DF,Mainz 05,de Bundesliga,32,18,15,1436,16.0,0,1,1,0.8,0.8,1.0,12,3,25.0,0.0,0.0,-0.8,78.6,5,38,8,22,12,28,107,952,415,33.3,65,0.0,0.06267409470752089,0.06267409470752089,0.05013927576601671,0.06267409470752089,0.7520891364902508,0.1880222841225627,0.31337047353760444,2.883008356545961,1.3788300835654597,1.754874651810585,4.073816155988857,6.706128133704735
Armel Bella Kotchap,de GER,DF,Southampton,eng Premier League,22,4,2,331,3.7,0,0,0,0.3,0.3,0.0,1,0,0.0,0.0,,-0.3,90.2,0,5,0,7,5,5,21,263,186,0.0,19,0.0,0.0,0.0,0.08157099697885196,0.0,0.2719033232628399,0.0,0.0,1.3595166163141994,1.9033232628398793,1.3595166163141994,5.166163141993958,5.709969788519637
Raoul Bellanova,it ITA,DF,Torino,it Serie A,24,1,1,87,1.0,0,0,0,0.0,0.0,0.1,1,0,0.0,0.0,,0.0,72.1,1,0,4,0,0,0,4,51,34,0.0,4,0.0,0.0,0.0,0.0,0.10344827586206896,1.0344827586206897,0.0,1.0344827586206897,4.137931034482759,0.0,0.0,4.137931034482759,4.137931034482759
Raoul Bellanova,it ITA,DF,Atalanta,it Serie A,24,34,27,2402,26.7,0,9,9,1.1,1.1,4.7,18,5,27.8,0.0,0.0,-1.1,77.3,34,87,83,24,14,18,45,1469,822,43.8,117,0.0,0.33721898417985013,0.33721898417985013,0.041215653621981686,0.17610324729392174,0.6744379683597003,0.18734388009991673,1.2739383846794339,6.369691923397169,0.8992506244796004,0.6744379683597003,4.3838467943380515,1.6860949208992508
Jean-Ricner Bellegarde,fr FRA,"MF,FW",Wolves,eng Premier League,26,35,20,1677,18.6,2,7,9,1.5,1.5,3.8,22,5,22.7,0.09,0.4,0.5,79.3,27,43,52,39,24,10,18,843,528,23.0,62,0.1073345259391771,0.3756708407871198,0.4830053667262969,0.08050089445438283,0.2039355992844365,1.180679785330948,0.2683363148479428,1.449016100178891,5.098389982110913,2.0930232558139537,0.5366726296958856,3.32737030411449,0.9660107334525938
Héctor Bellerín,es ESP,DF,Betis,es La Liga,29,9,6,580,6.4,0,2,2,0.2,0.2,2.0,1,1,100.0,0.0,0.0,-0.2,82.3,8,24,3,13,7,6,21,384,212,75.0,13,0.0,0.3103448275862069,0.3103448275862069,0.031034482758620693,0.3103448275862069,0.15517241379310345,0.15517241379310345,1.2413793103448276,4.189655172413794,2.0172413793103448,0.9310344827586207,2.0172413793103448,3.2586206896551726
Jude Bellingham,eng ENG,MF,Real Madrid,es La Liga,21,31,29,2488,27.6,9,8,17,11.4,9.9,3.9,60,22,36.7,0.13,0.36,-2.4,86.1,42,199,74,61,33,28,23,1881,1229,54.7,97,0.3255627009646302,0.28938906752411575,0.614951768488746,0.412379421221865,0.1410771704180064,2.170418006430868,0.7958199356913184,1.5192926045016077,9.87540192926045,2.206591639871383,1.0128617363344052,3.5088424437299035,0.8319935691318328
Jeanuël Belocian,fr FRA,"DF,MF",Leverkusen,de Bundesliga,19,5,1,68,0.8,0,0,0,0.0,0.0,0.0,0,0,,,,0.0,85.0,0,3,0,1,1,0,2,44,16,100.0,2,0.0,0.0,0.0,0.0,0.0,0.0,0.0,0.0,3.9705882352941178,1.3235294117647058,0.0,2.6470588235294117,2.6470588235294117
Andrea Belotti,it ITA,FW,Como,it Serie A,30,18,7,593,6.6,2,0,2,2.5,2.5,0.4,19,3,15.8,0.11,0.67,-0.5,75.0,7,9,9,7,5,1,8,185,106,33.3,17,0.30354131534569984,0.0,0.30354131534569984,0.3794266441821248,0.06070826306913997,2.8836424957841484,0.4553119730185497,1.0623946037099494,2.7318718381112985,1.0623946037099494,0.15177065767284992,2.5801011804384486,1.2141652613827993
Fran Beltrán,es ESP,MF,Celta Vigo,es La Liga,25,34,29,2421,26.9,2,1,3,1.0,1.0,1.8,23,4,17.4,0.09,0.5,1.0,88.6,15,152,28,50,35,26,34,1711,951,52.6,119,0.07434944237918216,0.03717472118959108,0.11152416356877323,0.03717472118959108,0.06691449814126393,0.8550185873605948,0.14869888475836432,0.5576208178438662,6.691449814126394,1.8587360594795537,0.966542750929368,4.423791821561338,1.2639405204460965
Lucas Beltrán,ar ARG,"FW,MF",Fiorentina,it Serie A,23,32,20,1864,20.7,5,4,9,5.4,3.1,3.0,26,6,23.1,0.12,0.5,-0.4,77.7,29,64,23,23,10,5,14,791,468,50.0,59,0.24141630901287553,0.19313304721030042,0.43454935622317603,0.2607296137339056,0.14484978540772533,1.255364806866953,0.28969957081545067,1.400214592274678,4.200643776824034,1.1105150214592274,0.24141630901287553,2.8487124463519313,0.6759656652360515
Eliesse Ben Seghir,ma MAR,"MF,FW",Monaco,fr Ligue 1,19,33,19,1750,19.4,6,3,9,5.5,4.1,5.2,58,19,32.8,0.07,0.21,0.5,79.3,33,122,85,31,22,13,4,1244,843,36.5,86,0.30857142857142855,0.15428571428571428,0.46285714285714286,0.28285714285714286,0.26742857142857146,2.9828571428571427,0.9771428571428571,1.697142857142857,10.645714285714286,1.5942857142857143,0.6685714285714286,4.422857142857143,0.20571428571428574
Carlos Benavídez,uy URU,MF,Alavés,es La Liga,26,18,6,487,5.4,1,1,2,0.3,0.3,0.6,5,2,40.0,0.2,0.5,0.7,69.4,3,26,4,19,14,8,14,292,147,66.7,32,0.18480492813141686,0.18480492813141686,0.3696098562628337,0.05544147843942505,0.1108829568788501,0.9240246406570841,0.3696098562628337,0.5544147843942505,5.544147843942505,3.51129363449692,1.4784394250513349,5.913757700205339,2.5872689938398357
Adrian Benedyczak,pl POL,"FW,MF",Parma,it Serie A,23,9,2,214,2.4,0,0,0,0.3,0.3,0.1,3,0,0.0,0.0,,-0.3,67.3,2,3,3,0,0,0,8,79,44,0.0,3,0.0,0.0,0.0,0.1261682242990654,0.042056074766355145,1.2616822429906542,0.0,0.8411214953271028,2.5233644859813085,0.0,0.0,1.2616822429906542,3.364485981308411
László Bénes,sk SVK,"MF,FW",Union Berlin,de Bundesliga,26,23,3,589,6.5,2,1,3,0.9,0.9,1.0,19,7,36.8,0.11,0.29,1.1,67.6,19,28,6,2,2,3,9,400,207,20.0,32,0.30560271646859083,0.15280135823429541,0.4584040747028863,0.13752122241086587,0.15280135823429541,2.903225806451613,1.0696095076400678,2.903225806451613,5.195246179966044,0.30560271646859083,0.4584040747028863,4.889643463497453,1.3752122241086588
Iker Benito,es ESP,"FW,MF",Osasuna,es La Liga,21,2,0,37,0.4,0,0,0,0.0,0.0,0.0,0,0,,,,0.0,69.2,1,0,2,0,0,1,2,18,8,0.0,3,0.0,0.0,0.0,0.0,0.0,0.0,0.0,2.4324324324324325,4.864864864864865,0.0,2.4324324324324325,7.297297297297297,4.864864864864865
Ismaël Bennacer,dz ALG,MF,Milan,it Serie A,26,6,4,300,3.3,0,0,0,0.1,0.1,0.1,3,2,66.7,0.0,0.0,-0.1,89.1,4,23,8,5,4,3,1,249,156,90.0,17,0.0,0.0,0.0,0.030000000000000002,0.030000000000000002,0.9,0.6000000000000001,1.2000000000000002,9.3,1.5,0.9,5.1,0.30000000000000004
Ismaël Bennacer,dz ALG,MF,Marseille,fr Ligue 1,26,12,8,646,7.2,0,2,2,0.1,0.1,1.8,3,0,0.0,0.0,,-0.1,91.0,13,72,14,21,10,10,2,870,552,63.6,50,0.0,0.2786377708978328,0.2786377708978328,0.013931888544891642,0.25077399380804954,0.4179566563467492,0.0,1.8111455108359134,11.981424148606813,2.9256965944272446,1.3931888544891642,6.965944272445821,0.2786377708978328
Saïd Benrahma,dz ALG,"FW,MF",Lyon,fr Ligue 1,28,13,9,735,8.2,1,3,4,2.0,2.0,2.1,17,4,23.5,0.06,0.25,-1.0,72.1,14,32,41,9,5,3,2,447,286,27.6,32,0.12244897959183673,0.3673469387755102,0.4897959183673469,0.24489795918367346,0.2571428571428571,2.0816326530612246,0.4897959183673469,1.7142857142857144,8.938775510204081,1.1020408163265305,0.3673469387755102,3.9183673469387754,0.24489795918367346
Ramy Bensebaini,dz ALG,DF,Dortmund,de Bundesliga,29,31,23,2022,22.5,1,6,7,1.3,1.3,3.2,20,2,10.0,0.05,0.5,-0.3,86.1,15,128,26,51,25,33,86,1766,941,27.8,100,0.044510385756676554,0.26706231454005935,0.3115727002967359,0.057863501483679525,0.142433234421365,0.890207715133531,0.08902077151335311,0.6676557863501484,6.85459940652819,2.2700296735905043,1.4688427299703266,4.451038575667656,3.827893175074184
Nabil Bentaleb,dz ALG,MF,Lille,fr Ligue 1,29,10,3,329,3.7,1,0,1,0.7,0.7,0.0,5,1,20.0,0.2,1.0,0.3,86.1,1,23,2,4,3,5,7,277,130,,20,0.2735562310030395,0.0,0.2735562310030395,0.19148936170212766,0.0,1.3677811550151977,0.2735562310030395,0.2735562310030395,6.838905775075988,1.094224924012158,1.3677811550151977,5.471124620060791,1.9148936170212765
Rodrigo Bentancur,uy URU,MF,Tottenham,eng Premier League,27,26,21,1645,18.3,2,0,2,1.3,1.3,0.4,22,5,22.7,0.09,0.4,0.7,87.9,10,100,28,40,22,40,38,1302,764,47.4,121,0.1094224924012158,0.0,0.1094224924012158,0.07112462006079028,0.02188449848024316,1.203647416413374,0.2735562310030395,0.547112462006079,7.003039513677812,2.188449848024316,2.188449848024316,6.620060790273556,2.0790273556231003
Lucas Beraldo,br BRA,DF,Paris S-G,fr Ligue 1,20,25,22,2011,22.3,1,0,1,0.9,0.9,0.4,12,4,33.3,0.08,0.25,0.1,94.4,8,131,9,38,31,21,63,2314,1395,100.0,115,0.04475385380407757,0.0,0.04475385380407757,0.04027846842366982,0.01790154152163103,0.5370462456489309,0.1790154152163103,0.3580308304326206,6.26553953257086,1.7006464445549478,0.939830929885629,5.146693187468921,2.819492789656887
Yuri Berchiche,es ESP,DF,Athletic Club,es La Liga,34,30,22,2044,22.7,0,2,2,0.6,0.6,2.2,16,4,25.0,0.0,0.0,-0.6,84.0,18,161,43,33,21,27,72,1631,775,37.5,121,0.0,0.08806262230919765,0.08806262230919765,0.026418786692759294,0.09686888454011743,0.7045009784735812,0.1761252446183953,0.7925636007827788,8.98238747553816,1.4530332681017613,1.1888454011741683,5.3277886497064575,3.170254403131115
Álex Berenguer,es ESP,"FW,MF",Athletic Club,es La Liga,29,36,28,2339,26.0,6,7,13,6.8,6.0,5.0,51,18,35.3,0.12,0.33,-0.8,65.8,46,78,65,32,16,10,18,1250,643,40.2,113,0.23086789226165028,0.26934587430525864,0.500213766566909,0.261650277896537,0.19238991021804192,1.9623770842240273,0.6926036767849508,1.7699871740059856,5.502351432235998,1.231295425395468,0.38477982043608383,4.348011970927747,0.6926036767849508
Sander Berge,no NOR,MF,Fulham,eng Premier League,26,31,26,2224,24.7,0,0,0,0.4,0.4,0.6,3,1,33.3,0.0,0.0,-0.4,91.5,18,124,29,50,30,21,38,1384,804,55.0,126,0.0,0.0,0.0,0.01618705035971223,0.024280575539568344,0.12140287769784174,0.04046762589928058,0.7284172661870504,6.191546762589928,2.023381294964029,0.8498201438848921,5.098920863309353,1.537769784172662
Lucas Bergvall,se SWE,MF,Tottenham,eng Premier League,18,27,11,1212,13.5,0,1,1,0.7,0.7,0.6,12,2,16.7,0.0,0.0,-0.7,87.4,11,49,33,39,19,24,22,885,531,46.7,73,0.0,0.07425742574257425,0.07425742574257425,0.05198019801980198,0.04455445544554455,0.8910891089108911,0.1485148514851485,0.8168316831683169,6.089108910891089,2.896039603960396,1.7821782178217822,5.420792079207921,1.6336633663366338
Medon Berisha,al ALB,MF,Lecce,it Serie A,20,17,7,716,8.0,0,1,1,0.7,0.7,0.6,24,6,25.0,0.0,0.0,-0.7,78.0,11,42,13,12,8,11,5,486,279,33.3,36,0.0,0.12569832402234637,0.12569832402234637,0.08798882681564245,0.07541899441340782,3.016759776536313,0.7541899441340782,1.38268156424581,6.91340782122905,1.5083798882681565,1.38268156424581,4.5251396648044695,0.6284916201117318
Mergim Berisha,de GER,"FW,MF",Hoffenheim,de Bundesliga,26,11,3,333,3.7,1,1,2,1.0,1.0,1.0,11,3,27.3,0.09,0.33,0.0,69.6,3,7,2,3,3,0,3,93,60,37.5,10,0.2702702702702703,0.2702702702702703,0.5405405405405406,0.2702702702702703,0.2702702702702703,2.972972972972973,0.8108108108108109,0.8108108108108109,2.4324324324324325,0.8108108108108109,0.0,2.7027027027027026,0.8108108108108109
Mergim Berisha,de GER,FW,Augsburg,de Bundesliga,26,2,0,40,0.4,0,0,0,0.2,0.2,0.0,3,1,33.3,0.0,0.0,-0.2,66.7,0,0,2,1,0,0,0,18,11,,1,0.0,0.0,0.0,0.45,0.0,6.75,2.25,0.0,4.5,2.25,0.0,2.25,0.0
Adrian Bernabe,es ESP,MF,Parma,it Serie A,23,21,18,1453,16.1,1,1,2,1.3,1.3,1.1,27,5,18.5,0.04,0.2,-0.3,83.6,22,115,37,29,18,7,26,1140,738,45.5,72,0.06194081211286992,0.06194081211286992,0.12388162422573984,0.08052305574673091,0.06813489332415693,1.672401927047488,0.3097040605643496,1.3626978664831384,9.415003441156228,1.796283551273228,0.43358568479008947,4.459738472126634,1.6104611149346182
Marc Bernal,es ESP,MF,Barcelona,es La Liga,17,3,3,242,2.7,0,0,0,0.1,0.1,0.0,2,1,50.0,0.0,0.0,-0.1,92.5,1,8,0,8,6,1,4,184,97,66.7,9,0.0,0.0,0.0,0.0371900826446281,0.0,0.743801652892562,0.371900826446281,0.371900826446281,2.975206611570248,2.975206611570248,0.371900826446281,3.347107438016529,1.487603305785124
Bernardo,br BRA,DF,Bochum,de Bundesliga,29,21,19,1782,19.8,0,0,0,0.7,0.7,0.7,8,2,25.0,0.0,0.0,-0.7,73.7,4,100,14,46,28,26,103,1249,630,60.0,83,0.0,0.0,0.0,0.03535353535353535,0.03535353535353535,0.4040404040404041,0.10101010101010102,0.20202020202020204,5.757575757575758,2.323232323232323,1.3131313131313131,4.191919191919192,5.202020202020202
Juan Bernat,es ESP,"DF,MF",Villarreal,es La Liga,31,10,1,212,2.4,0,1,1,0.3,0.3,0.4,2,1,50.0,0.0,0.0,-0.3,77.7,4,8,4,9,7,1,4,160,83,37.5,13,0.0,0.4245283018867924,0.4245283018867924,0.12735849056603774,0.16981132075471697,0.8490566037735848,0.4245283018867924,1.6981132075471697,5.09433962264151,3.820754716981132,0.4245283018867924,5.518867924528302,1.6981132075471697
Juan Bernat,es ESP,"MF,DF",Getafe,es La Liga,31,14,9,699,7.8,0,1,1,0.1,0.1,0.7,4,0,0.0,0.0,,-0.1,71.7,7,14,2,19,13,2,12,291,148,52.2,26,0.0,0.12875536480686695,0.12875536480686695,0.012875536480686697,0.09012875536480686,0.5150214592274678,0.0,0.9012875536480687,2.060085836909871,2.4463519313304722,0.2575107296137339,3.347639484978541,1.5450643776824033
Maxime Bernauer,fr FRA,DF,Saint-Étienne,fr Ligue 1,26,11,9,763,8.5,0,0,0,0.1,0.1,0.0,2,0,0.0,0.0,,-0.1,88.1,1,41,7,9,9,5,44,541,327,66.7,37,0.0,0.0,0.0,0.011795543905635648,0.0,0.23591087811271297,0.0,0.11795543905635648,5.661861074705111,1.0615989515072084,0.5897771952817824,4.3643512450851905,5.190039318479686
Antoine Bernede,fr FRA,MF,Hellas Verona,it Serie A,25,14,7,594,6.6,1,0,1,0.8,0.8,0.5,4,2,50.0,0.25,0.5,0.2,73.6,10,29,7,15,8,5,3,297,156,50.0,38,0.15151515151515152,0.0,0.15151515151515152,0.12121212121212122,0.07575757575757576,0.6060606060606061,0.30303030303030304,1.5151515151515151,5.454545454545455,2.2727272727272725,0.7575757575757576,5.757575757575758,0.4545454545454546
Alexander Bernhardsson,se SWE,"FW,MF",Holstein Kiel,de Bundesliga,25,19,15,1263,14.0,7,2,9,4.1,4.1,1.3,27,14,51.9,0.26,0.5,2.9,60.5,17,33,25,29,15,5,25,520,264,41.5,45,0.498812351543943,0.14251781472684086,0.6413301662707839,0.2921615201900237,0.09263657957244656,1.9239904988123513,0.997624703087886,1.211401425178147,4.133016627078385,2.0665083135391926,0.3562945368171021,3.2066508313539193,1.7814726840855106
Victor Bernth Kristiansen,dk DEN,DF,Leicester City,eng Premier League,21,30,29,2482,27.6,0,1,1,0.3,0.3,1.4,3,0,0.0,0.0,,-0.3,77.4,18,70,40,87,51,42,75,1614,816,44.4,99,0.0,0.0362610797743755,0.0362610797743755,0.01087832393231265,0.0507655116841257,0.10878323932312652,0.0,0.6526994359387591,3.988718775181305,3.154713940370669,1.5229653505237712,3.589846897663175,2.7195809830781625
Matúš Bero,sk SVK,MF,Bochum,de Bundesliga,28,30,29,2565,28.5,5,2,7,4.0,3.0,3.7,31,12,38.7,0.16,0.42,1.0,67.9,54,143,29,65,35,17,35,1619,736,34.5,164,0.17543859649122806,0.07017543859649122,0.2456140350877193,0.14035087719298245,0.1298245614035088,1.087719298245614,0.4210526315789474,1.894736842105263,6.035087719298246,2.280701754385965,0.5964912280701754,5.75438596491228,1.2280701754385963
Juan Berrocal,es ESP,DF,Getafe,es La Liga,25,19,11,1063,11.8,0,0,0,0.4,0.4,0.0,4,0,0.0,0.0,,-0.4,76.1,1,25,1,14,7,15,59,498,196,,35,0.0,0.0,0.0,0.03386641580432737,0.0,0.33866415804327377,0.0,0.08466603951081844,2.2013170272812794,1.1853245531514582,1.2699905926622765,2.9633113828786453,4.995296331138287
Jan-Niklas Beste,de GER,"FW,MF",Freiburg,de Bundesliga,25,12,0,212,2.4,0,1,1,0.9,0.9,0.4,6,2,33.3,0.0,0.0,-0.9,74.5,3,8,5,2,1,1,7,136,73,25.0,16,0.0,0.4245283018867924,0.4245283018867924,0.3820754716981132,0.16981132075471697,2.547169811320755,0.8490566037735848,1.2735849056603774,5.518867924528302,0.8490566037735848,0.4245283018867924,6.792452830188679,2.9716981132075473
Beto,gw GNB,FW,Everton,eng Premier League,26,30,15,1534,17.0,8,0,8,8.2,8.2,1.2,49,23,46.9,0.16,0.35,-0.2,58.2,12,16,15,14,6,4,24,520,267,50.0,40,0.469361147327249,0.0,0.469361147327249,0.48109517601043017,0.07040417209908735,2.8748370273794004,1.349413298565841,0.7040417209908736,1.81877444589309,0.8213820078226858,0.2346805736636245,2.346805736636245,1.4080834419817472
Sam Beukema,nl NED,DF,Bologna,it Serie A,25,35,33,3012,33.5,0,1,1,1.5,1.5,0.9,15,4,26.7,0.0,0.0,-1.5,86.4,10,153,27,54,29,30,111,2419,1519,50.0,135,0.0,0.0298804780876494,0.0298804780876494,0.044820717131474105,0.02689243027888446,0.448207171314741,0.1195219123505976,0.29880478087649404,5.378486055776893,1.6135458167330679,0.896414342629482,4.03386454183267,3.316733067729084
Alessandro Bianco,it ITA,MF,Monza,it Serie A,21,34,29,2600,28.9,1,0,1,1.3,1.3,1.2,26,6,23.1,0.04,0.17,-0.3,86.2,18,125,35,51,28,22,53,1818,1186,41.5,122,0.03461538461538462,0.0,0.03461538461538462,0.045,0.04153846153846154,0.9,0.2076923076923077,0.6230769230769231,5.538461538461538,1.7653846153846153,0.7615384615384615,4.223076923076923,1.8346153846153845
Alessandro Bianco,it ITA,MF,Fiorentina,it Serie A,21,1,0,18,0.2,0,0,0,0.0,0.0,0.0,0,0,,,,0.0,75.0,0,0,0,0,0,0,0,14,8,,3,0.0,0.0,0.0,0.0,0.0,0.0,0.0,0.0,0.0,0.0,0.0,15.0,0.0
Mika Biereth,dk DEN,FW,Monaco,fr Ligue 1,21,16,16,1228,13.6,13,2,15,11.3,9.7,4.5,40,22,55.0,0.3,0.55,1.7,61.8,22,24,14,5,5,4,7,382,212,9.1,23,0.9527687296416938,0.1465798045602606,1.0993485342019544,0.8281758957654723,0.3298045602605863,2.9315960912052117,1.6123778501628665,1.6123778501628665,2.785016286644951,0.36644951140065146,0.2931596091205212,1.6856677524429968,0.5130293159609121
Jaka Bijol,si SVN,DF,Udinese,it Serie A,25,34,34,2963,32.9,1,0,1,2.0,2.0,0.6,19,6,31.6,0.05,0.17,-1.0,83.6,12,98,22,43,25,38,182,2083,1211,66.7,101,0.030374620317246033,0.0,0.030374620317246033,0.060749240634492066,0.01822477219034762,0.5771177860276746,0.1822477219034762,0.3644954438069524,3.644954438069524,1.3061086736415795,1.1542355720553492,3.0678366520418496,5.528180897738778
El Bilal Touré,ml MLI,"FW,MF",Stuttgart,de Bundesliga,22,12,3,356,4.0,2,1,3,1.6,1.6,1.1,14,4,28.6,0.14,0.5,0.4,78.1,7,7,6,4,1,0,1,137,72,50.0,8,0.5056179775280899,0.25280898876404495,0.7584269662921348,0.40449438202247195,0.27808988764044945,3.539325842696629,1.0112359550561798,1.7696629213483146,3.286516853932584,1.0112359550561798,0.0,2.0224719101123596,0.25280898876404495
Philip Billing,dk DEN,MF,Bournemouth,eng Premier League,28,10,1,184,2.0,0,0,0,0.6,0.6,1.1,5,1,20.0,0.0,0.0,-0.6,68.6,9,15,3,14,5,5,2,148,58,33.3,14,0.0,0.0,0.0,0.2934782608695652,0.5380434782608696,2.4456521739130435,0.4891304347826087,4.4021739130434785,8.804347826086957,6.847826086956522,2.4456521739130435,6.847826086956522,0.9782608695652174
Philip Billing,dk DEN,MF,Napoli,it Serie A,28,10,1,197,2.2,1,0,1,1.5,1.5,0.1,6,3,50.0,0.17,0.33,-0.5,78.2,3,5,1,9,6,4,6,136,62,33.3,8,0.45685279187817257,0.0,0.45685279187817257,0.6852791878172589,0.045685279187817264,2.7411167512690358,1.3705583756345179,1.3705583756345179,2.7411167512690358,4.111675126903553,1.8274111675126903,3.6548223350253806,2.7411167512690358
Cristiano Biraghi,it ITA,DF,Torino,it Serie A,31,15,13,1158,12.9,0,0,0,0.5,0.5,2.7,10,1,10.0,0.0,0.0,-0.5,71.5,25,36,24,16,10,8,44,832,390,12.5,39,0.0,0.0,0.0,0.038860103626943004,0.20984455958549225,0.7772020725388601,0.07772020725388601,1.9430051813471503,4.66321243523316,1.2435233160621761,0.6217616580310881,3.0310880829015545,3.4196891191709846
Cristiano Biraghi,it ITA,DF,Fiorentina,it Serie A,31,8,5,433,4.8,1,0,1,0.2,0.2,0.3,5,2,40.0,0.2,0.5,0.8,83.8,6,15,3,4,4,4,11,335,178,,10,0.20785219399538105,0.0,0.20785219399538105,0.041570438799076216,0.06235565819861432,1.0392609699769053,0.4157043879907621,1.2471131639722863,3.7413394919168588,0.8314087759815242,0.8314087759815242,2.0785219399538106,2.2863741339491916
Samuele Birindelli,it ITA,"DF,MF",Monza,it Serie A,25,21,18,1468,16.3,3,0,3,2.1,2.1,1.4,16,10,62.5,0.19,0.3,0.9,75.7,18,35,40,22,15,10,34,757,457,50.0,47,0.18392370572207084,0.0,0.18392370572207084,0.1287465940054496,0.08583106267029973,0.9809264305177111,0.6130790190735694,1.103542234332425,4.598092643051771,1.3487738419618527,0.6130790190735694,2.8814713896457764,2.084468664850136
Tom Bischof,de GER,"MF,FW",Hoffenheim,de Bundesliga,19,31,30,2559,28.4,5,2,7,2.2,2.2,3.6,51,18,35.3,0.1,0.28,2.8,78.7,50,138,47,95,53,30,53,1951,962,45.3,156,0.17584994138335286,0.07033997655334115,0.246189917936694,0.07737397420867527,0.12661195779601406,1.7936694021101993,0.6330597889800704,1.7584994138335288,6.506447831184056,3.341148886283704,1.0550996483001172,5.4865181711606095,1.8640093786635403
Yves Bissouma,ml MLI,MF,Tottenham,eng Premier League,27,28,16,1408,15.6,2,0,2,0.6,0.6,0.3,11,4,36.4,0.18,0.5,1.4,88.6,6,75,15,49,31,18,40,1039,610,31.8,85,0.1278409090909091,0.0,0.1278409090909091,0.03835227272727273,0.019176136363636364,0.703125,0.2556818181818182,0.38352272727272724,5.752840909090909,3.1321022727272725,1.1505681818181819,5.433238636363637,2.5568181818181817
Leonardo Bittencourt,de GER,MF,Werder Bremen,de Bundesliga,30,27,10,982,10.9,2,1,3,1.6,1.6,1.6,27,9,33.3,0.07,0.22,0.4,84.0,14,64,19,25,9,15,11,801,530,20.0,44,0.18329938900203666,0.09164969450101833,0.27494908350305497,0.14663951120162932,0.14663951120162932,2.474541751527495,0.824847250509165,1.2830957230142568,7.606924643584521,2.2912423625254585,1.374745417515275,4.032586558044806,1.0081466395112015
Emmanuel Biumla,fr FRA,DF,Angers,fr Ligue 1,19,17,15,1336,14.8,1,0,1,0.7,0.7,0.0,4,2,50.0,0.25,0.5,0.3,88.2,1,16,3,19,12,8,84,654,380,58.3,37,0.06736526946107785,0.0,0.06736526946107785,0.04715568862275449,0.0,0.2694610778443114,0.1347305389221557,0.06736526946107785,1.279940119760479,1.279940119760479,0.5389221556886228,2.4925149700598803,5.658682634730539
Bjarki Bjarkason,is ISL,"DF,MF",Venezia,it Serie A,24,9,1,165,1.8,0,0,0,0.0,0.0,0.1,0,0,,,,0.0,87.6,1,10,6,3,2,2,4,111,71,16.7,9,0.0,0.0,0.0,0.0,0.05454545454545454,0.0,0.0,0.5454545454545454,8.727272727272727,1.6363636363636362,1.0909090909090908,4.909090909090909,2.1818181818181817
Antonio Blanco,es ESP,MF,Alavés,es La Liga,24,35,32,2727,30.3,0,1,1,0.8,0.8,1.6,25,3,12.0,0.0,0.0,-0.8,79.3,15,146,13,67,40,42,48,1543,762,71.4,164,0.0,0.033003300330033,0.033003300330033,0.026402640264026403,0.052805280528052806,0.825082508250825,0.099009900990099,0.4950495049504951,5.247524752475248,2.211221122112211,1.386138613861386,5.412541254125412,1.584158415841584
Ludovic Blas,fr FRA,"MF,FW",Rennes,fr Ligue 1,26,29,26,2293,25.5,6,8,14,5.0,5.0,4.6,57,26,45.6,0.11,0.23,1.0,73.9,47,116,83,38,25,13,11,1262,781,37.9,88,0.23549934583515048,0.3139991277802006,0.5494984736153511,0.19624945486262538,0.18054949847361534,2.2372437854339293,1.020497165285652,1.8447448757086788,7.810728303532491,1.4914958569559529,0.510248582642826,3.453990405582207,0.4317488006977759
Daley Blind,nl NED,DF,Girona,es La Liga,34,34,31,2780,30.9,0,2,2,0.5,0.5,1.6,10,4,40.0,0.0,0.0,-0.5,88.8,19,272,71,49,27,32,94,2860,1862,53.6,116,0.0,0.06474820143884892,0.06474820143884892,0.01618705035971223,0.051798561151079135,0.32374100719424465,0.12949640287769784,0.6151079136690647,11.10431654676259,1.5863309352517985,1.0359712230215827,3.7553956834532376,3.043165467625899
Myron Boadu,nl NED,FW,Bochum,de Bundesliga,23,19,11,1042,11.6,9,1,10,7.7,6.9,1.1,27,13,48.1,0.3,0.62,1.3,71.3,11,18,12,2,1,1,4,287,179,47.8,20,0.7773512476007678,0.08637236084452975,0.8637236084452974,0.6650671785028791,0.09500959692898273,2.3320537428023034,1.1228406909788866,0.9500959692898272,2.5911708253358925,0.1727447216890595,0.08637236084452975,1.7274472168905948,0.345489443378119
Augustine Boakye,gh GHA,"FW,MF",Saint-Étienne,fr Ligue 1,23,17,8,733,8.1,3,0,3,1.8,1.8,0.9,24,9,37.5,0.13,0.33,1.2,75.0,13,35,25,7,3,6,4,349,194,54.2,27,0.36834924965893584,0.0,0.36834924965893584,0.22100954979536153,0.11050477489768076,2.9467939972714867,1.1050477489768076,1.5961800818553888,7.366984993178718,0.859481582537517,0.7366984993178717,3.3151432469304227,0.49113233287858116
Oscar Bobb,no NOR,FW,Manchester City,eng Premier League,21,3,0,16,0.2,0,0,0,0.0,0.0,0.1,0,0,,,,0.0,86.7,1,1,1,0,0,0,0,15,10,100.0,2,0.0,0.0,0.0,0.0,0.5625,0.0,0.0,5.625,11.25,0.0,0.0,11.25,0.0
Mathéo Bodmer,fr FRA,MF,Le Havre,fr Ligue 1,20,1,0,6,0.1,0,0,0,0.0,0.0,0.0,0,0,,,,0.0,100.0,0,0,0,0,0,0,1,3,0,,0,0.0,0.0,0.0,0.0,0.0,0.0,0.0,0.0,0.0,0.0,0.0,0.0,15.0
Sacha Boey,fr FRA,DF,Bayern Munich,de Bundesliga,23,13,6,593,6.6,0,2,2,0.1,0.1,1.2,3,1,33.3,0.0,0.0,-0.1,92.4,3,39,18,20,5,2,14,580,360,31.6,38,0.0,0.30354131534569984,0.30354131534569984,0.015177065767284992,0.18212478920741987,0.4553119730185497,0.15177065767284992,0.4553119730185497,8.650927487352444,3.0354131534569984,0.30354131534569984,5.767284991568297,2.124789207419899
Jeremie Boga,ci CIV,"MF,FW",Nice,fr Ligue 1,27,21,12,1054,11.7,1,2,3,2.3,2.3,2.8,30,16,53.3,0.03,0.06,-1.3,82.7,24,39,64,10,5,3,2,529,338,39.1,44,0.08538899430740038,0.17077798861480076,0.25616698292220114,0.19639468690702086,0.23908918406072105,2.5616698292220113,1.366223908918406,2.049335863377609,8.795066413662239,0.8538899430740038,0.25616698292220114,3.757115749525617,0.17077798861480076
Lamare Bogarde,nl NED,"DF,MF",Aston Villa,eng Premier League,20,8,5,476,5.3,0,0,0,0.0,0.0,0.1,1,1,100.0,0.0,0.0,0.0,88.2,2,14,12,14,6,1,13,325,173,50.0,13,0.0,0.0,0.0,0.0,0.018907563025210086,0.18907563025210083,0.18907563025210083,0.37815126050420167,4.915966386554622,2.6470588235294117,0.18907563025210083,2.457983193277311,2.457983193277311
Emil Bohinen,no NOR,MF,Genoa,it Serie A,25,3,1,166,1.8,0,0,0,0.1,0.1,0.1,2,0,0.0,0.0,,-0.1,80.2,3,5,6,4,4,1,6,109,51,,9,0.0,0.0,0.0,0.054216867469879526,0.054216867469879526,1.0843373493975905,0.0,1.6265060240963856,5.963855421686747,2.168674698795181,0.5421686746987953,4.879518072289157,3.253012048192771
Adama Boiro,es ESP,"DF,FW",Athletic Club,es La Liga,22,18,13,1101,12.2,0,0,0,0.3,0.3,0.5,5,0,0.0,0.0,,-0.3,79.9,5,46,25,20,11,12,27,627,288,30.8,45,0.0,0.0,0.0,0.02452316076294278,0.04087193460490463,0.40871934604904636,0.0,0.40871934604904636,5.8038147138964575,1.6348773841961854,0.9809264305177111,3.678474114441417,2.20708446866485
Willy Boly,ci CIV,DF,Nott'ham Forest,eng Premier League,33,6,1,150,1.7,0,0,0,0.1,0.1,0.0,1,1,100.0,0.0,0.0,-0.1,78.6,0,2,0,6,1,3,12,97,35,,5,0.0,0.0,0.0,0.060000000000000005,0.0,0.6000000000000001,0.6000000000000001,0.0,1.2000000000000002,3.6,1.8,3.0,7.2
Moïse Bombito,ca CAN,DF,Nice,fr Ligue 1,24,27,25,2192,24.4,0,0,0,0.7,0.7,0.2,8,1,12.5,0.0,0.0,-0.7,90.2,2,97,27,37,25,18,121,1673,906,70.6,97,0.0,0.0,0.0,0.02874087591240876,0.008211678832116789,0.3284671532846715,0.04105839416058394,0.08211678832116788,5.091240875912408,1.5191605839416058,0.739051094890511,3.9826642335766427,4.968065693430657
Warren Bondo,fr FRA,MF,Monza,it Serie A,20,20,19,1618,18.0,0,0,0,0.4,0.4,0.3,13,1,7.7,0.0,0.0,-0.4,88.9,5,39,25,35,24,5,8,741,511,50.0,91,0.0,0.0,0.0,0.022249690976514216,0.01668726823238566,0.723114956736712,0.055624227441285534,0.27812113720642767,3.559950556242274,1.946847960444994,0.27812113720642767,5.061804697156984,0.4449938195302843
Warren Bondo,fr FRA,MF,Milan,it Serie A,20,4,3,162,1.8,0,0,0,0.0,0.0,0.1,1,1,100.0,0.0,0.0,0.0,91.7,1,7,2,5,3,0,2,97,66,100.0,12,0.0,0.0,0.0,0.0,0.05555555555555555,0.5555555555555556,0.5555555555555556,0.5555555555555556,5.0,2.7777777777777777,0.0,6.666666666666666,1.1111111111111112
Victor Boniface,ng NGA,FW,Leverkusen,de Bundesliga,23,19,12,1008,11.2,8,1,9,7.8,7.1,1.1,50,17,34.0,0.16,0.47,0.2,70.2,10,23,26,5,4,0,5,400,207,42.9,28,0.7142857142857142,0.08928571428571427,0.8035714285714285,0.6964285714285714,0.09821428571428571,4.464285714285714,1.5178571428571428,0.8928571428571428,4.375,0.4464285714285714,0.0,2.5,0.4464285714285714
Kevin Bonifazi,it ITA,DF,Lecce,it Serie A,28,3,0,65,0.7,0,0,0,0.0,0.0,0.0,0,0,,,,0.0,88.1,0,1,0,1,1,2,3,54,28,50.0,7,0.0,0.0,0.0,0.0,0.0,0.0,0.0,0.0,1.3846153846153846,1.3846153846153846,2.769230769230769,9.692307692307693,4.153846153846154
Ange-Yoan Bonny,fr FRA,FW,Parma,it Serie A,20,37,30,2529,28.1,6,4,10,9.4,7.1,2.9,61,19,31.1,0.07,0.21,-3.4,75.2,30,53,41,34,16,3,17,898,527,49.3,64,0.21352313167259787,0.1423487544483986,0.35587188612099646,0.33451957295373663,0.10320284697508897,2.170818505338078,0.6761565836298932,1.0676156583629892,3.3451957295373664,1.209964412811388,0.10676156583629894,2.2775800711743774,0.604982206405694
Sebastiaan Bornauw,be BEL,DF,Wolfsburg,de Bundesliga,25,15,8,788,8.8,2,1,3,1.2,1.2,0.5,8,3,37.5,0.25,0.67,0.8,81.8,1,21,3,9,6,12,36,428,206,0.0,28,0.22842639593908629,0.11421319796954314,0.34263959390862947,0.13705583756345177,0.05710659898477157,0.9137055837563451,0.34263959390862947,0.11421319796954314,2.7411167512690358,1.0279187817258884,1.3705583756345179,3.197969543147208,4.111675126903553
Sven Botman,nl NED,DF,Newcastle Utd,eng Premier League,24,8,6,412,4.6,0,0,0,0.5,0.5,0.5,5,2,40.0,0.0,0.0,-0.5,89.4,2,7,0,12,9,5,25,304,145,33.3,14,0.0,0.0,0.0,0.10922330097087378,0.10922330097087378,1.0922330097087378,0.4368932038834951,0.4368932038834951,1.529126213592233,2.621359223300971,1.0922330097087378,3.058252427184466,5.461165048543689
Saïmon Bouabré,fr FRA,"MF,FW",Monaco,fr Ligue 1,18,3,1,97,1.1,0,0,0,0.0,0.0,0.0,0,0,,,,0.0,69.0,0,2,3,1,0,0,0,36,27,0.0,2,0.0,0.0,0.0,0.0,0.0,0.0,0.0,0.0,4.639175257731958,0.9278350515463918,0.0,1.8556701030927836,0.0
Ayyoub Bouaddi,fr FRA,MF,Lille,fr Ligue 1,16,24,11,1151,12.8,0,1,1,0.1,0.1,1.0,3,1,33.3,0.0,0.0,-0.1,87.7,5,37,11,50,31,10,12,703,383,48.3,62,0.0,0.07819287576020852,0.07819287576020852,0.007819287576020852,0.07819287576020852,0.23457862728062556,0.07819287576020852,0.3909643788010426,3.753258036490009,3.909643788010426,0.7819287576020852,4.847958297132928,0.9383145091225022
Badredine Bouanani,dz ALG,"MF,FW",Nice,fr Ligue 1,19,26,11,1099,12.2,3,3,6,2.7,1.9,2.4,30,14,46.7,0.07,0.14,0.3,76.7,20,44,47,11,4,11,4,571,362,38.9,44,0.2456778889899909,0.2456778889899909,0.4913557779799818,0.22111010009099183,0.19654231119199272,2.456778889899909,1.1464968152866242,1.637852593266606,7.452229299363057,0.9008189262966333,0.9008189262966333,3.603275705186533,0.3275705186533212
Benjamin Bouchouari,ma MAR,MF,Saint-Étienne,fr Ligue 1,22,25,20,1772,19.7,1,0,1,0.6,0.6,0.9,16,3,18.8,0.06,0.33,0.4,86.7,16,133,48,33,27,17,15,1233,733,50.9,119,0.05079006772009029,0.0,0.05079006772009029,0.030474040632054174,0.045711060948081264,0.8126410835214446,0.1523702031602709,0.8126410835214446,9.193002257336342,1.6760722347629797,0.8634311512415349,6.044018058690745,0.7618510158013545
Hicham Boudaoui,dz ALG,MF,Nice,fr Ligue 1,24,29,27,2435,27.1,2,3,5,2.7,2.7,3.0,39,18,46.2,0.05,0.11,-0.7,83.2,22,124,54,76,52,22,45,1467,770,38.5,175,0.07392197125256673,0.11088295687885011,0.18480492813141686,0.0997946611909651,0.11088295687885011,1.4414784394250513,0.6652977412731006,0.813141683778234,6.579055441478439,2.809034907597536,0.813141683778234,6.468172484599589,1.6632443531827514
Carlo Boukhalfa,ma MAR,MF,St. Pauli,de Bundesliga,25,25,19,1646,18.3,2,0,2,1.5,1.5,1.1,21,4,19.0,0.1,0.5,0.5,71.3,11,41,10,26,11,12,25,651,290,42.9,60,0.10935601458080194,0.0,0.10935601458080194,0.08201701093560146,0.060145808019441076,1.1482381530984205,0.21871202916160387,0.6014580801944107,2.7885783718104498,1.4216281895504252,0.6561360874848117,3.280680437424058,1.3669501822600243
Justin Bourgault,fr FRA,DF,Brest,fr Ligue 1,18,2,2,122,1.4,1,0,1,0.1,0.1,0.1,2,1,50.0,0.5,1.0,0.9,73.0,1,4,2,2,1,0,1,83,45,,11,0.7377049180327869,0.0,0.7377049180327869,0.07377049180327869,0.07377049180327869,1.4754098360655739,0.7377049180327869,0.7377049180327869,4.426229508196721,1.4754098360655739,0.0,8.114754098360656,0.7377049180327869
Benjamin Bourigeaud,fr FRA,MF,Rennes,fr Ligue 1,30,1,1,80,0.9,1,0,1,0.2,0.2,0.0,2,1,50.0,0.5,1.0,0.8,75.0,0,4,0,1,0,2,1,57,20,100.0,4,1.125,0.0,1.125,0.225,0.0,2.25,1.125,0.0,4.5,1.125,2.25,4.5,1.125
Edoardo Bove,it ITA,"MF,FW",Fiorentina,it Serie A,22,11,10,836,9.3,1,2,3,0.6,0.6,1.5,7,2,28.6,0.14,0.5,0.4,82.0,11,37,12,24,17,6,8,437,251,43.8,45,0.10765550239234449,0.21531100478468898,0.3229665071770335,0.0645933014354067,0.16148325358851676,0.7535885167464115,0.21531100478468898,1.1842105263157894,5.27511961722488,2.583732057416268,0.645933014354067,4.844497607655502,0.8612440191387559
Jarrod Bowen,eng ENG,"FW,MF",West Ham,eng Premier League,27,34,34,2973,33.0,13,8,21,8.6,7.8,6.8,86,36,41.9,0.14,0.33,4.4,71.7,51,91,109,41,26,16,25,1252,741,33.8,129,0.39354187689202824,0.24217961654894046,0.6357214934409687,0.260343087790111,0.2058526740665994,2.60343087790111,1.089808274470232,1.5438950554994952,6.054490413723512,1.24117053481332,0.4843592330978809,3.905146316851665,0.756811301715439
Enzo Boyomo,cm CMR,DF,Osasuna,es La Liga,22,34,33,2987,33.2,2,0,2,1.5,1.5,0.9,12,3,25.0,0.17,0.67,0.5,87.0,4,111,16,68,43,44,137,1723,965,56.3,121,0.060261131570137266,0.0,0.060261131570137266,0.04519584867760294,0.02711750920656177,0.36156678942082354,0.09039169735520589,0.12052226314027453,3.826581854703716,2.0488784733846668,1.3257448945430197,3.6457984599933044,4.127887512554403
Enzo Boyomo,cm CMR,DF,Valladolid,es La Liga,22,3,3,270,3.0,0,0,0,0.1,0.1,0.0,2,0,0.0,0.0,,-0.1,91.6,0,7,1,6,2,1,7,215,128,100.0,11,0.0,0.0,0.0,0.03333333333333334,0.0,0.6666666666666667,0.0,0.0,2.666666666666667,2.0,0.33333333333333337,3.666666666666667,2.3333333333333335
Domagoj Bradarić,hr CRO,DF,Hellas Verona,it Serie A,24,28,24,1933,21.5,1,0,1,0.8,0.8,2.2,9,4,44.4,0.11,0.25,0.2,72.4,25,46,30,36,28,15,49,988,426,40.5,80,0.04655975168132437,0.0,0.04655975168132437,0.0372478013450595,0.10243145369891361,0.41903776513191926,0.18623900672529747,1.1639937920331092,3.5385411277806518,1.676151060527677,0.6983962752198655,3.724780134505949,2.281427832384894
Conor Bradley,nir NIR,DF,Liverpool,eng Premier League,21,19,7,754,8.4,0,2,2,0.7,0.7,1.4,10,3,30.0,0.0,0.0,-0.7,83.8,7,33,35,14,10,4,31,663,369,40.0,51,0.0,0.23872679045092837,0.23872679045092837,0.08355437665782492,0.16710875331564984,1.193633952254642,0.35809018567639256,0.8355437665782494,8.116710875331565,1.6710875331564987,0.47745358090185674,6.087533156498674,3.70026525198939
Bilal Brahimi,dz ALG,MF,Nice,fr Ligue 1,24,2,1,76,0.8,0,0,0,0.0,0.0,0.0,1,1,100.0,0.0,0.0,0.0,87.5,1,4,3,0,0,0,2,49,29,0.0,1,0.0,0.0,0.0,0.0,0.0,1.1842105263157894,1.1842105263157894,1.1842105263157894,8.289473684210526,0.0,0.0,1.1842105263157894,2.3684210526315788
Julian Brandt,de GER,MF,Dortmund,de Bundesliga,28,30,28,2303,25.6,5,10,15,4.8,4.8,8.5,45,15,33.3,0.11,0.33,0.2,78.8,61,149,61,26,11,14,13,1455,869,35.2,119,0.19539730785931395,0.3907946157186279,0.5861919235779418,0.18758141554494137,0.33217542336083367,1.7585757707338254,0.5861919235779418,2.38384715588363,8.206686930091186,1.0160660008684326,0.547112462006079,4.650455927051672,0.5080330004342163
Jarrad Branthwaite,eng ENG,DF,Everton,eng Premier League,22,30,28,2511,27.9,0,1,1,1.2,1.2,0.7,10,3,30.0,0.0,0.0,-1.2,82.1,3,66,10,36,20,27,191,1520,747,50.0,93,0.0,0.035842293906810034,0.035842293906810034,0.04301075268817204,0.025089605734767022,0.3584229390681003,0.1075268817204301,0.1075268817204301,2.7240143369175627,1.2903225806451613,0.967741935483871,3.333333333333333,6.845878136200716
Darko Brašanac,rs SRB,MF,Leganés,es La Liga,32,30,15,1617,18.0,1,2,3,1.8,1.8,0.4,12,3,25.0,0.08,0.33,-0.8,75.7,9,43,6,26,11,16,34,672,268,28.6,61,0.05565862708719852,0.11131725417439704,0.16697588126159554,0.10018552875695734,0.022263450834879406,0.6679035250463822,0.16697588126159554,0.5009276437847866,2.7272727272727275,1.4471243042671613,0.8905380333951763,3.3951762523191094,1.8923933209647494
Lilian Brassier,fr FRA,DF,Marseille,fr Ligue 1,24,12,9,779,8.7,0,0,0,0.2,0.2,0.0,5,1,20.0,0.0,0.0,-0.2,85.8,1,40,11,8,6,9,28,732,447,11.1,38,0.0,0.0,0.0,0.023106546854942234,0.0,0.5776636713735559,0.11553273427471115,0.11553273427471115,5.89216944801027,0.9242618741976892,1.0397946084724006,4.390243902439025,3.234916559691913
Lilian Brassier,fr FRA,DF,Rennes,fr Ligue 1,24,14,14,1234,13.7,1,1,2,1.5,1.5,0.3,14,1,7.1,0.07,1.0,-0.5,85.6,6,75,21,15,12,22,62,1058,630,50.0,59,0.07293354943273905,0.07293354943273905,0.1458670988654781,0.1094003241491086,0.021880064829821716,1.0210696920583469,0.07293354943273905,0.4376012965964344,7.00162074554295,1.0940032414910859,1.6045380875202593,4.303079416531604,4.521880064829822
Matthias Braunöder,at AUT,MF,Como,it Serie A,22,8,3,268,3.0,0,0,0,0.1,0.1,0.0,2,0,0.0,0.0,,-0.1,87.7,0,18,2,10,4,2,4,175,88,25.0,8,0.0,0.0,0.0,0.033582089552238806,0.0,0.6716417910447761,0.0,0.0,6.716417910447761,3.3582089552238803,0.6716417910447761,2.6865671641791042,1.3432835820895521
Iker Bravo,es ESP,"FW,MF",Udinese,it Serie A,19,29,4,682,7.6,2,1,3,0.9,0.9,0.4,13,3,23.1,0.15,0.67,1.1,81.1,7,18,7,10,6,1,4,294,157,37.9,30,0.26392961876832843,0.13196480938416422,0.3958944281524927,0.1187683284457478,0.05278592375366569,1.715542521994135,0.3958944281524927,0.9237536656891495,3.2991202346041058,1.3196480938416424,0.13196480938416422,3.9589442815249267,0.5278592375366569
James Bree,eng ENG,DF,Southampton,eng Premier League,26,17,13,1075,11.9,0,1,1,0.1,0.1,0.9,4,1,25.0,0.0,0.0,-0.1,83.5,10,34,13,19,14,9,29,694,363,50.0,65,0.0,0.08372093023255814,0.08372093023255814,0.008372093023255815,0.07534883720930233,0.33488372093023255,0.08372093023255814,0.8372093023255813,3.9348837209302325,1.5906976744186048,0.7534883720930233,5.441860465116279,2.427906976744186
Tim Breithaupt,de GER,MF,Augsburg,de Bundesliga,22,2,2,120,1.3,0,1,1,0.1,0.1,0.4,1,0,0.0,0.0,,-0.1,86.6,1,10,1,1,1,2,0,75,44,100.0,9,0.0,0.75,0.75,0.07500000000000001,0.30000000000000004,0.75,0.0,0.75,8.25,0.75,1.5,6.75,0.0
Gleison Bremer,br BRA,DF,Juventus,it Serie A,27,6,6,540,6.0,0,0,0,0.1,0.1,0.0,3,0,0.0,0.0,,-0.1,92.9,0,21,2,15,7,6,16,569,352,75.0,23,0.0,0.0,0.0,0.01666666666666667,0.0,0.5,0.0,0.0,3.833333333333333,2.5,1.0,3.833333333333333,2.666666666666667
Brenner,br BRA,"MF,FW",Udinese,it Serie A,24,9,5,386,4.3,1,2,3,0.6,0.6,0.5,7,4,57.1,0.14,0.25,0.4,76.3,5,7,5,6,4,1,6,151,94,60.0,16,0.23316062176165803,0.46632124352331605,0.6994818652849741,0.13989637305699482,0.11658031088082901,1.632124352331606,0.9326424870466321,1.16580310880829,2.7979274611398965,1.3989637305699483,0.23316062176165803,3.7305699481865284,1.3989637305699483
Ben Brereton,cl CHI,FW,Southampton,eng Premier League,25,10,4,449,5.0,0,0,0,0.9,0.9,0.1,11,1,9.1,0.0,0.0,-0.9,77.1,3,9,12,3,2,0,4,206,136,25.0,16,0.0,0.0,0.0,0.18040089086859687,0.0200445434298441,2.2048997772828507,0.20044543429844097,0.6013363028953229,4.20935412026726,0.6013363028953229,0.0,3.2071269487750556,0.8017817371937639
Marco Brescianini,it ITA,MF,Atalanta,it Serie A,24,29,9,991,11.0,4,2,6,3.1,3.1,1.0,20,8,40.0,0.2,0.5,0.9,79.5,7,36,46,18,11,2,6,547,355,30.8,50,0.3632694248234107,0.18163471241170534,0.544904137235116,0.2815338042381433,0.09081735620585267,1.8163471241170537,0.7265388496468214,0.6357214934409687,7.447023208879918,1.6347124117053482,0.18163471241170534,4.540867810292633,0.544904137235116
Maximilian Breunig,de GER,"FW,MF",Heidenheim,de Bundesliga,23,13,2,350,3.9,2,0,2,3.4,2.7,0.2,10,2,20.0,0.1,0.5,-1.4,58.0,4,7,5,4,3,1,3,140,78,42.9,13,0.5142857142857142,0.0,0.5142857142857142,0.8742857142857142,0.051428571428571435,2.571428571428571,0.5142857142857142,1.0285714285714285,3.085714285714286,1.0285714285714285,0.2571428571428571,3.342857142857143,0.7714285714285715
Anthony Briançon,fr FRA,DF,Saint-Étienne,fr Ligue 1,29,1,0,1,0.0,0,0,0,0.0,0.0,0.0,0,0,,,,0.0,,0,0,0,0,0,0,0,0,0,,0,0.0,0.0,0.0,0.0,0.0,0.0,0.0,0.0,0.0,0.0,0.0,0.0,0.0
Nathan Broadhead,wls WAL,"MF,FW",Ipswich Town,eng Premier League,26,18,7,702,7.8,2,0,2,1.7,1.7,0.7,13,8,61.5,0.15,0.25,0.3,78.1,7,14,20,9,4,4,5,317,174,50.0,32,0.25641025641025644,0.0,0.25641025641025644,0.21794871794871795,0.08974358974358973,1.6666666666666665,1.0256410256410258,0.8974358974358975,4.358974358974359,1.1538461538461537,0.5128205128205129,4.102564102564103,0.6410256410256411
Armando Broja,al ALB,FW,Everton,eng Premier League,22,10,4,334,3.7,0,0,0,0.1,0.1,0.2,4,0,0.0,0.0,,-0.1,72.6,4,2,12,3,1,1,4,127,64,50.0,9,0.0,0.0,0.0,0.02694610778443114,0.05389221556886228,1.0778443113772456,0.0,1.0778443113772456,3.772455089820359,0.8083832335329341,0.2694610778443114,2.4251497005988023,1.0778443113772456
David Brooks,wls WAL,"FW,MF",Bournemouth,eng Premier League,27,29,9,960,10.7,2,0,2,2.5,2.5,1.9,25,12,48.0,0.08,0.17,-0.5,75.4,20,35,35,14,6,5,9,545,342,32.4,50,0.1875,0.0,0.1875,0.234375,0.17812499999999998,2.34375,1.125,1.875,6.5625,1.3125,0.46875,4.6875,0.84375
Arvid Brorsson,se SWE,DF,Monza,it Serie A,25,6,3,362,4.0,0,0,0,0.0,0.0,0.0,0,0,,,,0.0,90.7,0,9,1,4,3,2,35,303,185,100.0,14,0.0,0.0,0.0,0.0,0.0,0.0,0.0,0.0,2.4861878453038675,0.9944751381215469,0.49723756906077343,3.480662983425414,8.701657458563536
Moritz Broschinski,de GER,"FW,MF",Bochum,de Bundesliga,23,33,15,1390,15.4,1,3,4,4.2,4.2,1.8,38,11,28.9,0.03,0.09,-3.2,63.4,13,20,37,19,14,1,18,552,322,26.4,64,0.06474820143884892,0.19424460431654675,0.2589928057553957,0.2719424460431655,0.11654676258992806,2.460431654676259,0.7122302158273381,0.841726618705036,3.6906474820143886,1.2302158273381294,0.06474820143884892,4.143884892086331,1.1654676258992804
Nathaniel Brown,de GER,"DF,MF",Eint Frankfurt,de Bundesliga,21,26,22,1947,21.6,3,6,9,2.2,2.2,5.1,13,5,38.5,0.23,0.6,0.8,80.7,39,63,45,71,42,15,55,1174,600,33.3,81,0.13867488443759632,0.27734976887519264,0.41602465331278893,0.1016949152542373,0.2357473035439137,0.6009244992295839,0.23112480739599384,1.802773497688752,4.992295839753467,3.2819722650231125,0.6933744221879815,3.7442218798151004,2.542372881355932
Jacob Bruun Larsen,dk DEN,"FW,MF",Hoffenheim,de Bundesliga,25,12,3,400,4.4,2,2,4,2.3,2.3,0.6,14,6,42.9,0.14,0.33,-0.3,74.2,8,16,16,4,3,1,2,226,147,33.3,16,0.45,0.45,0.9,0.5175,0.135,3.1500000000000004,1.3499999999999999,1.8,7.2,0.9,0.225,3.6,0.45
Jacob Bruun Larsen,dk DEN,"MF,FW",Stuttgart,de Bundesliga,25,15,3,414,4.6,1,0,1,0.6,0.6,1.2,6,3,50.0,0.17,0.33,0.4,70.6,11,19,19,1,1,1,4,215,127,45.5,11,0.21739130434782608,0.0,0.21739130434782608,0.13043478260869565,0.2608695652173913,1.3043478260869565,0.6521739130434783,2.391304347826087,8.260869565217392,0.21739130434782608,0.21739130434782608,2.391304347826087,0.8695652173913043
Tajon Buchanan,ca CAN,"DF,FW",Inter,it Serie A,25,6,0,95,1.1,0,0,0,0.0,0.0,0.1,0,0,,,,0.0,83.3,1,2,6,3,0,0,3,64,42,33.3,6,0.0,0.0,0.0,0.0,0.09473684210526316,0.0,0.0,0.9473684210526315,7.578947368421052,2.8421052631578947,0.0,5.684210526315789,2.8421052631578947
Tajon Buchanan,ca CAN,MF,Villarreal,es La Liga,25,13,4,416,4.6,1,2,3,0.9,0.9,0.5,7,2,28.6,0.14,0.5,0.1,73.6,5,5,19,10,5,1,1,223,133,45.5,26,0.21634615384615385,0.4326923076923077,0.6490384615384616,0.19471153846153846,0.10817307692307693,1.5144230769230769,0.4326923076923077,1.0817307692307694,5.1923076923076925,2.1634615384615388,0.21634615384615385,5.625,0.21634615384615385
Ante Budimir,hr CRO,FW,Osasuna,es La Liga,33,38,34,2952,32.8,21,4,25,18.3,12.3,1.7,91,29,31.9,0.14,0.45,2.7,56.1,16,24,23,20,9,2,26,788,380,23.3,54,0.6402439024390244,0.12195121951219512,0.7621951219512194,0.5579268292682927,0.051829268292682924,2.774390243902439,0.8841463414634146,0.4878048780487805,1.4329268292682926,0.6097560975609756,0.06097560975609756,1.646341463414634,0.7926829268292682
Emi Buendía,ar ARG,"MF,FW",Aston Villa,eng Premier League,27,12,0,98,1.1,0,0,0,0.7,0.7,0.0,5,0,0.0,0.0,,-0.7,81.7,1,7,3,6,6,0,2,82,53,0.0,8,0.0,0.0,0.0,0.6428571428571428,0.0,4.591836734693878,0.0,0.9183673469387754,9.183673469387756,5.5102040816326525,0.0,7.346938775510203,1.8367346938775508
Emi Buendía,ar ARG,MF,Leverkusen,de Bundesliga,27,11,3,257,2.9,2,0,2,0.9,0.9,0.9,7,4,57.1,0.29,0.5,1.1,78.3,6,14,2,6,5,0,0,198,108,54.5,20,0.7003891050583657,0.0,0.7003891050583657,0.3151750972762646,0.3151750972762646,2.4513618677042803,1.4007782101167314,2.1011673151750974,5.603112840466926,2.1011673151750974,0.0,7.003891050583658,0.0
Manu Bueno,es ESP,"MF,FW",Sevilla,es La Liga,20,9,1,140,1.6,1,0,1,0.1,0.1,0.0,4,1,25.0,0.25,1.0,0.9,90.5,0,5,2,4,3,0,2,91,56,50.0,6,0.6428571428571428,0.0,0.6428571428571428,0.06428571428571428,0.0,2.571428571428571,0.6428571428571428,0.0,4.5,2.571428571428571,0.0,3.857142857142857,1.2857142857142856
Santiago Bueno,uy URU,DF,Wolves,eng Premier League,25,29,18,1687,18.7,0,0,0,0.4,0.4,0.0,6,3,50.0,0.0,0.0,-0.4,88.0,0,28,1,41,21,15,70,1025,555,0.0,43,0.0,0.0,0.0,0.02133965619442798,0.0,0.32009484291641965,0.16004742145820983,0.0,1.5471250740960285,2.187314759928868,0.8002371072910491,2.2940130409010075,3.7344398340248963
Endika Buján,es ESP,FW,Athletic Club,es La Liga,21,1,0,7,0.1,0,0,0,0.0,0.0,0.0,0,0,,,,0.0,80.0,0,0,1,0,0,0,0,7,5,50.0,0,0.0,0.0,0.0,0.0,0.0,0.0,0.0,0.0,12.857142857142856,0.0,0.0,0.0,0.0
Marius Bülter,de GER,"FW,DF",Hoffenheim,de Bundesliga,31,25,22,1729,19.2,7,2,9,3.7,3.7,3.1,37,15,40.5,0.19,0.47,3.3,67.2,22,35,57,13,10,4,14,774,511,51.1,63,0.3643724696356275,0.10410641989589357,0.4684788895315211,0.19259687680740314,0.16136495083863506,1.9259687680740314,0.7807981492192019,1.1451706188548294,4.7888953152111045,0.6766917293233082,0.20821283979178715,3.2793522267206474,0.728744939271255
Facundo Buonanotte,ar ARG,"FW,MF",Leicester City,eng Premier League,19,31,14,1523,16.9,5,2,7,3.9,3.9,3.1,36,12,33.3,0.14,0.42,1.1,76.4,24,54,39,53,32,12,14,874,479,33.7,79,0.29546946815495734,0.11818778726198292,0.41365725541694026,0.2304661851608667,0.18319107025607356,2.1273801707156927,0.7091267235718975,1.418253447143795,5.4957321076822065,3.131976362442548,0.7091267235718975,4.668417596848326,0.8273145108338805
Alessandro Buongiorno,it ITA,DF,Napoli,it Serie A,25,22,22,1924,21.4,1,0,1,0.8,0.8,0.6,8,4,50.0,0.13,0.25,0.2,90.8,5,82,27,39,23,35,73,1489,902,14.3,84,0.04677754677754678,0.0,0.04677754677754678,0.037422037422037424,0.028066528066528065,0.37422037422037424,0.18711018711018712,0.2338877338877339,5.098752598752599,1.8243243243243243,1.6372141372141373,3.9293139293139294,3.414760914760915
Cameron Burgess,au AUS,DF,Ipswich Town,eng Premier League,28,18,16,1541,17.1,0,2,2,1.1,1.1,0.5,10,2,20.0,0.0,0.0,-1.1,80.9,7,42,2,17,12,14,128,982,430,,44,0.0,0.11680726800778714,0.11680726800778714,0.06424399740428294,0.029201817001946784,0.5840363400389358,0.11680726800778714,0.4088254380272551,2.5697598961713175,0.9928617780661908,0.8176508760545101,2.5697598961713175,7.475665152498377
Jonathan Burkardt,de GER,FW,Mainz 05,de Bundesliga,24,29,28,2109,23.4,18,2,20,14.8,13.2,3.1,70,28,40.0,0.23,0.57,3.2,72.5,20,42,32,15,8,1,14,788,447,41.0,73,0.7681365576102419,0.08534850640113797,0.8534850640113799,0.631578947368421,0.13229018492176386,2.9871977240398295,1.1948790896159318,0.8534850640113799,3.1578947368421053,0.6401137980085349,0.04267425320056899,3.1152204836415365,0.5974395448079659
Oliver Burke,sct SCO,FW,Werder Bremen,de Bundesliga,27,25,9,908,10.1,5,0,5,4.1,4.1,1.7,35,12,34.3,0.14,0.42,0.9,59.9,14,15,22,11,4,2,6,440,246,58.3,26,0.4955947136563877,0.0,0.4955947136563877,0.4063876651982378,0.16850220264317178,3.4691629955947136,1.1894273127753305,1.3876651982378854,3.6674008810572687,1.090308370044053,0.19823788546255508,2.577092511013216,0.5947136563876653
Dan Burn,eng ENG,DF,Newcastle Utd,eng Premier League,32,37,37,3330,37.0,1,1,2,2.0,2.0,0.9,23,7,30.4,0.04,0.14,-1.0,88.4,9,75,12,39,24,27,197,2386,1346,75.0,103,0.027027027027027025,0.027027027027027025,0.05405405405405405,0.05405405405405405,0.024324324324324326,0.6216216216216216,0.1891891891891892,0.24324324324324326,2.3513513513513513,1.0540540540540542,0.7297297297297298,2.7837837837837838,5.324324324324325
Rareș-Cătălin Burnete,ro ROU,FW,Lecce,it Serie A,20,4,0,28,0.3,0,0,0,0.1,0.1,0.0,1,0,0.0,0.0,,-0.1,63.6,0,0,0,0,0,0,0,22,12,50.0,3,0.0,0.0,0.0,0.32142857142857145,0.0,3.214285714285714,0.0,0.0,0.0,0.0,0.0,9.642857142857142,0.0
Wes Burns,wls WAL,"FW,DF",Ipswich Town,eng Premier League,29,18,12,926,10.3,0,1,1,0.5,0.5,1.6,7,1,14.3,0.0,0.0,-0.5,60.5,10,8,38,13,11,10,13,350,216,37.5,50,0.0,0.09719222462203024,0.09719222462203024,0.04859611231101512,0.1555075593952484,0.6803455723542117,0.09719222462203024,0.9719222462203023,4.470842332613391,1.263498920086393,0.9719222462203023,4.859611231101511,1.263498920086393
Marnon Busch,de GER,"DF,MF",Heidenheim,de Bundesliga,29,23,15,1396,15.5,0,1,1,0.4,0.4,1.1,13,3,23.1,0.0,0.0,-0.4,72.7,12,63,22,26,17,13,65,1030,495,37.5,62,0.0,0.06446991404011461,0.06446991404011461,0.02578796561604585,0.07091690544412609,0.83810888252149,0.19340974212034384,0.7736389684813754,5.479942693409742,1.67621776504298,0.83810888252149,3.9971346704871062,4.19054441260745
Gianluca Busio,us USA,MF,Venezia,it Serie A,22,33,28,2518,28.0,2,0,2,2.4,2.4,1.6,36,7,19.4,0.06,0.29,-0.4,75.9,28,95,60,46,31,19,52,1250,747,31.3,107,0.07148530579825257,0.0,0.07148530579825257,0.08578236695790309,0.057188244638602066,1.2867355043685464,0.25019857029388404,1.0007942811755361,5.540111199364575,1.6441620333598093,0.6791104050833996,3.824463860206513,1.858617950754567
Aurélio Buta,pt POR,DF,Reims,fr Ligue 1,27,27,24,1970,21.9,0,1,1,0.3,0.3,0.8,8,1,12.5,0.0,0.0,-0.3,82.6,10,83,28,37,24,22,59,1195,546,40.9,69,0.0,0.045685279187817264,0.045685279187817264,0.013705583756345178,0.03654822335025381,0.3654822335025381,0.045685279187817264,0.45685279187817257,5.071065989847716,1.6903553299492386,1.0050761421319796,3.152284263959391,2.6954314720812182
Nathan Butler-Oyedeji,eng ENG,FW,Arsenal,eng Premier League,21,1,0,7,0.1,0,0,0,0.1,0.1,0.0,1,1,100.0,0.0,0.0,-0.1,,0,0,0,0,0,0,0,1,0,,0,0.0,0.0,0.0,1.2857142857142858,0.0,12.857142857142856,12.857142857142856,0.0,0.0,0.0,0.0,0.0,0.0
Pau Cabanes,es ESP,"MF,FW",Villarreal,es La Liga,19,10,0,163,1.8,1,0,1,0.5,0.5,0.4,4,2,50.0,0.25,0.5,0.5,71.4,4,11,10,4,4,3,2,122,74,41.7,6,0.5521472392638037,0.0,0.5521472392638037,0.27607361963190186,0.22085889570552147,2.208588957055215,1.1042944785276074,2.208588957055215,11.595092024539877,2.208588957055215,1.6564417177914113,3.3128834355828225,1.1042944785276074
Pau Cabanes,es ESP,"MF,FW",Alavés,es La Liga,19,6,2,188,2.1,0,0,0,0.0,0.0,0.0,2,1,50.0,0.0,0.0,0.0,70.2,1,5,15,8,2,0,1,125,83,30.8,11,0.0,0.0,0.0,0.0,0.0,0.9574468085106382,0.4787234042553191,0.4787234042553191,9.574468085106384,3.829787234042553,0.0,5.26595744680851,0.4787234042553191
Rémy Cabella,fr FRA,"FW,MF",Lille,fr Ligue 1,34,23,12,1011,11.2,1,2,3,4.0,4.0,2.3,30,7,23.3,0.03,0.14,-3.0,82.4,26,77,45,39,19,8,5,900,546,50.0,63,0.08902077151335311,0.17804154302670622,0.26706231454005935,0.35608308605341243,0.20474777448071216,2.6706231454005938,0.6231454005934718,2.314540059347181,10.86053412462908,3.4718100890207717,0.7121661721068249,5.6083086053412465,0.4451038575667655
Leandro Cabrera,uy URU,DF,Espanyol,es La Liga,33,33,32,2869,31.9,4,2,6,1.1,1.1,0.9,19,6,31.6,0.21,0.67,2.9,75.2,9,69,9,40,23,30,199,1796,833,50.0,83,0.12547926106657373,0.06273963053328686,0.18821889159986058,0.03450679679330777,0.028232833739979087,0.5960264900662252,0.18821889159986058,0.28232833739979085,2.4468455907981874,1.2547926106657372,0.9410944579993028,2.6036946671314047,6.242593238062042
Liberato Cacace,nz NZL,"MF,DF",Empoli,it Serie A,23,33,24,2230,24.8,2,4,6,2.6,2.6,1.7,29,9,31.0,0.07,0.22,-0.6,67.9,25,70,53,37,25,22,59,1187,542,27.5,98,0.08071748878923767,0.16143497757847533,0.242152466367713,0.10493273542600898,0.06860986547085202,1.1704035874439462,0.3632286995515695,1.0089686098654709,4.9641255605381165,1.493273542600897,0.8878923766816142,3.955156950672646,2.381165919282511
Alessio Cacciamani,it ITA,"MF,DF",Torino,it Serie A,17,2,0,31,0.3,0,0,0,0.0,0.0,0.0,0,0,,,,0.0,80.0,0,1,2,0,0,1,0,18,14,100.0,1,0.0,0.0,0.0,0.0,0.0,0.0,0.0,0.0,8.709677419354838,0.0,2.903225806451613,2.903225806451613,0.0
Anthony Caci,fr FRA,DF,Mainz 05,de Bundesliga,27,33,33,2684,29.8,1,7,8,3.1,3.1,6.6,32,12,37.5,0.03,0.08,-2.1,71.8,50,133,45,60,40,27,47,1973,960,45.3,131,0.03353204172876304,0.2347242921013413,0.26825633383010433,0.10394932935916544,0.22131147540983603,1.0730253353204173,0.40238450074515647,1.676602086438152,5.968703427719822,2.0119225037257826,0.9053651266766021,4.3926974664679586,1.5760059612518629
Mathieu Cafaro,fr FRA,"MF,FW",Saint-Étienne,fr Ligue 1,27,15,9,732,8.1,1,0,1,1.5,1.5,1.3,23,10,43.5,0.04,0.1,-0.5,72.0,13,16,19,10,7,7,3,324,169,41.2,30,0.12295081967213115,0.0,0.12295081967213115,0.18442622950819673,0.1598360655737705,2.8278688524590163,1.2295081967213115,1.5983606557377048,4.30327868852459,1.2295081967213115,0.8606557377049181,3.6885245901639343,0.36885245901639346
Moisés Caicedo,ec ECU,"MF,DF",Chelsea,eng Premier League,22,38,38,3351,37.2,1,2,3,0.8,0.8,3.0,20,3,15.0,0.05,0.33,0.2,89.7,30,215,43,114,73,49,60,2579,1409,45.3,229,0.026857654431512983,0.053715308863025966,0.08057296329453895,0.021486123545210387,0.08057296329453895,0.5371530886302596,0.08057296329453895,0.8057296329453894,6.929274843330349,3.0617726051924796,1.316025067144136,6.150402864816472,1.6114592658907787
Tom Cairney,sct SCO,MF,Fulham,eng Premier League,33,25,3,628,7.0,2,0,2,0.8,0.8,1.1,11,4,36.4,0.18,0.5,1.2,90.7,11,53,18,13,5,4,3,683,456,38.5,52,0.28662420382165604,0.0,0.28662420382165604,0.11464968152866244,0.15764331210191082,1.5764331210191083,0.5732484076433121,1.5764331210191083,10.17515923566879,1.8630573248407643,0.5732484076433121,7.452229299363057,0.42993630573248404
Jens Cajuste,se SWE,MF,Ipswich Town,eng Premier League,24,30,25,1959,21.8,1,1,2,0.7,0.7,0.8,12,1,8.3,0.08,1.0,0.3,82.6,13,59,26,44,22,28,33,1017,481,52.8,107,0.045941807044410414,0.045941807044410414,0.09188361408882083,0.032159264931087284,0.036753445635528334,0.5513016845329249,0.045941807044410414,0.5972434915773354,3.905053598774885,2.021439509954058,1.2863705972434916,4.915773353751914,1.5160796324655437
Davide Calabria,it ITA,DF,Bologna,it Serie A,27,11,7,632,7.0,0,1,1,0.1,0.1,1.3,3,0,0.0,0.0,,-0.1,82.5,13,40,7,12,8,3,22,490,271,0.0,30,0.0,0.14240506329113925,0.14240506329113925,0.014240506329113924,0.18512658227848103,0.4272151898734177,0.0,1.85126582278481,6.693037974683544,1.7088607594936709,0.4272151898734177,4.272151898734178,3.132911392405063
Davide Calabria,it ITA,DF,Milan,it Serie A,27,7,4,316,3.5,0,0,0,0.3,0.3,0.2,2,0,0.0,0.0,,-0.3,86.5,1,24,8,10,7,8,8,258,159,60.0,16,0.0,0.0,0.0,0.08544303797468354,0.056962025316455694,0.569620253164557,0.0,0.2848101265822785,9.113924050632912,2.848101265822785,2.278481012658228,4.556962025316456,2.278481012658228
Riccardo Calafiori,it ITA,DF,Arsenal,eng Premier League,22,19,11,983,10.9,2,1,3,0.9,0.9,0.3,10,6,60.0,0.2,0.33,1.1,85.6,6,54,22,27,19,9,25,653,308,69.2,35,0.18311291963377416,0.09155645981688708,0.2746693794506612,0.08240081383519837,0.027466937945066123,0.9155645981688708,0.5493387589013224,0.5493387589013224,6.958290946083418,2.472024415055951,0.8240081383519837,3.2044760935910475,2.288911495422177
Luca Caldirola,it ITA,DF,Monza,it Serie A,33,14,10,876,9.7,0,0,0,0.3,0.3,0.1,4,2,50.0,0.0,0.0,-0.3,90.4,2,22,5,11,7,11,43,699,461,100.0,19,0.0,0.0,0.0,0.03082191780821918,0.010273972602739727,0.410958904109589,0.2054794520547945,0.2054794520547945,2.773972602739726,1.1301369863013697,1.1301369863013697,1.9520547945205478,4.417808219178082
Fernando Calero,es ESP,"DF,MF",Espanyol,es La Liga,28,21,6,715,7.9,1,0,1,0.3,0.3,0.0,2,1,50.0,0.5,1.0,0.7,85.3,3,17,0,18,10,16,50,498,236,,26,0.1258741258741259,0.0,0.1258741258741259,0.03776223776223776,0.0,0.2517482517482518,0.1258741258741259,0.3776223776223776,2.1398601398601396,2.265734265734266,2.013986013986014,3.2727272727272725,6.293706293706294
Duje Ćaleta-Car,hr CRO,DF,Lyon,fr Ligue 1,27,19,17,1584,17.6,1,0,1,2.1,2.1,0.1,11,1,9.1,0.09,1.0,-1.1,91.0,2,46,4,20,12,17,97,1178,672,50.0,65,0.05681818181818182,0.0,0.05681818181818182,0.11931818181818182,0.005681818181818182,0.625,0.05681818181818182,0.11363636363636365,2.8409090909090913,1.1363636363636362,0.9659090909090908,3.6931818181818183,5.511363636363637
Hakan Çalhanoğlu,tr TUR,MF,Inter,it Serie A,30,28,25,1879,20.9,5,6,11,4.4,1.3,5.6,41,12,29.3,0.05,0.17,0.6,86.6,49,173,52,43,22,17,24,1881,1150,42.9,110,0.2394890899414582,0.28738690792974986,0.5268759978712081,0.21075039914848326,0.2682277807344332,1.9638105375199575,0.5747738158594997,2.3469930814262905,10.77700904736562,2.0596061734965407,0.814262905800958,5.268759978712081,1.1495476317189994
Dominic Calvert-Lewin,eng ENG,FW,Everton,eng Premier League,27,26,19,1609,17.9,3,1,4,6.7,6.7,0.6,50,19,38.0,0.06,0.16,-3.7,62.6,7,20,23,9,7,7,23,520,280,40.0,35,0.1678060907395898,0.05593536357986326,0.22374145431945305,0.3747669359850839,0.03356121814791796,2.7967681789931635,1.062771908017402,0.3915475450590429,2.4052206339341207,0.5034182722187694,0.3915475450590429,1.9577377252952146,1.2865133623368552
Drissa Camara,ci CIV,"MF,FW",Parma,it Serie A,22,21,1,447,5.0,0,0,0,1.2,1.2,0.8,15,5,33.3,0.0,0.0,-1.2,73.1,5,27,18,9,7,3,1,251,174,63.0,29,0.0,0.0,0.0,0.24161073825503354,0.16107382550335572,3.0201342281879193,1.0067114093959733,1.0067114093959733,9.060402684563758,1.8120805369127515,0.6040268456375839,5.838926174496644,0.20134228187919462
Issiaga Camara,gn GUI,MF,Nice,fr Ligue 1,19,4,0,20,0.2,0,0,0,0.0,0.0,0.0,0,0,,,,0.0,93.8,0,2,1,2,1,3,0,23,11,0.0,4,0.0,0.0,0.0,0.0,0.0,0.0,0.0,0.0,13.5,9.0,13.5,18.0,0.0
Lamine Camara,sn SEN,MF,Monaco,fr Ligue 1,20,29,25,2054,22.8,2,7,9,2.3,2.3,4.4,26,9,34.6,0.08,0.22,-0.3,82.8,44,141,25,66,41,31,32,1743,967,48.0,153,0.08763388510223953,0.3067185978578384,0.3943524829600779,0.10077896786757544,0.192794547224927,1.139240506329114,0.3943524829600779,1.9279454722492695,7.273612463485881,2.891918208373905,1.3583252190847128,6.703992210321325,1.4021421616358325
Mahdi Camara,fr FRA,"MF,FW",Brest,fr Ligue 1,26,34,31,2659,29.5,5,3,8,4.1,4.1,2.0,49,19,38.8,0.1,0.26,0.9,85.8,26,111,58,71,40,33,29,1530,828,44.6,98,0.16923655509590071,0.10154193305754043,0.27077848815344113,0.13877397517863857,0.06769462203836028,1.658518239939827,0.6430989093644227,0.8800300864986836,5.720195562241443,2.40315908236179,1.1169612636329447,3.317036479879654,0.9815720195562242
Ousmane Camara,fr FRA,DF,Angers,fr Ligue 1,21,3,3,252,2.8,0,0,0,0.1,0.1,0.0,1,0,0.0,0.0,,-0.1,90.1,1,3,0,4,3,0,18,126,70,,6,0.0,0.0,0.0,0.03571428571428571,0.0,0.3571428571428571,0.0,0.3571428571428571,1.0714285714285714,1.4285714285714284,0.0,2.142857142857143,6.428571428571428
Francesco Camarda,it ITA,"FW,MF",Milan,it Serie A,16,10,1,206,2.3,0,0,0,0.6,0.6,0.5,8,1,12.5,0.0,0.0,-0.6,84.1,5,1,2,5,2,0,3,80,34,28.6,6,0.0,0.0,0.0,0.2621359223300971,0.21844660194174756,3.495145631067961,0.4368932038834951,2.1844660194174756,1.3106796116504855,2.1844660194174756,0.0,2.621359223300971,1.3106796116504855
Eduardo Camavinga,fr FRA,"MF,DF",Real Madrid,es La Liga,21,19,11,1102,12.2,1,2,3,0.4,0.4,0.8,8,2,25.0,0.13,0.5,0.6,88.3,11,61,26,42,26,18,23,957,565,48.4,90,0.08166969147005444,0.16333938294010888,0.24500907441016334,0.03266787658802178,0.06533575317604357,0.6533575317604355,0.16333938294010888,0.8983666061705989,7.105263157894736,3.4301270417422867,1.47005444646098,7.3502722323049,1.8784029038112524
Nicolò Cambiaghi,it ITA,FW,Bologna,it Serie A,23,18,4,620,6.9,1,3,4,0.8,0.8,1.9,14,4,28.6,0.07,0.25,0.2,72.2,12,25,45,16,10,2,2,334,241,44.0,29,0.14516129032258066,0.43548387096774194,0.5806451612903226,0.11612903225806452,0.2758064516129032,2.032258064516129,0.5806451612903226,1.7419354838709677,10.161290322580644,2.3225806451612905,0.2903225806451613,4.209677419354839,0.2903225806451613
Andrea Cambiaso,it ITA,"DF,FW",Juventus,it Serie A,24,33,25,2221,24.7,2,3,5,0.7,0.7,2.6,17,6,35.3,0.12,0.33,1.3,88.5,34,111,78,46,30,16,34,1911,1195,54.0,116,0.08104457451598379,0.12156686177397569,0.20261143628995945,0.028365601080594327,0.10535794687077893,0.6888788833858622,0.24313372354795137,1.3777577667717245,7.658712291760469,1.8640252138676272,0.6483565961278703,4.7005853219270595,1.3777577667717245
Axel Camblan,fr FRA,"MF,FW",Brest,fr Ligue 1,20,2,0,26,0.3,0,0,0,0.0,0.0,0.0,1,0,0.0,0.0,,0.0,42.9,0,2,2,1,1,0,0,10,5,,0,0.0,0.0,0.0,0.0,0.0,3.4615384615384617,0.0,0.0,13.846153846153847,3.4615384615384617,0.0,0.0,0.0
Sergio Camello,es ESP,FW,Rayo Vallecano,es La Liga,23,23,14,1134,12.6,3,2,5,4.1,4.1,2.0,32,9,28.1,0.09,0.33,-1.1,78.7,19,27,20,9,3,4,16,398,222,56.5,32,0.23809523809523808,0.15873015873015872,0.3968253968253968,0.32539682539682535,0.15873015873015872,2.5396825396825395,0.7142857142857142,1.507936507936508,3.73015873015873,0.7142857142857142,0.31746031746031744,2.5396825396825395,1.2698412698412698
José Campaña,es ESP,MF,Las Palmas,es La Liga,31,25,15,1189,13.2,0,3,3,0.1,0.1,0.9,5,3,60.0,0.0,0.0,-0.1,84.3,14,87,11,21,16,19,19,946,478,44.4,84,0.0,0.2270815811606392,0.2270815811606392,0.007569386038687974,0.06812447434819176,0.37846930193439865,0.2270815811606392,1.0597140454163163,7.417998317914214,1.5895710681244744,1.4381833473507148,6.358284272497897,1.4381833473507148
Thomas Campaniello,it ITA,FW,Empoli,it Serie A,16,3,0,25,0.3,0,0,0,0.5,0.5,0.0,1,0,0.0,0.0,,-0.5,64.3,0,0,0,0,0,0,0,17,5,,0,0.0,0.0,0.0,1.8,0.0,3.6,0.0,0.0,0.0,0.0,0.0,0.0,0.0
Cole Campbell,us USA,"MF,FW",Dortmund,de Bundesliga,18,4,0,22,0.2,0,0,0,0.0,0.0,0.0,0,0,,,,0.0,86.7,0,0,1,0,0,0,1,21,10,0.0,3,0.0,0.0,0.0,0.0,0.0,0.0,0.0,0.0,4.090909090909091,0.0,0.0,12.272727272727272,4.090909090909091
Emre Can,de GER,"DF,MF",Dortmund,de Bundesliga,30,31,23,2105,23.4,3,0,3,2.0,0.4,0.7,7,1,14.3,0.14,1.0,1.0,89.5,8,116,20,50,28,20,89,2156,1405,57.7,113,0.12826603325415678,0.0,0.12826603325415678,0.0855106888361045,0.029928741092636577,0.2992874109263658,0.04275534441805225,0.342042755344418,5.814726840855108,2.137767220902613,0.8551068883610452,4.831353919239905,3.8052256532066506
Peio Canales,es ESP,"MF,FW",Athletic Club,es La Liga,19,8,2,259,2.9,0,0,0,0.2,0.2,0.2,3,0,0.0,0.0,,-0.2,79.5,6,6,6,3,2,2,2,140,74,45.5,17,0.0,0.0,0.0,0.0694980694980695,0.0694980694980695,1.0424710424710424,0.0,2.0849420849420848,4.1698841698841695,1.0424710424710424,0.694980694980695,5.907335907335907,0.694980694980695
Matteo Cancellieri,it ITA,"FW,MF",Parma,it Serie A,22,27,19,1424,15.8,3,0,3,2.7,2.7,0.7,22,7,31.8,0.14,0.43,0.3,67.4,11,24,40,26,16,13,30,531,314,40.0,55,0.1896067415730337,0.0,0.1896067415730337,0.17064606741573035,0.044241573033707855,1.3904494382022472,0.44241573033707865,0.6952247191011236,4.044943820224719,1.643258426966292,0.821629213483146,3.4761235955056176,1.896067415730337
Fali Candé,gw GNB,DF,Venezia,it Serie A,26,17,17,1530,17.0,1,1,2,1.1,1.1,0.6,5,2,40.0,0.2,0.5,-0.1,81.0,4,47,5,25,19,15,90,1131,557,90.0,79,0.058823529411764705,0.058823529411764705,0.11764705882352941,0.06470588235294118,0.03529411764705882,0.29411764705882354,0.11764705882352941,0.23529411764705882,3.0588235294117645,1.4705882352941178,0.8823529411764706,4.647058823529411,5.294117647058823
Antonio Candela,it ITA,DF,Venezia,it Serie A,24,14,12,1008,11.2,0,1,1,0.3,0.3,0.8,5,0,0.0,0.0,,-0.3,74.2,9,27,12,31,21,8,22,505,250,50.0,38,0.0,0.08928571428571427,0.08928571428571427,0.026785714285714284,0.07142857142857142,0.4464285714285714,0.0,0.8035714285714285,3.482142857142857,2.767857142857143,0.7142857142857142,3.392857142857143,1.9642857142857142
Antonio Candela,it ITA,DF,Valladolid,es La Liga,24,12,12,906,10.1,0,0,0,0.0,0.0,0.8,1,0,0.0,0.0,,0.0,77.2,6,22,16,9,6,6,33,528,261,40.0,23,0.0,0.0,0.0,0.0,0.07947019867549669,0.09933774834437085,0.0,0.5960264900662252,3.7748344370860925,0.8940397350993378,0.5960264900662252,2.2847682119205297,3.2781456953642385
Sergi Canós,es ESP,"MF,FW",Valencia,es La Liga,27,17,2,370,4.1,0,1,1,0.5,0.5,0.2,11,3,27.3,0.0,0.0,-0.5,58.2,4,9,7,11,7,5,5,231,124,7.7,20,0.0,0.24324324324324326,0.24324324324324326,0.12162162162162163,0.04864864864864865,2.675675675675676,0.7297297297297298,0.972972972972973,3.891891891891892,2.675675675675676,1.2162162162162162,4.864864864864865,1.2162162162162162
Jaydee Canvot,fr FRA,"DF,MF",Toulouse,fr Ligue 1,18,18,12,1106,12.3,0,0,0,0.2,0.2,0.7,5,1,20.0,0.0,0.0,-0.2,86.2,4,41,9,23,11,11,54,666,384,70.0,50,0.0,0.0,0.0,0.0162748643761302,0.056962025316455694,0.406871609403255,0.081374321880651,0.325497287522604,4.06871609403255,1.8716094032549728,0.895117540687161,4.06871609403255,4.394213381555153
Pierrick Capelle,fr FRA,MF,Angers,fr Ligue 1,37,16,3,483,5.4,0,0,0,0.2,0.2,1.2,6,0,0.0,0.0,,-0.2,80.1,5,22,10,24,17,11,5,299,138,61.5,28,0.0,0.0,0.0,0.037267080745341616,0.2236024844720497,1.1180124223602483,0.0,0.9316770186335404,5.962732919254659,4.472049689440993,2.049689440993789,5.217391304347826,0.9316770186335404
Gianluca Caprari,it ITA,"MF,FW",Monza,it Serie A,31,34,18,1651,18.3,3,2,5,4.2,2.6,2.4,28,9,32.1,0.04,0.11,-1.2,79.1,30,81,43,19,11,8,2,912,629,25.0,57,0.1635372501514234,0.10902483343428225,0.27256208358570566,0.22895215021199275,0.1308298001211387,1.5263476680799517,0.4906117504542702,1.6353725015142337,6.7595396729254995,1.0357359176256813,0.436099333737129,3.1072077528770445,0.10902483343428225
Gabin Capuano,fr FRA,FW,Lens,fr Ligue 1,18,1,0,11,0.1,0,0,0,0.0,0.0,0.0,0,0,,,,0.0,100.0,0,0,0,0,0,0,0,4,3,,0,0.0,0.0,0.0,0.0,0.0,0.0,0.0,0.0,0.0,0.0,0.0,0.0,0.0
Francesco Caputo,it ITA,FW,Empoli,it Serie A,36,1,0,6,0.1,0,0,0,0.0,0.0,0.0,0,0,,,,0.0,100.0,0,0,0,0,0,0,0,2,1,,1,0.0,0.0,0.0,0.0,0.0,0.0,0.0,0.0,0.0,0.0,0.0,15.0,0.0
Maxence Caqueret,fr FRA,MF,Como,it Serie A,24,18,15,1087,12.1,2,3,5,0.8,0.8,1.5,8,3,37.5,0.25,0.67,1.2,83.1,19,76,15,36,21,7,4,698,455,42.4,69,0.1655933762649494,0.24839006439742412,0.41398344066237347,0.06623735050597977,0.12419503219871206,0.6623735050597976,0.24839006439742412,1.5731370745170195,7.5344986200551975,2.980680772769089,0.5795768169273229,5.712971481140754,0.3311867525298988
Maxence Caqueret,fr FRA,MF,Lyon,fr Ligue 1,24,9,6,573,6.4,0,0,0,0.7,0.7,0.4,7,1,14.3,0.0,0.0,-0.7,79.9,10,50,14,21,11,7,2,419,211,38.9,24,0.0,0.0,0.0,0.10994764397905758,0.06282722513089005,1.0994764397905759,0.15706806282722513,1.5706806282722514,10.052356020942408,3.2984293193717273,1.0994764397905759,3.7696335078534036,0.31413612565445026
Simon Cara,fr FRA,"MF,FW",Montpellier,fr Ligue 1,19,2,0,9,0.1,0,0,0,0.0,0.0,0.0,0,0,,,,0.0,66.7,0,0,0,0,0,0,0,7,5,0.0,0,0.0,0.0,0.0,0.0,0.0,0.0,0.0,0.0,0.0,0.0,0.0,0.0,0.0
Andrea Carboni,it ITA,DF,Monza,it Serie A,23,26,25,2191,24.3,0,1,1,0.3,0.3,0.3,8,1,12.5,0.0,0.0,-0.3,85.5,4,51,9,60,35,27,106,1412,822,55.6,62,0.0,0.041077133728890915,0.041077133728890915,0.012323140118667274,0.012323140118667274,0.3286170698311273,0.041077133728890915,0.16430853491556366,2.464628023733455,2.464628023733455,1.1090826106800549,2.546782291191237,4.354176175262437
Franco Carboni,it ITA,DF,Venezia,it Serie A,21,8,3,226,2.5,0,0,0,0.0,0.0,0.1,1,0,0.0,0.0,,0.0,66.3,2,6,2,5,3,0,11,128,70,33.3,13,0.0,0.0,0.0,0.0,0.03982300884955753,0.39823008849557523,0.0,0.7964601769911505,3.185840707964602,1.991150442477876,0.0,5.176991150442478,4.380530973451328
Valentin Carboni,ar ARG,"MF,FW",Marseille,fr Ligue 1,19,4,1,103,1.1,0,0,0,0.0,0.0,0.1,2,1,50.0,0.0,0.0,0.0,89.1,3,4,4,2,2,1,1,81,51,0.0,2,0.0,0.0,0.0,0.0,0.08737864077669903,1.7475728155339805,0.8737864077669902,2.621359223300971,6.990291262135922,1.7475728155339805,0.8737864077669902,1.7475728155339805,0.8737864077669902
Irvin Cardona,fr FRA,"FW,MF",Espanyol,es La Liga,26,16,5,606,6.7,1,1,2,1.1,1.1,0.6,10,3,30.0,0.1,0.33,-0.1,62.1,9,15,14,8,5,4,10,246,114,23.1,19,0.1485148514851485,0.1485148514851485,0.297029702970297,0.1633663366336634,0.0891089108910891,1.485148514851485,0.44554455445544555,1.3366336633663365,4.306930693069307,1.188118811881188,0.594059405940594,2.8217821782178216,1.485148514851485
Irvin Cardona,fr FRA,FW,Saint-Étienne,fr Ligue 1,26,15,13,1063,11.8,5,3,8,4.5,3.7,1.4,23,10,43.5,0.22,0.5,0.5,66.9,15,32,30,6,5,4,6,497,283,27.3,26,0.4233301975540922,0.25399811853245535,0.6773283160865475,0.3809971777986829,0.11853245531514581,1.947318908748824,0.8466603951081844,1.2699905926622765,5.249294449670743,0.5079962370649107,0.33866415804327377,2.2013170272812794,0.5079962370649107
Marc Cardona,es ESP,"FW,DF",Las Palmas,es La Liga,29,11,0,132,1.5,0,0,0,0.4,0.4,0.0,4,0,0.0,0.0,,-0.4,79.2,0,3,2,4,2,0,0,73,45,14.3,8,0.0,0.0,0.0,0.2727272727272727,0.0,2.7272727272727275,0.0,0.0,3.409090909090909,2.7272727272727275,0.0,5.454545454545455,0.0
Sergi Cardona,es ESP,DF,Villarreal,es La Liga,25,35,34,2945,32.7,1,7,8,2.4,2.4,5.8,20,6,30.0,0.05,0.17,-1.4,77.3,45,77,52,71,48,40,122,1842,813,33.3,131,0.030560271646859084,0.21392190152801357,0.24448217317487267,0.0733446519524618,0.17724957555178267,0.6112054329371817,0.18336162988115448,1.3752122241086588,3.942275042444822,2.169779286926995,1.2224108658743633,4.00339558573854,3.7283531409168083
Johnny Cardoso,us USA,MF,Betis,es La Liga,22,28,24,2144,23.8,3,1,4,2.0,2.0,0.9,19,7,36.8,0.16,0.43,1.0,85.7,9,71,19,55,31,48,64,1427,752,61.9,138,0.1259328358208955,0.041977611940298504,0.16791044776119401,0.08395522388059701,0.037779850746268655,0.7975746268656716,0.29384328358208955,0.37779850746268656,3.777985074626866,2.308768656716418,2.014925373134328,5.792910447761194,2.6865671641791042
Diego Carlos,br BRA,DF,Aston Villa,eng Premier League,31,10,8,830,9.2,0,0,0,0.6,0.6,0.0,4,1,25.0,0.0,0.0,-0.6,88.6,0,34,3,8,3,5,36,674,419,100.0,36,0.0,0.0,0.0,0.06506024096385542,0.0,0.4337349397590362,0.10843373493975905,0.0,4.0120481927710845,0.8674698795180724,0.5421686746987953,3.9036144578313254,3.9036144578313254
José Carlos González,es ESP,DF,Las Palmas,es La Liga,18,1,0,11,0.1,0,0,0,0.0,0.0,0.0,0,0,,,,0.0,88.9,0,0,0,0,0,0,0,9,4,,0,0.0,0.0,0.0,0.0,0.0,0.0,0.0,0.0,0.0,0.0,0.0,0.0,0.0
Carmona,es ESP,DF,Sevilla,es La Liga,22,35,35,2942,32.7,0,0,0,0.5,0.5,2.0,19,4,21.1,0.0,0.0,-0.5,80.5,19,109,45,83,59,68,92,2192,894,38.0,164,0.0,0.0,0.0,0.015295717199184227,0.06118286879673691,0.5812372535690007,0.12236573759347381,0.5812372535690007,4.711080897348742,2.539089055064582,2.080217539089055,5.016995241332427,2.8144119646498984
Sergio Carreira,es ESP,"MF,DF",Celta Vigo,es La Liga,23,23,19,1656,18.4,0,4,4,0.6,0.6,3.1,13,3,23.1,0.0,0.0,-0.6,76.1,16,53,39,28,16,17,37,1057,571,46.7,66,0.0,0.21739130434782608,0.21739130434782608,0.03260869565217391,0.16847826086956522,0.7065217391304348,0.16304347826086957,0.8695652173913043,5.0,1.5217391304347825,0.9239130434782609,3.58695652173913,2.010869565217391
Dani Carvajal,es ESP,DF,Real Madrid,es La Liga,32,8,7,609,6.8,1,0,1,1.3,1.3,0.2,3,1,33.3,0.33,1.0,-0.3,86.2,5,27,13,12,8,10,19,532,278,40.0,21,0.14778325123152708,0.0,0.14778325123152708,0.1921182266009852,0.02955665024630542,0.4433497536945813,0.14778325123152708,0.7389162561576355,5.911330049261084,1.7733990147783252,1.477832512315271,3.103448275862069,2.8078817733990147
Fabio Carvalho,pt POR,"FW,MF",Brentford,eng Premier League,21,19,3,455,5.1,2,1,3,2.5,2.5,0.7,12,5,41.7,0.17,0.4,-0.5,70.8,4,17,9,13,9,3,2,247,137,14.3,30,0.3956043956043956,0.1978021978021978,0.5934065934065934,0.4945054945054945,0.13846153846153847,2.3736263736263736,0.989010989010989,0.7912087912087912,5.142857142857142,2.571428571428571,0.5934065934065934,5.934065934065934,0.3956043956043956
William Carvalho,pt POR,MF,Betis,es La Liga,32,14,6,484,5.4,0,0,0,0.2,0.2,0.2,4,1,25.0,0.0,0.0,-0.2,86.8,6,45,5,9,6,3,6,432,294,60.0,29,0.0,0.0,0.0,0.0371900826446281,0.0371900826446281,0.743801652892562,0.1859504132231405,1.115702479338843,9.297520661157025,1.6735537190082646,0.5578512396694215,5.392561983471075,1.115702479338843
Cesare Casadei,it ITA,MF,Torino,it Serie A,21,15,13,1017,11.3,1,1,2,1.2,1.2,0.4,14,7,50.0,0.07,0.14,-0.2,79.6,7,36,14,12,5,5,26,508,259,70.0,41,0.08849557522123894,0.08849557522123894,0.17699115044247787,0.10619469026548672,0.035398230088495575,1.238938053097345,0.6194690265486725,0.6194690265486725,4.424778761061947,1.0619469026548671,0.44247787610619466,3.6283185840707968,2.3008849557522124
Marc Casado,es ESP,MF,Barcelona,es La Liga,20,23,20,1611,17.9,1,3,4,1.1,1.1,1.4,14,1,7.1,0.07,1.0,-0.1,89.3,9,107,12,44,25,22,22,1536,870,44.4,90,0.055865921787709494,0.16759776536312848,0.22346368715083798,0.06145251396648045,0.0782122905027933,0.7821229050279329,0.055865921787709494,0.5027932960893855,6.648044692737431,2.458100558659218,1.229050279329609,5.027932960893854,1.229050279329609
Nicolò Casale,it ITA,DF,Bologna,it Serie A,26,15,9,900,10.0,0,1,1,0.5,0.5,0.5,4,1,25.0,0.0,0.0,-0.5,87.5,3,29,3,11,5,17,43,615,328,100.0,43,0.0,0.1,0.1,0.05,0.05,0.4,0.1,0.30000000000000004,3.2,1.1,1.7,4.3,4.3
Nicolò Casale,it ITA,DF,Lazio,it Serie A,26,2,2,135,1.5,0,0,0,0.0,0.0,0.0,1,1,100.0,0.0,0.0,0.0,90.9,0,6,0,5,3,1,2,124,83,,1,0.0,0.0,0.0,0.0,0.0,0.6666666666666667,0.6666666666666667,0.0,4.0,3.333333333333333,0.6666666666666667,0.6666666666666667,1.3333333333333335
Casemiro,br BRA,MF,Manchester Utd,eng Premier League,32,24,18,1494,16.6,1,0,1,1.9,1.9,2.3,32,10,31.3,0.03,0.1,-0.9,78.8,22,84,4,83,50,14,51,1250,660,50.0,103,0.060240963855421686,0.0,0.060240963855421686,0.11445783132530121,0.13855421686746988,1.927710843373494,0.6024096385542168,1.325301204819277,5.301204819277108,5.0,0.8433734939759037,6.204819277108434,3.072289156626506
Kaelan Casey,eng ENG,DF,West Ham,eng Premier League,19,1,0,1,0.0,0,0,0,0.0,0.0,0.0,0,0,,,,0.0,,0,0,0,0,0,0,1,1,0,,0,0.0,0.0,0.0,0.0,0.0,0.0,0.0,0.0,0.0,0.0,0.0,0.0,90.0
Matty Cash,pl POL,DF,Aston Villa,eng Premier League,26,27,24,2070,23.0,1,1,2,0.5,0.5,1.1,13,6,46.2,0.08,0.17,0.5,77.5,10,42,48,56,32,23,70,1186,595,47.5,81,0.043478260869565216,0.043478260869565216,0.08695652173913043,0.021739130434782608,0.04782608695652174,0.5652173913043478,0.2608695652173913,0.43478260869565216,3.9130434782608696,2.4347826086956523,1.0,3.5217391304347827,3.043478260869565
Eiran Cashin,ie IRL,DF,Brighton,eng Premier League,22,2,0,20,0.2,0,0,0,0.0,0.0,0.0,0,0,,,,0.0,82.1,0,6,0,0,0,0,2,32,21,0.0,1,0.0,0.0,0.0,0.0,0.0,0.0,0.0,0.0,27.0,0.0,0.0,4.5,9.0
Josué Casimir,fr FRA,"FW,MF",Le Havre,fr Ligue 1,22,27,23,1997,22.2,4,4,8,3.3,3.3,3.4,27,9,33.3,0.15,0.44,0.7,68.7,26,41,71,37,26,7,35,814,465,45.8,83,0.1802704056084126,0.1802704056084126,0.3605408112168252,0.1487230846269404,0.1532298447671507,1.2168252378567852,0.40560841261892844,1.171757636454682,5.047571357035554,1.6675012518778167,0.3154732098147221,3.740610916374562,1.5773660490736103
Federico Cassa,it ITA,"MF,FW",Atalanta,it Serie A,18,2,0,14,0.2,0,0,0,0.0,0.0,0.0,0,0,,,,0.0,83.3,0,1,1,0,0,0,0,9,9,0.0,1,0.0,0.0,0.0,0.0,0.0,0.0,0.0,0.0,12.857142857142856,0.0,0.0,6.428571428571428,0.0
Cristian Cásseres Jr.,ve VEN,MF,Toulouse,fr Ligue 1,24,32,31,2696,30.0,1,3,4,1.0,1.0,2.6,17,5,29.4,0.06,0.2,0.0,78.8,27,128,31,96,61,42,36,1727,873,57.9,172,0.03338278931750742,0.10014836795252226,0.13353115727002968,0.03338278931750742,0.08679525222551929,0.5675074183976261,0.1669139465875371,0.9013353115727003,5.30786350148368,3.2047477744807122,1.4020771513353116,5.741839762611276,1.201780415430267
Timothy Castagne,be BEL,DF,Fulham,eng Premier League,28,24,17,1649,18.3,0,1,1,0.4,0.4,1.2,8,3,37.5,0.0,0.0,-0.4,81.8,9,62,17,46,29,22,83,1164,547,41.7,57,0.0,0.0545785324439054,0.0545785324439054,0.021831412977562158,0.06549423893268648,0.4366282595512432,0.1637355973317162,0.49120679199514855,4.311704063068527,2.5106124924196482,1.2007277137659187,3.1109763493026077,4.530018192844148
Valentín Castellanos,ar ARG,FW,Lazio,it Serie A,25,29,28,2384,26.5,10,3,13,13.4,11.3,3.6,105,36,34.3,0.08,0.22,-3.4,67.7,26,66,27,13,6,6,25,835,423,43.2,51,0.3775167785234899,0.11325503355704697,0.4907718120805369,0.5058724832214766,0.13590604026845637,3.963926174496644,1.3590604026845639,0.9815436241610738,3.5109060402684564,0.4907718120805369,0.22651006711409394,1.9253355704697988,0.9437919463087249
Jean-Charles Castelletto,cm CMR,"DF,MF",Nantes,fr Ligue 1,29,30,30,2620,29.1,0,0,0,1.8,1.8,0.1,17,5,29.4,0.0,0.0,-1.8,88.6,2,87,21,34,17,25,151,1682,948,100.0,91,0.0,0.0,0.0,0.06183206106870229,0.003435114503816794,0.583969465648855,0.17175572519083968,0.06870229007633588,3.7099236641221376,1.16793893129771,0.8587786259541985,3.1259541984732824,5.187022900763359
Santiago Castro,ar ARG,FW,Bologna,it Serie A,19,36,27,2294,25.5,8,4,12,7.7,6.9,2.9,62,20,32.3,0.13,0.4,0.3,76.8,28,39,17,18,10,3,20,722,428,41.9,69,0.31386224934612034,0.15693112467306017,0.4707933740191805,0.3020924149956408,0.11377506538796861,2.4324324324324325,0.7846556233653007,1.098517872711421,2.197035745422842,0.7061900610287707,0.11769834350479512,2.7070619006102876,0.7846556233653007
Gaetano Castrovilli,it ITA,MF,Monza,it Serie A,27,12,7,596,6.6,0,0,0,0.3,0.3,0.4,6,0,0.0,0.0,,-0.3,79.0,7,24,10,12,7,2,9,305,187,45.5,27,0.0,0.0,0.0,0.04530201342281879,0.0604026845637584,0.9060402684563758,0.0,1.0570469798657718,5.134228187919463,1.8120805369127515,0.30201342281879195,4.077181208053691,1.3590604026845639
Gaetano Castrovilli,it ITA,"MF,FW",Lazio,it Serie A,27,9,1,148,1.6,0,0,0,0.1,0.1,0.7,2,0,0.0,0.0,,-0.1,84.6,2,10,5,5,2,3,1,99,58,50.0,8,0.0,0.0,0.0,0.060810810810810814,0.4256756756756756,1.2162162162162162,0.0,1.2162162162162162,9.121621621621623,3.040540540540541,1.8243243243243243,4.864864864864865,0.6081081081081081
Danilo Cataldi,it ITA,MF,Fiorentina,it Serie A,29,24,22,1712,19.0,3,0,3,1.1,1.1,0.8,13,5,38.5,0.23,0.6,1.9,84.5,15,90,18,25,16,22,35,1147,657,30.0,114,0.15771028037383178,0.0,0.15771028037383178,0.05782710280373832,0.042056074766355145,0.6834112149532711,0.2628504672897196,0.7885514018691588,5.677570093457943,1.314252336448598,1.1565420560747663,5.992990654205607,1.8399532710280373
Catena,es ESP,DF,Osasuna,es La Liga,29,35,35,3074,34.2,1,3,4,2.2,2.2,2.3,20,5,25.0,0.05,0.2,-1.2,83.8,10,89,9,46,28,35,221,1905,984,72.7,108,0.029277813923227067,0.08783344176968119,0.11711125569290827,0.06441119063109955,0.06733897202342225,0.5855562784645413,0.14638906961613532,0.29277813923227064,2.869225764476252,1.346779440468445,1.0247234873129474,3.162003903708523,6.470396877033181
Maximiliano Caufriez,be BEL,DF,Valencia,es La Liga,27,1,1,90,1.0,0,0,0,0.0,0.0,0.0,0,0,,,,0.0,78.6,0,1,0,1,1,1,4,23,8,,1,0.0,0.0,0.0,0.0,0.0,0.0,0.0,0.0,1.0,1.0,1.0,1.0,4.0
Enzo Caumont,fr FRA,MF,Angers,fr Ligue 1,20,2,0,34,0.4,0,0,0,0.0,0.0,0.0,0,0,,,,0.0,92.9,0,1,0,1,1,1,1,20,10,,2,0.0,0.0,0.0,0.0,0.0,0.0,0.0,0.0,2.6470588235294117,2.6470588235294117,2.6470588235294117,5.294117647058823,2.6470588235294117
Dani Ceballos,es ESP,MF,Real Madrid,es La Liga,27,23,15,1215,13.5,0,0,0,0.4,0.4,1.6,7,2,28.6,0.0,0.0,-0.4,94.3,22,150,42,41,21,14,10,1473,999,53.3,87,0.0,0.0,0.0,0.02962962962962963,0.11851851851851852,0.5185185185185186,0.14814814814814814,1.6296296296296295,14.222222222222221,3.037037037037037,1.0370370370370372,6.444444444444445,0.7407407407407408
Abdoulie Ceesay,gm GAM,FW,St. Pauli,de Bundesliga,20,7,0,60,0.7,0,0,0,0.0,0.0,0.0,0,0,,,,0.0,57.1,1,0,0,3,3,0,1,26,12,,4,0.0,0.0,0.0,0.0,0.0,0.0,0.0,1.5,0.0,4.5,0.0,6.0,1.5
Zeki Çelik,tr TUR,DF,Roma,it Serie A,27,31,27,2256,25.1,0,2,2,0.6,0.6,1.6,13,4,30.8,0.0,0.0,-0.6,82.2,19,106,28,62,37,15,84,1627,836,57.1,75,0.0,0.0797872340425532,0.0797872340425532,0.023936170212765957,0.06382978723404256,0.5186170212765957,0.1595744680851064,0.7579787234042553,5.345744680851064,2.473404255319149,0.598404255319149,2.992021276595745,3.351063829787234
Fabien Centonze,fr FRA,DF,Nantes,fr Ligue 1,28,7,3,265,2.9,0,0,0,0.0,0.0,0.2,0,0,,,,0.0,78.2,3,15,10,8,4,2,17,184,90,28.6,8,0.0,0.0,0.0,0.0,0.0679245283018868,0.0,0.0,1.0188679245283019,8.49056603773585,2.7169811320754715,0.6792452830188679,2.7169811320754715,5.773584905660377
Alberto Cerri,it ITA,FW,Como,it Serie A,28,5,0,87,1.0,0,0,0,1.0,1.0,0.0,4,1,25.0,0.0,0.0,-1.0,65.2,0,0,0,0,0,0,1,36,20,,3,0.0,0.0,0.0,1.0344827586206897,0.0,4.137931034482759,1.0344827586206897,0.0,0.0,0.0,0.0,3.103448275862069,1.0344827586206897
Franco Cervi,ar ARG,"FW,MF",Celta Vigo,es La Liga,30,7,4,273,3.0,0,0,0,0.0,0.0,0.3,0,0,,,,0.0,68.9,5,14,3,8,3,8,7,160,82,50.0,12,0.0,0.0,0.0,0.0,0.0989010989010989,0.0,0.0,1.6483516483516485,5.604395604395604,2.6373626373626373,2.6373626373626373,3.956043956043956,2.3076923076923075
Julian Chabot,de GER,DF,Stuttgart,de Bundesliga,26,31,27,2269,25.2,3,1,4,2.0,1.8,0.5,19,3,15.8,0.16,1.0,1.0,89.9,6,108,7,37,24,38,135,2239,1354,60.0,98,0.11899515204936095,0.03966505068312032,0.15866020273248127,0.07933010136624064,0.01983252534156016,0.7536359629792861,0.11899515204936095,0.2379903040987219,4.561480828558836,1.4676068752754519,1.5072719259585723,3.887174966945791,5.354781842221243
El Chadaille Bitshiabu,fr FRA,DF,RB Leipzig,de Bundesliga,19,21,13,1130,12.6,0,0,0,0.3,0.3,0.4,5,3,60.0,0.0,0.0,-0.3,84.4,5,69,4,27,18,13,97,1058,516,66.7,55,0.0,0.0,0.0,0.02389380530973451,0.03185840707964602,0.39823008849557523,0.23893805309734512,0.39823008849557523,5.814159292035399,2.150442477876106,1.0353982300884956,4.380530973451328,7.72566371681416
Fares Chaïbi,dz ALG,"MF,FW",Eint Frankfurt,de Bundesliga,21,26,10,1013,11.3,1,3,4,2.6,2.6,2.9,25,6,24.0,0.04,0.17,-1.6,65.8,24,52,20,13,9,10,32,588,288,58.3,30,0.08884501480750247,0.2665350444225074,0.35538005923000987,0.23099703849950642,0.25765054294175715,2.2211253701875617,0.5330700888450148,2.1322803553800593,6.396841066140177,1.154985192497532,0.8884501480750246,2.665350444225074,2.843040473840079
Trevoh Chalobah,eng ENG,DF,Crystal Palace,eng Premier League,25,12,12,1060,11.8,3,0,3,1.2,1.2,0.4,11,4,36.4,0.27,0.75,1.8,79.0,4,34,11,20,16,19,57,594,278,60.0,56,0.25471698113207547,0.0,0.25471698113207547,0.1018867924528302,0.0339622641509434,0.9339622641509433,0.33962264150943394,0.33962264150943394,3.820754716981132,1.6981132075471697,1.6132075471698113,4.754716981132075,4.839622641509434
Trevoh Chalobah,eng ENG,DF,Chelsea,eng Premier League,25,13,11,910,10.1,0,1,1,0.8,0.8,1.2,7,2,28.6,0.0,0.0,-0.8,90.0,3,37,4,11,7,10,48,774,426,40.0,29,0.0,0.0989010989010989,0.0989010989010989,0.07912087912087912,0.11868131868131868,0.6923076923076923,0.1978021978021978,0.2967032967032967,4.054945054945055,1.087912087912088,0.989010989010989,2.8681318681318677,4.747252747252747
Timothy Chandler,us USA,DF,Eint Frankfurt,de Bundesliga,34,3,0,24,0.3,0,0,0,0.0,0.0,0.0,0,0,,,,0.0,70.8,0,3,1,0,0,3,2,31,16,0.0,1,0.0,0.0,0.0,0.0,0.0,0.0,0.0,0.0,15.0,0.0,11.25,3.75,7.5
Conor Chaplin,eng ENG,"MF,FW",Ipswich Town,eng Premier League,27,22,10,857,9.5,1,1,2,1.5,1.5,0.7,16,3,18.8,0.06,0.33,-0.5,73.7,8,29,13,15,5,4,3,390,179,50.0,27,0.10501750291715285,0.10501750291715285,0.2100350058343057,0.15752625437572929,0.073512252042007,1.6802800466744456,0.31505250875145857,0.8401400233372228,4.41073512252042,1.5752625437572927,0.4200700116686114,2.835472578763127,0.31505250875145857
Brendan Chardonnet,fr FRA,DF,Brest,fr Ligue 1,29,27,27,2416,26.8,1,0,1,0.8,0.8,1.2,14,1,7.1,0.07,1.0,0.2,82.1,8,51,7,45,33,29,169,1521,810,,91,0.037251655629139076,0.0,0.037251655629139076,0.029801324503311258,0.04470198675496689,0.5215231788079471,0.037251655629139076,0.2980132450331126,2.1605960264900665,1.6763245033112584,1.0802980132450333,3.3899006622516556,6.295529801324503
Gabriel Charpentier,cg CGO,FW,Parma,it Serie A,25,10,0,271,3.0,1,2,3,1.3,1.3,0.9,9,4,44.4,0.11,0.25,-0.3,60.0,7,7,6,4,3,0,9,111,55,33.3,12,0.33210332103321033,0.6642066420664207,0.9963099630996309,0.4317343173431734,0.2988929889298893,2.988929889298893,1.3284132841328413,2.3247232472324724,4.317343173431735,1.3284132841328413,0.0,3.9852398523985237,2.988929889298893
Raúl Chasco,es ESP,DF,Valladolid,es La Liga,20,2,1,130,1.4,0,0,0,0.0,0.0,0.0,0,0,,,,0.0,60.3,1,3,1,4,1,2,2,74,28,0.0,2,0.0,0.0,0.0,0.0,0.0,0.0,0.0,0.6923076923076923,2.769230769230769,2.769230769230769,1.3846153846153846,1.3846153846153846,1.3846153846153846
Anrie Chase,jp JPN,DF,Stuttgart,de Bundesliga,20,12,7,734,8.2,0,0,0,0.1,0.1,0.0,5,0,0.0,0.0,,-0.1,91.9,0,28,6,10,4,9,35,622,334,40.0,21,0.0,0.0,0.0,0.01226158038147139,0.0,0.6130790190735694,0.0,0.0,4.168937329700272,1.2261580381471389,1.103542234332425,2.5749318801089918,4.291553133514987
Pep Chavarría,es ESP,"DF,FW",Rayo Vallecano,es La Liga,26,34,28,2585,28.7,0,1,1,1.2,1.2,1.9,11,3,27.3,0.0,0.0,-1.2,79.7,24,114,59,46,36,30,108,1884,887,31.3,114,0.0,0.03481624758220503,0.03481624758220503,0.041779497098646035,0.06615087040618955,0.3829787234042553,0.10444874274661509,0.8355899419729207,6.023210831721471,1.6015473887814313,1.0444874274661509,3.969052224371373,3.760154738878143
Arthur Chaves,br BRA,DF,Hoffenheim,de Bundesliga,23,26,24,2185,24.3,1,0,1,0.8,0.8,0.1,10,2,20.0,0.1,0.5,0.2,82.1,5,57,10,51,36,37,136,1513,740,30.0,93,0.041189931350114416,0.0,0.041189931350114416,0.032951945080091534,0.004118993135011442,0.41189931350114417,0.08237986270022883,0.20594965675057209,2.759725400457666,2.1006864988558354,1.5240274599542334,3.8306636155606406,5.601830663615561
Jhoanner Chávez,ec ECU,"DF,MF",Lens,fr Ligue 1,22,10,7,596,6.6,1,0,1,0.3,0.3,0.7,5,3,60.0,0.2,0.33,0.7,74.7,9,9,14,9,5,6,13,373,179,50.0,25,0.15100671140939598,0.0,0.15100671140939598,0.04530201342281879,0.10570469798657717,0.7550335570469798,0.4530201342281879,1.3590604026845639,3.4731543624161074,1.3590604026845639,0.9060402684563758,3.7751677852348995,1.9630872483221475
Walid Cheddira,ma MAR,FW,Napoli,it Serie A,26,1,0,12,0.1,0,0,0,0.0,0.0,0.0,0,0,,,,0.0,66.7,1,1,0,0,0,0,0,3,1,,0,0.0,0.0,0.0,0.0,0.0,0.0,0.0,7.5,7.5,0.0,0.0,0.0,0.0
Walid Cheddira,ma MAR,FW,Espanyol,es La Liga,26,22,5,640,7.1,1,1,2,1.0,1.0,1.2,13,4,30.8,0.08,0.25,0.0,70.9,6,12,8,5,0,1,6,203,108,20.0,19,0.140625,0.140625,0.28125,0.140625,0.16874999999999998,1.828125,0.5625,0.84375,2.8125,0.703125,0.140625,2.671875,0.84375
Chema,es ESP,MF,Real Madrid,es La Liga,19,2,0,12,0.1,0,0,0,0.0,0.0,0.0,0,0,,,,0.0,100.0,0,0,0,0,0,0,1,3,0,,0,0.0,0.0,0.0,0.0,0.0,0.0,0.0,0.0,0.0,0.0,0.0,0.0,7.5
Théo Chennahi,fr FRA,DF,Montpellier,fr Ligue 1,19,4,2,181,2.0,0,0,0,0.2,0.2,0.0,2,0,0.0,0.0,,-0.2,86.4,1,0,1,6,3,2,6,91,31,0.0,11,0.0,0.0,0.0,0.0994475138121547,0.0,0.9944751381215469,0.0,0.49723756906077343,0.49723756906077343,2.983425414364641,0.9944751381215469,5.469613259668508,2.983425414364641
Sidiki Cherif,fr FRA,FW,Angers,fr Ligue 1,17,7,3,324,3.6,0,0,0,0.7,0.7,0.2,5,2,40.0,0.0,0.0,-0.7,53.2,2,3,8,5,5,0,0,107,71,25.0,10,0.0,0.0,0.0,0.19444444444444442,0.05555555555555555,1.3888888888888888,0.5555555555555556,0.5555555555555556,3.0555555555555554,1.3888888888888888,0.0,2.7777777777777777,0.0
Rayan Cherki,fr FRA,"FW,MF",Lyon,fr Ligue 1,20,30,22,2041,22.7,8,11,19,5.0,5.0,11.1,45,19,42.2,0.18,0.42,3.0,78.5,75,206,106,15,12,7,6,1573,1021,49.5,83,0.3527682508574228,0.48505634492895644,0.8378245957863791,0.22048015678588925,0.48946594806467414,1.9843214110730032,0.8378245957863791,3.3072023517883387,13.75796178343949,0.6614404703576678,0.308672219500245,3.659970602645762,0.2645761881430671
Youssef Chermiti,pt POR,"FW,MF",Everton,eng Premier League,20,4,0,45,0.5,0,0,0,0.1,0.1,0.0,3,1,33.3,0.0,0.0,-0.1,54.5,0,1,0,0,0,0,0,15,7,100.0,0,0.0,0.0,0.0,0.2,0.0,6.0,2.0,0.0,2.0,0.0,0.0,0.0,0.0
Fabio Chiarodia,it ITA,DF,Gladbach,de Bundesliga,19,16,3,379,4.2,1,0,1,0.3,0.3,0.4,4,1,25.0,0.25,1.0,0.7,84.0,1,10,1,10,4,9,53,298,130,,9,0.23746701846965698,0.0,0.23746701846965698,0.07124010554089709,0.09498680738786279,0.9498680738786279,0.23746701846965698,0.23746701846965698,2.612137203166227,2.37467018469657,2.1372031662269126,2.1372031662269126,12.585751978891821
Julián Chicco,ar ARG,"MF,DF",Leganés,es La Liga,26,14,2,302,3.4,0,1,1,0.5,0.5,0.2,3,1,33.3,0.0,0.0,-0.5,79.0,2,16,8,11,7,4,10,196,92,50.0,12,0.0,0.2980132450331126,0.2980132450331126,0.1490066225165563,0.059602649006622516,0.8940397350993378,0.2980132450331126,0.5960264900662252,7.152317880794702,3.2781456953642385,1.1920529801324504,3.576158940397351,2.980132450331126
Federico Chiesa,it ITA,FW,Liverpool,eng Premier League,26,6,1,108,1.2,0,0,0,0.3,0.3,0.2,5,2,40.0,0.0,0.0,-0.3,87.1,2,3,3,1,0,0,1,46,31,0.0,6,0.0,0.0,0.0,0.25,0.16666666666666669,4.166666666666666,1.6666666666666665,1.6666666666666665,5.0,0.8333333333333333,0.0,5.0,0.8333333333333333
Ben Chilwell,eng ENG,DF,Crystal Palace,eng Premier League,27,8,1,259,2.9,1,0,1,0.2,0.2,0.8,5,3,60.0,0.2,0.33,0.8,73.6,5,8,5,7,6,6,16,175,68,33.3,20,0.3474903474903475,0.0,0.3474903474903475,0.0694980694980695,0.277992277992278,1.7374517374517373,1.0424710424710424,1.7374517374517373,4.517374517374517,2.4324324324324325,2.0849420849420848,6.949806949806949,5.55984555984556
Chiquinho,pt POR,MF,Wolves,eng Premier League,24,1,0,7,0.1,0,0,0,0.0,0.0,0.0,0,0,,,,0.0,100.0,1,0,0,0,0,0,0,3,1,,1,0.0,0.0,0.0,0.0,0.0,0.0,0.0,12.857142857142856,0.0,0.0,0.0,12.857142857142856,0.0
Chiquinho,pt POR,"MF,FW",Mallorca,es La Liga,24,8,1,146,1.6,0,0,0,0.3,0.3,0.0,4,2,50.0,0.0,0.0,-0.3,64.7,2,1,4,1,0,2,0,76,43,38.5,10,0.0,0.0,0.0,0.18493150684931506,0.0,2.4657534246575343,1.2328767123287672,1.2328767123287672,3.0821917808219177,0.6164383561643836,1.2328767123287672,6.164383561643835,0.0
Pedro Chirivella,es ESP,MF,Nantes,fr Ligue 1,27,30,28,2348,26.1,0,2,2,0.5,0.5,1.8,8,2,25.0,0.0,0.0,-0.5,85.1,19,170,16,44,29,19,45,1740,946,42.9,116,0.0,0.07666098807495741,0.07666098807495741,0.019165247018739354,0.06899488926746167,0.30664395229982966,0.07666098807495741,0.7282793867120954,7.12947189097104,1.686541737649063,0.7282793867120954,4.4463373083475295,1.724872231686542
Joris Chotard,fr FRA,MF,Montpellier,fr Ligue 1,22,26,23,1892,21.0,1,0,1,1.3,1.3,0.5,19,3,15.8,0.05,0.33,-0.3,81.8,7,80,20,39,27,19,52,1012,489,50.0,90,0.04756871035940804,0.0,0.04756871035940804,0.06183932346723045,0.02378435517970402,0.9038054968287526,0.1427061310782241,0.33298097251585623,4.7568710359408035,1.8551797040169133,0.9038054968287526,4.281183932346723,2.473572938689218
Hamza Choudhury,bd BAN,"MF,DF",Leicester City,eng Premier League,26,4,1,131,1.5,0,0,0,0.0,0.0,0.4,0,0,,,,0.0,85.7,2,3,4,1,1,5,2,100,63,75.0,2,0.0,0.0,0.0,0.0,0.2748091603053435,0.0,0.0,1.3740458015267174,4.809160305343512,0.6870229007633587,3.435114503816794,1.3740458015267174,1.3740458015267174
Andreas Christensen,dk DEN,DF,Barcelona,es La Liga,28,5,2,254,2.8,0,0,0,0.0,0.0,0.0,1,0,0.0,0.0,,0.0,91.8,1,15,1,6,4,4,9,246,163,,14,0.0,0.0,0.0,0.0,0.0,0.3543307086614173,0.0,0.3543307086614173,5.669291338582677,2.1259842519685037,1.4173228346456692,4.960629921259843,3.188976377952756
Ryan Christie,sct SCO,MF,Bournemouth,eng Premier League,29,29,27,2117,23.5,2,3,5,1.8,1.8,3.5,33,12,36.4,0.06,0.17,0.2,79.3,41,137,34,54,33,30,51,1376,726,47.9,182,0.08502598016060463,0.12753897024090696,0.21256495040151158,0.07652338214454417,0.1487954652810581,1.4029286726499763,0.5101558809636279,1.7430325932923947,7.2697213037316954,2.295701464336325,1.2753897024090695,7.737364194615021,2.168162494095418
Carney Chukwuemeka,eng ENG,MF,Dortmund,de Bundesliga,20,10,1,253,2.8,1,0,1,0.6,0.6,0.9,8,2,25.0,0.13,0.5,0.4,78.7,7,18,15,7,5,1,1,169,107,53.8,12,0.3557312252964427,0.0,0.3557312252964427,0.2134387351778656,0.32015810276679846,2.8458498023715415,0.7114624505928854,2.4901185770750986,11.739130434782608,2.4901185770750986,0.3557312252964427,4.268774703557312,0.3557312252964427
Samuel Chukwueze,ng NGA,"FW,MF",Milan,it Serie A,25,26,9,925,10.3,3,2,5,2.7,2.7,3.0,32,8,25.0,0.09,0.38,0.3,75.8,27,36,48,17,11,2,9,556,369,55.3,38,0.29189189189189185,0.1945945945945946,0.4864864864864865,0.26270270270270274,0.29189189189189185,3.1135135135135137,0.7783783783783784,2.627027027027027,8.172972972972973,1.654054054054054,0.1945945945945946,3.697297297297297,0.8756756756756756
Aaron Ciammaglichella,it ITA,MF,Torino,it Serie A,19,1,0,1,0.0,0,0,0,0.0,0.0,0.0,0,0,,,,0.0,,0,0,0,0,0,0,0,0,0,,0,0.0,0.0,0.0,0.0,0.0,0.0,0.0,0.0,0.0,0.0,0.0,0.0,0.0
Alessandro Circati,au AUS,DF,Parma,it Serie A,20,6,6,540,6.0,0,0,0,0.3,0.3,0.0,2,0,0.0,0.0,,-0.3,86.0,1,10,1,7,5,3,42,301,123,,11,0.0,0.0,0.0,0.05,0.0,0.33333333333333337,0.0,0.16666666666666669,1.8333333333333335,1.1666666666666667,0.5,1.8333333333333335,7.0
Pathé Ciss,sn SEN,"MF,DF",Rayo Vallecano,es La Liga,30,33,25,2140,23.8,4,1,5,1.8,1.7,1.1,21,6,28.6,0.19,0.67,2.2,84.7,16,128,19,49,24,40,61,1449,749,60.9,148,0.16822429906542058,0.042056074766355145,0.2102803738317757,0.07570093457943926,0.04626168224299066,0.8831775700934579,0.2523364485981308,0.6728971962616823,6.182242990654206,2.060747663551402,1.6822429906542056,6.224299065420561,2.5654205607476634
Alphadjo Cissè,it ITA,"FW,MF",Hellas Verona,it Serie A,17,2,0,9,0.1,0,0,0,0.0,0.0,0.0,2,2,100.0,0.0,0.0,0.0,75.0,0,1,0,0,0,0,0,11,6,,0,0.0,0.0,0.0,0.0,0.0,20.0,20.0,0.0,10.0,0.0,0.0,0.0,0.0
Djaoui Cissé,fr FRA,MF,Rennes,fr Ligue 1,20,14,14,1121,12.5,1,0,1,0.4,0.4,0.2,15,7,46.7,0.07,0.14,0.6,87.5,6,84,16,33,18,13,11,755,447,72.2,78,0.08028545941123996,0.0,0.08028545941123996,0.032114183764495985,0.016057091882247992,1.2042818911685995,0.5619982158786797,0.4817127564674398,8.028545941123996,2.649420160570919,1.0437109723461195,6.262265834076716,0.8831400535236397
Seydouba Cissé,gn GUI,MF,Leganés,es La Liga,23,34,31,2435,27.1,3,1,4,3.0,3.0,1.0,24,5,20.8,0.13,0.6,0.0,84.6,17,110,26,59,37,12,45,1409,787,66.7,154,0.11088295687885011,0.03696098562628337,0.14784394250513347,0.11088295687885011,0.03696098562628337,0.8870636550308009,0.18480492813141686,0.6283367556468172,5.026694045174538,2.1806981519507187,0.44353182751540043,5.691991786447638,1.6632443531827514
Yoann Cissé,fr FRA,MF,Auxerre,fr Ligue 1,19,2,0,5,0.1,0,0,0,0.0,0.0,0.0,0,0,,,,0.0,33.3,0,0,0,0,0,1,0,8,4,,1,0.0,0.0,0.0,0.0,0.0,0.0,0.0,0.0,0.0,0.0,18.0,18.0,0.0
Patrick Ciurria,it ITA,"MF,DF",Monza,it Serie A,29,21,12,1111,12.3,1,1,2,0.8,0.8,2.3,11,2,18.2,0.09,0.5,0.2,72.3,13,27,19,22,14,6,22,542,306,41.7,32,0.081008100810081,0.081008100810081,0.162016201620162,0.06480648064806481,0.18631863186318628,0.8910891089108911,0.162016201620162,1.053105310531053,3.7263726372637263,1.7821782178217822,0.48604860486048607,2.592259225922592,1.7821782178217822
Harry Clarke,eng ENG,DF,Ipswich Town,eng Premier League,23,7,4,379,4.2,0,0,0,0.1,0.1,0.0,1,1,100.0,0.0,0.0,-0.1,80.5,1,14,5,5,3,4,14,268,118,50.0,17,0.0,0.0,0.0,0.023746701846965697,0.0,0.23746701846965698,0.23746701846965698,0.23746701846965698,4.511873350923483,1.187335092348285,0.9498680738786279,4.036939313984169,3.324538258575198
Jack Clarke,eng ENG,"FW,MF",Ipswich Town,eng Premier League,23,32,12,1181,13.1,0,4,4,1.2,1.2,2.3,17,2,11.8,0.0,0.0,-1.2,76.8,28,44,39,32,20,7,29,553,311,50.0,75,0.0,0.30482641828958507,0.30482641828958507,0.09144792548687553,0.17527519051651141,1.2955122777307366,0.15241320914479253,2.1337849280270955,6.325148179508892,2.4386113463166805,0.5334462320067739,5.71549534292972,2.2099915325994917
Alexis Claude-Maurice,fr FRA,"MF,FW",Augsburg,de Bundesliga,26,28,25,2109,23.4,9,2,11,4.7,4.7,1.2,59,22,37.3,0.15,0.41,4.3,82.9,21,61,59,41,26,15,8,994,619,46.7,72,0.38406827880512096,0.08534850640113797,0.4694167852062589,0.20056899004267428,0.05120910384068278,2.5177809388335706,0.9388335704125178,0.8961593172119487,5.120910384068279,1.7496443812233284,0.6401137980085349,3.0725462304409676,0.3413940256045519
Jonathan Clauss,fr FRA,"DF,MF",Nice,fr Ligue 1,31,28,27,2303,25.6,3,8,11,2.2,2.2,7.7,26,8,30.8,0.12,0.38,0.8,71.9,55,105,53,52,35,48,68,1675,747,39.3,114,0.11723838471558835,0.3126356925749023,0.42987407729049065,0.08597481545809814,0.3009118541033435,1.0160660008684326,0.3126356925749023,2.1493703864524534,6.17455492835432,2.032132001736865,1.8758141554494137,4.455058619192358,2.6574033868866693
Silvi Clúa,es ESP,MF,Girona,es La Liga,19,4,2,163,1.8,0,0,0,0.0,0.0,0.0,2,1,50.0,0.0,0.0,0.0,78.9,1,3,4,8,7,2,6,116,61,50.0,4,0.0,0.0,0.0,0.0,0.0,1.1042944785276074,0.5521472392638037,0.5521472392638037,3.865030674846626,4.41717791411043,1.1042944785276074,2.208588957055215,3.3128834355828225
Nathaniel Clyne,eng ENG,"DF,MF",Crystal Palace,eng Premier League,33,13,5,483,5.4,0,0,0,0.0,0.0,0.3,2,0,0.0,0.0,,0.0,76.0,3,7,6,12,8,3,14,273,158,0.0,10,0.0,0.0,0.0,0.0,0.055900621118012424,0.3726708074534162,0.0,0.5590062111801242,2.422360248447205,2.2360248447204967,0.5590062111801242,1.8633540372670807,2.608695652173913
Conor Coady,eng ENG,DF,Leicester City,eng Premier League,31,22,19,1714,19.0,1,0,1,0.4,0.4,0.1,2,2,100.0,0.5,0.5,0.6,91.1,1,32,3,13,9,13,71,1210,789,50.0,62,0.052508751458576426,0.0,0.052508751458576426,0.021003500583430573,0.005250875145857643,0.10501750291715285,0.10501750291715285,0.052508751458576426,1.837806301050175,0.6826137689614936,0.6826137689614936,3.2555425904317383,3.728121353558927
Marcus Coco,fr FRA,DF,Nantes,fr Ligue 1,28,20,10,951,10.6,0,1,1,0.1,0.1,1.2,2,0,0.0,0.0,,-0.1,79.5,10,34,12,27,21,11,46,608,297,30.0,42,0.0,0.0946372239747634,0.0946372239747634,0.00946372239747634,0.11356466876971608,0.1892744479495268,0.0,0.9463722397476341,4.353312302839116,2.555205047318612,1.0410094637223974,3.9747634069400632,4.353312302839116
Saúl Coco,gq EQG,DF,Torino,it Serie A,25,32,32,2845,31.6,2,0,2,1.2,1.2,0.0,20,5,25.0,0.1,0.4,0.8,88.3,1,70,17,46,26,38,157,1879,1135,77.8,87,0.0632688927943761,0.0,0.0632688927943761,0.03796133567662566,0.0,0.632688927943761,0.15817223198594024,0.03163444639718805,2.75219683655536,1.4551845342706504,1.2021089630931459,2.75219683655536,4.966608084358524
Séamus Coleman,ie IRL,DF,Everton,eng Premier League,35,5,3,215,2.4,0,0,0,0.6,0.6,0.0,1,1,100.0,0.0,0.0,-0.6,75.5,0,11,1,3,2,1,8,121,54,80.0,7,0.0,0.0,0.0,0.25116279069767444,0.0,0.41860465116279066,0.41860465116279066,0.0,5.023255813953488,1.255813953488372,0.41860465116279066,2.9302325581395348,3.3488372093023253
Nathan Collins,ie IRL,DF,Brentford,eng Premier League,23,38,38,3420,38.0,2,3,5,2.5,2.5,1.8,17,6,35.3,0.12,0.33,-0.5,85.9,10,127,32,40,24,34,226,2435,1289,50.0,162,0.052631578947368425,0.07894736842105263,0.13157894736842105,0.06578947368421052,0.04736842105263158,0.44736842105263164,0.15789473684210525,0.2631578947368421,4.184210526315789,1.0526315789473684,0.8947368421052633,4.2631578947368425,5.947368421052632
Nnamdi Collins,de GER,DF,Eint Frankfurt,de Bundesliga,20,24,15,1489,16.5,1,1,2,0.8,0.8,1.0,5,2,40.0,0.2,0.5,0.2,86.3,2,63,30,33,24,16,74,1107,623,35.3,78,0.06044325050369376,0.06044325050369376,0.12088650100738751,0.04835460040295501,0.06044325050369376,0.3022162525184688,0.12088650100738751,0.12088650100738751,5.621222296843519,1.9946272666218938,0.9670920080591001,4.7145735392881125,4.472800537273338
Toby Collyer,eng ENG,MF,Manchester Utd,eng Premier League,20,6,0,179,2.0,0,0,0,0.2,0.2,0.3,1,0,0.0,0.0,,-0.2,82.6,2,5,0,12,9,2,3,129,68,50.0,17,0.0,0.0,0.0,0.1005586592178771,0.15083798882681565,0.5027932960893855,0.0,1.005586592178771,2.513966480446927,6.033519553072626,1.005586592178771,8.547486033519553,1.5083798882681565
Lorenzo Colombo,it ITA,"FW,MF",Empoli,it Serie A,22,37,26,2233,24.8,6,2,8,5.9,5.1,2.9,55,18,32.7,0.09,0.28,0.1,67.5,21,48,27,31,14,2,16,837,438,48.0,73,0.2418271383788625,0.0806090461262875,0.32243618450515,0.23779668607254814,0.11688311688311688,2.2167487684729066,0.7254814151365876,0.8463949843260189,3.0228392297357813,1.2494402149574564,0.0806090461262875,2.942230183609494,0.6448723690103
Andrea Colpani,it ITA,"FW,MF",Fiorentina,it Serie A,25,24,17,1432,15.9,2,1,3,2.7,2.7,1.3,35,12,34.3,0.06,0.17,-0.7,80.7,17,57,37,15,9,8,10,609,395,44.4,46,0.12569832402234637,0.06284916201117319,0.18854748603351956,0.1696927374301676,0.08170391061452514,2.1997206703910615,0.7541899441340782,1.068435754189944,5.907821229050279,0.9427374301675977,0.5027932960893855,2.8910614525139664,0.6284916201117318
Levi Colwill,eng ENG,DF,Chelsea,eng Premier League,21,35,35,3149,35.0,2,1,3,1.9,1.9,1.1,17,4,23.5,0.12,0.5,0.1,89.3,14,131,14,47,34,33,118,2904,1621,50.0,121,0.057161003493172435,0.028580501746586218,0.08574150523975865,0.054302953318513814,0.03143855192124484,0.4858685296919657,0.11432200698634487,0.4001270244522071,4.144172753255002,1.3432835820895521,0.9431565576373452,3.4582407113369324,3.372499206097174
Florinel Coman,ro ROU,"FW,MF",Cagliari,it Serie A,26,9,2,263,2.9,1,0,1,0.2,0.2,0.0,4,1,25.0,0.25,1.0,0.8,81.7,1,5,5,5,3,1,3,121,84,40.0,12,0.34220532319391633,0.0,0.34220532319391633,0.06844106463878327,0.0,1.3688212927756653,0.34220532319391633,0.34220532319391633,3.4220532319391634,1.7110266159695817,0.34220532319391633,4.106463878326997,1.0266159695817492
Kingsley Coman,fr FRA,FW,Bayern Munich,de Bundesliga,28,28,14,1282,14.2,5,4,9,4.3,4.3,3.3,44,17,38.6,0.11,0.29,0.7,84.3,32,45,66,17,12,8,15,934,606,52.7,59,0.3510140405616225,0.28081123244929795,0.6318252730109205,0.3018720748829953,0.2316692667706708,3.088923556942278,1.1934477379095165,2.2464898595943836,7.792511700468019,1.1934477379095165,0.5616224648985959,4.141965678627145,1.0530421216848673
Eray Cömert,ch SUI,"DF,MF",Valladolid,es La Liga,26,25,21,1779,19.8,0,0,0,0.9,0.9,0.0,9,1,11.1,0.0,0.0,-0.9,87.7,0,48,9,24,14,24,75,1114,599,100.0,51,0.0,0.0,0.0,0.04553119730185498,0.0,0.4553119730185497,0.050590219224283306,0.0,2.8836424957841484,1.2141652613827993,1.2141652613827993,2.5801011804384486,3.794266441821248
Santi Comesaña,es ESP,MF,Villarreal,es La Liga,27,35,30,2560,28.4,4,2,6,4.6,4.6,2.0,39,8,20.5,0.1,0.5,-0.6,84.6,27,154,39,85,49,19,56,1734,903,52.9,160,0.140625,0.0703125,0.2109375,0.16171875,0.0703125,1.37109375,0.28125,0.9492187500000001,6.78515625,2.98828125,0.66796875,5.625,1.9687499999999998
Pietro Comuzzo,it ITA,DF,Fiorentina,it Serie A,19,32,23,2110,23.4,1,0,1,0.5,0.5,0.6,5,2,40.0,0.2,0.5,0.5,85.7,7,75,14,43,21,29,113,1533,892,0.0,86,0.04265402843601896,0.0,0.04265402843601896,0.02132701421800948,0.02559241706161137,0.2132701421800948,0.08530805687203792,0.2985781990521327,3.796208530805687,1.8341232227488151,1.2369668246445498,3.6682464454976302,4.819905213270142
Francisco Conceição,pt POR,"FW,MF",Juventus,it Serie A,21,26,12,1340,14.9,3,3,6,2.3,2.3,4.3,40,13,32.5,0.08,0.23,0.7,78.3,28,35,95,23,14,6,6,739,548,44.3,55,0.20149253731343283,0.20149253731343283,0.40298507462686567,0.1544776119402985,0.2888059701492537,2.6865671641791042,0.8731343283582089,1.8805970149253732,8.73134328358209,1.5447761194029852,0.40298507462686567,3.6940298507462686,0.40298507462686567
Tomás Conechny,ar ARG,"FW,MF",Alavés,es La Liga,26,22,9,847,9.4,1,0,1,2.4,2.4,0.3,22,10,45.5,0.05,0.1,-1.4,63.8,7,23,14,15,12,6,10,457,249,46.2,45,0.10625737898465171,0.0,0.10625737898465171,0.25501770956316405,0.03187721369539551,2.337662337662338,1.062573789846517,0.743801652892562,3.931523022432114,1.5938606847697758,0.6375442739079102,4.781582054309327,1.062573789846517
Alois Confais,fr FRA,MF,Le Havre,fr Ligue 1,27,1,0,3,0.0,0,0,0,0.0,0.0,0.0,0,0,,,,0.0,50.0,0,0,0,0,0,0,0,2,1,,1,0.0,0.0,0.0,0.0,0.0,0.0,0.0,0.0,0.0,0.0,0.0,30.0,0.0
Sirlord Conteh,de GER,"FW,MF",Heidenheim,de Bundesliga,28,29,4,892,9.9,1,1,2,2.1,2.1,2.6,13,5,38.5,0.08,0.2,-1.1,70.5,14,19,29,9,5,1,8,301,195,46.2,17,0.10089686098654709,0.10089686098654709,0.20179372197309417,0.21188340807174888,0.2623318385650224,1.3116591928251122,0.5044843049327354,1.4125560538116593,4.843049327354261,0.9080717488789237,0.10089686098654709,1.7152466367713004,0.8071748878923767
Lewis Cook,eng ENG,"MF,DF",Bournemouth,eng Premier League,27,36,32,2978,33.1,1,3,4,0.9,0.9,4.1,14,4,28.6,0.07,0.25,0.1,77.2,48,158,33,81,42,41,70,1900,825,65.0,187,0.03022162525184688,0.09066487575554062,0.12088650100738751,0.02719946272666219,0.12390866353257218,0.4231027535258563,0.12088650100738751,1.45063801208865,5.772330423102754,2.447951645399597,1.239086635325722,5.651443922095367,2.1155137676292814
Copete,es ESP,DF,Mallorca,es La Liga,24,25,16,1528,17.0,0,0,0,0.5,0.5,0.0,6,2,33.3,0.0,0.0,-0.5,83.3,0,47,10,29,17,17,123,987,518,80.0,46,0.0,0.0,0.0,0.029450261780104715,0.0,0.3534031413612565,0.11780104712041886,0.0,3.357329842931937,1.7081151832460733,1.0013089005235603,2.7094240837696337,7.244764397905759
Diego Coppola,it ITA,DF,Hellas Verona,it Serie A,20,34,33,2927,32.5,2,0,2,0.7,0.7,0.1,10,4,40.0,0.2,0.5,1.3,81.1,3,48,4,66,36,72,194,1576,749,20.0,89,0.061496412709258624,0.0,0.061496412709258624,0.02152374444824052,0.0030748206354629312,0.30748206354629315,0.12299282541851725,0.09224461906388795,1.5989067304407245,2.0293816194055347,2.2138708575333106,2.736590365562009,5.965152032798087
Francis Coquelin,fr FRA,MF,Nantes,fr Ligue 1,33,6,3,224,2.5,1,1,2,1.0,1.0,1.1,7,1,14.3,0.14,1.0,0.0,87.1,5,8,3,9,5,6,3,128,62,100.0,8,0.40178571428571425,0.40178571428571425,0.8035714285714285,0.40178571428571425,0.4419642857142858,2.8125,0.40178571428571425,2.0089285714285716,4.419642857142857,3.616071428571429,2.4107142857142856,3.214285714285714,1.2053571428571428
Iker Córdoba,es ESP,DF,Valencia,es La Liga,18,2,0,15,0.2,0,0,0,0.0,0.0,0.1,0,0,,,,0.0,81.8,1,1,0,0,0,0,1,12,7,,1,0.0,0.0,0.0,0.0,0.6000000000000001,0.0,0.0,6.0,6.0,0.0,0.0,6.0,6.0
Derek Cornelius,ca CAN,DF,Marseille,fr Ligue 1,26,21,17,1420,15.8,0,0,0,0.9,0.9,0.1,9,1,11.1,0.0,0.0,-0.9,93.4,4,68,10,24,17,14,51,1493,1012,0.0,67,0.0,0.0,0.0,0.05704225352112676,0.006338028169014085,0.5704225352112676,0.06338028169014084,0.2535211267605634,4.943661971830986,1.52112676056338,0.8873239436619719,4.246478873239437,3.232394366197183
Maxwel Cornet,ci CIV,FW,Southampton,eng Premier League,27,2,1,72,0.8,0,0,0,0.2,0.2,0.0,1,0,0.0,0.0,,-0.2,77.3,0,0,1,5,5,0,2,34,16,0.0,2,0.0,0.0,0.0,0.25,0.0,1.25,0.0,0.0,1.25,6.25,0.0,2.5,2.5
Maxwel Cornet,ci CIV,"FW,MF",Genoa,it Serie A,27,7,2,246,2.7,2,1,3,1.0,1.0,0.6,5,3,60.0,0.4,0.67,1.0,69.0,5,4,8,2,1,2,2,97,54,33.3,14,0.7317073170731708,0.3658536585365854,1.0975609756097562,0.3658536585365854,0.21951219512195122,1.8292682926829267,1.0975609756097562,1.8292682926829267,4.390243902439025,0.7317073170731708,0.7317073170731708,5.121951219512195,0.7317073170731708
Pierre Cornud,fr FRA,DF,Saint-Étienne,fr Ligue 1,27,11,7,576,6.4,0,0,0,0.0,0.0,0.3,0,0,,,,0.0,81.9,3,19,11,12,10,9,28,397,190,28.6,33,0.0,0.0,0.0,0.0,0.046875,0.0,0.0,0.46875,4.6875,1.875,1.40625,5.15625,4.375
Ángel Correa,ar ARG,"FW,MF",Atlético Madrid,es La Liga,29,31,3,805,8.9,4,1,5,4.5,4.5,2.1,34,14,41.2,0.12,0.29,-0.5,73.6,14,25,30,9,3,4,8,419,276,34.2,40,0.4472049689440994,0.11180124223602485,0.5590062111801242,0.5031055900621119,0.2347826086956522,3.801242236024845,1.565217391304348,1.565217391304348,6.149068322981367,1.0062111801242237,0.4472049689440994,4.472049689440993,0.8944099378881988
Joaquín Correa,ar ARG,"FW,MF",Inter,it Serie A,29,19,6,731,8.1,2,2,4,2.1,2.1,2.0,14,6,42.9,0.14,0.33,-0.1,85.9,10,42,22,11,5,0,6,438,295,60.0,31,0.24623803009575923,0.24623803009575923,0.49247606019151846,0.2585499316005472,0.24623803009575923,1.7236662106703147,0.7387140902872777,1.231190150478796,7.879616963064295,1.3543091655266757,0.0,3.816689466484268,0.7387140902872777
Thierry Correia,pt POR,DF,Valencia,es La Liga,25,11,9,768,8.5,0,0,0,0.3,0.3,0.3,7,3,42.9,0.0,0.0,-0.3,74.8,5,44,16,27,18,4,18,555,240,34.8,38,0.0,0.0,0.0,0.03515625,0.03515625,0.8203125,0.3515625,0.5859375,7.03125,3.1640625,0.46875,4.453125,2.109375
Alberto costa,pt POR,DF,Juventus,it Serie A,20,9,3,357,4.0,0,1,1,0.6,0.6,0.2,7,0,0.0,0.0,,-0.6,83.0,2,8,8,14,10,4,14,276,148,36.4,23,0.0,0.25210084033613445,0.25210084033613445,0.15126050420168066,0.0504201680672269,1.7647058823529411,0.0,0.5042016806722689,4.033613445378151,3.5294117647058822,1.0084033613445378,5.798319327731091,3.5294117647058822
Coba da Costa,es ESP,"MF,FW",Getafe,es La Liga,22,19,12,1006,11.2,1,1,2,1.1,1.1,1.4,23,8,34.8,0.04,0.13,-0.1,64.4,9,16,46,29,13,8,10,504,261,33.9,35,0.08946322067594432,0.08946322067594432,0.17892644135188865,0.09840954274353876,0.12524850894632206,2.05765407554672,0.7157057654075546,0.805168986083499,5.546719681908549,2.594433399602386,0.7157057654075546,3.131212723658052,0.8946322067594433
Danny da Costa,de GER,DF,Mainz 05,de Bundesliga,31,25,25,2006,22.3,0,1,1,0.1,0.1,0.6,5,1,20.0,0.0,0.0,-0.1,78.4,10,109,21,42,23,27,95,1451,813,47.1,98,0.0,0.044865403788634094,0.044865403788634094,0.00448654037886341,0.026919242273180457,0.2243270189431705,0.044865403788634094,0.448654037886341,5.8325024925224325,1.8843469591226323,1.2113659022931205,4.396809571286141,4.262213359920239
David Costa,pt POR,"MF,FW",Lens,fr Ligue 1,23,11,3,352,3.9,0,0,0,1.2,1.2,0.4,9,2,22.2,0.0,0.0,-1.2,82.6,6,24,14,2,0,1,0,200,118,22.2,10,0.0,0.0,0.0,0.3068181818181818,0.10227272727272729,2.3011363636363638,0.5113636363636364,1.534090909090909,9.715909090909092,0.5113636363636364,0.2556818181818182,2.5568181818181817,0.0
Logan Costa,cv CPV,DF,Villarreal,es La Liga,23,32,28,2587,28.7,2,1,3,0.7,0.7,0.6,12,5,41.7,0.17,0.4,1.3,87.7,4,116,25,38,21,21,115,1785,1037,0.0,104,0.06957866254348666,0.03478933127174333,0.10436799381523,0.024352531890220328,0.020873598763045998,0.41747197526092,0.17394665635871667,0.13915732508697332,4.905295709315809,1.3219945883262467,0.73057595670661,3.6180904522613067,4.000773096250484
Logan Costa,cv CPV,DF,Toulouse,fr Ligue 1,23,1,1,90,1.0,0,0,0,0.0,0.0,0.5,0,0,,,,0.0,83.9,1,4,1,2,1,2,4,69,37,,4,0.0,0.0,0.0,0.0,0.5,0.0,0.0,1.0,5.0,2.0,2.0,4.0,4.0
Samu Costa,pt POR,MF,Mallorca,es La Liga,23,32,31,2649,29.4,0,2,2,1.8,1.8,1.2,30,8,26.7,0.0,0.0,-1.8,80.7,15,116,24,90,44,32,85,1834,1029,39.4,129,0.0,0.06795016987542468,0.06795016987542468,0.06115515288788222,0.04077010192525481,1.0192525481313703,0.2718006795016987,0.5096262740656852,4.756511891279729,3.0577576443941106,1.087202718006795,4.382785956964892,2.8878822197055496
Vladimír Coufal,cz CZE,DF,West Ham,eng Premier League,31,22,11,1067,11.9,0,0,0,0.3,0.3,0.7,7,2,28.6,0.0,0.0,-0.3,78.6,8,39,26,22,15,8,39,736,298,33.3,39,0.0,0.0,0.0,0.025304592314901595,0.05904404873477038,0.5904404873477038,0.16869728209934395,0.6747891283973758,5.482661668228679,1.8556701030927836,0.6747891283973758,3.289597000937207,3.289597000937207
Lassana Coulibaly,ml MLI,MF,Lecce,it Serie A,28,38,30,2667,29.6,1,0,1,0.8,0.8,0.9,9,3,33.3,0.11,0.33,0.2,81.2,12,93,21,48,29,18,46,1229,623,47.4,146,0.03374578177727784,0.0,0.03374578177727784,0.02699662542182227,0.03037120359955006,0.30371203599550056,0.10123734533183353,0.4049493813273341,3.847019122609674,1.6197975253093364,0.6074240719910011,4.926884139482564,1.5523059617547805
Lasso Coulibaly,ci CIV,"FW,MF",Auxerre,fr Ligue 1,21,3,0,45,0.5,1,0,1,0.3,0.3,0.1,3,2,66.7,0.33,0.5,0.7,92.3,1,0,0,1,1,0,0,21,12,33.3,1,2.0,0.0,2.0,0.6,0.2,6.0,4.0,2.0,0.0,2.0,0.0,2.0,0.0
Mamadou Coulibaly,fr FRA,MF,Monaco,fr Ligue 1,20,1,0,8,0.1,0,0,0,0.1,0.1,0.0,1,0,0.0,0.0,,-0.1,60.0,0,0,0,1,0,0,0,9,4,50.0,0,0.0,0.0,0.0,1.125,0.0,11.25,0.0,0.0,0.0,11.25,0.0,0.0,0.0
Soumaïla Coulibaly,fr FRA,DF,Brest,fr Ligue 1,20,7,5,438,4.9,0,0,0,0.2,0.2,0.1,4,0,0.0,0.0,,-0.2,88.6,1,16,1,4,2,5,26,370,226,0.0,19,0.0,0.0,0.0,0.04109589041095891,0.020547945205479454,0.821917808219178,0.0,0.2054794520547945,3.4931506849315066,0.821917808219178,1.0273972602739725,3.9041095890410955,5.342465753424658
Tanguy Coulibaly,fr FRA,"FW,MF",Montpellier,fr Ligue 1,23,25,17,1485,16.5,3,0,3,3.5,3.5,1.3,30,13,43.3,0.1,0.23,-0.5,78.5,18,20,48,32,24,11,3,583,328,53.7,70,0.18181818181818182,0.0,0.18181818181818182,0.2121212121212121,0.0787878787878788,1.8181818181818183,0.7878787878787878,1.0909090909090908,4.121212121212121,1.9393939393939394,0.6666666666666667,4.242424242424242,0.18181818181818182
Woyo Coulibaly,ml MLI,DF,Leicester City,eng Premier League,25,4,1,109,1.2,0,0,0,0.0,0.0,0.0,2,1,50.0,0.0,0.0,0.0,84.2,0,3,4,6,4,5,1,76,48,0.0,14,0.0,0.0,0.0,0.0,0.0,1.651376146788991,0.8256880733944955,0.0,5.779816513761468,4.954128440366973,4.128440366972478,11.559633027522937,0.8256880733944955
Woyo Coulibaly,ml MLI,DF,Parma,it Serie A,25,14,12,1084,12.0,0,1,1,0.1,0.1,0.9,3,0,0.0,0.0,,-0.1,86.7,8,41,36,13,10,8,25,706,404,47.1,60,0.0,0.08302583025830258,0.08302583025830258,0.008302583025830259,0.07472324723247233,0.24907749077490773,0.0,0.6642066420664207,6.392988929889299,1.0793357933579337,0.6642066420664207,4.981549815498155,2.0756457564575648
Marius Courcoul,fr FRA,"MF,DF",Angers,fr Ligue 1,17,8,3,309,3.4,0,0,0,0.1,0.1,0.0,3,1,33.3,0.0,0.0,-0.1,85.8,1,7,5,5,2,5,9,191,90,20.0,12,0.0,0.0,0.0,0.02912621359223301,0.0,0.8737864077669902,0.29126213592233013,0.29126213592233013,3.495145631067961,1.4563106796116503,1.4563106796116503,3.495145631067961,2.621359223300971
Yan Couto,br BRA,"DF,FW",Dortmund,de Bundesliga,22,21,8,895,9.9,0,0,0,0.3,0.3,0.9,6,2,33.3,0.0,0.0,-0.3,81.1,12,68,46,24,16,10,32,849,483,39.4,55,0.0,0.0,0.0,0.030167597765363128,0.09050279329608939,0.6033519553072626,0.20111731843575417,1.2067039106145252,11.46368715083799,2.4134078212290504,1.005586592178771,5.53072625698324,3.2178770949720668
Nicolas Cozza,fr FRA,"DF,MF",Nantes,fr Ligue 1,25,27,23,2051,22.8,1,0,1,1.4,1.4,1.4,17,6,35.3,0.06,0.17,-0.4,77.7,7,64,25,59,41,25,69,1044,400,25.0,62,0.04388103364212579,0.0,0.04388103364212579,0.06143344709897611,0.06143344709897611,0.7459775719161386,0.26328620185275475,0.30716723549488056,3.905411994149196,2.5889809848854215,1.0970258410531448,2.720624085811799,3.0277913213066796
Aaron Cresswell,eng ENG,DF,West Ham,eng Premier League,34,18,10,824,9.2,0,0,0,0.2,0.2,1.3,5,0,0.0,0.0,,-0.2,82.6,9,36,6,11,7,8,37,687,291,50.0,36,0.0,0.0,0.0,0.021844660194174758,0.14199029126213594,0.5461165048543689,0.0,0.9830097087378641,4.5873786407766985,1.2014563106796117,0.8737864077669902,3.9320388349514563,4.04126213592233
Charlie Cresswell,eng ENG,DF,Toulouse,fr Ligue 1,21,31,29,2592,28.8,3,1,4,3.3,3.3,1.7,32,13,40.6,0.09,0.23,-0.3,83.0,5,69,8,35,23,28,191,1920,1033,27.3,103,0.10416666666666666,0.034722222222222224,0.1388888888888889,0.11458333333333333,0.059027777777777776,1.1111111111111112,0.45138888888888884,0.1736111111111111,2.673611111111111,1.2152777777777777,0.9722222222222222,3.5763888888888893,6.631944444444444
Bryan Cristante,it ITA,MF,Roma,it Serie A,29,30,23,2045,22.7,4,2,6,2.1,2.1,1.4,30,7,23.3,0.13,0.57,1.9,82.3,18,145,25,48,29,19,36,1497,833,42.9,109,0.17603911980440096,0.08801955990220048,0.26405867970660146,0.09242053789731051,0.061613691931540336,1.3202933985330074,0.3080684596577017,0.7921760391198044,7.481662591687041,2.1124694376528117,0.8361858190709046,4.797066014669927,1.5843520782396088
Domen Črnigoj,si SVN,MF,Venezia,it Serie A,28,8,1,136,1.5,0,0,0,0.1,0.1,0.0,1,0,0.0,0.0,,-0.1,51.0,0,4,4,4,2,4,4,76,36,0.0,8,0.0,0.0,0.0,0.0661764705882353,0.0,0.6617647058823529,0.0,0.0,5.294117647058823,2.6470588235294117,2.6470588235294117,5.294117647058823,2.6470588235294117
Juan Cruz Armada,es ESP,DF,Osasuna,es La Liga,32,25,19,1492,16.6,0,0,0,0.1,0.1,0.0,4,0,0.0,0.0,,-0.1,78.0,2,53,9,26,14,9,68,819,337,25.0,46,0.0,0.0,0.0,0.0060321715817694375,0.0,0.24128686327077747,0.0,0.12064343163538874,3.739946380697051,1.5683646112600538,0.5428954423592492,2.774798927613941,4.101876675603218
Juan Cruz,es ESP,"FW,MF",Leganés,es La Liga,24,34,26,2257,25.1,5,4,9,2.7,2.7,4.1,33,14,42.4,0.15,0.36,2.3,68.2,24,66,59,32,19,13,31,951,543,51.3,109,0.19937970757642887,0.1595037660611431,0.358883473637572,0.1076650420912716,0.16349136021267166,1.3159060700044307,0.5582631812140009,0.9570225963668587,4.984492689410723,1.2760301284891449,0.5183872396987151,4.34647762516615,1.236154186973859
Juan Cuadrado,co COL,"DF,MF",Atalanta,it Serie A,36,23,7,832,9.2,0,2,2,0.9,0.9,2.0,16,4,25.0,0.0,0.0,-0.9,79.2,19,64,41,19,9,7,9,722,462,42.5,31,0.0,0.21634615384615385,0.21634615384615385,0.09735576923076923,0.21634615384615385,1.7307692307692308,0.4326923076923077,2.0552884615384612,11.358173076923077,2.0552884615384612,0.7572115384615384,3.3533653846153846,0.9735576923076923
Pau Cubarsí,es ESP,DF,Barcelona,es La Liga,17,35,29,2618,29.1,0,3,3,0.8,0.8,1.6,8,0,0.0,0.0,,-0.8,93.5,9,191,26,34,23,16,86,2805,1823,75.0,102,0.0,0.10313216195569137,0.10313216195569137,0.027501909854851035,0.05500381970970207,0.2750190985485103,0.0,0.30939648586707413,7.459893048128342,1.168831168831169,0.5500381970970206,3.5064935064935066,2.956455309396486
Cucho,co COL,FW,Betis,es La Liga,25,15,14,1139,12.7,5,1,6,3.8,3.8,1.5,43,11,25.6,0.12,0.45,1.2,71.9,14,34,27,15,10,7,4,467,250,65.4,28,0.39508340649692714,0.07901668129938542,0.4741000877963125,0.3002633889376646,0.11852502194907813,3.3977172958735733,0.8691834942932397,1.106233538191396,4.820017559262511,1.1852502194907815,0.553116769095698,2.212467076382792,0.3160667251975417
Marc Cucurella,es ESP,DF,Chelsea,eng Premier League,26,36,33,2988,33.2,5,1,6,2.8,2.8,2.1,24,11,45.8,0.21,0.45,2.2,87.7,19,118,35,67,45,28,95,2244,944,26.7,130,0.1506024096385542,0.030120481927710843,0.18072289156626503,0.08433734939759036,0.06325301204819278,0.7228915662650601,0.33132530120481923,0.572289156626506,4.608433734939759,2.0180722891566267,0.8433734939759037,3.9156626506024095,2.86144578313253
Jorge Cuenca,es ESP,DF,Fulham,eng Premier League,24,8,4,351,3.9,0,0,0,0.0,0.0,0.0,1,0,0.0,0.0,,0.0,83.8,0,10,0,6,2,2,26,214,89,100.0,10,0.0,0.0,0.0,0.0,0.0,0.25641025641025644,0.0,0.0,2.5641025641025643,1.5384615384615385,0.5128205128205129,2.5641025641025643,6.666666666666666
Matheus Cunha,br BRA,"MF,FW",Wolves,eng Premier League,25,33,29,2597,28.9,15,6,21,8.6,8.6,7.7,110,44,40.0,0.14,0.34,6.4,71.6,56,144,112,38,22,17,23,1561,904,44.5,125,0.5198305737389295,0.2079322294955718,0.7277628032345014,0.2980361956103196,0.2668463611859838,3.8120908740854835,1.5248363496341932,1.940700808625337,8.871775125144397,1.3169041201386216,0.5891413169041201,4.331921447824413,0.797073546399692
Patrick Cutrone,it ITA,FW,Como,it Serie A,26,33,23,2047,22.7,7,4,11,7.1,6.3,2.1,69,26,37.7,0.1,0.27,-0.1,70.3,19,31,53,16,11,5,7,692,445,37.5,54,0.3077674645823156,0.17586712261846604,0.4836345872007816,0.3121641426477772,0.09233023937469467,3.033707865168539,1.1431362970200292,0.8353688324377138,3.6932095749877867,0.7034684904738642,0.21983390327308255,2.3742061553492917,0.3077674645823156
Tomáš Čvančara,cz CZE,FW,Gladbach,de Bundesliga,23,28,7,831,9.2,2,0,2,3.8,3.8,0.9,24,9,37.5,0.08,0.22,-1.8,71.5,6,23,15,4,1,5,17,336,185,35.3,23,0.21660649819494585,0.0,0.21660649819494585,0.4115523465703971,0.09747292418772563,2.5992779783393503,0.9747292418772563,0.6498194945848376,4.115523465703971,0.4332129963898917,0.5415162454873647,2.490974729241877,1.84115523465704
Wylan Cyprien,fr FRA,MF,Parma,it Serie A,29,2,0,28,0.3,0,0,0,0.2,0.2,0.0,1,0,0.0,0.0,,-0.2,66.7,0,2,1,0,0,1,0,28,11,,6,0.0,0.0,0.0,0.6428571428571429,0.0,3.214285714285714,0.0,0.0,9.642857142857142,0.0,3.214285714285714,19.285714285714285,0.0
Danilo D'Ambrosio,it ITA,DF,Monza,it Serie A,35,20,12,1095,12.2,0,1,1,0.5,0.5,0.4,9,4,44.4,0.0,0.0,-0.5,86.8,5,34,10,28,15,15,36,776,443,28.6,46,0.0,0.0821917808219178,0.0821917808219178,0.0410958904109589,0.03287671232876713,0.7397260273972602,0.3287671232876712,0.410958904109589,3.6164383561643834,2.301369863013699,1.2328767123287672,3.7808219178082196,2.958904109589041
Lucas Da Cunha,fr FRA,MF,Como,it Serie A,23,36,30,2613,29.0,3,2,5,2.0,2.0,3.8,37,14,37.8,0.08,0.21,1.0,84.5,55,154,63,45,25,17,30,1929,1200,40.0,157,0.10332950631458095,0.06888633754305397,0.17221584385763491,0.06888633754305397,0.13088404133180254,1.2743972445464984,0.4822043628013777,1.894374282433984,7.474167623421355,1.549942594718714,0.5855338691159586,5.407577497129736,1.0332950631458095
Samuel Dahl,se SWE,"DF,MF",Roma,it Serie A,24,2,0,43,0.5,0,0,0,0.0,0.0,0.0,0,0,,,,0.0,85.7,0,2,1,2,2,0,0,37,21,0.0,1,0.0,0.0,0.0,0.0,0.0,0.0,0.0,0.0,6.27906976744186,4.186046511627907,0.0,2.0930232558139537,0.0
Mahmoud Dahoud,de GER,MF,Eint Frankfurt,de Bundesliga,28,9,3,364,4.0,1,1,2,0.5,0.5,0.7,7,2,28.6,0.14,0.5,0.5,84.9,8,17,1,9,4,2,5,263,160,33.3,20,0.24725274725274726,0.24725274725274726,0.4945054945054945,0.12362637362637363,0.17307692307692307,1.7307692307692308,0.4945054945054945,1.978021978021978,4.450549450549451,2.2252747252747254,0.4945054945054945,4.945054945054945,1.2362637362637363
Patson Daka,zm ZAM,"FW,MF",Leicester City,eng Premier League,25,23,6,736,8.2,1,0,1,1.3,1.3,0.1,15,4,26.7,0.07,0.25,-0.3,72.1,1,8,11,19,10,1,12,252,141,13.3,18,0.12228260869565218,0.0,0.12228260869565218,0.15896739130434784,0.012228260869565218,1.8342391304347827,0.4891304347826087,0.12228260869565218,2.323369565217391,2.323369565217391,0.12228260869565218,2.2010869565217392,1.467391304347826
Ameen Al-Dakhil,be BEL,DF,Stuttgart,de Bundesliga,22,7,6,432,4.8,0,0,0,0.1,0.1,0.2,1,0,0.0,0.0,,-0.1,91.7,2,12,1,6,6,9,30,407,239,,17,0.0,0.0,0.0,0.020833333333333336,0.04166666666666667,0.20833333333333331,0.0,0.41666666666666663,2.708333333333333,1.25,1.875,3.541666666666667,6.25
Thijs Dallinga,nl NED,FW,Bologna,it Serie A,23,31,11,1154,12.8,3,2,5,4.3,4.3,0.6,31,11,35.5,0.1,0.27,-1.3,71.7,12,17,9,10,5,1,13,439,243,18.2,35,0.23396880415944543,0.1559792027729636,0.389948006932409,0.3353552859618717,0.04679376083188908,2.417677642980936,0.8578856152512998,0.9358752166377817,2.027729636048527,0.779896013864818,0.0779896013864818,2.729636048526863,1.0138648180242635
Diogo Dalot,pt POR,DF,Manchester Utd,eng Premier League,25,33,31,2814,31.3,0,3,3,2.0,2.0,2.0,25,5,20.0,0.0,0.0,-2.0,80.5,26,103,62,68,40,37,72,1983,1126,50.9,167,0.0,0.09594882729211088,0.09594882729211088,0.06396588486140725,0.06396588486140725,0.7995735607675907,0.15991471215351813,0.8315565031982942,5.277185501066098,2.1748400852878462,1.183368869936034,5.341151385927505,2.302771855010661
Mikkel Damsgaard,dk DEN,"MF,FW",Brentford,eng Premier League,24,38,34,2911,32.3,2,10,12,2.8,2.8,8.4,35,7,20.0,0.06,0.29,-0.8,72.4,63,234,73,83,44,27,31,1883,1076,51.5,179,0.06183442116111302,0.3091721058055651,0.3710065269666781,0.08656818962555822,0.2597045688766747,1.0821023703194779,0.21642047406389558,1.9477842665750602,9.491583648230849,2.56612847818619,0.8347646856750257,5.534180693919615,0.9584335279972518
Maat Daniel Caprini,it ITA,FW,Fiorentina,it Serie A,18,1,0,7,0.1,0,0,0,0.0,0.0,0.0,0,0,,,,0.0,83.3,0,1,0,0,0,0,0,13,5,0.0,2,0.0,0.0,0.0,0.0,0.0,0.0,0.0,0.0,12.857142857142856,0.0,0.0,25.71428571428571,0.0
Flavius Daniliuc,at AUT,DF,Hellas Verona,it Serie A,23,18,9,1004,11.2,0,0,0,0.1,0.1,0.1,3,1,33.3,0.0,0.0,-0.1,83.5,2,38,8,26,21,7,27,538,285,57.1,44,0.0,0.0,0.0,0.008964143426294821,0.008964143426294821,0.2689243027888446,0.08964143426294821,0.17928286852589642,4.123505976095617,2.3306772908366535,0.6274900398406374,3.944223107569721,2.4203187250996017
Danilo,br BRA,"MF,FW",Nott'ham Forest,eng Premier League,23,8,5,275,3.1,0,0,0,0.0,0.0,0.0,0,0,,,,0.0,77.7,0,11,2,8,4,4,3,150,54,50.0,19,0.0,0.0,0.0,0.0,0.0,0.0,0.0,0.0,4.254545454545455,2.618181818181818,1.309090909090909,6.218181818181819,0.9818181818181819
Danilo,br BRA,DF,Juventus,it Serie A,33,12,6,581,6.5,0,1,1,0.1,0.1,0.4,1,0,0.0,0.0,,-0.1,90.6,3,45,16,10,4,9,21,625,381,,24,0.0,0.1549053356282272,0.1549053356282272,0.01549053356282272,0.06196213425129088,0.1549053356282272,0.0,0.4647160068846816,9.449225473321858,1.5490533562822717,1.3941480206540449,3.717728055077453,3.253012048192771
Arnaut Danjuma,nl NED,FW,Villarreal,es La Liga,27,3,3,200,2.2,2,0,2,0.8,0.8,0.0,6,3,50.0,0.33,0.67,1.2,76.7,1,1,4,2,1,0,0,48,25,0.0,2,0.9,0.0,0.9,0.36,0.0,2.6999999999999997,1.3499999999999999,0.45,2.25,0.9,0.0,0.9,0.0
Arnaut Danjuma,nl NED,"FW,MF",Girona,es La Liga,27,25,15,1335,14.8,2,0,2,3.6,3.6,1.7,30,14,46.7,0.07,0.14,-1.6,72.6,22,41,91,8,6,2,4,588,394,35.8,40,0.1348314606741573,0.0,0.1348314606741573,0.24269662921348314,0.1146067415730337,2.0224719101123596,0.9438202247191012,1.4831460674157304,8.898876404494382,0.5393258426966292,0.1348314606741573,2.696629213483146,0.2696629213483146
Jayden Danns,eng ENG,MF,Liverpool,eng Premier League,18,1,0,11,0.1,0,0,0,0.0,0.0,0.0,0,0,,,,0.0,100.0,0,0,0,0,0,0,0,2,1,,0,0.0,0.0,0.0,0.0,0.0,0.0,0.0,0.0,0.0,0.0,0.0,0.0,0.0
Kévin Danois,fr FRA,MF,Auxerre,fr Ligue 1,20,22,16,1460,16.2,0,0,0,1.5,1.5,2.2,17,3,17.6,0.0,0.0,-1.5,81.5,25,95,19,49,30,20,20,912,570,51.2,102,0.0,0.0,0.0,0.09246575342465753,0.13561643835616438,1.047945205479452,0.18493150684931506,1.5410958904109588,7.027397260273973,3.0205479452054798,1.2328767123287672,6.287671232876713,1.2328767123287672
Kevin Danso,at AUT,DF,Tottenham,eng Premier League,25,10,9,842,9.4,0,0,0,0.4,0.4,0.1,7,3,42.9,0.0,0.0,-0.4,86.5,2,19,11,7,5,6,71,676,448,66.7,27,0.0,0.0,0.0,0.04275534441805225,0.010688836104513063,0.7482185273159145,0.32066508313539194,0.2137767220902613,3.2066508313539193,0.7482185273159145,0.6413301662707839,2.8859857482185274,7.589073634204276
Kevin Danso,at AUT,DF,Lens,fr Ligue 1,25,12,12,1080,12.0,0,0,0,0.5,0.5,1.0,10,2,20.0,0.0,0.0,-0.5,85.6,6,52,9,19,7,20,62,946,489,16.7,59,0.0,0.0,0.0,0.04166666666666667,0.08333333333333334,0.8333333333333333,0.16666666666666669,0.5,5.083333333333333,1.5833333333333335,1.6666666666666665,4.916666666666667,5.166666666666667
Dante,br BRA,DF,Nice,fr Ligue 1,40,25,21,1964,21.8,0,0,0,0.5,0.5,0.2,9,2,22.2,0.0,0.0,-0.5,88.5,4,96,18,32,15,34,74,1651,949,40.0,112,0.0,0.0,0.0,0.022912423625254582,0.009164969450101833,0.4124236252545825,0.09164969450101833,0.18329938900203666,5.224032586558045,1.4663951120162932,1.5580448065173116,5.132382892057027,3.391038696537678
Mohamed Daramy,dk DEN,FW,Reims,fr Ligue 1,22,2,0,16,0.2,0,0,0,0.0,0.0,0.1,1,0,0.0,0.0,,0.0,100.0,1,0,3,0,0,0,1,8,5,,0,0.0,0.0,0.0,0.0,0.5625,5.625,0.0,5.625,16.875,0.0,0.0,0.0,5.625
Bence Dárdai,hu HUN,MF,Wolfsburg,de Bundesliga,18,21,16,1304,14.5,1,1,2,1.0,1.0,1.0,11,1,9.1,0.09,1.0,0.0,80.2,11,39,5,24,14,12,28,595,287,25.0,52,0.06901840490797546,0.06901840490797546,0.13803680981595093,0.06901840490797546,0.06901840490797546,0.75920245398773,0.06901840490797546,0.75920245398773,3.03680981595092,1.6564417177914113,0.8282208588957056,3.5889570552147236,1.932515337423313
Sergi Darder,es ESP,"MF,FW",Mallorca,es La Liga,30,38,34,2744,30.5,2,6,8,2.1,2.1,3.7,36,9,25.0,0.06,0.22,-0.1,75.3,54,142,37,40,26,16,23,1558,911,45.9,122,0.06559766763848396,0.1967930029154519,0.26239067055393583,0.06887755102040817,0.12135568513119534,1.1807580174927115,0.29518950437317787,1.771137026239067,5.8709912536443145,1.3119533527696792,0.5247813411078717,4.001457725947522,0.7543731778425656
Matteo Darmian,it ITA,DF,Inter,it Serie A,34,29,20,1781,19.8,3,2,5,1.9,1.9,1.5,11,3,27.3,0.27,1.0,1.1,83.8,15,45,14,28,17,10,39,1144,593,44.4,39,0.15160022459292533,0.10106681639528356,0.25266704098820886,0.09601347557551936,0.07580011229646266,0.5558674901740596,0.15160022459292533,0.7580011229646265,2.981471083660865,1.4149354295339696,0.5053340819764177,1.9708029197080292,1.9708029197080292
Lukas Daschner,de GER,"MF,FW",Bochum,de Bundesliga,25,14,3,412,4.6,1,1,2,2.7,1.9,0.7,8,4,50.0,0.13,0.25,-1.7,64.6,6,11,8,4,2,0,5,213,116,33.3,17,0.21844660194174756,0.21844660194174756,0.4368932038834951,0.5898058252427185,0.1529126213592233,1.7475728155339805,0.8737864077669902,1.3106796116504855,4.150485436893204,0.8737864077669902,0.0,3.713592233009709,1.0922330097087378
Juan David Cabal,co COL,DF,Juventus,it Serie A,23,7,6,460,5.1,0,0,0,0.1,0.1,0.0,5,0,0.0,0.0,,-0.1,87.7,1,17,14,10,4,2,14,401,242,57.1,20,0.0,0.0,0.0,0.01956521739130435,0.0,0.9782608695652174,0.0,0.1956521739130435,6.065217391304348,1.9565217391304348,0.391304347826087,3.9130434782608696,2.739130434782609
Jonathan David,ca CAN,FW,Lille,fr Ligue 1,24,32,28,2554,28.4,16,5,21,16.2,10.7,4.4,66,28,42.4,0.15,0.36,-0.2,82.1,36,65,40,24,8,7,10,952,518,47.6,66,0.5638214565387627,0.17619420516836337,0.7400156617071261,0.5708692247454973,0.15505090054815976,2.325763508222396,0.9866875489428347,1.2685982772122162,3.7000783085356304,0.8457321848081442,0.24667188723570868,2.325763508222396,0.35238841033672674
Alphonso Davies,ca CAN,DF,Bayern Munich,de Bundesliga,23,19,17,1560,17.3,1,2,3,1.2,1.2,1.6,17,3,17.6,0.06,0.33,-0.2,89.7,27,120,81,30,17,13,22,1463,895,45.6,115,0.057692307692307696,0.11538461538461539,0.17307692307692307,0.06923076923076923,0.09230769230769231,0.9807692307692307,0.17307692307692307,1.5576923076923077,11.596153846153845,1.7307692307692308,0.75,6.634615384615385,1.2692307692307692
Ben Davies,wls WAL,DF,Tottenham,eng Premier League,31,17,14,1331,14.8,0,0,0,0.3,0.3,0.2,5,1,20.0,0.0,0.0,-0.3,87.6,2,52,14,17,11,12,81,1186,664,100.0,41,0.0,0.0,0.0,0.020285499624342597,0.0135236664162284,0.33809166040571,0.067618332081142,0.135236664162284,4.462809917355372,1.149511645379414,0.8114199849737039,2.772351615326822,5.477084898572501
Keinan Davis,eng ENG,FW,Udinese,it Serie A,26,23,10,1066,11.8,2,1,3,2.9,2.9,2.1,29,11,37.9,0.07,0.18,-0.9,75.6,20,22,26,9,4,1,5,404,231,48.6,34,0.16885553470919323,0.08442776735459662,0.25328330206378985,0.2448405253283302,0.17729831144465294,2.448405253283302,0.9287054409005628,1.6885553470919326,4.052532833020638,0.7598499061913696,0.08442776735459662,2.870544090056285,0.42213883677298314
Leif Davis,eng ENG,DF,Ipswich Town,eng Premier League,24,33,32,2743,30.5,1,2,3,1.0,1.0,4.9,16,2,12.5,0.06,0.5,0.0,71.6,61,59,52,46,27,25,77,1562,708,34.2,113,0.03281079110462996,0.06562158220925993,0.0984323733138899,0.03281079110462996,0.16077287641268684,0.5249726576740794,0.06562158220925993,2.001458257382428,3.6419978126139263,1.5092963908129786,0.8202697776157492,3.707619394823186,2.5264309150565074
Zuriko Davitashvili,ge GEO,"FW,MF",Saint-Étienne,fr Ligue 1,23,33,32,2778,30.9,9,8,17,8.1,6.6,4.7,68,24,35.3,0.1,0.29,0.9,78.6,50,73,95,22,14,14,14,1298,764,37.4,117,0.2915766738660907,0.25917926565874727,0.550755939524838,0.26241900647948163,0.15226781857451405,2.203023758099352,0.7775377969762419,1.6198704103671706,5.442764578833693,0.712742980561555,0.4535637149028077,3.7904967602591793,0.4535637149028077
Paweł Dawidowicz,pl POL,"DF,MF",Hellas Verona,it Serie A,29,26,24,1845,20.5,0,0,0,0.3,0.3,0.0,4,0,0.0,0.0,,-0.3,81.9,0,39,10,45,24,20,70,982,457,50.0,54,0.0,0.0,0.0,0.014634146341463414,0.0,0.1951219512195122,0.0,0.0,2.3902439024390243,2.1951219512195124,0.975609756097561,2.6341463414634148,3.4146341463414633
Craig Dawson,eng ENG,DF,Wolves,eng Premier League,34,15,10,971,10.8,0,0,0,0.5,0.5,0.0,5,1,20.0,0.0,0.0,-0.5,86.6,2,20,6,15,3,9,52,671,390,20.0,35,0.0,0.0,0.0,0.04634397528321318,0.0,0.46343975283213185,0.09268795056642636,0.1853759011328527,2.4098867147270853,1.3903192584963955,0.8341915550978373,3.244078269824923,4.8197734294541705
Kevin De Bruyne,be BEL,"MF,FW",Manchester City,eng Premier League,33,28,19,1702,18.9,4,7,11,5.1,5.1,8.0,57,15,26.3,0.07,0.27,-1.1,75.9,57,157,51,17,9,7,10,1368,812,38.2,64,0.21151586368977673,0.3701527614571093,0.581668625146886,0.2696827262044653,0.42303172737955347,3.0141010575793183,0.7931844888366627,3.0141010575793183,10.99882491186839,0.8989424206815511,0.3701527614571093,3.3842538190364277,0.5287896592244419
Bobby De Cordova-Reid,jm JAM,FW,Leicester City,eng Premier League,31,23,9,744,8.3,1,2,3,0.8,0.8,1.2,7,3,42.9,0.14,0.33,0.2,70.4,6,15,14,9,4,0,10,272,174,0.0,29,0.12096774193548387,0.24193548387096775,0.3629032258064516,0.0967741935483871,0.14516129032258066,0.8467741935483871,0.3629032258064516,0.7258064516129032,3.5080645161290325,1.0887096774193548,0.0,3.5080645161290325,1.2096774193548387
Charles De Ketelaere,be BEL,"MF,FW",Atalanta,it Serie A,23,36,25,2070,23.0,7,7,14,7.3,7.3,6.0,48,20,41.7,0.15,0.35,-0.3,75.8,39,140,108,13,9,3,9,1238,832,45.3,78,0.30434782608695654,0.30434782608695654,0.6086956521739131,0.3173913043478261,0.2608695652173913,2.0869565217391304,0.8695652173913043,1.6956521739130437,10.782608695652174,0.5652173913043478,0.13043478260869565,3.3913043478260874,0.391304347826087
Rodrigo De Paul,ar ARG,MF,Atlético Madrid,es La Liga,30,34,23,2106,23.4,3,5,8,1.3,1.3,5.6,19,4,21.1,0.16,0.75,1.7,81.7,42,231,85,33,26,6,15,1950,1373,40.0,128,0.12820512820512822,0.21367521367521367,0.3418803418803419,0.05555555555555555,0.23931623931623933,0.8119658119658119,0.17094017094017094,1.794871794871795,13.504273504273504,1.4102564102564104,0.25641025641025644,5.47008547008547,0.6410256410256411
Mattia De Sciglio,it ITA,DF,Empoli,it Serie A,31,16,7,769,8.5,1,0,1,0.6,0.6,0.2,5,3,60.0,0.2,0.33,0.4,77.9,3,18,4,18,13,8,35,394,161,25.0,27,0.11703511053315994,0.0,0.11703511053315994,0.07022106631989597,0.023407022106631988,0.5851755526657997,0.3511053315994799,0.3511053315994799,2.5747724317295186,2.1066319895968793,0.9362808842652796,3.1599479843953184,4.096228868660598
Lorenzo De Silvestri,it ITA,DF,Bologna,it Serie A,36,18,13,1060,11.8,1,0,1,0.8,0.8,0.3,9,4,44.4,0.11,0.25,0.2,79.1,5,46,4,11,6,10,32,657,313,20.0,26,0.08490566037735849,0.0,0.08490566037735849,0.0679245283018868,0.02547169811320755,0.7641509433962264,0.33962264150943394,0.4245283018867924,4.245283018867925,0.9339622641509433,0.8490566037735848,2.207547169811321,2.7169811320754715
Thibault De Smet,be BEL,DF,Reims,fr Ligue 1,26,5,2,192,2.1,0,0,0,0.1,0.1,0.0,1,0,0.0,0.0,,-0.1,90.5,0,9,1,6,4,4,12,146,83,0.0,6,0.0,0.0,0.0,0.046875,0.0,0.46875,0.0,0.0,4.6875,2.8125,1.875,2.8125,5.625
Koni De Winter,be BEL,DF,Genoa,it Serie A,22,25,23,2135,23.7,3,0,3,2.1,2.1,0.2,13,7,53.8,0.23,0.43,0.9,86.6,3,56,10,33,19,25,118,1551,807,35.3,114,0.12646370023419204,0.0,0.12646370023419204,0.08852459016393442,0.008430913348946136,0.5480093676814989,0.29508196721311475,0.12646370023419204,2.782201405152225,1.3911007025761124,1.053864168618267,4.805620608899297,4.97423887587822
Amar Dedić,ba BIH,DF,Marseille,fr Ligue 1,21,10,2,314,3.5,0,1,1,0.9,0.9,0.9,6,2,33.3,0.0,0.0,-0.9,84.4,4,16,21,5,4,3,12,282,180,47.4,18,0.0,0.28662420382165604,0.28662420382165604,0.25796178343949044,0.25796178343949044,1.7197452229299361,0.5732484076433121,1.1464968152866242,10.605095541401274,1.4331210191082802,0.8598726114649681,5.159235668789809,3.4394904458598723
Alessandro Deiola,it ITA,MF,Cagliari,it Serie A,28,29,16,1432,15.9,2,1,3,1.7,1.7,0.6,18,5,27.8,0.11,0.4,0.3,73.4,6,40,11,31,20,13,38,686,332,75.0,68,0.12569832402234637,0.06284916201117319,0.18854748603351956,0.10684357541899442,0.03770949720670391,1.1312849162011174,0.3142458100558659,0.3770949720670391,3.205307262569832,1.948324022346369,0.8170391061452514,4.273743016759776,2.388268156424581
Romain Del Castillo,fr FRA,FW,Brest,fr Ligue 1,28,26,14,1259,14.0,6,4,10,4.7,1.5,3.4,17,8,47.1,0.18,0.38,1.3,69.8,37,61,29,31,22,6,5,840,438,43.2,73,0.4289118347895155,0.2859412231930103,0.7148530579825257,0.3359809372517872,0.24305003971405878,1.215250198570294,0.5718824463860206,2.6449563145353454,6.433677521842733,2.21604447974583,0.4289118347895155,5.218427323272438,0.35742652899126287
Enrico Del Prato,it ITA,DF,Parma,it Serie A,24,34,32,2947,32.7,4,0,4,2.0,2.0,1.2,12,5,41.7,0.33,0.8,2.0,84.0,14,81,8,33,17,19,132,1830,1006,50.0,120,0.12215812690872074,0.0,0.12215812690872074,0.06107906345436037,0.036647438072616216,0.36647438072616223,0.1526976586359009,0.4275534441805226,2.7180183237190363,1.007804546996946,0.5802511028164234,3.664743807261622,4.031218187987784
Thomas Delaine,fr FRA,DF,Strasbourg,fr Ligue 1,32,2,0,9,0.1,0,0,0,0.0,0.0,0.0,0,0,,,,0.0,0.0,0,0,0,1,1,1,1,8,2,,0,0.0,0.0,0.0,0.0,0.0,0.0,0.0,0.0,0.0,10.0,10.0,0.0,10.0
Liam Delap,eng ENG,FW,Ipswich Town,eng Premier League,21,37,32,2593,28.8,12,2,14,9.3,7.8,1.9,66,29,43.9,0.15,0.34,2.7,61.3,21,30,61,11,8,2,28,682,445,46.5,68,0.4165059776320864,0.06941766293868107,0.4859236405707675,0.32279213266486695,0.065946779791747,2.290782876976475,1.0065561126108755,0.7288854608561512,3.1585036637099884,0.3817971461627459,0.06941766293868107,2.360200539915156,0.971847281141535
Fisayo Dele-Bashiru,ng NGA,"MF,FW",Lazio,it Serie A,23,20,12,947,10.5,3,1,4,1.1,1.1,0.8,16,5,31.3,0.19,0.6,1.9,87.7,10,26,23,10,6,4,5,436,257,63.6,48,0.28511087645195354,0.09503695881731784,0.3801478352692714,0.10454065469904963,0.07602956705385429,1.5205913410770855,0.47518479408658926,0.9503695881731785,4.656810982048574,0.9503695881731785,0.3801478352692714,4.561774023231257,0.47518479408658926
Andy Delort,dz ALG,FW,Montpellier,fr Ligue 1,32,9,8,607,6.7,0,0,0,1.3,1.3,0.9,17,6,35.3,0.0,0.0,-1.3,49.1,7,6,4,4,3,0,3,171,90,60.0,9,0.0,0.0,0.0,0.1927512355848435,0.13344316309719934,2.5205930807248764,0.8896210873146622,1.0378912685337727,1.4827018121911038,0.5930807248764415,0.0,1.3344316309719935,0.4448105436573311
Olivier Deman,be BEL,DF,Werder Bremen,de Bundesliga,24,9,0,67,0.7,0,0,0,0.0,0.0,0.1,0,0,,,,0.0,65.5,1,4,2,6,3,3,4,75,31,0.0,5,0.0,0.0,0.0,0.0,0.13432835820895522,0.0,0.0,1.3432835820895521,8.059701492537313,8.059701492537313,4.029850746268656,6.716417910447761,5.3731343283582085
Ali Dembélé,fr FRA,DF,Torino,it Serie A,20,15,4,388,4.3,1,0,1,0.4,0.4,0.1,5,2,40.0,0.2,0.5,0.6,75.6,3,12,8,9,5,1,11,222,101,33.3,15,0.23195876288659795,0.0,0.23195876288659795,0.09278350515463918,0.023195876288659795,1.1597938144329896,0.4639175257731959,0.6958762886597938,4.639175257731958,2.0876288659793816,0.23195876288659795,3.479381443298969,2.551546391752577
Ousmane Dembélé,fr FRA,FW,Paris S-G,fr Ligue 1,27,29,20,1730,19.2,21,6,27,16.6,15.8,8.2,96,49,51.0,0.21,0.41,4.4,79.0,63,137,127,11,5,9,2,1323,878,44.2,39,1.092485549132948,0.31213872832369943,1.4046242774566473,0.8635838150289018,0.4265895953757225,4.994219653179191,2.5491329479768785,3.2774566473988442,13.734104046242775,0.5722543352601156,0.4682080924855491,2.0289017341040463,0.10404624277456648
Ermedin Demirović,ba BIH,FW,Stuttgart,de Bundesliga,26,34,20,1855,20.6,15,1,16,14.1,12.4,1.9,64,27,42.2,0.23,0.56,0.9,70.3,18,31,20,12,7,3,12,582,305,20.0,33,0.7277628032345014,0.04851752021563343,0.7762803234501349,0.6840970350404312,0.0921832884097035,3.1051212938005395,1.3099730458221024,0.8733153638814016,2.4743935309973044,0.5822102425876011,0.14555256064690028,1.601078167115903,0.5822102425876011
Sepp van den Berg,nl NED,DF,Brentford,eng Premier League,22,31,29,2586,28.7,0,0,0,2.0,2.0,0.8,20,6,30.0,0.0,0.0,-2.0,85.4,6,79,12,39,24,21,134,1605,737,57.1,97,0.0,0.0,0.0,0.06960556844547564,0.027842227378190258,0.6960556844547564,0.2088167053364269,0.2088167053364269,3.1670533642691416,1.357308584686775,0.7308584686774942,3.3758700696055683,4.663573085846868
Justin Devenny,nir NIR,MF,Crystal Palace,eng Premier League,20,23,4,507,5.6,1,1,2,0.8,0.8,0.6,10,6,60.0,0.1,0.17,0.2,72.2,7,21,5,17,12,0,11,279,134,50.0,27,0.1775147928994083,0.1775147928994083,0.3550295857988166,0.14201183431952663,0.10650887573964497,1.7751479289940828,1.0650887573964496,1.242603550295858,4.615384615384615,3.0177514792899407,0.0,4.792899408284024,1.952662721893491
Kiernan Dewsbury-Hall,eng ENG,"MF,FW",Chelsea,eng Premier League,25,13,2,264,2.9,0,1,1,0.2,0.2,1.1,1,0,0.0,0.0,,-0.2,83.6,3,14,5,8,5,2,9,184,95,50.0,9,0.0,0.34090909090909094,0.34090909090909094,0.06818181818181818,0.375,0.34090909090909094,0.0,1.0227272727272727,6.4772727272727275,2.7272727272727275,0.6818181818181819,3.068181818181818,3.068181818181818
Giovanni Di Lorenzo,it ITA,DF,Napoli,it Serie A,30,37,37,3330,37.0,3,2,5,2.8,2.8,3.9,21,6,28.6,0.14,0.5,0.2,83.6,37,224,50,66,44,31,85,2541,1202,12.9,94,0.08108108108108109,0.05405405405405405,0.13513513513513514,0.07567567567567567,0.1054054054054054,0.5675675675675675,0.16216216216216217,1.0,7.405405405405405,1.7837837837837838,0.8378378378378378,2.540540540540541,2.2972972972972974
Boulaye Dia,sn SEN,"MF,FW",Lazio,it Serie A,27,35,27,2177,24.2,9,3,12,7.1,7.1,4.2,39,19,48.7,0.23,0.47,1.9,83.6,26,51,23,22,10,6,16,802,452,40.5,55,0.3720716582452917,0.12402388608176389,0.49609554432705555,0.29352319706017455,0.17363344051446947,1.6123105190629308,0.7854846118511714,1.074873679375287,3.0592558566835097,0.9095084979329353,0.24804777216352777,2.273771244832338,0.6614607257694074
Mouctar Diakhaby,gn GUI,DF,Valencia,es La Liga,27,13,7,653,7.3,2,0,2,1.5,1.5,0.0,11,4,36.4,0.18,0.5,0.5,83.9,1,14,5,8,3,11,56,440,222,50.0,23,0.27565084226646247,0.0,0.27565084226646247,0.20673813169984687,0.0,1.5160796324655437,0.5513016845329249,0.13782542113323124,2.6186830015313936,1.1026033690658499,1.5160796324655437,3.1699846860643186,7.718223583460949
Mamadou Diakhon,fr FRA,"FW,MF",Reims,fr Ligue 1,18,28,5,858,9.5,2,1,3,1.0,1.0,1.1,18,8,44.4,0.11,0.25,1.0,77.0,13,17,61,12,8,4,5,379,288,41.0,38,0.2097902097902098,0.1048951048951049,0.3146853146853147,0.1048951048951049,0.11538461538461539,1.8881118881118881,0.8391608391608392,1.3636363636363638,8.181818181818182,1.2587412587412588,0.4195804195804196,3.986013986013986,0.5244755244755245
Bafodé Diakité,fr FRA,DF,Lille,fr Ligue 1,23,31,31,2766,30.7,4,1,5,2.3,2.3,0.2,16,7,43.8,0.25,0.57,1.7,93.2,3,90,15,31,18,27,99,2475,1606,100.0,139,0.1301518438177874,0.03253796095444685,0.16268980477223427,0.07483731019522777,0.006507592190889371,0.5206073752711496,0.227765726681128,0.09761388286334056,3.4164859002169194,1.0086767895878526,0.8785249457700651,4.522776572668112,3.2212581344902387
Oumar Diakité,ci CIV,FW,Reims,fr Ligue 1,20,26,20,1628,18.1,4,1,5,5.5,4.7,1.1,26,9,34.6,0.15,0.44,-1.5,82.2,11,44,24,20,13,3,9,580,319,35.1,59,0.22113022113022113,0.05528255528255528,0.2764127764127764,0.30405405405405406,0.060810810810810814,1.4373464373464373,0.4975429975429975,0.6081081081081081,3.759213759213759,1.1056511056511056,0.16584766584766586,3.2616707616707616,0.4975429975429975
Amad Diallo,ci CIV,"MF,FW",Manchester Utd,eng Premier League,22,26,20,1901,21.1,8,6,14,4.7,4.7,4.9,47,17,36.2,0.17,0.47,3.3,83.8,49,60,109,38,31,11,19,1207,782,46.6,109,0.3787480273540242,0.2840610205155181,0.6628090478695423,0.22251446607048922,0.23198316675433986,2.225144660704892,0.8048395581273013,2.319831667543398,8.00105207785376,1.7990531299316148,0.5207785376117833,5.16044187269858,0.8995265649658074
Assane Diao,sn SEN,"FW,MF",Como,it Serie A,18,15,14,1252,13.9,8,1,9,4.0,4.0,0.4,28,13,46.4,0.29,0.62,4.0,79.3,8,36,50,25,14,3,19,523,376,26.4,41,0.5750798722044728,0.0718849840255591,0.646964856230032,0.2875399361022364,0.028753993610223644,2.0127795527156547,0.9345047923322684,0.5750798722044728,6.182108626198083,1.7971246006389776,0.21565495207667731,2.9472843450479234,1.365814696485623
Assane Diao,sn SEN,FW,Betis,es La Liga,18,10,2,277,3.1,1,2,3,0.8,0.8,1.5,7,1,14.3,0.14,1.0,0.2,74.2,8,1,9,5,3,0,3,122,63,18.2,12,0.3249097472924188,0.6498194945848376,0.9747292418772563,0.25992779783393505,0.48736462093862815,2.2743682310469313,0.3249097472924188,2.5992779783393503,3.2490974729241877,1.6245487364620939,0.0,3.898916967509025,0.9747292418772563
Habib Diarra,sn SEN,"MF,FW",Strasbourg,fr Ligue 1,20,30,27,2352,26.1,4,5,9,3.3,1.8,4.5,25,10,40.0,0.08,0.2,0.7,83.0,27,116,61,22,13,13,46,1214,709,26.5,90,0.15306122448979592,0.19132653061224492,0.3443877551020408,0.12627551020408162,0.1721938775510204,0.9566326530612245,0.38265306122448983,1.0331632653061225,6.7729591836734695,0.8418367346938775,0.49744897959183676,3.443877551020408,1.7602040816326532
Moussa Diarra,ml MLI,DF,Alavés,es La Liga,23,26,20,1866,20.7,0,0,0,0.0,0.0,0.1,1,0,0.0,0.0,,0.0,80.2,3,70,12,40,24,21,46,1012,499,50.0,76,0.0,0.0,0.0,0.0,0.00482315112540193,0.04823151125401929,0.0,0.14469453376205788,3.954983922829582,1.9292604501607717,1.0128617363344052,3.665594855305466,2.2186495176848875
Rúben Dias,pt POR,DF,Manchester City,eng Premier League,27,27,25,2271,25.2,0,0,0,1.5,1.5,0.3,21,7,33.3,0.0,0.0,-1.5,93.5,5,160,43,17,11,20,71,2499,1775,66.7,78,0.0,0.0,0.0,0.059445178335535004,0.011889035667107,0.8322324966974901,0.2774108322324967,0.19815059445178337,8.044914134742404,0.6737120211360634,0.7926023778071335,3.0911492734478205,2.8137384412153237
Krépin Diatta,sn SEN,"DF,FW",Monaco,fr Ligue 1,25,19,3,508,5.6,0,0,0,0.2,0.2,0.8,2,1,50.0,0.0,0.0,-0.2,76.4,4,21,17,18,12,9,12,373,205,61.5,36,0.0,0.0,0.0,0.03543307086614174,0.14173228346456695,0.3543307086614173,0.17716535433070865,0.7086614173228346,6.73228346456693,3.188976377952756,1.594488188976378,6.377952755905512,2.1259842519685037
Kandet Diawara,gn GUI,FW,Le Havre,fr Ligue 1,24,1,0,4,0.0,0,0,0,0.0,0.0,0.0,0,0,,,,0.0,50.0,0,0,0,0,0,0,1,4,2,,0,0.0,0.0,0.0,0.0,0.0,0.0,0.0,0.0,0.0,0.0,0.0,0.0,22.5
Mahamadou Diawara,fr FRA,MF,Le Havre,fr Ligue 1,19,15,6,582,6.5,0,1,1,0.4,0.4,0.4,7,1,14.3,0.0,0.0,-0.4,82.8,7,16,9,20,12,13,11,321,180,46.2,40,0.0,0.15463917525773196,0.15463917525773196,0.061855670103092786,0.061855670103092786,1.0824742268041239,0.15463917525773196,1.0824742268041239,3.865979381443299,3.0927835051546393,2.0103092783505154,6.185567010309279,1.7010309278350515
Mahamadou Diawara,fr FRA,MF,Lyon,fr Ligue 1,19,2,0,16,0.2,0,0,0,0.0,0.0,0.0,0,0,,,,0.0,85.7,0,1,1,1,0,0,0,9,2,,3,0.0,0.0,0.0,0.0,0.0,0.0,0.0,0.0,11.25,5.625,0.0,16.875,0.0
Brahim Díaz,ma MAR,"FW,MF",Real Madrid,es La Liga,24,31,16,1385,15.4,4,2,6,5.3,5.3,3.3,28,15,53.6,0.14,0.27,-1.3,86.8,23,74,39,25,19,4,2,833,541,51.1,54,0.259927797833935,0.1299638989169675,0.3898916967509025,0.3444043321299639,0.21444043321299636,1.819494584837545,0.9747292418772563,1.4945848375451263,7.342960288808664,1.6245487364620939,0.259927797833935,3.509025270758123,0.1299638989169675
Daniel Díaz,es ESP,MF,Real Sociedad,es La Liga,18,1,0,10,0.1,0,0,0,0.0,0.0,0.0,0,0,,,,0.0,33.3,0,0,0,1,1,0,0,6,1,0.0,0,0.0,0.0,0.0,0.0,0.0,0.0,0.0,0.0,0.0,9.0,0.0,0.0,0.0
Luis Díaz,co COL,FW,Liverpool,eng Premier League,27,36,28,2399,26.7,13,5,18,12.0,12.0,5.0,71,30,42.3,0.18,0.43,1.0,84.2,56,110,108,39,26,7,7,1184,780,45.7,105,0.4877032096706961,0.18757815756565235,0.6752813672363485,0.45018757815756566,0.18757815756565235,2.6636098374322636,1.1254689453939142,2.1008753647353062,8.178407669862443,1.4631096290120882,0.2626094205919133,3.9391413088786993,0.2626094205919133
Pedro Díaz,es ESP,MF,Rayo Vallecano,es La Liga,26,26,12,1211,13.5,3,0,3,2.4,1.6,2.1,31,7,22.6,0.1,0.43,0.6,78.8,26,62,27,23,15,7,7,707,390,58.8,80,0.22295623451692814,0.0,0.22295623451692814,0.1783649876135425,0.15606936416184972,2.303881090008258,0.5202312138728323,1.9322873658133775,6.614368290668868,1.7093311312964492,0.5202312138728323,5.945499587118084,0.5202312138728323
Tyler Dibling,eng ENG,"FW,MF",Southampton,eng Premier League,18,33,20,1874,20.8,2,0,2,2.5,2.5,1.5,28,9,32.1,0.07,0.22,-0.5,81.3,20,64,69,34,20,8,16,868,558,40.9,80,0.096051227321238,0.0,0.096051227321238,0.1200640341515475,0.0720384204909285,1.3447171824973319,0.43223052294557096,0.96051227321238,6.387406616862327,1.632870864461046,0.384204909284952,3.84204909284952,0.768409818569904
Diego,es ESP,FW,Leganés,es La Liga,24,28,13,1195,13.3,3,0,3,3.8,3.8,0.2,29,9,31.0,0.1,0.33,-0.8,63.0,6,16,9,1,1,2,11,322,192,40.0,25,0.22594142259414227,0.0,0.22594142259414227,0.28619246861924685,0.015062761506276152,2.1841004184100417,0.6778242677824268,0.45188284518828453,1.8828451882845187,0.07531380753138076,0.1506276150627615,1.8828451882845187,0.8284518828451883
Justin Diehl,de GER,"FW,DF",Stuttgart,de Bundesliga,19,6,0,104,1.2,1,0,1,1.0,1.0,0.1,7,1,14.3,0.14,1.0,0.0,71.2,1,5,5,1,0,0,0,84,55,23.1,8,0.8653846153846154,0.0,0.8653846153846154,0.8653846153846154,0.08653846153846154,6.0576923076923075,0.8653846153846154,0.8653846153846154,8.653846153846155,0.8653846153846154,0.0,6.923076923076923,0.0
Bamba Dieng,sn SEN,FW,Angers,fr Ligue 1,24,18,5,532,5.9,3,0,3,3.1,2.3,0.0,13,6,46.2,0.15,0.33,-0.1,77.7,1,7,6,4,1,0,3,157,96,14.3,5,0.5075187969924811,0.0,0.5075187969924811,0.5244360902255639,0.0,2.199248120300752,1.0150375939849623,0.16917293233082706,2.199248120300752,0.6766917293233082,0.0,0.8458646616541353,0.5075187969924811
Eric Dier,eng ENG,DF,Bayern Munich,de Bundesliga,30,21,16,1463,16.3,2,1,3,1.1,1.1,0.1,9,5,55.6,0.22,0.4,0.9,93.8,3,73,12,19,11,20,77,1591,944,66.7,80,0.12303485987696515,0.061517429938482575,0.18455228981544772,0.06766917293233084,0.006151742993848258,0.5536568694463432,0.30758714969241285,0.18455228981544772,5.228981544771019,1.168831168831169,1.2303485987696514,4.921394395078606,4.7368421052631575
Lucas Digne,fr FRA,DF,Aston Villa,eng Premier League,31,32,28,2351,26.1,0,4,4,0.8,0.8,4.7,13,3,23.1,0.0,0.0,-0.8,74.9,36,57,23,65,38,25,89,1527,683,47.4,104,0.0,0.15312632922160782,0.15312632922160782,0.030625265844321566,0.17992343683538922,0.4976605699702254,0.11484474691620587,1.3781369629944704,3.0625265844321565,2.4883028498511273,0.957039557635049,3.981284559761803,3.4070608251807744
Kembo Diliwidi,fr FRA,DF,Lens,fr Ligue 1,18,1,0,4,0.0,0,0,0,0.0,0.0,0.0,0,0,,,,0.0,66.7,0,1,0,0,0,0,0,4,1,0.0,0,0.0,0.0,0.0,0.0,0.0,0.0,0.0,0.0,22.5,0.0,0.0,0.0,0.0
Federico Dimarco,it ITA,"DF,FW",Inter,it Serie A,26,32,28,2140,23.8,4,7,11,3.3,3.3,6.1,55,20,36.4,0.07,0.2,0.7,76.3,48,83,47,25,14,14,33,1475,789,40.0,76,0.16822429906542058,0.294392523364486,0.46261682242990654,0.13878504672897196,0.2565420560747663,2.3130841121495327,0.8411214953271028,2.0186915887850465,5.4672897196261685,1.0514018691588785,0.588785046728972,3.196261682242991,1.3878504672897196
Junior Dina Ebimbe,fr FRA,"MF,FW",Eint Frankfurt,de Bundesliga,23,7,3,293,3.3,0,1,1,0.9,0.9,0.9,8,0,0.0,0.0,,-0.9,63.4,3,3,5,3,2,7,6,161,82,45.5,11,0.0,0.30716723549488056,0.30716723549488056,0.2764505119453925,0.2764505119453925,2.4573378839590445,0.0,0.9215017064846416,2.4573378839590445,0.9215017064846416,2.150170648464164,3.378839590443686,1.8430034129692832
Eren Dinkçi,de GER,"MF,FW",Freiburg,de Bundesliga,22,23,13,1196,13.3,0,3,3,1.1,1.1,2.2,14,3,21.4,0.0,0.0,-1.1,75.4,23,35,33,21,13,7,7,552,269,41.0,55,0.0,0.22575250836120403,0.22575250836120403,0.08277591973244149,0.16555183946488297,1.0535117056856187,0.22575250836120403,1.7307692307692308,5.117056856187291,1.580267558528428,0.5267558528428093,4.138795986622073,0.5267558528428093
Sinaly Diomande,ci CIV,DF,Auxerre,fr Ligue 1,23,23,22,1945,21.6,3,2,5,1.1,1.1,0.6,9,4,44.4,0.33,0.75,1.9,84.6,4,72,8,39,19,30,100,1223,698,57.1,86,0.13881748071979436,0.09254498714652956,0.2313624678663239,0.05089974293059126,0.02776349614395887,0.41645244215938304,0.18508997429305912,0.18508997429305912,3.7017994858611822,1.8046272493573263,1.3881748071979434,3.9794344473007714,4.627249357326479
Yan Diomandé,ci CIV,"MF,FW",Leganés,es La Liga,17,10,6,545,6.1,2,1,3,1.4,1.4,0.9,11,3,27.3,0.18,0.67,0.6,83.0,14,16,37,14,9,8,6,309,200,60.5,41,0.3302752293577982,0.1651376146788991,0.4954128440366973,0.2311926605504587,0.14862385321100918,1.8165137614678901,0.4954128440366973,2.3119266055045875,8.752293577981652,2.3119266055045875,1.3211009174311927,6.770642201834863,0.9908256880733946
Lois Diony,fr FRA,FW,Angers,fr Ligue 1,31,1,0,21,0.2,0,0,0,0.0,0.0,0.0,0,0,,,,0.0,25.0,0,0,0,0,0,0,0,6,4,,0,0.0,0.0,0.0,0.0,0.0,0.0,0.0,0.0,0.0,0.0,0.0,0.0,0.0
Issa Diop,fr FRA,DF,Fulham,eng Premier League,27,21,15,1339,14.9,0,0,0,0.5,0.5,0.1,5,2,40.0,0.0,0.0,-0.5,87.5,3,25,6,26,12,9,72,903,533,50.0,45,0.0,0.0,0.0,0.03360716952949963,0.006721433905899926,0.33607169529499625,0.13442867811799852,0.20164301717699776,2.083644510828977,1.7475728155339805,0.6049290515309933,3.0246452576549663,4.839432412247946
Sérigné Diop,sn SEN,FW,Brest,fr Ligue 1,19,2,0,4,0.0,0,0,0,0.0,0.0,0.0,0,0,,,,0.0,100.0,0,0,0,1,0,0,0,6,1,,0,0.0,0.0,0.0,0.0,0.0,0.0,0.0,0.0,0.0,22.5,0.0,0.0,0.0
Sofiane Diop,fr FRA,"MF,FW",Nice,fr Ligue 1,24,28,8,1064,11.8,6,4,10,6.0,6.0,2.9,22,11,50.0,0.27,0.55,0.0,77.2,24,64,26,23,16,17,7,714,399,32.3,73,0.5075187969924811,0.3383458646616541,0.8458646616541353,0.5075187969924811,0.24530075187969927,1.8609022556390977,0.9304511278195489,2.0300751879699246,7.612781954887217,1.9454887218045112,1.43796992481203,6.174812030075188,0.5921052631578947
Andy Diouf,fr FRA,MF,Lens,fr Ligue 1,21,34,27,2225,24.7,1,2,3,2.9,2.9,2.8,40,5,12.5,0.03,0.2,-1.9,79.5,33,116,82,37,26,15,18,1367,751,49.4,154,0.040449438202247195,0.08089887640449439,0.12134831460674157,0.11730337078651686,0.11325842696629214,1.6179775280898878,0.20224719101123598,1.3348314606741574,8.008988764044943,1.4966292134831463,0.6067415730337079,6.229213483146068,0.7280898876404495
Assane Dioussé,sn SEN,MF,Auxerre,fr Ligue 1,26,17,7,663,7.4,0,0,0,0.1,0.1,0.2,3,2,66.7,0.0,0.0,-0.1,89.6,2,33,1,15,7,12,15,431,276,33.3,41,0.0,0.0,0.0,0.013574660633484163,0.027149321266968326,0.40723981900452494,0.2714932126696833,0.2714932126696833,4.615384615384615,2.0361990950226243,1.6289592760180998,5.5656108597285066,2.0361990950226243
Axel Disasi,fr FRA,DF,Aston Villa,eng Premier League,26,7,5,490,5.4,0,0,0,0.1,0.1,0.4,2,0,0.0,0.0,,-0.1,86.8,3,16,10,8,5,5,18,334,207,60.0,15,0.0,0.0,0.0,0.018367346938775512,0.07346938775510205,0.3673469387755102,0.0,0.5510204081632653,4.775510204081632,1.469387755102041,0.9183673469387754,2.7551020408163263,3.306122448979592
Axel Disasi,fr FRA,DF,Chelsea,eng Premier League,26,6,4,364,4.0,1,0,1,0.3,0.3,0.1,2,1,50.0,0.5,1.0,0.7,90.8,2,16,6,7,4,2,11,323,196,100.0,15,0.24725274725274726,0.0,0.24725274725274726,0.07417582417582418,0.024725274725274724,0.4945054945054945,0.24725274725274726,0.4945054945054945,5.43956043956044,1.7307692307692308,0.4945054945054945,3.708791208791209,2.71978021978022
Roman Dixon,eng ENG,DF,Everton,eng Premier League,19,1,1,90,1.0,0,0,0,0.0,0.0,0.0,0,0,,,,0.0,57.9,0,0,0,5,5,1,3,36,16,0.0,6,0.0,0.0,0.0,0.0,0.0,0.0,0.0,0.0,0.0,5.0,1.0,6.0,3.0
Álvaro djaló,es ESP,FW,Athletic Club,es La Liga,24,17,7,659,7.3,1,0,1,0.8,0.8,0.9,15,3,20.0,0.07,0.33,0.2,66.4,4,13,22,8,5,1,4,230,151,38.9,28,0.13657056145675267,0.0,0.13657056145675267,0.10925644916540213,0.1229135053110774,2.04855842185129,0.40971168437025796,0.5462822458270107,4.7799696509863425,1.0925644916540214,0.13657056145675267,3.8239757207890746,0.5462822458270107
Djené,tg TOG,"DF,MF",Getafe,es La Liga,32,31,31,2548,28.3,0,0,0,0.3,0.3,0.6,6,0,0.0,0.0,,-0.3,75.6,9,74,18,25,13,21,107,1164,514,41.2,102,0.0,0.0,0.0,0.010596546310832025,0.02119309262166405,0.21193092621664048,0.0,0.3178963893249608,3.2496075353218212,0.8830455259026687,0.7417582417582418,3.6028257456828885,3.779434850863422
Nasser Djiga,bf BFA,DF,Wolves,eng Premier League,21,5,1,66,0.7,0,0,0,0.0,0.0,0.0,0,0,,,,0.0,83.3,0,3,0,0,0,2,4,58,32,,2,0.0,0.0,0.0,0.0,0.0,0.0,0.0,0.0,4.090909090909091,0.0,2.7272727272727275,2.7272727272727275,5.454545454545455
Berat Djimsiti,al ALB,DF,Atalanta,it Serie A,31,34,32,2640,29.3,1,2,3,2.7,2.7,1.3,20,4,20.0,0.05,0.25,-1.7,87.7,11,109,32,53,33,40,141,2023,1097,25.0,102,0.03409090909090909,0.06818181818181818,0.10227272727272727,0.09204545454545456,0.04431818181818182,0.6818181818181819,0.13636363636363635,0.375,4.806818181818182,1.8068181818181819,1.3636363636363638,3.477272727272727,4.806818181818182
Ritsu Doan,jp JPN,"FW,MF",Freiburg,de Bundesliga,26,34,33,2862,31.8,10,7,17,6.6,6.6,3.7,61,21,34.4,0.16,0.48,3.4,71.8,27,130,64,66,42,14,47,1537,827,44.1,133,0.31446540880503143,0.22012578616352202,0.5345911949685535,0.20754716981132074,0.11635220125786164,1.918238993710692,0.6603773584905661,0.8490566037735848,6.10062893081761,2.0754716981132075,0.44025157232704404,4.182389937106919,1.477987421383648
Dodô,br BRA,DF,Fiorentina,it Serie A,25,34,34,3025,33.6,0,4,4,1.4,1.4,4.2,25,5,20.0,0.0,0.0,-1.4,77.6,36,128,143,44,29,34,58,2083,1278,46.0,183,0.0,0.11900826446280993,0.11900826446280993,0.041652892561983464,0.12495867768595043,0.743801652892562,0.1487603305785124,1.071074380165289,8.062809917355372,1.309090909090909,1.0115702479338842,5.444628099173554,1.7256198347107439
Danilho Doekhi,nl NED,DF,Union Berlin,de Bundesliga,26,34,34,3060,34.0,1,1,2,2.6,2.6,1.4,32,4,12.5,0.03,0.25,-1.6,78.3,13,96,13,37,24,44,169,1654,883,60.0,97,0.029411764705882353,0.029411764705882353,0.058823529411764705,0.07647058823529412,0.041176470588235294,0.9411764705882353,0.11764705882352941,0.38235294117647056,3.205882352941176,1.0882352941176472,1.2941176470588234,2.852941176470588,4.970588235294118
Matt Doherty,ie IRL,DF,Wolves,eng Premier League,32,30,25,2109,23.4,2,1,3,1.0,1.0,1.5,10,3,30.0,0.2,0.67,1.0,82.8,12,79,29,38,21,22,102,1534,825,52.4,106,0.08534850640113797,0.04267425320056899,0.12802275960170698,0.04267425320056899,0.06401137980085349,0.42674253200568996,0.12802275960170698,0.5120910384068279,4.608819345661451,1.6216216216216217,0.9388335704125178,4.523470839260313,4.352773826458037
Jeremy Doku,be BEL,"FW,MF",Manchester City,eng Premier League,22,29,16,1516,16.8,3,6,9,1.3,1.3,4.8,29,9,31.0,0.1,0.33,1.7,79.1,32,69,213,31,22,4,2,1027,796,53.2,63,0.17810026385224276,0.3562005277044855,0.5343007915567282,0.07717678100263853,0.28496042216358836,1.7216358839050132,0.5343007915567282,1.8997361477572559,16.74142480211082,1.8403693931398417,0.23746701846965698,3.740105540897098,0.11873350923482849
Marc Domenech,es ESP,"FW,MF",Mallorca,es La Liga,18,10,3,303,3.4,0,0,0,0.7,0.7,0.2,8,2,25.0,0.0,0.0,-0.7,69.4,5,4,1,4,4,0,2,84,42,50.0,8,0.0,0.0,0.0,0.2079207920792079,0.0594059405940594,2.376237623762376,0.594059405940594,1.485148514851485,1.485148514851485,1.188118811881188,0.0,2.376237623762376,0.594059405940594
Benjamín Domínguez,ar ARG,FW,Bologna,it Serie A,20,24,16,1281,14.2,3,2,5,2.2,2.2,0.8,30,17,56.7,0.1,0.18,0.8,78.2,10,32,50,18,7,4,7,555,396,37.8,62,0.2107728337236534,0.1405152224824356,0.351288056206089,0.1545667447306792,0.05620608899297424,2.107728337236534,1.1943793911007026,0.702576112412178,5.76112412177986,1.2646370023419204,0.2810304449648712,4.355971896955503,0.4918032786885246
Carlos Dominguez,es ESP,DF,Celta Vigo,es La Liga,23,19,13,1181,13.1,0,0,0,0.2,0.2,0.1,3,1,33.3,0.0,0.0,-0.2,88.5,2,66,15,23,11,13,80,1116,683,66.7,45,0.0,0.0,0.0,0.015241320914479255,0.007620660457239628,0.2286198137171888,0.07620660457239627,0.15241320914479253,6.172734970364098,1.7527519051651144,0.9906858594411516,3.4292972057578326,6.096528365791702
Israel Domínguez,es ESP,FW,Sevilla,es La Liga,21,1,0,18,0.2,0,0,0,0.0,0.0,0.0,0,0,,,,0.0,100.0,0,0,0,0,0,0,0,2,1,,0,0.0,0.0,0.0,0.0,0.0,0.0,0.0,0.0,0.0,0.0,0.0,0.0,0.0
Nicolás Domínguez,ar ARG,"MF,FW",Nott'ham Forest,eng Premier League,26,34,23,1963,21.8,0,1,1,1.5,1.5,1.3,21,9,42.9,0.0,0.0,-1.5,86.7,13,83,16,86,45,29,54,1218,471,33.3,114,0.0,0.04584819154355578,0.04584819154355578,0.06877228731533368,0.059602649006622516,0.9628120224146715,0.41263372389200204,0.5960264900662252,4.538970962812022,3.9429444727457974,1.3295975547631178,5.226693835965359,2.4758023433520124
Sergi Dominguez,es ESP,DF,Barcelona,es La Liga,19,3,2,172,1.9,0,0,0,0.0,0.0,0.0,0,0,,,,0.0,95.0,0,13,0,1,1,3,7,191,127,,8,0.0,0.0,0.0,0.0,0.0,0.0,0.0,0.0,6.8023255813953485,0.5232558139534884,1.569767441860465,4.186046511627907,3.662790697674419
Patrick Dorgu,dk DEN,DF,Manchester Utd,eng Premier League,19,12,10,842,9.4,0,0,0,0.4,0.4,0.7,10,2,20.0,0.0,0.0,-0.4,81.0,12,34,41,31,24,4,23,602,354,23.1,37,0.0,0.0,0.0,0.04275534441805225,0.07482185273159145,1.0688836104513064,0.2137767220902613,1.2826603325415677,8.016627078384799,3.3135391923990496,0.4275534441805226,3.954869358669834,2.4584323040380047
Patrick Dorgu,dk DEN,"DF,FW",Lecce,it Serie A,19,21,21,1840,20.4,3,1,4,3.3,3.3,1.5,36,10,27.8,0.08,0.3,-0.3,77.5,19,54,68,45,27,18,42,1011,557,29.5,99,0.1467391304347826,0.04891304347826087,0.1956521739130435,0.16141304347826085,0.0733695652173913,1.7608695652173914,0.4891304347826087,0.9293478260869564,5.967391304347826,2.2010869565217392,0.8804347826086957,4.842391304347826,2.0543478260869565
Alfie Dorrington,eng ENG,DF,Tottenham,eng Premier League,19,1,0,14,0.2,0,0,0,0.0,0.0,0.0,0,0,,,,0.0,93.8,0,0,0,0,0,0,0,16,12,,3,0.0,0.0,0.0,0.0,0.0,0.0,0.0,0.0,0.0,0.0,0.0,19.285714285714285,0.0
Niklas Dorsch,de GER,MF,Augsburg,de Bundesliga,26,1,0,32,0.4,0,0,0,0.0,0.0,0.0,0,0,,,,0.0,84.6,0,1,1,0,0,0,0,29,15,0.0,2,0.0,0.0,0.0,0.0,0.0,0.0,0.0,0.0,5.625,0.0,0.0,5.625,0.0
Niklas Dorsch,de GER,MF,Heidenheim,de Bundesliga,26,22,19,1335,14.8,2,2,4,1.0,1.0,1.1,9,3,33.3,0.22,0.67,1.0,83.4,13,57,13,27,16,17,17,798,459,50.0,74,0.1348314606741573,0.1348314606741573,0.2696629213483146,0.06741573033707865,0.07415730337078652,0.6067415730337079,0.20224719101123598,0.8764044943820225,4.719101123595506,1.8202247191011234,1.146067415730337,4.98876404494382,1.146067415730337
Alberto Dossena,it ITA,DF,Como,it Serie A,25,23,20,1825,20.3,0,2,2,0.8,0.8,0.7,12,3,25.0,0.0,0.0,-0.8,87.6,5,36,4,33,20,22,89,1220,693,66.7,68,0.0,0.09863013698630137,0.09863013698630137,0.03945205479452055,0.034520547945205475,0.5917808219178082,0.14794520547945206,0.24657534246575344,1.9726027397260275,1.6273972602739726,1.084931506849315,3.3534246575342466,4.389041095890411
Abdoulaye Doucouré,ml MLI,MF,Everton,eng Premier League,31,33,31,2564,28.5,3,2,5,4.1,4.1,2.4,31,9,29.0,0.1,0.33,-1.1,80.3,28,82,42,48,28,10,20,1161,604,53.3,150,0.10530421216848675,0.07020280811232449,0.17550702028081125,0.1439157566302652,0.08424336973478938,1.0881435257410297,0.31591263650546025,0.982839313572543,4.352574102964119,1.684867394695788,0.3510140405616225,5.265210608424336,0.702028081123245
Cheick Doucouré,ml MLI,MF,Crystal Palace,eng Premier League,24,13,4,452,5.0,0,0,0,0.4,0.4,0.0,7,0,0.0,0.0,,-0.4,85.3,1,19,2,16,8,11,10,263,133,40.0,31,0.0,0.0,0.0,0.07964601769911506,0.0,1.3938053097345133,0.0,0.19911504424778761,4.18141592920354,3.185840707964602,2.190265486725664,6.172566371681415,1.991150442477876
Sékou Doucoure,fr FRA,DF,Nantes,fr Ligue 1,19,2,0,12,0.1,0,0,0,0.0,0.0,0.0,0,0,,,,0.0,80.0,0,0,0,0,0,0,3,8,5,,0,0.0,0.0,0.0,0.0,0.0,0.0,0.0,0.0,0.0,0.0,0.0,0.0,22.5
Désiré Doué,fr FRA,"FW,MF",Paris S-G,fr Ligue 1,19,31,18,1730,19.2,6,6,12,5.1,5.1,7.8,55,20,36.4,0.11,0.3,0.9,82.3,55,139,97,48,30,13,7,1461,899,44.2,93,0.31213872832369943,0.31213872832369943,0.6242774566473989,0.2653179190751445,0.4057803468208092,2.8612716763005777,1.0404624277456647,2.8612716763005777,12.277456647398843,2.4971098265895955,0.676300578034682,4.838150289017341,0.36416184971098264
Guela Doué,ci CIV,DF,Strasbourg,fr Ligue 1,21,32,30,2717,30.2,1,2,3,0.8,0.8,0.7,18,6,33.3,0.06,0.17,0.2,83.4,11,173,51,65,45,34,154,2421,1184,65.9,162,0.03312476996687523,0.06624953993375046,0.09937430990062569,0.026499815973500186,0.02318733897681266,0.5962458594037541,0.19874861980125139,0.3643724696356275,7.419948472580051,2.15311004784689,1.1262421788737578,5.366212734633788,5.101214574898785
Douglas,br BRA,MF,Nantes,fr Ligue 1,27,28,28,2307,25.6,4,2,6,3.4,3.4,1.5,36,14,38.9,0.11,0.29,0.6,86.5,15,125,14,69,42,32,47,1478,715,60.0,111,0.15604681404421325,0.07802340702210663,0.2340702210663199,0.13263979193758127,0.05851755526657997,1.4044213263979195,0.5461638491547465,0.5851755526657997,5.4226267880364105,2.6918075422626786,1.248374512353706,4.3302990897269185,1.8335500650195058
Ismaël Doukouré,fr FRA,"DF,MF",Strasbourg,fr Ligue 1,21,31,31,2639,29.3,1,1,2,0.6,0.6,1.1,3,1,33.3,0.33,1.0,0.4,88.7,11,116,20,40,22,25,102,1944,1149,76.5,103,0.034103827207275485,0.034103827207275485,0.06820765441455097,0.02046229632436529,0.037514209928003035,0.10231148162182646,0.034103827207275485,0.3751420992800303,4.638120500189466,1.3641530882910193,0.8525956801818871,3.512694202349375,3.4785903751420992
Issa Doumbia,it ITA,MF,Venezia,it Serie A,20,24,10,939,10.4,0,0,0,1.0,1.0,0.1,16,5,31.3,0.0,0.0,-1.0,74.9,3,22,12,14,8,9,14,401,219,68.8,45,0.0,0.0,0.0,0.09584664536741215,0.009584664536741215,1.5335463258785944,0.4792332268370607,0.2875399361022364,3.258785942492013,1.34185303514377,0.8626198083067093,4.313099041533546,1.34185303514377
Kamory Doumbia,ml MLI,"MF,FW",Brest,fr Ligue 1,21,30,13,1322,14.7,3,2,5,2.7,2.7,1.2,22,10,45.5,0.14,0.3,0.3,80.5,26,72,17,41,29,28,13,895,467,54.3,87,0.2042360060514372,0.1361573373676248,0.340393343419062,0.1838124054462935,0.08169440242057488,1.497730711043873,0.680786686838124,1.7700453857791227,6.059001512859305,2.791225416036309,1.9062027231467473,5.922844175491679,0.8850226928895614
Amidou Doumbouya,fr FRA,DF,Nice,fr Ligue 1,16,2,0,46,0.5,0,0,0,0.0,0.0,0.0,0,0,,,,0.0,76.0,0,1,1,1,1,1,1,31,17,100.0,6,0.0,0.0,0.0,0.0,0.0,0.0,0.0,0.0,3.9130434782608696,1.9565217391304348,1.9565217391304348,11.739130434782608,1.9565217391304348
Anastasios Douvikas,gr GRE,FW,Como,it Serie A,24,13,6,580,6.4,2,2,4,2.5,2.5,1.1,14,5,35.7,0.14,0.4,-0.5,76.4,9,6,8,3,2,1,3,182,113,55.6,11,0.3103448275862069,0.3103448275862069,0.6206896551724138,0.3879310344827586,0.1706896551724138,2.1724137931034484,0.7758620689655172,1.396551724137931,2.1724137931034484,0.46551724137931033,0.15517241379310345,1.706896551724138,0.46551724137931033
Anastasios Douvikas,gr GRE,FW,Celta Vigo,es La Liga,24,20,6,700,7.8,3,1,4,4.4,4.4,0.2,17,9,52.9,0.18,0.33,-1.4,71.0,3,6,6,9,4,3,6,192,120,30.8,15,0.38571428571428573,0.12857142857142856,0.5142857142857142,0.5657142857142857,0.025714285714285717,2.1857142857142855,1.157142857142857,0.38571428571428573,1.542857142857143,1.157142857142857,0.38571428571428573,1.9285714285714286,0.7714285714285715
Artem Dovbyk,ua UKR,FW,Roma,it Serie A,27,32,27,2418,26.9,12,2,14,11.9,10.3,2.4,61,25,41.0,0.16,0.4,0.1,74.1,25,16,24,4,2,2,12,654,355,38.9,26,0.4466501240694789,0.07444168734491315,0.5210918114143921,0.4429280397022332,0.08933002481389578,2.270471464019851,0.9305210918114144,0.9305210918114144,1.488833746898263,0.1488833746898263,0.07444168734491315,0.967741935483871,0.4466501240694789
Flynn Downes,eng ENG,MF,Southampton,eng Premier League,25,27,25,2151,23.9,1,0,1,0.6,0.6,1.1,10,3,30.0,0.1,0.33,0.4,90.4,15,66,29,49,25,32,51,1339,641,40.0,83,0.04184100418410042,0.0,0.04184100418410042,0.02510460251046025,0.04602510460251046,0.4184100418410042,0.12552301255230125,0.6276150627615062,3.9748953974895396,2.050209205020921,1.3389121338912133,3.4728033472803346,2.1338912133891212
Tommy Doyle,eng ENG,MF,Wolves,eng Premier League,22,24,3,488,5.4,0,1,1,0.6,0.6,0.5,9,2,22.2,0.0,0.0,-0.6,81.9,7,40,6,11,6,5,11,463,260,55.6,43,0.0,0.18442622950819673,0.18442622950819673,0.11065573770491802,0.09221311475409837,1.6598360655737705,0.36885245901639346,1.290983606557377,8.48360655737705,2.028688524590164,0.9221311475409836,7.930327868852459,2.028688524590164
Radu Drăgușin,ro ROU,DF,Tottenham,eng Premier League,22,16,14,1252,13.9,0,0,0,0.1,0.1,0.4,5,1,20.0,0.0,0.0,-0.1,85.2,4,37,7,10,6,15,49,961,623,0.0,48,0.0,0.0,0.0,0.007188498402555911,0.028753993610223644,0.35942492012779553,0.0718849840255591,0.2875399361022364,3.1629392971246006,0.7188498402555911,1.0782747603833864,3.450479233226837,3.522364217252396
Tim Drexler,de GER,DF,Hoffenheim,de Bundesliga,19,8,5,357,4.0,0,0,0,0.1,0.1,0.0,2,2,100.0,0.0,0.0,-0.1,85.0,1,16,2,17,7,1,9,223,128,,10,0.0,0.0,0.0,0.02521008403361345,0.0,0.5042016806722689,0.5042016806722689,0.25210084033613445,4.53781512605042,4.285714285714286,0.25210084033613445,2.5210084033613445,2.26890756302521
Domingos Duarte,pt POR,DF,Getafe,es La Liga,29,22,21,1859,20.7,1,0,1,0.2,0.2,0.1,3,1,33.3,0.33,1.0,0.8,78.5,2,47,3,28,15,18,152,878,373,,63,0.048413125336202255,0.0,0.048413125336202255,0.009682625067240453,0.0048413125336202265,0.14523937600860679,0.048413125336202255,0.09682625067240451,2.420656266810113,1.3555675094136632,0.8714362560516407,3.0500268961807424,7.358795051102743
Marvin Ducksch,de GER,FW,Werder Bremen,de Bundesliga,30,32,30,2418,26.9,8,8,16,10.1,8.5,8.5,70,27,38.6,0.1,0.26,-2.1,61.7,61,86,26,10,7,8,26,1105,538,36.8,65,0.2977667493796526,0.2977667493796526,0.5955334987593052,0.3759305210918114,0.31637717121588094,2.6054590570719602,1.0049627791563276,2.270471464019851,4.168734491315137,0.37220843672456577,0.2977667493796526,2.4193548387096775,0.967741935483871
Ondrej Duda,sk SVK,MF,Hellas Verona,it Serie A,29,28,27,2395,26.6,1,3,4,1.0,1.0,3.2,25,5,20.0,0.04,0.2,0.0,78.3,32,117,23,46,27,31,30,1467,711,59.5,188,0.03757828810020877,0.1127348643006263,0.1503131524008351,0.03757828810020877,0.12025052192066807,0.9394572025052192,0.1878914405010438,1.2025052192066807,5.260960334029227,1.7286012526096033,1.1649269311064718,7.064718162839248,1.1273486430062631
Duk,cv CPV,"MF,FW",Leganés,es La Liga,24,10,1,179,2.0,0,0,0,0.0,0.0,0.7,2,1,50.0,0.0,0.0,0.0,62.3,5,3,10,8,4,1,2,95,64,52.6,11,0.0,0.0,0.0,0.0,0.3519553072625698,1.005586592178771,0.5027932960893855,2.513966480446927,6.5363128491620115,4.022346368715084,0.5027932960893855,5.53072625698324,1.005586592178771
Denzel Dumfries,nl NED,"DF,FW",Inter,it Serie A,28,28,19,1865,20.7,7,2,9,5.4,5.4,3.2,36,19,52.8,0.19,0.37,1.6,72.6,21,51,55,25,15,6,26,1047,534,28.9,65,0.3378016085790885,0.096514745308311,0.4343163538873995,0.26058981233243966,0.1544235924932976,1.737265415549598,0.9168900804289544,1.0134048257372654,5.115281501340482,1.2064343163538873,0.28954423592493295,3.1367292225201076,1.2546916890080428
Alfred Duncan,gh GHA,MF,Venezia,it Serie A,31,16,12,957,10.6,0,0,0,0.8,0.8,1.1,15,4,26.7,0.0,0.0,-0.8,81.1,11,53,11,17,8,8,8,587,311,59.1,52,0.0,0.0,0.0,0.07523510971786834,0.10344827586206898,1.4106583072100312,0.3761755485893417,1.0344827586206897,6.018808777429467,1.5987460815047023,0.7523510971786834,4.890282131661442,0.7523510971786834
Lewis Dunk,eng ENG,DF,Brighton,eng Premier League,32,25,23,2083,23.1,0,0,0,0.8,0.8,0.5,12,3,25.0,0.0,0.0,-0.8,91.0,6,142,20,17,10,13,79,2127,1341,0.0,104,0.0,0.0,0.0,0.03456553048487759,0.021603456553048486,0.5184829572731637,0.12962073931829093,0.25924147863658187,6.9995199231877105,0.7345175228036487,0.5616898703792607,4.493518963034085,3.4133461353816608
Jáder Durán,co COL,FW,Aston Villa,eng Premier League,20,20,4,638,7.1,7,0,7,4.9,4.9,0.2,31,15,48.4,0.23,0.47,2.1,70.6,4,13,7,8,7,0,13,263,133,21.4,19,0.987460815047022,0.0,0.987460815047022,0.6912225705329154,0.02821316614420063,4.373040752351097,2.115987460815047,0.5642633228840125,2.8213166144200623,1.128526645768025,0.0,2.6802507836990594,1.8338557993730407
Pablo Durán,es ESP,"FW,MF",Celta Vigo,es La Liga,23,27,15,1394,15.5,4,4,8,3.6,3.6,2.8,26,9,34.6,0.15,0.44,0.4,71.0,17,30,24,17,9,8,18,584,338,28.6,46,0.2582496413199426,0.2582496413199426,0.5164992826398852,0.23242467718794835,0.1807747489239598,1.6786226685796268,0.5810616929698709,1.0975609756097562,3.486370157819225,1.0975609756097562,0.5164992826398852,2.96987087517934,1.1621233859397417
Julien Duranville,be BEL,"FW,MF",Dortmund,de Bundesliga,18,12,2,283,3.1,0,0,0,0.2,0.2,0.3,5,2,40.0,0.0,0.0,-0.2,70.2,1,7,16,3,0,0,3,135,102,40.0,5,0.0,0.0,0.0,0.06360424028268552,0.09540636042402825,1.5901060070671378,0.6360424028268551,0.31802120141342755,7.3144876325088335,0.9540636042402828,0.0,1.5901060070671378,0.9540636042402828
Hugo Duro,es ESP,FW,Valencia,es La Liga,24,31,25,2166,24.1,11,2,13,9.4,8.6,1.3,48,16,33.3,0.21,0.63,1.6,69.2,14,28,13,13,8,10,11,634,297,35.0,46,0.45706371191135736,0.08310249307479224,0.5401662049861495,0.39058171745152354,0.054016620498614956,1.994459833795014,0.6648199445983379,0.5817174515235457,1.703601108033241,0.5401662049861495,0.41551246537396125,1.9113573407202216,0.45706371191135736
Jean-Kevin Duverne,ht HAI,DF,Nantes,fr Ligue 1,27,9,7,537,6.0,0,0,0,0.3,0.3,0.1,4,0,0.0,0.0,,-0.3,78.3,1,22,6,21,12,8,23,378,161,40.0,20,0.0,0.0,0.0,0.05027932960893854,0.016759776536312852,0.6703910614525139,0.0,0.16759776536312848,4.692737430167598,3.5195530726256985,1.3407821229050279,3.35195530726257,3.854748603351956
Paulo Dybala,ar ARG,"FW,MF",Roma,it Serie A,30,24,16,1417,15.7,6,3,9,6.4,4.0,5.0,47,15,31.9,0.06,0.2,-0.4,81.8,40,79,41,17,7,2,2,909,595,25.6,63,0.38108680310515175,0.19054340155257588,0.5716302046577276,0.40649258997882853,0.3175723359209598,2.985179957657022,0.9527170077628794,2.5405786873676783,7.621736062103035,1.0797459421312632,0.12702893436838392,4.001411432604093,0.12702893436838392
Stefan Džodić,rs SRB,"DF,MF",Montpellier,fr Ligue 1,19,7,2,242,2.7,0,0,0,0.1,0.1,0.0,3,0,0.0,0.0,,-0.1,89.8,0,10,2,8,5,5,10,210,127,,10,0.0,0.0,0.0,0.0371900826446281,0.0,1.115702479338843,0.0,0.0,4.462809917355372,2.975206611570248,1.859504132231405,3.71900826446281,3.71900826446281
Adam Dźwigała,pl POL,"DF,MF",St. Pauli,de Bundesliga,28,16,2,373,4.1,0,0,0,0.4,0.4,0.0,6,0,0.0,0.0,,-0.4,81.6,0,14,1,20,10,4,28,280,110,50.0,13,0.0,0.0,0.0,0.096514745308311,0.0,1.447721179624665,0.0,0.0,3.619302949061662,4.825737265415549,0.9651474530831099,3.1367292225201076,6.756032171581769
Aron Dønnum,no NOR,"DF,MF",Toulouse,fr Ligue 1,26,32,31,2689,29.9,2,2,4,2.1,2.1,4.6,31,5,16.1,0.06,0.4,-0.1,72.5,45,126,94,56,35,28,37,1542,862,45.2,171,0.06693938267013759,0.06693938267013759,0.13387876534027518,0.07028635180364448,0.15396058014131647,1.0375604313871327,0.16734845667534398,1.5061361100780961,7.363332093715136,1.8743027147638527,0.9371513573819263,5.723317218296764,1.2383785793975455
Enzo Ebosse,cm CMR,DF,Udinese,it Serie A,25,2,0,90,1.0,0,0,0,0.0,0.0,0.0,0,0,,,,0.0,87.3,1,5,0,0,0,1,1,61,34,100.0,5,0.0,0.0,0.0,0.0,0.0,0.0,0.0,1.0,5.0,0.0,1.0,5.0,1.0
Tyronne Ebuehi,ng NGA,"DF,MF",Empoli,it Serie A,28,4,0,74,0.8,0,0,0,0.0,0.0,0.0,0,0,,,,0.0,71.7,0,4,3,3,2,2,0,59,20,100.0,6,0.0,0.0,0.0,0.0,0.0,0.0,0.0,0.0,8.513513513513514,3.6486486486486487,2.4324324324324325,7.297297297297297,0.0
Claudio Echeverri,ar ARG,FW,Manchester City,eng Premier League,18,1,0,6,0.1,0,0,0,0.0,0.0,0.0,0,0,,,,0.0,100.0,0,1,0,1,0,0,0,3,3,,1,0.0,0.0,0.0,0.0,0.0,0.0,0.0,0.0,15.0,15.0,0.0,15.0,0.0
Éderson,br BRA,MF,Atalanta,it Serie A,25,37,32,2881,32.0,4,1,5,4.1,4.1,4.3,39,12,30.8,0.1,0.33,-0.1,86.5,37,216,40,52,32,35,36,2308,1490,44.2,186,0.12495661228740021,0.031239153071850052,0.15619576535925025,0.12808052759458521,0.13432835820895522,1.2183269698021522,0.3748698368622006,1.155848663658452,7.997223186393613,1.6244359597362028,1.0933703575147518,5.81048247136411,1.1246095105866019
Noah Edjouma,fr FRA,"MF,FW",Toulouse,fr Ligue 1,18,10,1,171,1.9,2,0,2,1.3,1.3,0.1,5,3,60.0,0.4,0.67,0.7,69.2,1,7,8,2,2,2,2,90,62,28.6,8,1.0526315789473684,0.0,1.0526315789473684,0.6842105263157895,0.052631578947368425,2.631578947368421,1.5789473684210527,0.5263157894736842,7.894736842105263,1.0526315789473684,1.0526315789473684,4.2105263157894735,1.0526315789473684
George Edmundson,eng ENG,DF,Ipswich Town,eng Premier League,26,1,0,2,0.0,0,0,0,0.0,0.0,0.0,0,0,,,,0.0,50.0,0,0,0,0,0,0,0,3,1,,0,0.0,0.0,0.0,0.0,0.0,0.0,0.0,0.0,0.0,0.0,0.0,0.0,0.0
Odsonne Édouard,fr FRA,"MF,FW",Crystal Palace,eng Premier League,26,2,1,115,1.3,0,0,0,0.4,0.4,0.0,5,1,20.0,0.0,0.0,-0.4,60.7,1,4,3,1,0,0,1,45,24,0.0,5,0.0,0.0,0.0,0.3130434782608696,0.0,3.9130434782608696,0.782608695652174,0.782608695652174,5.478260869565218,0.782608695652174,0.0,3.9130434782608696,0.782608695652174
Odsonne Édouard,fr FRA,FW,Leicester City,eng Premier League,26,4,0,29,0.3,0,0,0,0.0,0.0,0.0,0,0,,,,0.0,75.0,1,1,0,1,1,0,1,20,11,50.0,1,0.0,0.0,0.0,0.0,0.0,0.0,0.0,3.103448275862069,3.103448275862069,3.103448275862069,0.0,3.103448275862069,3.103448275862069
Samuel Edozie,eng ENG,"DF,FW",Southampton,eng Premier League,21,2,0,65,0.7,0,0,0,0.0,0.0,0.1,0,0,,,,0.0,75.8,1,4,6,3,1,0,0,43,34,50.0,1,0.0,0.0,0.0,0.0,0.13846153846153847,0.0,0.0,1.3846153846153846,13.846153846153847,4.153846153846154,0.0,1.3846153846153846,0.0
Ronnie Edwards,eng ENG,DF,Southampton,eng Premier League,21,1,0,12,0.1,0,0,0,0.0,0.0,0.0,0,0,,,,0.0,100.0,0,0,0,0,0,0,0,6,3,,0,0.0,0.0,0.0,0.0,0.0,0.0,0.0,0.0,0.0,0.0,0.0,0.0,0.0
Johannes Eggestein,de GER,FW,St. Pauli,de Bundesliga,26,27,22,1853,20.6,3,4,7,4.7,3.1,2.1,34,10,29.4,0.06,0.2,-1.7,73.9,24,43,25,5,3,0,8,713,384,41.2,58,0.1457096600107933,0.19427954668105774,0.33998920669185106,0.22827846735024285,0.10199676200755532,1.651376146788991,0.48569886670264434,1.1656772800863464,3.302752293577982,0.24284943335132217,0.0,2.817053426875337,0.38855909336211547
Maximilian Eggestein,de GER,MF,Freiburg,de Bundesliga,27,33,33,2845,31.6,2,0,2,2.0,2.0,1.5,36,10,27.8,0.06,0.2,0.0,83.5,19,141,34,57,32,39,54,1757,813,45.8,154,0.0632688927943761,0.0,0.0632688927943761,0.0632688927943761,0.04745166959578208,1.1388400702987698,0.3163444639718805,0.6010544815465729,5.536028119507908,1.803163444639719,1.233743409490334,4.8717047451669595,1.7082601054481545
Kingsley Ehizibue,nl NED,DF,Udinese,it Serie A,29,33,30,2498,27.8,0,1,1,1.2,1.2,2.2,14,4,28.6,0.0,0.0,-1.2,76.7,22,55,54,55,35,23,70,1272,576,40.0,110,0.0,0.036028823058446756,0.036028823058446756,0.04323458767013611,0.07926341072858287,0.5044035228182546,0.14411529223378702,0.7926341072858287,3.9271417133706965,1.9815852682145716,0.8286629303442755,3.963170536429143,2.522017614091273
Chidera Ejuke,ng NGA,FW,Sevilla,es La Liga,26,25,9,966,10.7,2,1,3,1.1,1.1,1.9,20,8,40.0,0.1,0.25,0.9,81.6,21,38,75,19,13,5,8,612,416,55.3,63,0.1863354037267081,0.09316770186335405,0.2795031055900621,0.10248447204968945,0.17701863354037264,1.8633540372670807,0.7453416149068324,1.9565217391304348,10.527950310559005,1.7701863354037268,0.4658385093167702,5.869565217391304,0.7453416149068324
Jeff Ekhator,it ITA,"FW,MF",Genoa,it Serie A,17,24,6,769,8.5,1,1,2,1.3,1.3,1.0,10,3,30.0,0.1,0.33,-0.3,66.7,11,14,4,7,4,2,5,254,130,30.8,32,0.11703511053315994,0.11703511053315994,0.2340702210663199,0.15214564369310793,0.11703511053315994,1.1703511053315994,0.3511053315994799,1.2873862158647593,2.1066319895968793,0.8192457737321196,0.2340702210663199,3.7451235370611182,0.5851755526657997
Hugo Ekitike,fr FRA,FW,Eint Frankfurt,de Bundesliga,22,33,31,2563,28.5,15,8,23,21.6,19.3,6.8,114,44,38.6,0.12,0.32,-6.6,75.5,44,53,93,16,12,7,24,1054,633,43.7,87,0.5267264923917284,0.28092079594225516,0.8076472883339836,0.758486149044089,0.2387826765509169,4.003121342177136,1.5450643776824033,1.5450643776824033,5.126804525946157,0.5618415918845103,0.24580569644947328,3.055013655872025,0.8427623878267655
Jurgen Ekkelenkamp,nl NED,MF,Udinese,it Serie A,24,34,20,1892,21.0,3,2,5,2.8,2.8,1.3,27,9,33.3,0.11,0.33,0.2,79.7,15,72,34,36,25,12,26,868,457,33.3,82,0.1427061310782241,0.09513742071881608,0.23784355179704017,0.13319238900634248,0.06183932346723045,1.284355179704017,0.4281183932346723,0.7135306553911205,5.042283298097252,1.7124735729386893,0.5708245243128964,3.9006342494714588,1.236786469344609
Jacques Ekomie,ga GAB,"DF,FW",Angers,fr Ligue 1,20,18,7,697,7.7,0,0,0,0.0,0.0,0.0,1,0,0.0,0.0,,0.0,70.4,0,20,13,22,14,4,14,358,135,19.0,33,0.0,0.0,0.0,0.0,0.0,0.1291248206599713,0.0,0.0,4.261119081779054,2.840746054519369,0.5164992826398852,4.261119081779054,1.8077474892395982
Emmanuel Ekong,se SWE,"MF,FW",Empoli,it Serie A,22,15,0,186,2.1,0,0,0,0.1,0.1,0.1,4,1,25.0,0.0,0.0,-0.1,68.2,2,5,8,4,3,1,1,84,50,35.0,10,0.0,0.0,0.0,0.04838709677419355,0.04838709677419355,1.935483870967742,0.4838709677419355,0.967741935483871,6.290322580645161,1.935483870967742,0.4838709677419355,4.838709677419355,0.4838709677419355
Caleb Ekuban,gh GHA,FW,Genoa,it Serie A,30,18,3,555,6.2,1,3,4,2.8,2.8,0.8,18,6,33.3,0.06,0.17,-1.8,67.3,8,8,7,3,3,1,6,174,97,30.0,20,0.16216216216216217,0.4864864864864865,0.6486486486486487,0.454054054054054,0.12972972972972974,2.9189189189189193,0.972972972972973,1.2972972972972974,2.4324324324324325,0.4864864864864865,0.16216216216216217,3.2432432432432434,0.972972972972973
Pierre Ekwah Elimby,fr FRA,MF,Saint-Étienne,fr Ligue 1,22,29,29,2575,28.6,1,0,1,0.7,0.7,1.0,25,6,24.0,0.04,0.17,0.3,88.2,16,146,20,54,33,47,72,1885,907,56.3,154,0.03495145631067961,0.0,0.03495145631067961,0.024466019417475726,0.03495145631067961,0.8737864077669902,0.20970873786407768,0.5592233009708738,5.801941747572816,1.887378640776699,1.6427184466019418,5.382524271844661,2.516504854368932
Anthony Elanga,se SWE,"FW,MF",Nott'ham Forest,eng Premier League,22,38,31,2501,27.8,6,11,17,4.5,4.5,5.7,44,24,54.5,0.14,0.25,1.5,65.3,50,63,102,19,14,6,25,1115,600,30.1,89,0.21591363454618154,0.39584166333466614,0.6117552978808477,0.16193522590963613,0.20511795281887246,1.5833666533386646,0.8636545381847262,1.7992802878848462,5.937624950019992,0.6837265093962415,0.21591363454618154,3.2027189124350257,0.8996401439424231
Meschak Elia,cd COD,FW,Nantes,fr Ligue 1,26,8,1,170,1.9,1,0,1,1.1,1.1,0.2,5,1,20.0,0.2,1.0,-0.1,56.5,3,5,9,7,5,0,2,99,61,18.2,14,0.5294117647058824,0.0,0.5294117647058824,0.5823529411764706,0.10588235294117648,2.6470588235294117,0.5294117647058824,1.588235294117647,7.411764705882353,3.7058823529411766,0.0,7.411764705882353,1.0588235294117647
Mikael Ellertsson,is ISL,"DF,MF",Venezia,it Serie A,22,36,29,2470,27.4,2,2,4,1.1,1.1,1.6,21,4,19.0,0.1,0.5,0.9,71.0,20,36,33,58,26,17,79,938,460,38.1,74,0.0728744939271255,0.0728744939271255,0.145748987854251,0.040080971659919036,0.058299595141700404,0.7651821862348178,0.145748987854251,0.728744939271255,2.51417004048583,2.11336032388664,0.6194331983805669,2.6963562753036436,2.8785425101214575
Harvey Elliott,eng ENG,MF,Liverpool,eng Premier League,21,18,2,371,4.1,1,2,3,1.8,1.8,1.1,17,4,23.5,0.06,0.25,-0.8,82.2,10,44,10,5,3,1,3,339,188,44.4,15,0.24258760107816713,0.48517520215633425,0.7277628032345014,0.4366576819407008,0.26684636118598387,4.123989218328841,0.9703504043126685,2.4258760107816713,13.099730458221025,1.2129380053908356,0.24258760107816713,3.6388140161725064,0.7277628032345014
Elif Elmas,mk MKD,"FW,MF",Torino,it Serie A,24,13,12,1021,11.3,4,0,4,1.4,1.4,0.4,19,9,47.4,0.21,0.44,2.6,80.4,9,34,42,10,7,6,5,444,303,34.2,33,0.3525954946131244,0.0,0.3525954946131244,0.12340842311459353,0.03525954946131244,1.6748285994123409,0.79333986287953,0.79333986287953,6.699314397649363,0.881488736532811,0.5288932419196866,2.908912830558276,0.4407443682664055
Elif Elmas,mk MKD,MF,RB Leipzig,de Bundesliga,24,2,0,44,0.5,0,0,0,0.3,0.3,0.0,2,0,0.0,0.0,,-0.3,81.3,0,2,0,3,1,0,2,28,13,100.0,3,0.0,0.0,0.0,0.6136363636363636,0.0,4.090909090909091,0.0,0.0,4.090909090909091,6.136363636363636,0.0,6.136363636363636,4.090909090909091
Aritz Elustondo,es ESP,DF,Real Sociedad,es La Liga,30,22,16,1457,16.2,0,0,0,0.4,0.4,0.2,4,0,0.0,0.0,,-0.4,85.4,4,51,17,20,11,11,96,1092,624,37.5,53,0.0,0.0,0.0,0.024708304735758406,0.012354152367879203,0.24708304735758407,0.0,0.24708304735758407,4.200411805078929,1.2354152367879203,0.6794783802333562,3.273850377487989,5.929993136582018
Nico Elvedi,ch SUI,DF,Gladbach,de Bundesliga,27,25,25,2135,23.7,1,1,2,2.0,2.0,0.4,12,3,25.0,0.08,0.33,-1.0,92.0,5,55,20,38,23,30,163,1827,953,,89,0.04215456674473068,0.04215456674473068,0.08430913348946135,0.08430913348946135,0.01686182669789227,0.5058548009367682,0.12646370023419204,0.2107728337236534,3.161592505854801,1.601873536299766,1.2646370023419204,3.75175644028103,6.871194379391101
Adri Embarba,es ESP,"FW,MF",Rayo Vallecano,es La Liga,32,35,18,1607,17.9,1,1,2,2.1,2.1,2.7,37,12,32.4,0.03,0.08,-1.1,63.9,20,45,47,41,20,13,14,847,467,35.7,67,0.056004978220286245,0.056004978220286245,0.11200995644057249,0.11761045426260112,0.15121344119477287,2.072184194150591,0.6720597386434349,1.120099564405725,5.152457996266334,2.2962041070317363,0.7280647168637212,3.7523335407591785,0.7840696950840076
Breel Embolo,ch SUI,"FW,MF",Monaco,fr Ligue 1,27,29,19,1841,20.5,6,4,10,10.8,10.8,5.6,51,18,35.3,0.12,0.33,-4.8,69.2,32,55,22,22,17,3,10,668,397,33.3,58,0.2933188484519283,0.1955458989679522,0.48886474741988045,0.527973927213471,0.2737642585551331,2.4932102118413906,0.8799565453557848,1.5643671917436175,3.7642585551330794,1.075502444323737,0.14665942422596415,2.835415535035307,0.48886474741988045
Emanuel Emegha,nl NED,FW,Strasbourg,fr Ligue 1,21,27,27,2293,25.5,14,3,17,17.0,17.0,2.4,61,35,57.4,0.23,0.4,-3.0,80.3,18,14,37,6,6,1,30,577,341,25.0,60,0.5494984736153511,0.11774967291757524,0.6672481465329263,0.6672481465329263,0.09419973833406019,2.3942433493240296,1.3737461840383778,0.7064980375054514,2.001744439598779,0.23549934583515048,0.03924989097252508,2.3549934583515046,1.1774967291757523
Emerson,br BRA,DF,Milan,it Serie A,25,17,16,1377,15.3,0,0,0,0.4,0.4,0.7,10,2,20.0,0.0,0.0,-0.4,86.2,15,68,23,45,28,14,56,1102,584,38.9,59,0.0,0.0,0.0,0.026143790849673203,0.0457516339869281,0.6535947712418301,0.13071895424836602,0.9803921568627452,5.947712418300654,2.9411764705882355,0.9150326797385621,3.8562091503267975,3.6601307189542482
Yunus Emre Konak,tr TUR,"FW,MF",Brentford,eng Premier League,18,10,0,42,0.5,0,0,0,0.2,0.2,0.0,1,0,0.0,0.0,,-0.2,72.2,0,2,1,4,4,0,0,53,17,0.0,2,0.0,0.0,0.0,0.4285714285714286,0.0,2.142857142857143,0.0,0.0,6.428571428571428,8.571428571428571,0.0,4.285714285714286,0.0
Julio Enciso,py PAR,"MF,FW",Ipswich Town,eng Premier League,20,13,12,869,9.7,2,3,5,1.7,1.7,1.4,32,11,34.4,0.06,0.18,0.3,69.0,13,28,23,12,9,1,6,406,205,45.5,43,0.20713463751438435,0.3107019562715765,0.5178365937859609,0.1760644418872267,0.14499424626006904,3.3141542002301496,1.139240506329114,1.3463751438434983,5.281933256616801,1.242807825086306,0.10356731875719218,4.453394706559263,0.621403912543153
Julio Enciso,py PAR,"MF,FW",Brighton,eng Premier League,20,12,2,294,3.3,0,0,0,1.0,1.0,0.2,20,11,55.0,0.0,0.0,-1.0,66.0,5,14,11,0,0,0,1,202,114,47.6,15,0.0,0.0,0.0,0.30612244897959184,0.06122448979591837,6.122448979591837,3.36734693877551,1.5306122448979593,7.653061224489796,0.0,0.0,4.591836734693878,0.30612244897959184
Wataru Endo,jp JPN,"MF,DF",Liverpool,eng Premier League,31,20,1,273,3.0,0,0,0,0.0,0.0,0.1,0,0,,,,0.0,93.8,2,19,1,12,8,6,9,237,110,100.0,14,0.0,0.0,0.0,0.0,0.03296703296703297,0.0,0.0,0.6593406593406593,6.593406593406594,3.956043956043956,1.978021978021978,4.615384615384615,2.967032967032967
Endrick,br BRA,FW,Real Madrid,es La Liga,18,22,3,363,4.0,1,0,1,2.5,2.5,0.5,24,6,25.0,0.04,0.17,-1.5,78.7,4,8,12,1,1,4,1,127,83,36.4,7,0.24793388429752067,0.0,0.24793388429752067,0.6198347107438017,0.12396694214876033,5.950413223140496,1.487603305785124,0.9917355371900827,4.958677685950414,0.24793388429752067,0.9917355371900827,1.7355371900826446,0.24793388429752067
Yannik Engelhardt,de GER,"MF,DF",Como,it Serie A,23,26,11,1164,12.9,1,1,2,0.6,0.6,1.5,8,2,25.0,0.13,0.5,0.4,88.7,12,54,18,30,12,11,27,836,525,60.0,62,0.07731958762886598,0.07731958762886598,0.15463917525773196,0.04639175257731959,0.11597938144329897,0.6185567010309279,0.15463917525773196,0.9278350515463918,5.56701030927835,2.319587628865979,0.8505154639175257,4.793814432989691,2.0876288659793816
Arne Engels,be BEL,"MF,FW",Augsburg,de Bundesliga,20,1,1,79,0.9,0,0,0,0.4,0.4,0.0,3,1,33.3,0.0,0.0,-0.4,70.4,0,1,1,0,0,0,0,32,17,0.0,0,0.0,0.0,0.0,0.45569620253164556,0.0,3.4177215189873418,1.139240506329114,0.0,2.278481012658228,0.0,0.0,0.0,0.0
Christian Eriksen,dk DEN,MF,Manchester Utd,eng Premier League,32,23,11,1061,11.8,1,2,3,1.4,0.6,3.2,14,1,7.1,0.0,0.0,-0.4,78.8,31,55,13,19,9,7,8,850,473,0.0,62,0.08482563619227144,0.1696512723845429,0.2544769085768143,0.11875589066918,0.27144203581526866,1.1875589066918002,0.08482563619227144,2.629594721960415,5.768143261074458,1.6116870876531575,0.5937794533459001,5.25918944392083,0.6786050895381716
Martin Erlic,hr CRO,DF,Bologna,it Serie A,26,8,5,334,3.7,0,0,0,0.2,0.2,0.0,6,0,0.0,0.0,,-0.2,91.7,0,11,4,2,0,2,9,268,179,0.0,11,0.0,0.0,0.0,0.05389221556886228,0.0,1.6167664670658681,0.0,0.0,4.041916167664671,0.5389221556886228,0.5389221556886228,2.9640718562874255,2.4251497005988023
Patrick Erras,de GER,DF,Holstein Kiel,de Bundesliga,29,10,10,832,9.2,1,0,1,0.9,0.9,0.1,8,1,12.5,0.13,1.0,0.1,92.0,3,25,3,8,5,9,64,622,282,,24,0.10817307692307693,0.0,0.10817307692307693,0.09735576923076923,0.010817307692307692,0.8653846153846154,0.10817307692307693,0.3245192307692308,3.0288461538461537,0.8653846153846154,0.9735576923076923,2.5961538461538463,6.923076923076923
Alfonso Espino,uy URU,DF,Rayo Vallecano,es La Liga,32,16,9,833,9.3,0,1,1,0.4,0.4,0.6,10,2,20.0,0.0,0.0,-0.4,74.3,5,39,10,41,24,12,32,637,307,35.7,55,0.0,0.10804321728691475,0.10804321728691475,0.04321728691476591,0.06482593037214886,1.0804321728691477,0.2160864345738295,0.5402160864345739,5.294117647058823,4.429771908763506,1.296518607442977,5.942376950780312,3.457382953181272
Sebastiano Esposito,it ITA,"FW,MF",Empoli,it Serie A,22,33,27,2331,25.9,8,0,8,5.7,4.2,2.1,59,19,32.2,0.12,0.37,2.3,60.2,36,93,31,57,29,12,14,1081,565,43.3,106,0.3088803088803089,0.0,0.3088803088803089,0.22007722007722008,0.08108108108108109,2.277992277992278,0.7335907335907337,1.38996138996139,4.787644787644788,2.200772200772201,0.4633204633204633,4.0926640926640925,0.5405405405405406
Romain Esse,eng ENG,MF,Crystal Palace,eng Premier League,19,7,1,138,1.5,1,1,2,0.3,0.3,0.4,1,1,100.0,1.0,1.0,0.7,76.2,3,7,1,9,6,1,2,73,38,33.3,9,0.6521739130434783,0.6521739130434783,1.3043478260869565,0.1956521739130435,0.2608695652173913,0.6521739130434783,0.6521739130434783,1.9565217391304348,5.217391304347826,5.869565217391304,0.6521739130434783,5.869565217391304,1.3043478260869565
Samuel Essende,cd COD,FW,Augsburg,de Bundesliga,26,30,21,1636,18.2,7,2,9,4.2,4.2,1.3,44,13,29.5,0.16,0.54,2.8,64.8,11,21,33,7,6,0,11,564,347,26.9,42,0.3850855745721271,0.1100244498777506,0.4951100244498778,0.2310513447432763,0.07151589242053791,2.4205378973105134,0.715158924205379,0.6051344743276283,2.9706601466992666,0.3850855745721271,0.0,2.3105134474327627,0.6051344743276283
Dario Essugo,pt POR,MF,Las Palmas,es La Liga,19,27,25,1938,21.5,1,0,1,0.7,0.7,0.4,23,4,17.4,0.04,0.25,0.3,85.4,13,76,18,59,45,42,47,1228,582,66.7,118,0.04643962848297213,0.0,0.04643962848297213,0.032507739938080496,0.018575851393188857,1.0681114551083593,0.18575851393188852,0.6037151702786377,4.3653250773993815,2.739938080495356,1.9504643962848298,5.479876160990712,2.1826625386996907
Estanis,es ESP,FW,Bologna,it Serie A,20,1,0,9,0.1,0,0,0,0.1,0.1,0.2,2,0,0.0,0.0,,-0.1,87.5,2,0,1,0,0,0,0,13,5,66.7,0,0.0,0.0,0.0,1.0,2.0,20.0,0.0,20.0,10.0,0.0,0.0,0.0,0.0
Nahuel Estévez,ar ARG,MF,Parma,it Serie A,28,14,7,657,7.3,0,0,0,0.1,0.1,0.8,5,1,20.0,0.0,0.0,-0.1,75.7,6,30,3,16,6,3,26,379,148,100.0,28,0.0,0.0,0.0,0.013698630136986302,0.10958904109589042,0.684931506849315,0.136986301369863,0.821917808219178,4.520547945205479,2.191780821917808,0.410958904109589,3.835616438356164,3.5616438356164384
Pervis Estupiñán,ec ECU,DF,Brighton,eng Premier League,26,30,26,2402,26.7,1,1,2,1.2,1.2,2.1,28,9,32.1,0.04,0.11,-0.2,83.1,26,132,59,65,43,37,65,1915,1023,55.9,147,0.03746877601998335,0.03746877601998335,0.0749375520399667,0.044962531223980015,0.07868442964196504,1.0491257285595337,0.33721898417985013,0.9741881765195671,7.15653621981682,2.435470441298918,1.3863447127393838,5.507910074937552,2.435470441298918
Etienne Eto'o,cm CMR,FW,Rayo Vallecano,es La Liga,21,2,0,40,0.4,0,0,0,0.0,0.0,0.0,0,0,,,,0.0,20.0,0,0,0,0,0,0,1,13,4,0.0,0,0.0,0.0,0.0,0.0,0.0,0.0,0.0,0.0,0.0,0.0,0.0,0.0,2.25
Karl Etta,cm CMR,"MF,FW",Villarreal,es La Liga,20,4,0,37,0.4,1,0,1,0.4,0.4,0.0,2,2,100.0,0.5,0.5,0.6,0.0,0,0,0,0,0,0,0,9,5,,0,2.4324324324324325,0.0,2.4324324324324325,0.972972972972973,0.0,4.864864864864865,4.864864864864865,0.0,0.0,0.0,0.0,0.0,0.0
Evanilson,br BRA,FW,Bournemouth,eng Premier League,24,31,28,2319,25.8,10,1,11,12.5,11.7,1.9,72,31,43.1,0.14,0.32,-2.5,71.3,26,28,29,16,10,1,21,558,333,33.3,67,0.3880983182406209,0.0388098318240621,0.426908150064683,0.4851228978007762,0.07373868046571798,2.794307891332471,1.203104786545925,1.0090556274256146,2.2121604139715396,0.6209573091849936,0.0388098318240621,2.6002587322121604,0.815006468305304
Jonny Evans,nir NIR,DF,Manchester Utd,eng Premier League,36,7,3,315,3.5,0,0,0,0.1,0.1,0.0,2,1,50.0,0.0,0.0,-0.1,88.5,0,10,3,8,6,5,15,250,143,100.0,16,0.0,0.0,0.0,0.02857142857142857,0.0,0.5714285714285714,0.2857142857142857,0.0,3.7142857142857144,2.2857142857142856,1.4285714285714284,4.571428571428571,4.285714285714286
Edu Expósito,es ESP,MF,Espanyol,es La Liga,27,19,12,1045,11.6,0,2,2,1.0,1.0,3.2,18,6,33.3,0.0,0.0,-1.0,65.6,28,64,23,23,13,15,21,630,340,53.6,63,0.0,0.1722488038277512,0.1722488038277512,0.0861244019138756,0.2755980861244019,1.5502392344497606,0.5167464114832536,2.411483253588517,7.492822966507177,1.9808612440191387,1.291866028708134,5.425837320574162,1.8086124401913874
Eberechi Eze,eng ENG,"MF,FW",Crystal Palace,eng Premier League,26,34,31,2588,28.8,8,8,16,10.5,8.9,6.2,100,27,27.0,0.07,0.26,-2.5,74.2,58,97,69,39,22,11,10,1414,840,48.6,146,0.2782071097372488,0.2782071097372488,0.5564142194744977,0.3651468315301391,0.21561051004636786,3.4775888717156103,0.9389489953632149,2.017001545595054,5.7727975270479135,1.3562596599690881,0.38253477588871715,5.077279752704791,0.34775888717156106
Abde Ezzalzouli,ma MAR,"FW,MF",Betis,es La Liga,22,32,23,1984,22.0,2,2,4,8.0,7.2,2.0,61,25,41.0,0.03,0.08,-6.0,71.6,27,68,117,37,25,7,19,1081,706,44.7,102,0.0907258064516129,0.0907258064516129,0.1814516129032258,0.3629032258064516,0.0907258064516129,2.7671370967741935,1.1340725806451613,1.2247983870967742,8.392137096774194,1.6784274193548387,0.31754032258064513,4.627016129032258,0.8618951612903226
Giovanni Fabbian,it ITA,MF,Bologna,it Serie A,21,30,9,1023,11.4,3,1,4,2.3,2.3,1.3,21,5,23.8,0.14,0.6,0.7,71.9,9,17,14,10,6,2,4,328,198,12.5,31,0.26392961876832843,0.08797653958944282,0.3519061583577713,0.20234604105571846,0.11436950146627566,1.847507331378299,0.4398826979472141,0.7917888563049854,2.7272727272727275,0.8797653958944281,0.17595307917888564,2.7272727272727275,0.3519061583577713
Alieu Fadera,gm GAM,"FW,DF",Como,it Serie A,22,28,20,1644,18.3,1,3,4,1.7,1.7,4.0,28,9,32.1,0.04,0.11,-0.7,74.6,23,36,74,64,47,12,10,844,544,38.2,95,0.05474452554744526,0.16423357664233576,0.21897810218978103,0.09306569343065693,0.21897810218978103,1.532846715328467,0.4927007299270073,1.2591240875912408,6.021897810218978,3.5036496350364965,0.656934306569343,5.200729927007299,0.5474452554744526
Wout Faes,be BEL,DF,Leicester City,eng Premier League,26,34,30,2815,31.3,1,0,1,1.5,1.5,0.1,12,1,8.3,0.08,1.0,-0.5,88.0,4,86,12,42,26,26,185,1906,1107,83.3,90,0.03197158081705151,0.0,0.03197158081705151,0.047957371225577264,0.0031971580817051507,0.3836589698046181,0.03197158081705151,0.12788632326820604,3.133214920071048,1.3428063943161634,0.8312611012433393,2.8774422735346357,5.91474245115453
Nicolò Fagioli,it ITA,MF,Fiorentina,it Serie A,23,15,10,962,10.7,1,2,3,0.5,0.5,3.0,10,4,40.0,0.1,0.25,0.5,84.1,23,50,15,19,10,5,12,713,480,45.5,46,0.09355509355509356,0.18711018711018712,0.2806652806652807,0.04677754677754678,0.2806652806652807,0.9355509355509356,0.37422037422037424,2.1517671517671517,6.081081081081082,1.7775467775467777,0.4677754677754678,4.303534303534303,1.1226611226611227
Nicolò Fagioli,it ITA,MF,Juventus,it Serie A,23,17,5,571,6.3,0,0,0,0.6,0.6,0.1,12,1,8.3,0.0,0.0,-0.6,88.5,4,41,19,14,10,2,5,470,311,66.7,33,0.0,0.0,0.0,0.0945709281961471,0.01576182136602452,1.8914185639229422,0.1576182136602452,0.6304728546409808,9.457092819614711,2.2066549912434326,0.3152364273204904,5.201401050788091,0.7880910683012259
Romain Faivre,fr FRA,"MF,FW",Brest,fr Ligue 1,26,20,10,899,10.0,3,2,5,2.6,1.8,1.9,18,9,50.0,0.11,0.22,0.4,82.1,10,44,24,13,10,4,3,479,310,40.5,42,0.3003337041156841,0.20022246941045607,0.5005561735261401,0.2602892102335929,0.19021134593993325,1.8020022246941045,0.9010011123470523,1.0011123470522802,6.807563959955506,1.3014460511679644,0.40044493882091214,4.204671857619577,0.3003337041156841
Davide Faraoni,it ITA,DF,Hellas Verona,it Serie A,32,8,3,260,2.9,0,0,0,0.2,0.2,0.1,1,0,0.0,0.0,,-0.2,68.4,2,3,2,10,9,2,12,136,55,0.0,9,0.0,0.0,0.0,0.06923076923076923,0.03461538461538462,0.34615384615384615,0.0,0.6923076923076923,1.7307692307692308,3.4615384615384617,0.6923076923076923,3.1153846153846154,4.153846153846154
Abdul Fatawu Issahaku,gh GHA,FW,Leicester City,eng Premier League,20,11,6,579,6.4,0,2,2,0.4,0.4,1.6,13,5,38.5,0.0,0.0,-0.4,62.4,6,17,42,21,15,4,12,326,217,42.0,38,0.0,0.31088082901554404,0.31088082901554404,0.062176165803108814,0.24870466321243526,2.0207253886010363,0.7772020725388601,0.9326424870466321,9.170984455958548,3.264248704663212,0.6217616580310881,5.906735751295337,1.8652849740932642
Ansu Fati,es ESP,FW,Barcelona,es La Liga,21,6,3,233,2.6,0,0,0,1.0,1.0,0.2,12,5,41.7,0.0,0.0,-1.0,83.2,4,6,7,4,1,1,0,170,107,45.5,7,0.0,0.0,0.0,0.38626609442060084,0.07725321888412018,4.635193133047211,1.9313304721030042,1.5450643776824033,5.021459227467812,1.5450643776824033,0.38626609442060084,2.703862660944206,0.0
Khalil Fayad,fr FRA,"MF,FW",Montpellier,fr Ligue 1,20,20,10,1028,11.4,0,0,0,1.3,1.3,0.3,17,3,17.6,0.0,0.0,-1.3,82.9,7,50,25,31,16,10,15,663,340,44.7,74,0.0,0.0,0.0,0.11381322957198445,0.026264591439688716,1.4883268482490273,0.26264591439688717,0.6128404669260701,6.56614785992218,2.7140077821011674,0.8754863813229572,6.4785992217898825,1.3132295719844358
Jacopo Fazzini,it ITA,MF,Empoli,it Serie A,21,20,16,1383,15.4,4,1,5,3.1,3.1,0.5,27,9,33.3,0.15,0.44,0.9,71.6,12,49,34,32,19,6,24,639,364,47.9,70,0.2603036876355748,0.0650759219088937,0.32537960954446854,0.2017353579175705,0.03253796095444685,1.7570498915401302,0.5856832971800434,0.7809110629067245,5.401301518438178,2.0824295010845986,0.39045553145336226,4.55531453362256,1.561822125813449
Nabil Fekir,fr FRA,MF,Betis,es La Liga,31,2,2,180,2.0,0,1,1,0.7,0.7,0.6,7,1,14.3,0.0,0.0,-0.7,81.7,6,10,9,3,2,0,0,108,72,0.0,3,0.0,0.5,0.5,0.35,0.3,3.5,0.5,3.0,9.5,1.5,0.0,1.5,0.0
Mattia Felici,it ITA,"MF,FW",Cagliari,it Serie A,23,20,9,925,10.3,0,3,3,0.6,0.6,1.0,10,6,60.0,0.0,0.0,-0.6,67.9,10,19,39,17,12,7,7,422,259,33.3,51,0.0,0.29189189189189185,0.29189189189189185,0.05837837837837838,0.0972972972972973,0.972972972972973,0.5837837837837837,0.972972972972973,5.643243243243243,1.654054054054054,0.6810810810810811,4.962162162162162,0.6810810810810811
Luiz Felipe,it ITA,DF,Marseille,fr Ligue 1,27,4,2,122,1.4,0,0,0,0.0,0.0,0.0,0,0,,,,0.0,87.9,0,4,0,4,3,3,5,86,47,50.0,2,0.0,0.0,0.0,0.0,0.0,0.0,0.0,0.0,2.9508196721311477,2.9508196721311477,2.2131147540983607,1.4754098360655739,3.6885245901639343
João Félix,pt POR,"FW,MF",Chelsea,eng Premier League,24,12,3,369,4.1,1,1,2,2.2,2.2,1.0,20,5,25.0,0.05,0.2,-1.2,85.9,6,26,21,8,3,3,2,272,193,32.3,22,0.24390243902439024,0.24390243902439024,0.4878048780487805,0.5365853658536586,0.24390243902439024,4.878048780487805,1.2195121951219512,1.4634146341463417,11.463414634146341,1.951219512195122,0.7317073170731708,5.365853658536585,0.4878048780487805
João Félix,pt POR,MF,Milan,it Serie A,24,15,8,760,8.4,2,0,2,2.7,2.7,1.2,29,8,27.6,0.07,0.25,-0.7,81.7,10,40,20,6,6,1,9,408,275,42.9,30,0.23684210526315788,0.0,0.23684210526315788,0.31973684210526315,0.14210526315789473,3.4342105263157894,0.9473684210526315,1.1842105263157894,7.105263157894736,0.7105263157894737,0.11842105263157894,3.552631578947368,1.0657894736842106
Kiko Femenía,es ESP,DF,Villarreal,es La Liga,33,28,27,2227,24.7,0,1,1,0.4,0.4,1.3,3,0,0.0,0.0,,-0.4,88.9,16,112,52,50,34,40,62,1710,902,70.8,102,0.0,0.04041311180960934,0.04041311180960934,0.016165244723843737,0.052537045352492144,0.12123933542882803,0.0,0.6466097889537494,6.627750336775931,2.0206555904804673,1.6165244723843737,4.122137404580153,2.505612932195779
Evan Ferguson,ie IRL,FW,West Ham,eng Premier League,19,8,1,156,1.7,0,0,0,0.6,0.6,0.3,5,1,20.0,0.0,0.0,-0.6,75.7,2,1,1,3,1,1,1,66,31,60.0,8,0.0,0.0,0.0,0.34615384615384615,0.17307692307692307,2.884615384615384,0.5769230769230769,1.1538461538461537,1.1538461538461537,1.7307692307692308,0.5769230769230769,4.615384615384615,0.5769230769230769
Evan Ferguson,ie IRL,FW,Brighton,eng Premier League,19,13,2,246,2.7,1,0,1,0.5,0.5,0.4,7,2,28.6,0.14,0.5,0.5,74.1,3,1,2,4,3,0,4,88,42,50.0,10,0.3658536585365854,0.0,0.3658536585365854,0.1829268292682927,0.14634146341463414,2.5609756097560976,0.7317073170731708,1.0975609756097562,1.0975609756097562,1.4634146341463417,0.0,3.6585365853658534,1.4634146341463417
Lewis Ferguson,sct SCO,MF,Bologna,it Serie A,24,16,10,983,10.9,1,1,2,1.0,0.2,1.1,5,1,20.0,0.0,0.0,0.0,86.5,14,53,20,24,13,5,9,748,471,55.6,28,0.09155645981688708,0.09155645981688708,0.18311291963377416,0.09155645981688708,0.1007121057985758,0.4577822990844354,0.09155645981688708,1.281790437436419,6.683621566632756,2.1973550356052898,0.4577822990844354,2.563580874872838,0.8240081383519837
Zinedine Ferhat,dz ALG,"FW,MF",Angers,fr Ligue 1,31,24,8,849,9.4,2,0,2,1.4,1.4,2.4,12,5,41.7,0.17,0.4,0.6,67.2,17,40,16,9,7,10,12,550,292,45.5,47,0.21201413427561835,0.0,0.21201413427561835,0.14840989399293286,0.254416961130742,1.2720848056537102,0.5300353356890459,1.802120141342756,5.936395759717314,0.9540636042402828,1.0600706713780919,4.982332155477032,1.2720848056537102
Bruno Fernandes,pt POR,MF,Manchester Utd,eng Premier League,29,36,35,3018,33.5,8,10,18,9.9,7.6,8.5,93,26,28.0,0.05,0.19,-1.9,76.1,91,325,77,84,50,26,35,2649,1542,41.8,213,0.23856858846918488,0.2982107355864811,0.536779324055666,0.2952286282306163,0.25347912524850896,2.7733598409542743,0.7753479125248509,2.713717693836978,11.988071570576542,2.5049701789264414,0.7753479125248509,6.351888667992047,1.043737574552684
Edimilson Fernandes,ch SUI,"MF,DF",Brest,fr Ligue 1,28,19,12,1105,12.3,0,1,1,0.4,0.4,0.6,10,2,20.0,0.0,0.0,-0.4,85.0,8,40,7,9,7,20,38,684,399,75.0,69,0.0,0.08144796380090498,0.08144796380090498,0.03257918552036199,0.04886877828054298,0.8144796380090499,0.16289592760180996,0.6515837104072398,3.828054298642534,0.7330316742081449,1.6289592760180998,5.619909502262443,3.0950226244343892
Mateus Fernandes,pt POR,MF,Southampton,eng Premier League,20,36,34,2909,32.3,2,4,6,4.0,4.0,3.0,42,14,33.3,0.05,0.14,-2.0,79.9,34,145,76,89,48,28,35,1760,897,45.0,179,0.061876933654176694,0.12375386730835339,0.18563080096253007,0.12375386730835339,0.09281540048126503,1.2994156067377105,0.4331385355792368,1.0519078721210038,6.837401168786524,2.753523547610863,0.8662770711584736,5.537985562048814,1.082846338948092
Enzo Fernández,ar ARG,MF,Chelsea,eng Premier League,23,36,32,2947,32.7,6,7,13,6.1,6.1,6.8,53,20,37.7,0.11,0.3,-0.1,79.9,77,212,60,65,33,13,23,2210,1211,47.3,156,0.18323719036308111,0.2137767220902613,0.39701391245334233,0.1862911435357991,0.20766881574482526,1.6185951815405495,0.6107906345436036,2.351543942992874,8.30675262979301,1.985069562266712,0.39701391245334233,4.764166949440108,0.7024092297251442
Pelayo Fernandez,es ESP,DF,Rayo Vallecano,es La Liga,21,2,1,98,1.1,0,0,0,0.0,0.0,0.0,0,0,,,,0.0,85.7,0,1,0,0,0,2,9,39,16,,4,0.0,0.0,0.0,0.0,0.0,0.0,0.0,0.0,0.9183673469387754,0.0,1.8367346938775508,3.6734693877551017,8.26530612244898
Roberto Férnandez,es ESP,FW,Espanyol,es La Liga,22,19,18,1497,16.6,6,0,6,3.6,3.6,0.6,21,9,42.9,0.29,0.67,2.4,72.2,8,17,7,4,4,3,26,436,227,40.7,33,0.3607214428857715,0.0,0.3607214428857715,0.21643286573146292,0.036072144288577156,1.2625250501002003,0.5410821643286573,0.4809619238476954,1.442885771543086,0.2404809619238477,0.18036072144288576,1.9839679358717437,1.56312625250501
Valery Fernández,es ESP,"MF,FW",Mallorca,es La Liga,24,18,1,309,3.4,2,0,2,0.8,0.8,0.0,3,3,100.0,0.67,0.67,1.2,88.9,1,5,2,8,7,0,1,133,75,16.7,19,0.5825242718446603,0.0,0.5825242718446603,0.23300970873786409,0.0,0.8737864077669902,0.8737864077669902,0.29126213592233013,2.0388349514563107,2.330097087378641,0.0,5.533980582524272,0.29126213592233013
Matias Fernandez-Pardo,be BEL,"FW,MF",Lille,fr Ligue 1,19,22,12,1065,11.8,4,2,6,2.9,2.9,2.8,23,12,52.2,0.17,0.33,1.1,73.0,16,26,46,12,9,3,6,429,285,40.0,35,0.3380281690140845,0.16901408450704225,0.5070422535211268,0.24507042253521125,0.23661971830985915,1.943661971830986,1.0140845070422535,1.352112676056338,6.08450704225352,1.0140845070422535,0.2535211267605634,2.9577464788732395,0.5070422535211268
Jordan Ferri,fr FRA,MF,Montpellier,fr Ligue 1,32,25,21,1773,19.7,0,2,2,0.4,0.4,0.9,14,3,21.4,0.0,0.0,-0.4,88.3,13,137,19,42,23,9,20,1433,802,32.1,132,0.0,0.10152284263959392,0.10152284263959392,0.02030456852791878,0.045685279187817264,0.7106598984771574,0.15228426395939085,0.6598984771573604,7.9187817258883255,2.1319796954314723,0.45685279187817257,6.700507614213198,1.015228426395939
Daniel Fila,cz CZE,FW,Venezia,it Serie A,21,10,6,492,5.5,2,0,2,1.4,1.4,0.3,8,5,62.5,0.25,0.4,0.6,77.8,6,8,5,2,0,0,5,147,82,50.0,9,0.3658536585365854,0.0,0.3658536585365854,0.25609756097560976,0.054878048780487805,1.4634146341463417,0.9146341463414633,1.0975609756097562,2.378048780487805,0.3658536585365854,0.0,1.646341463414634,0.9146341463414633
Karol Fila,pl POL,MF,Strasbourg,fr Ligue 1,26,1,0,5,0.1,0,0,0,0.0,0.0,0.0,0,0,,,,0.0,50.0,0,0,0,0,0,0,0,4,1,,1,0.0,0.0,0.0,0.0,0.0,0.0,0.0,0.0,0.0,0.0,0.0,18.0,0.0
Kilian Fischer,de GER,DF,Wolfsburg,de Bundesliga,23,32,29,2297,25.5,1,0,1,0.3,0.3,0.5,6,1,16.7,0.17,1.0,0.7,78.6,12,110,51,64,44,19,98,1529,704,43.5,84,0.0391815411406182,0.0,0.0391815411406182,0.011754462342185459,0.0195907705703091,0.2350892468437092,0.0391815411406182,0.4701784936874184,6.30822812363953,2.5076186329995647,0.7444492816717457,3.2912494558119287,3.8397910317805835
Alessandro Florenzi,it ITA,FW,Milan,it Serie A,33,1,0,5,0.1,0,0,0,0.0,0.0,0.0,0,0,,,,0.0,75.0,0,0,0,0,0,0,0,4,4,,0,0.0,0.0,0.0,0.0,0.0,0.0,0.0,0.0,0.0,0.0,0.0,0.0,0.0
Mateo Flores,es ESP,MF,Betis,es La Liga,20,6,1,153,1.7,0,0,0,0.0,0.0,0.0,0,0,,,,0.0,81.2,0,9,0,3,1,2,3,84,47,,12,0.0,0.0,0.0,0.0,0.0,0.0,0.0,0.0,5.294117647058823,1.7647058823529411,1.1764705882352942,7.0588235294117645,1.7647058823529411
Phil Foden,eng ENG,"MF,FW",Manchester City,eng Premier League,24,28,20,1777,19.7,7,2,9,5.2,5.2,4.8,54,16,29.6,0.13,0.44,1.8,84.1,43,103,50,13,5,9,7,1139,722,32.6,61,0.3545301069217782,0.10129431626336523,0.4558244231851435,0.26336522228474957,0.24310635903207653,2.734946539110861,0.8103545301069218,2.1778277996623525,7.7490151941474394,0.6584130557118739,0.4558244231851435,3.0894766460326393,0.3545301069217782
Malick Fofana,be BEL,FW,Lyon,fr Ligue 1,19,29,16,1589,17.7,5,4,9,3.8,3.8,3.7,31,15,48.4,0.16,0.33,1.2,77.4,25,45,112,22,11,8,6,828,587,40.7,63,0.28319697923222154,0.22655758338577722,0.5097545626179988,0.21522970421648835,0.20956576463184393,1.7558212712397736,0.8495909376966646,1.4159848961611075,8.892385147891755,1.2460667086217747,0.45311516677155445,3.5682819383259914,0.3398363750786658
Rayan Fofana,fr FRA,"FW,MF",Lens,fr Ligue 1,18,2,0,25,0.3,0,0,0,0.0,0.0,0.0,0,0,,,,0.0,62.5,0,0,0,2,2,0,0,14,7,0.0,2,0.0,0.0,0.0,0.0,0.0,0.0,0.0,0.0,0.0,7.2,0.0,7.2,0.0
Seko Fofana,ci CIV,MF,Rennes,fr Ligue 1,29,16,9,844,9.4,1,1,2,1.8,1.8,1.2,24,6,25.0,0.04,0.17,-0.8,90.4,13,72,32,11,7,7,7,640,394,50.0,42,0.1066350710900474,0.1066350710900474,0.2132701421800948,0.1919431279620853,0.12796208530805686,2.559241706161137,0.6398104265402843,1.386255924170616,11.090047393364928,1.1729857819905212,0.7464454976303319,4.478672985781991,0.7464454976303319
Wesley Fofana,fr FRA,DF,Chelsea,eng Premier League,23,14,14,1172,13.0,0,0,0,0.4,0.4,0.4,3,0,0.0,0.0,,-0.4,90.2,6,32,19,13,12,14,55,933,557,53.3,54,0.0,0.0,0.0,0.030716723549488054,0.030716723549488054,0.2303754266211604,0.0,0.4607508532423208,3.916382252559727,0.9982935153583617,1.075085324232082,4.146757679180888,4.223549488054608
Youssouf Fofana,fr FRA,MF,Milan,it Serie A,25,35,29,2504,27.8,1,6,7,1.3,1.3,3.4,36,5,13.9,0.03,0.2,-0.3,85.7,23,176,44,56,34,19,24,1655,986,45.2,151,0.03594249201277955,0.21565495207667731,0.25159744408945683,0.04672523961661342,0.12220447284345047,1.293929712460064,0.17971246006389777,0.8266773162939297,7.907348242811502,2.0127795527156547,0.6829073482428115,5.427316293929713,0.8626198083067093
Jonas Föhrenbach,de GER,DF,Heidenheim,de Bundesliga,28,27,22,1832,20.4,0,1,1,0.3,0.3,1.3,8,1,12.5,0.0,0.0,-0.3,72.5,14,59,36,45,24,16,57,1112,521,41.2,67,0.0,0.04912663755458515,0.04912663755458515,0.014737991266375546,0.06386462882096071,0.3930131004366812,0.04912663755458515,0.6877729257641921,4.66703056768559,2.210698689956332,0.7860262008733624,3.2914847161572056,2.800218340611354
Michael Folorunsho,it ITA,"FW,MF",Fiorentina,it Serie A,26,14,6,650,7.2,0,0,0,1.1,1.1,0.6,9,3,33.3,0.0,0.0,-1.1,70.6,3,21,13,19,12,4,10,342,190,50.0,29,0.0,0.0,0.0,0.1523076923076923,0.08307692307692308,1.2461538461538462,0.4153846153846154,0.4153846153846154,4.707692307692308,2.6307692307692307,0.5538461538461539,4.015384615384615,1.3846153846153846
Michael Folorunsho,it ITA,"FW,MF",Napoli,it Serie A,26,6,0,35,0.4,0,0,0,0.1,0.1,0.0,1,0,0.0,0.0,,-0.1,71.4,0,0,0,3,2,1,1,26,6,0.0,2,0.0,0.0,0.0,0.2571428571428571,0.0,2.571428571428571,0.0,0.0,0.0,7.714285714285714,2.571428571428571,5.142857142857142,2.571428571428571
Lamine Fomba,fr FRA,MF,Saint-Étienne,fr Ligue 1,26,7,3,217,2.4,0,0,0,0.0,0.0,0.3,1,0,0.0,0.0,,0.0,83.4,1,18,5,8,6,4,5,183,114,66.7,13,0.0,0.0,0.0,0.0,0.12442396313364056,0.4147465437788018,0.0,0.4147465437788018,9.539170506912443,3.3179723502304146,1.6589861751152073,5.3917050691244235,2.0737327188940093
Carlos Forbs,pt POR,"MF,FW",Wolves,eng Premier League,20,10,1,239,2.7,0,0,0,0.1,0.1,0.0,2,0,0.0,0.0,,-0.1,65.9,1,8,10,8,5,1,2,121,75,58.3,11,0.0,0.0,0.0,0.03765690376569038,0.0,0.7531380753138075,0.0,0.37656903765690375,6.778242677824268,3.01255230125523,0.37656903765690375,4.142259414225942,0.7531380753138075
Pablo Fornals,es ESP,"MF,FW",Betis,es La Liga,28,26,22,1827,20.3,2,0,2,1.8,1.8,3.3,23,4,17.4,0.09,0.5,0.2,80.0,36,146,32,21,13,23,15,1272,777,28.6,114,0.09852216748768473,0.0,0.09852216748768473,0.08866995073891625,0.1625615763546798,1.1330049261083743,0.19704433497536947,1.7733990147783252,8.768472906403941,1.0344827586206897,1.1330049261083743,5.615763546798029,0.7389162561576355
Omari Forson,eng ENG,"MF,FW",Monza,it Serie A,20,9,1,223,2.5,0,0,0,0.2,0.2,0.5,5,1,20.0,0.0,0.0,-0.2,81.4,8,10,14,3,3,1,1,140,103,66.7,11,0.0,0.0,0.0,0.08071748878923767,0.20179372197309417,2.0179372197309418,0.40358744394618834,3.2286995515695067,9.686098654708521,1.2107623318385652,0.40358744394618834,4.439461883408072,0.40358744394618834
Héctor Fort,es ESP,DF,Barcelona,es La Liga,17,17,5,585,6.5,0,0,0,0.2,0.2,0.9,6,0,0.0,0.0,,-0.2,90.1,10,26,14,13,8,6,16,573,308,22.2,32,0.0,0.0,0.0,0.03076923076923077,0.13846153846153847,0.9230769230769231,0.0,1.5384615384615385,6.153846153846154,2.0,0.9230769230769231,4.923076923076923,2.4615384615384617
Dimitri Foulquier,fr FRA,DF,Valencia,es La Liga,31,32,25,2299,25.5,0,1,1,0.4,0.4,1.4,13,2,15.4,0.0,0.0,-0.4,78.9,10,97,48,48,31,16,86,1530,749,24.2,97,0.0,0.039147455415398,0.039147455415398,0.0156589821661592,0.0548064375815572,0.508916920400174,0.078294910830796,0.39147455415398,5.67638103523271,1.879077859939104,0.626359286646368,3.797303175293606,3.366681165724228
Juan Foyth,ar ARG,DF,Villarreal,es La Liga,26,19,17,1517,16.9,1,0,1,2.4,2.4,0.3,17,5,29.4,0.06,0.2,-1.4,87.0,7,65,13,25,15,19,119,1190,607,44.4,61,0.05932762030323006,0.0,0.05932762030323006,0.14238628872775214,0.017798286090969017,1.008569545154911,0.2966381015161503,0.41529334212261043,4.627554383651945,1.4831905075807514,1.127224785761371,3.6189848384970333,7.059986816084376
Matheus França,br BRA,"MF,FW",Crystal Palace,eng Premier League,20,4,0,55,0.6,1,0,1,0.3,0.3,0.0,6,3,50.0,0.17,0.33,0.7,58.8,0,3,4,2,0,1,1,33,20,,3,1.6363636363636362,0.0,1.6363636363636362,0.49090909090909085,0.0,9.818181818181818,4.909090909090909,0.0,11.454545454545453,3.2727272727272725,1.6363636363636362,4.909090909090909,1.6363636363636362
Alejandro Francés,es ESP,DF,Girona,es La Liga,21,18,13,1173,13.0,0,0,0,0.2,0.2,0.3,6,0,0.0,0.0,,-0.2,84.3,4,63,18,36,24,17,52,969,496,50.0,37,0.0,0.0,0.0,0.01534526854219949,0.02301790281329923,0.4603580562659847,0.0,0.3069053708439898,6.2148337595907925,2.762148337595908,1.3043478260869565,2.838874680306905,3.989769820971867
Przemysław Frankowski,pl POL,DF,Lens,fr Ligue 1,29,18,16,1387,15.4,4,2,6,2.3,0.7,2.5,14,5,35.7,0.14,0.4,1.7,80.1,20,117,33,32,21,19,28,1230,637,37.5,61,0.2595529920692141,0.12977649603460706,0.3893294881038212,0.14924297043979812,0.16222062004325882,0.9084354722422494,0.32444124008651765,1.2977649603460706,9.733237202595529,2.076423936553713,1.2328767123287672,3.958183129055515,1.8168709444844988
Enric Franquesa,es ESP,"DF,FW",Leganés,es La Liga,27,12,7,616,6.8,1,0,1,0.3,0.3,0.1,3,1,33.3,0.33,1.0,0.7,70.2,2,12,11,17,9,5,12,306,133,42.9,29,0.14610389610389612,0.0,0.14610389610389612,0.04383116883116883,0.01461038961038961,0.4383116883116883,0.14610389610389612,0.29220779220779225,3.3603896103896105,2.4837662337662336,0.7305194805194805,4.237012987012987,1.7532467532467533
Ryan Fraser,sct SCO,"FW,DF",Southampton,eng Premier League,30,8,4,306,3.4,0,0,0,0.0,0.0,0.1,1,1,100.0,0.0,0.0,0.0,74.8,2,8,10,6,2,1,9,131,74,66.7,10,0.0,0.0,0.0,0.0,0.029411764705882356,0.29411764705882354,0.29411764705882354,0.5882352941176471,5.294117647058823,1.7647058823529411,0.29411764705882354,2.9411764705882355,2.6470588235294117
Davide Frattesi,it ITA,MF,Inter,it Serie A,24,27,9,1158,12.9,5,1,6,4.0,4.0,0.8,26,7,26.9,0.19,0.71,1.0,82.5,7,31,23,17,8,5,14,499,296,38.9,48,0.38860103626943004,0.07772020725388601,0.46632124352331605,0.31088082901554404,0.062176165803108814,2.0207253886010363,0.5440414507772021,0.5440414507772021,4.196891191709844,1.3212435233160622,0.38860103626943004,3.7305699481865284,1.0880829015544042
Tyler Fredricson,eng ENG,DF,Manchester Utd,eng Premier League,19,2,2,165,1.8,0,0,0,0.0,0.0,0.0,0,0,,,,0.0,90.2,0,8,2,5,3,1,11,141,86,100.0,12,0.0,0.0,0.0,0.0,0.0,0.0,0.0,0.0,5.454545454545455,2.7272727272727275,0.5454545454545454,6.545454545454545,6.0
Morten Frendrup,dk DEN,MF,Genoa,it Serie A,23,35,35,3103,34.5,2,0,2,1.6,1.6,0.9,30,9,30.0,0.07,0.22,0.4,85.4,14,106,24,102,61,47,57,1647,737,41.7,184,0.05800837898807606,0.0,0.05800837898807606,0.04640670319046084,0.026103770544634225,0.8701256848211408,0.26103770544634225,0.4060586529165324,3.7705446342249433,2.9584273283918785,1.3631969062197873,5.336770866902997,1.6532388011601677
Martin Frese,dk DEN,DF,Hellas Verona,it Serie A,26,11,5,549,6.1,0,0,0,0.1,0.1,0.2,2,0,0.0,0.0,,-0.1,71.1,5,19,7,18,11,8,16,320,153,0.0,14,0.0,0.0,0.0,0.01639344262295082,0.03278688524590164,0.32786885245901637,0.0,0.819672131147541,4.262295081967213,2.9508196721311477,1.3114754098360655,2.295081967213115,2.622950819672131
Remo Freuler,ch SUI,MF,Bologna,it Serie A,32,37,37,3204,35.6,1,2,3,1.3,1.3,1.5,17,4,23.5,0.06,0.25,-0.3,87.7,36,208,39,79,40,38,57,2245,1216,38.5,146,0.028089887640449437,0.056179775280898875,0.08426966292134831,0.03651685393258427,0.042134831460674156,0.47752808988764045,0.11235955056179775,1.0112359550561798,6.93820224719101,2.2191011235955056,1.0674157303370786,4.101123595505618,1.6011235955056178
Marco Friedl,at AUT,DF,Werder Bremen,de Bundesliga,26,26,25,2161,24.0,0,0,0,0.5,0.5,0.2,4,3,75.0,0.0,0.0,-0.5,90.2,3,69,4,62,42,34,130,1769,1069,75.0,141,0.0,0.0,0.0,0.02082369273484498,0.008329477093937991,0.16658954187875985,0.12494215640906987,0.12494215640906987,3.040259139287367,2.5821378991207773,1.4160111059694587,5.872281351226284,5.414160111059695
Marvin Friedrich,de GER,DF,Gladbach,de Bundesliga,28,22,9,989,11.0,0,1,1,0.4,0.4,0.6,7,2,28.6,0.0,0.0,-0.4,88.4,3,36,11,15,9,5,57,822,502,100.0,42,0.0,0.0910010111223458,0.0910010111223458,0.03640040444893832,0.05460060667340748,0.6370070778564206,0.1820020222446916,0.2730030333670374,4.2770475227502525,1.365015166835187,0.455005055611729,3.822042467138524,5.18705763397371
Jeremie Frimpong,nl NED,"DF,MF",Leverkusen,de Bundesliga,23,33,25,2314,25.7,5,5,10,4.1,4.1,4.2,34,16,47.1,0.15,0.31,0.9,76.1,30,55,100,33,25,8,22,1205,673,32.1,84,0.1944684528954192,0.1944684528954192,0.3889369057908384,0.15946413137424373,0.16335350043215213,1.3223854796888506,0.6222990492653414,1.166810717372515,6.028522039757996,1.2834917891097666,0.3111495246326707,3.2670700086430426,0.8556611927398443
Jorge de Frutos,es ESP,"FW,MF",Rayo Vallecano,es La Liga,27,36,30,2495,27.7,6,3,9,6.3,6.3,3.4,52,18,34.6,0.12,0.33,-0.3,68.3,31,44,77,37,21,19,24,1010,605,30.8,111,0.21643286573146292,0.10821643286573146,0.3246492985971944,0.22725450901803604,0.12264529058116232,1.875751503006012,0.6492985971943888,1.1182364729458918,4.364729458917836,1.3346693386773547,0.685370741482966,4.0040080160320635,0.8657314629258517
Darío Fuentes,es ESP,DF,Sevilla,es La Liga,21,1,0,5,0.1,0,0,0,0.0,0.0,0.0,0,0,,,,0.0,0.0,0,0,0,0,0,0,0,2,0,,0,0.0,0.0,0.0,0.0,0.0,0.0,0.0,0.0,0.0,0.0,0.0,0.0,0.0
Chris Führich,de GER,"MF,FW",Stuttgart,de Bundesliga,26,33,23,1981,22.0,2,3,5,2.9,2.9,3.7,36,12,33.3,0.06,0.17,-0.9,80.5,32,95,114,15,10,6,19,1220,782,47.1,64,0.09086320040383644,0.13629480060575466,0.2271580010095911,0.13175164058556282,0.16809692074709742,1.635537607269056,0.5451792024230186,1.453811206461383,9.495204442200908,0.6814740030287734,0.2725896012115093,2.907622412922766,0.8632004038364463
Shiō Fukuda,jp JPN,FW,Gladbach,de Bundesliga,20,6,0,60,0.7,1,0,1,0.4,0.4,0.0,3,1,33.3,0.33,1.0,0.6,50.0,0,1,0,0,0,0,0,18,8,33.3,1,1.5,0.0,1.5,0.6000000000000001,0.0,4.5,1.5,0.0,1.5,0.0,0.0,1.5,0.0
Angelo Fulgini,fr FRA,"MF,FW",Lens,fr Ligue 1,27,23,11,1045,11.6,1,1,2,2.4,2.4,3.8,26,9,34.6,0.04,0.11,-1.4,78.1,28,69,29,14,10,2,3,801,494,28.9,52,0.0861244019138756,0.0861244019138756,0.1722488038277512,0.20669856459330144,0.32727272727272727,2.2392344497607657,0.7751196172248803,2.411483253588517,8.440191387559809,1.2057416267942584,0.1722488038277512,4.478468899521531,0.2583732057416268
Niclas Füllkrug,de GER,FW,West Ham,eng Premier League,31,18,6,790,8.8,3,2,5,2.2,2.2,1.9,16,7,43.8,0.19,0.43,0.8,67.2,14,14,7,4,3,1,16,277,123,12.5,18,0.34177215189873417,0.22784810126582278,0.569620253164557,0.25063291139240507,0.21645569620253166,1.8227848101265822,0.7974683544303798,1.5949367088607596,2.392405063291139,0.45569620253164556,0.11392405063291139,2.050632911392405,1.8227848101265822
Kyogo Furuhashi,jp JPN,FW,Rennes,fr Ligue 1,29,6,1,123,1.4,0,0,0,0.1,0.1,0.0,1,0,0.0,0.0,,-0.1,27.3,0,0,0,2,2,0,0,20,10,,1,0.0,0.0,0.0,0.07317073170731707,0.0,0.7317073170731708,0.0,0.0,0.0,1.4634146341463417,0.0,0.7317073170731708,0.0
Manuel Fuster,es ESP,"FW,MF",Las Palmas,es La Liga,26,28,8,1003,11.1,2,1,3,0.7,0.7,1.8,18,7,38.9,0.11,0.29,1.3,76.6,28,71,23,19,11,4,17,742,410,29.4,63,0.17946161515453637,0.08973080757726819,0.2691924227318046,0.06281156530408773,0.16151545363908276,1.6151545363908277,0.6281156530408774,2.5124626121635094,8.43469591226321,1.7048853439680955,0.35892323030907275,5.653040877367896,1.5254237288135593
Matteo Gabbia,it ITA,DF,Milan,it Serie A,24,26,24,2152,23.9,2,0,2,1.1,1.1,0.2,14,4,28.6,0.14,0.5,0.9,91.2,2,74,13,21,15,15,103,1635,1023,100.0,69,0.08364312267657992,0.0,0.08364312267657992,0.04600371747211896,0.008364312267657993,0.5855018587360595,0.16728624535315983,0.08364312267657992,3.6384758364312266,0.8782527881040892,0.6273234200743494,2.8856877323420074,4.307620817843866
Tommaso Gabellini,it ITA,FW,Torino,it Serie A,17,1,0,10,0.1,0,0,0,0.1,0.1,0.0,1,0,0.0,0.0,,-0.1,33.3,0,0,1,0,0,0,0,4,4,,1,0.0,0.0,0.0,0.9,0.0,9.0,0.0,0.0,9.0,0.0,0.0,9.0,0.0
Tiago Gabriel,pt POR,DF,Lecce,it Serie A,19,2,0,96,1.1,0,0,0,0.0,0.0,0.0,0,0,,,,0.0,87.5,0,1,0,0,0,0,11,56,31,,2,0.0,0.0,0.0,0.0,0.0,0.0,0.0,0.0,0.9375,0.0,0.0,1.875,10.3125
Alessandro Gabrielloni,it ITA,"FW,MF",Como,it Serie A,30,15,0,142,1.6,1,1,2,0.3,0.3,0.8,5,2,40.0,0.2,0.5,0.7,57.1,4,6,5,0,0,0,1,64,43,,12,0.6338028169014085,0.6338028169014085,1.267605633802817,0.1901408450704225,0.5070422535211268,3.1690140845070425,1.267605633802817,2.535211267605634,6.971830985915492,0.0,0.0,7.605633802816901,0.6338028169014085
Gianluca Gaetano,it ITA,"MF,FW",Cagliari,it Serie A,24,28,8,1009,11.2,2,4,6,4.9,4.9,2.2,30,6,20.0,0.07,0.33,-2.9,72.3,22,41,11,11,8,6,8,490,297,51.9,34,0.17839444995044598,0.35678889990089196,0.535183349851338,0.43706640237859273,0.19623389494549062,2.6759167492566895,0.535183349851338,1.9623389494549057,4.638255698711595,0.9811694747274529,0.535183349851338,3.032705649157582,0.7135777998017839
Roberto Gagliardini,it ITA,"MF,DF",Monza,it Serie A,30,8,0,180,2.0,0,0,0,0.0,0.0,0.2,0,0,,,,0.0,86.3,1,11,5,3,2,2,4,141,101,50.0,6,0.0,0.0,0.0,0.0,0.1,0.0,0.0,0.5,8.0,1.5,1.0,3.0,2.0
Cody Gakpo,nl NED,FW,Liverpool,eng Premier League,25,35,23,1935,21.5,10,4,14,7.1,7.1,4.4,57,22,38.6,0.18,0.45,2.9,75.7,38,52,59,28,16,12,19,888,605,50.8,77,0.46511627906976744,0.18604651162790697,0.6511627906976744,0.3302325581395349,0.2046511627906977,2.6511627906976742,1.0232558139534884,1.767441860465116,5.162790697674419,1.3023255813953487,0.5581395348837209,3.5813953488372094,0.883720930232558
Javi Galán,es ESP,DF,Atlético Madrid,es La Liga,29,25,21,1784,19.8,0,3,3,0.2,0.2,3.9,9,0,0.0,0.0,,-0.2,82.9,15,54,52,51,31,12,47,1270,739,35.9,71,0.0,0.15134529147982065,0.15134529147982065,0.010089686098654708,0.1967488789237668,0.45403587443946186,0.0,0.7567264573991032,5.3475336322869955,2.5728699551569507,0.6053811659192826,3.581838565022421,2.3710762331838566
Iñigo Ruiz de Galarreta,es ESP,MF,Athletic Club,es La Liga,30,26,18,1477,16.4,0,4,4,0.5,0.5,2.9,11,1,9.1,0.0,0.0,-0.5,80.9,28,137,27,36,22,16,14,978,524,69.6,120,0.0,0.24373730534867974,0.24373730534867974,0.030467163168584967,0.17670954637779282,0.6702775897088693,0.060934326337169935,1.7061611374407584,9.99322951929587,2.1936357481381177,0.974949221394719,7.312119160460393,0.8530805687203792
Conor Gallagher,eng ENG,MF,Atlético Madrid,es La Liga,24,32,19,1633,18.1,3,3,6,2.8,2.8,1.2,22,4,18.2,0.14,0.75,0.2,85.0,12,64,24,45,32,20,23,1062,674,40.5,107,0.1653398652786283,0.1653398652786283,0.3306797305572566,0.1543172075933864,0.06613594611145131,1.2124923453766074,0.22045315370483773,0.6613594611145132,4.84996938150643,2.4800979791794244,1.1022657685241886,5.897121861604409,1.267605633802817
Antonino Gallo,it ITA,DF,Lecce,it Serie A,24,31,31,2609,29.0,0,2,2,0.3,0.3,2.7,9,3,33.3,0.0,0.0,-0.3,66.2,44,107,57,65,42,20,133,1587,662,44.8,116,0.0,0.06899195093905712,0.06899195093905712,0.010348792640858567,0.0931391337677271,0.31046377922575696,0.10348792640858566,1.5178229206592564,5.657339977002683,2.2422384055193563,0.6899195093905711,4.001533154465313,4.587964737447297
Cristian Gamboa,cr CRC,DF,Bochum,de Bundesliga,34,12,1,226,2.5,1,0,1,0.2,0.2,0.2,4,1,25.0,0.25,1.0,0.8,60.5,3,5,2,8,3,2,8,154,84,0.0,11,0.39823008849557523,0.0,0.39823008849557523,0.07964601769911506,0.07964601769911506,1.592920353982301,0.39823008849557523,1.1946902654867257,2.7876106194690267,3.185840707964602,0.7964601769911505,4.380530973451328,3.185840707964602
Idrissa Gana Gueye,sn SEN,MF,Everton,eng Premier League,34,37,35,3063,34.0,0,3,3,1.1,1.1,1.7,27,5,18.5,0.0,0.0,-1.1,86.5,19,145,27,133,80,48,36,1801,861,46.2,194,0.0,0.0881488736532811,0.0881488736532811,0.03232125367286974,0.04995102840352596,0.79333986287953,0.14691478942213515,0.5582761998041136,5.0538687561214495,3.907933398628795,1.4103819784524976,5.700293829578845,1.0577864838393731
Ignatius Ganago,cm CMR,"FW,MF",Nantes,fr Ligue 1,25,11,1,241,2.7,0,0,0,0.4,0.4,0.3,7,0,0.0,0.0,,-0.4,76.6,5,9,5,1,1,4,2,112,73,45.5,7,0.0,0.0,0.0,0.14937759336099588,0.11203319502074688,2.6141078838174274,0.0,1.8672199170124482,5.228215767634855,0.37344398340248963,1.4937759336099585,2.6141078838174274,0.7468879668049793
Silvère Ganvoula M'Boussy,cg CGO,FW,Monza,it Serie A,28,7,4,326,3.6,0,0,0,0.4,0.4,0.2,4,1,25.0,0.0,0.0,-0.4,61.7,1,4,3,0,0,1,5,103,73,25.0,6,0.0,0.0,0.0,0.11042944785276074,0.05521472392638037,1.1042944785276074,0.27607361963190186,0.27607361963190186,1.932515337423313,0.0,0.27607361963190186,1.6564417177914113,1.3803680981595092
Facundo Garcés,my MAS,DF,Alavés,es La Liga,24,10,7,678,7.5,0,0,0,0.1,0.1,0.8,5,1,20.0,0.0,0.0,-0.1,76.1,3,12,3,6,2,5,51,280,114,,14,0.0,0.0,0.0,0.01327433628318584,0.10619469026548672,0.6637168141592921,0.1327433628318584,0.39823008849557523,1.991150442477876,0.7964601769911505,0.6637168141592921,1.8584070796460177,6.76991150442478
Aleix García,es ESP,MF,Leverkusen,de Bundesliga,27,28,17,1455,16.2,3,4,7,1.0,1.0,4.9,15,5,33.3,0.2,0.6,2.0,87.2,32,120,27,13,7,11,24,1503,787,80.0,69,0.18556701030927836,0.24742268041237114,0.4329896907216495,0.061855670103092786,0.3030927835051547,0.9278350515463918,0.30927835051546393,1.9793814432989691,9.092783505154639,0.8041237113402061,0.6804123711340206,4.268041237113402,1.4845360824742269
Álvaro García,es ESP,"FW,MF",Rayo Vallecano,es La Liga,31,36,28,2559,28.4,4,5,9,7.6,7.6,5.0,71,26,36.6,0.06,0.15,-3.6,64.6,50,71,68,33,24,32,42,1164,644,37.0,94,0.1406799531066823,0.17584994138335286,0.3165298944900352,0.2672919109026964,0.17584994138335286,2.4970691676436108,0.9144196951934349,1.7584994138335288,4.8886283704572095,1.160609613130129,1.1254396248534584,3.3059788980070337,1.4771395076201643
Andrés García,es ESP,"DF,MF",Aston Villa,eng Premier League,21,7,5,318,3.5,0,0,0,0.0,0.0,0.2,2,0,0.0,0.0,,0.0,86.6,3,15,26,9,5,2,10,256,159,27.8,15,0.0,0.0,0.0,0.0,0.05660377358490567,0.5660377358490566,0.0,0.8490566037735848,11.60377358490566,2.547169811320755,0.5660377358490566,4.245283018867925,2.830188679245283
Eric García,es ESP,"DF,MF",Barcelona,es La Liga,23,29,14,1566,17.4,2,3,5,2.3,2.3,0.8,14,8,57.1,0.14,0.25,-0.3,92.1,7,109,18,38,21,14,41,1517,852,41.7,54,0.1149425287356322,0.17241379310344826,0.2873563218390805,0.132183908045977,0.04597701149425288,0.8045977011494253,0.4597701149425288,0.40229885057471265,7.2988505747126435,2.1839080459770113,0.8045977011494253,3.103448275862069,2.3563218390804597
Fran Garcia,es ESP,DF,Real Madrid,es La Liga,24,31,24,2171,24.1,0,2,2,0.9,0.9,1.8,14,3,21.4,0.0,0.0,-0.9,86.7,24,119,78,51,36,28,67,1792,1001,34.8,106,0.0,0.08291110087517273,0.08291110087517273,0.037309995393827726,0.07461999078765545,0.5803777061262091,0.1243666513127591,0.9949332105020728,8.166743436204515,2.1142330723169045,1.1607554122524182,4.394288346384155,2.7775218793182863
Gonzalo García,es ESP,"FW,DF",Real Madrid,es La Liga,20,3,0,56,0.6,0,1,1,0.5,0.5,1.0,1,0,0.0,0.0,,-0.5,95.0,1,0,0,0,0,0,0,22,14,,1,0.0,1.607142857142857,1.607142857142857,0.8035714285714285,1.607142857142857,1.607142857142857,0.0,1.607142857142857,0.0,0.0,0.0,1.607142857142857,0.0
Pablo Garcia,es ESP,FW,Betis,es La Liga,17,3,0,38,0.4,0,0,0,0.0,0.0,0.0,0,0,,,,0.0,71.4,0,0,2,0,0,0,0,23,16,50.0,3,0.0,0.0,0.0,0.0,0.0,0.0,0.0,0.0,4.7368421052631575,0.0,0.0,7.105263157894736,0.0
Rubén García,es ESP,"FW,MF",Osasuna,es La Liga,31,36,30,2413,26.8,5,5,10,3.2,3.2,3.6,27,10,37.0,0.19,0.5,1.8,74.3,49,112,37,52,31,15,34,1467,779,33.3,122,0.18648984666390386,0.18648984666390386,0.3729796933278077,0.11935350186489849,0.13427268959801078,1.0070451719850808,0.3729796933278077,1.8276004973062578,5.557397430584334,1.9394944053046002,0.5594695399917116,4.550352258599254,1.2681309573145463
Ulisses Garcia,ch SUI,DF,Marseille,fr Ligue 1,28,20,10,930,10.3,2,2,4,1.5,1.5,1.4,8,2,25.0,0.25,1.0,0.5,84.7,8,53,23,14,11,8,18,712,386,38.9,48,0.1935483870967742,0.1935483870967742,0.3870967741935484,0.14516129032258066,0.13548387096774195,0.7741935483870968,0.1935483870967742,0.7741935483870968,7.35483870967742,1.3548387096774195,0.7741935483870968,4.645161290322581,1.7419354838709677
Unai García,es ESP,DF,Osasuna,es La Liga,32,3,1,65,0.7,0,0,0,0.0,0.0,0.0,0,0,,,,0.0,94.7,0,3,0,0,0,0,1,43,19,,2,0.0,0.0,0.0,0.0,0.0,0.0,0.0,0.0,4.153846153846154,0.0,0.0,2.769230769230769,1.3846153846153846
Alejandro Garnacho,ar ARG,"MF,FW",Manchester Utd,eng Premier League,20,36,23,2199,24.4,6,2,8,7.3,7.3,4.5,84,29,34.5,0.07,0.21,-1.3,78.9,37,56,141,30,18,13,11,1159,840,29.2,108,0.24556616643929058,0.08185538881309685,0.3274215552523874,0.2987721691678035,0.18417462482946792,3.437926330150068,1.1869031377899044,1.5143246930422918,8.062755798090041,1.227830832196453,0.5320600272851297,4.42019099590723,0.45020463847203274
James Garner,eng ENG,"MF,DF",Everton,eng Premier League,23,21,17,1594,17.7,0,1,1,0.7,0.7,1.4,12,4,33.3,0.0,0.0,-0.7,76.1,13,50,15,47,31,23,37,977,478,36.8,73,0.0,0.05646173149309912,0.05646173149309912,0.039523212045169384,0.07904642409033877,0.6775407779171895,0.22584692597239647,0.7340025094102886,3.670012547051443,2.653701380175659,1.2986198243412799,4.121706398996236,2.0890840652446676
Yarek Gasiorowski,es ESP,DF,Valencia,es La Liga,19,15,9,947,10.5,0,0,0,1.1,1.1,0.1,3,0,0.0,0.0,,-1.1,80.3,3,38,9,19,16,26,60,620,276,,40,0.0,0.0,0.0,0.10454065469904963,0.009503695881731786,0.28511087645195354,0.0,0.28511087645195354,4.466737064413938,1.8057022175290391,2.4709609292502637,3.801478352692714,5.70221752903907
Federico Gatti,it ITA,DF,Juventus,it Serie A,26,30,26,2195,24.4,1,0,1,2.5,2.5,0.5,25,9,36.0,0.04,0.11,-1.5,95.0,6,73,24,28,23,18,76,1687,1165,53.8,110,0.04100227790432802,0.0,0.04100227790432802,0.10250569476082004,0.02050113895216401,1.0250569476082005,0.3690205011389522,0.2460136674259681,3.9772209567198176,1.1480637813211845,0.7380410022779044,4.5102505694760815,3.116173120728929
Gavi,es ESP,"MF,FW",Barcelona,es La Liga,19,26,14,1085,12.1,1,1,2,0.9,0.9,1.6,11,1,9.1,0.09,1.0,0.1,90.0,14,77,13,30,21,10,7,943,557,50.0,61,0.08294930875576037,0.08294930875576037,0.16589861751152074,0.07465437788018434,0.1327188940092166,0.9124423963133641,0.08294930875576037,1.1612903225806452,7.465437788018433,2.4884792626728114,0.8294930875576036,5.059907834101383,0.5806451612903226
Jean-Philippe Gbamin,ci CIV,MF,Nantes,fr Ligue 1,28,14,2,216,2.4,0,0,0,0.5,0.5,0.0,2,0,0.0,0.0,,-0.5,78.3,0,12,2,2,1,3,2,143,83,50.0,13,0.0,0.0,0.0,0.20833333333333331,0.0,0.8333333333333333,0.0,0.0,5.833333333333333,0.8333333333333333,1.25,5.416666666666666,0.8333333333333333
Mory Gbane,ci CIV,"DF,MF",Reims,fr Ligue 1,23,13,13,1125,12.5,0,1,1,0.2,0.2,0.6,4,2,50.0,0.0,0.0,-0.2,85.3,7,35,3,20,11,18,90,694,363,71.4,49,0.0,0.08,0.08,0.016,0.048,0.32,0.16,0.5599999999999999,3.0399999999999996,1.6,1.44,3.92,7.2
Yann Gboho,fr FRA,"MF,FW",Toulouse,fr Ligue 1,23,31,27,2333,25.9,5,4,9,5.4,5.4,3.5,50,26,52.0,0.1,0.19,-0.4,74.2,30,103,116,31,18,6,4,953,690,41.0,107,0.19288469781397344,0.15430775825117873,0.34719245606515214,0.2083154736390913,0.1350192884697814,1.9288469781397344,1.003000428632662,1.1573081868838404,8.448349764252036,1.1958851264466352,0.23146163737676811,4.1277325332190316,0.15430775825117873
Viggo Gebel,de GER,MF,RB Leipzig,de Bundesliga,16,1,0,14,0.2,0,0,0,0.0,0.0,0.0,0,0,,,,0.0,75.0,0,0,0,0,0,0,0,6,5,0.0,0,0.0,0.0,0.0,0.0,0.0,0.0,0.0,0.0,0.0,0.0,0.0,0.0,0.0
Lutsharel Geertruida,nl NED,DF,RB Leipzig,de Bundesliga,24,24,17,1557,17.3,1,0,1,1.1,1.1,1.0,8,1,12.5,0.13,1.0,-0.1,86.7,10,93,21,35,24,16,59,1266,642,50.0,83,0.057803468208092484,0.0,0.057803468208092484,0.06358381502890174,0.057803468208092484,0.4624277456647399,0.057803468208092484,0.5780346820809248,6.589595375722544,2.0231213872832368,0.9248554913294798,4.797687861271677,3.4104046242774566
Dennis Geiger,de GER,"MF,FW",Hoffenheim,de Bundesliga,26,20,7,734,8.2,0,0,0,0.2,0.2,0.5,5,1,20.0,0.0,0.0,-0.2,87.3,11,37,12,24,11,7,6,441,259,50.0,35,0.0,0.0,0.0,0.02452316076294278,0.061307901907356945,0.6130790190735694,0.12261580381471389,1.3487738419618527,6.008174386920981,2.9427792915531334,0.8583106267029973,4.291553133514987,0.7356948228882834
Valentin Gendrey,fr FRA,DF,Lecce,it Serie A,24,2,2,180,2.0,0,0,0,0.2,0.2,0.1,2,0,0.0,0.0,,-0.2,76.4,2,5,7,2,2,2,1,69,32,,3,0.0,0.0,0.0,0.1,0.05,1.0,0.0,1.0,6.0,1.0,1.0,1.5,0.5
Valentin Gendrey,fr FRA,DF,Hoffenheim,de Bundesliga,24,22,14,1414,15.7,1,1,2,1.1,1.1,1.8,10,5,50.0,0.1,0.2,-0.1,69.9,16,49,24,30,12,15,53,874,363,27.3,52,0.06364922206506365,0.06364922206506365,0.1272984441301273,0.07001414427157002,0.11456859971711458,0.6364922206506365,0.31824611032531824,1.0183875530410185,4.646393210749646,1.9094766619519095,0.9547383309759547,3.30975954738331,3.373408769448373
Denis Genreau,au AUS,MF,Toulouse,fr Ligue 1,25,8,2,222,2.5,0,0,0,0.3,0.3,0.5,6,0,0.0,0.0,,-0.3,82.7,5,13,9,7,5,3,4,160,79,33.3,11,0.0,0.0,0.0,0.12162162162162161,0.20270270270270271,2.4324324324324325,0.0,2.0270270270270268,8.91891891891892,2.8378378378378377,1.2162162162162162,4.45945945945946,1.6216216216216217
Tyrique George,eng ENG,FW,Chelsea,eng Premier League,18,8,1,183,2.0,1,1,2,0.2,0.2,0.7,3,1,33.3,0.33,1.0,0.8,79.6,6,3,9,2,0,2,1,70,46,60.0,4,0.4918032786885246,0.4918032786885246,0.9836065573770492,0.09836065573770492,0.34426229508196715,1.4754098360655739,0.4918032786885246,2.9508196721311477,5.901639344262295,0.9836065573770492,0.9836065573770492,1.9672131147540983,0.4918032786885246
Yannick Gerhardt,de GER,"MF,DF",Wolfsburg,de Bundesliga,30,29,15,1518,16.9,1,1,2,1.2,1.2,0.2,15,4,26.7,0.07,0.25,-0.2,76.9,4,57,27,28,16,17,47,854,438,12.5,49,0.05928853754940712,0.05928853754940712,0.11857707509881424,0.07114624505928854,0.011857707509881424,0.8893280632411067,0.23715415019762848,0.23715415019762848,4.980237154150197,1.6600790513833992,1.007905138339921,2.9051383399209487,2.7865612648221343
Max Geschwill,de GER,DF,Holstein Kiel,de Bundesliga,23,19,13,1282,14.2,1,2,3,0.9,0.9,0.8,9,2,22.2,0.11,0.5,0.1,74.3,10,58,6,26,21,30,53,827,379,40.0,53,0.07020280811232449,0.14040561622464898,0.2106084243369735,0.06318252730109206,0.056162246489859596,0.6318252730109205,0.14040561622464898,0.702028081123245,4.492979719188767,1.825273010920437,2.1060842433697347,3.720748829953198,3.720748829953198
Daniele Ghilardi,it ITA,DF,Hellas Verona,it Serie A,21,24,21,2029,22.5,0,0,0,0.6,0.6,0.2,12,4,33.3,0.0,0.0,-0.6,78.4,6,57,16,44,29,30,106,1070,529,22.2,55,0.0,0.0,0.0,0.02661409561360276,0.008871365204534253,0.5322819122720552,0.17742730409068508,0.2661409561360276,3.238048299655002,1.9517003449975359,1.330704780680138,2.43962543124692,4.701823558403154
Lautaro Gianetti,ar ARG,DF,Udinese,it Serie A,30,15,11,878,9.8,1,0,1,0.1,0.0,0.1,2,2,100.0,0.5,0.5,0.9,82.6,2,19,0,22,10,15,49,499,207,0.0,28,0.10250569476082004,0.0,0.10250569476082004,0.010250569476082005,0.010250569476082005,0.20501138952164008,0.20501138952164008,0.20501138952164008,1.9476082004555808,2.2551252847380407,1.5375854214123008,2.8701594533029615,5.022779043280182
Dimitris Giannoulis,gr GRE,DF,Augsburg,de Bundesliga,28,31,31,2650,29.4,1,4,5,1.1,1.1,4.2,13,4,30.8,0.08,0.25,-0.1,74.7,42,104,60,47,32,47,75,1802,845,35.4,136,0.033962264150943396,0.13584905660377358,0.16981132075471697,0.03735849056603774,0.14264150943396228,0.44150943396226416,0.13584905660377358,1.4264150943396225,5.569811320754717,1.5962264150943397,1.5962264150943397,4.618867924528302,2.547169811320755
Morgan Gibbs-White,eng ENG,MF,Nott'ham Forest,eng Premier League,24,34,34,2803,31.1,7,8,15,6.3,6.3,5.0,61,21,34.4,0.11,0.33,0.7,78.3,51,164,69,43,22,23,29,1627,923,40.3,127,0.22475918658580094,0.2568676418123439,0.48162682839814486,0.20228326792722082,0.16054227613271493,1.9586157688191221,0.6742775597574028,1.6375312165536926,7.481270067784517,1.3806635747413487,0.7384944702104888,4.07777381377096,0.9311452015697468
Samuel Gigot,fr FRA,DF,Lazio,it Serie A,30,15,7,683,7.6,2,0,2,1.3,1.3,0.0,4,3,75.0,0.5,0.67,0.7,92.0,0,12,7,4,3,13,36,391,205,50.0,15,0.2635431918008785,0.0,0.2635431918008785,0.17130307467057102,0.0,0.527086383601757,0.3953147877013177,0.0,2.5036603221083458,0.527086383601757,1.7130307467057102,1.9765739385065886,4.743777452415813
Armin Gigovic,ba BIH,MF,Holstein Kiel,de Bundesliga,22,31,23,1895,21.1,5,1,6,1.9,1.9,2.1,26,10,38.5,0.19,0.5,3.1,77.7,16,50,37,25,13,21,33,935,476,36.4,117,0.23746701846965698,0.047493403693931395,0.28496042216358836,0.09023746701846966,0.09973614775725595,1.2348284960422162,0.47493403693931396,0.7598944591029023,4.1319261213720315,1.187335092348285,0.9973614775725594,5.556728232189974,1.567282321899736
Bryan Gil,es ESP,"FW,MF",Girona,es La Liga,23,25,21,1721,19.1,3,3,6,2.3,2.3,2.9,32,15,46.9,0.09,0.2,0.7,81.8,21,74,76,34,20,10,9,1019,715,39.4,78,0.1568855316676351,0.1568855316676351,0.3137710633352702,0.12027890761185357,0.15165601394538059,1.673445671121441,0.7844276583381754,1.0981987216734457,7.844276583381755,1.778036025566531,0.5229517722254503,4.079023823358513,0.4706565950029053
Mario Gila,es ESP,DF,Lazio,it Serie A,23,32,31,2741,30.5,1,0,1,1.1,1.1,0.6,15,4,26.7,0.07,0.25,-0.1,91.6,15,157,48,55,37,28,115,2339,1477,26.7,153,0.032834731849689894,0.0,0.032834731849689894,0.03611820503465889,0.019700839109813937,0.49252097774534837,0.13133892739875958,0.49252097774534837,6.731120029186428,1.8059102517329442,0.9193724917913171,5.023713973002554,3.775994162714338
Billy Gilmour,sct SCO,MF,Brighton,eng Premier League,23,2,1,98,1.1,0,0,0,0.1,0.1,0.0,1,0,0.0,0.0,,-0.1,86.6,0,11,2,3,3,0,1,73,44,50.0,5,0.0,0.0,0.0,0.09183673469387756,0.0,0.9183673469387754,0.0,0.0,11.938775510204083,2.7551020408163263,0.0,4.591836734693878,0.9183673469387754
Billy Gilmour,sct SCO,MF,Napoli,it Serie A,23,26,13,1177,13.1,0,1,1,0.5,0.5,1.8,9,1,11.1,0.0,0.0,-0.5,88.5,21,67,11,24,16,9,23,1006,540,50.0,64,0.0,0.07646559048428207,0.07646559048428207,0.038232795242141036,0.13763806287170774,0.6881903143585387,0.07646559048428207,1.6057774001699234,5.964316057774002,1.8351741716227699,0.6881903143585387,4.893797790994053,1.7587085811384877
Benedikt Gimber,de GER,DF,Heidenheim,de Bundesliga,27,32,32,2671,29.7,0,0,0,0.7,0.7,0.3,14,1,7.1,0.0,0.0,-0.7,82.5,3,46,7,72,46,31,131,1643,865,50.0,98,0.0,0.0,0.0,0.02358667165855485,0.010108573567952077,0.47173343317109695,0.03369524522650693,0.10108573567952077,1.7858479970048673,2.426057656308499,1.0445526020217148,3.302134032197679,4.414077124672407
Santiago Giménez,mx MEX,FW,Milan,it Serie A,23,14,7,669,7.4,5,2,7,4.8,4.0,0.9,22,9,40.9,0.23,0.56,0.2,80.6,6,6,13,5,3,1,13,189,101,36.8,14,0.6726457399103138,0.26905829596412556,0.9417040358744395,0.6457399103139013,0.1210762331838565,2.9596412556053813,1.2107623318385652,0.8071748878923767,2.5560538116591927,0.6726457399103138,0.13452914798206278,1.883408071748879,1.748878923766816
Gvidas Gineitis,lt LTU,MF,Torino,it Serie A,20,30,15,1430,15.9,3,1,4,1.3,1.3,2.0,29,8,27.6,0.1,0.38,1.7,74.7,21,36,15,25,15,18,32,715,388,47.1,57,0.1888111888111888,0.06293706293706294,0.2517482517482518,0.08181818181818182,0.1258741258741259,1.8251748251748252,0.5034965034965035,1.3216783216783217,3.2097902097902096,1.5734265734265735,1.132867132867133,3.587412587412587,2.013986013986014
Matthias Ginter,de GER,DF,Freiburg,de Bundesliga,30,32,28,2561,28.5,2,1,3,2.8,2.8,0.7,24,4,16.7,0.08,0.5,-0.8,82.6,9,113,11,30,17,19,146,1816,991,66.7,93,0.07028504490433425,0.035142522452167126,0.10542756735650136,0.09839906286606794,0.024599765716516984,0.8434205388520108,0.1405700898086685,0.3162827020695041,4.357672784068723,1.0542756735650136,0.6677079265911753,3.2682545880515423,5.130808278016399
Jamie Gittens,eng ENG,"FW,MF",Dortmund,de Bundesliga,19,32,21,1776,19.7,8,3,11,3.6,3.6,2.5,52,24,46.2,0.15,0.33,4.4,76.5,21,42,113,31,19,10,4,873,627,45.0,63,0.40540540540540543,0.15202702702702703,0.5574324324324325,0.18243243243243246,0.12668918918918917,2.635135135135135,1.2162162162162162,1.0641891891891893,7.85472972972973,1.5709459459459458,0.5067567567567567,3.1925675675675675,0.20270270270270271
Serge Gnabry,de GER,"FW,MF",Bayern Munich,de Bundesliga,29,27,13,1242,13.8,7,5,12,7.5,6.8,5.1,48,17,35.4,0.15,0.41,-0.5,83.4,24,48,44,20,11,6,9,758,468,45.0,47,0.5072463768115942,0.3623188405797101,0.8695652173913043,0.5434782608695652,0.36956521739130427,3.4782608695652173,1.2318840579710144,1.7391304347826086,6.666666666666666,1.4492753623188404,0.43478260869565216,3.4057971014492754,0.6521739130434783
Ben Godfrey,eng ENG,DF,Ipswich Town,eng Premier League,26,3,2,159,1.8,0,0,0,0.0,0.0,0.0,0,0,,,,0.0,82.5,0,4,2,1,0,2,3,68,33,,2,0.0,0.0,0.0,0.0,0.0,0.0,0.0,0.0,3.3962264150943393,0.5660377358490566,1.1320754716981132,1.1320754716981132,1.6981132075471697
Ben Godfrey,eng ENG,DF,Atalanta,it Serie A,26,1,0,23,0.3,0,0,0,0.0,0.0,0.0,0,0,,,,0.0,80.0,0,1,0,0,0,0,0,12,6,,2,0.0,0.0,0.0,0.0,0.0,0.0,0.0,0.0,3.9130434782608696,0.0,0.0,7.826086956521739,0.0
Martial Godo,eng ENG,"FW,DF",Fulham,eng Premier League,21,2,0,24,0.3,0,0,0,0.0,0.0,0.1,0,0,,,,0.0,70.6,1,3,2,0,0,1,0,25,18,25.0,1,0.0,0.0,0.0,0.0,0.375,0.0,0.0,3.75,18.75,0.0,3.75,3.75,0.0
Saba Goglichidze,ge GEO,DF,Empoli,it Serie A,20,33,29,2539,28.2,0,1,1,0.3,0.3,0.3,6,0,0.0,0.0,,-0.3,77.9,3,45,12,64,37,33,97,1200,564,40.0,108,0.0,0.035447026388341865,0.035447026388341865,0.01063410791650256,0.01063410791650256,0.2126821583300512,0.0,0.1063410791650256,2.0204805041354863,2.2686096888538794,1.1697518708152816,3.8282788499409217,3.438361559669161
Edoardo Goldaniga,it ITA,DF,Como,it Serie A,30,32,28,2532,28.1,1,0,1,2.5,2.5,0.3,12,5,41.7,0.08,0.2,-1.5,86.4,4,81,20,34,21,33,102,1757,1008,42.9,74,0.035545023696682464,0.0,0.035545023696682464,0.08886255924170615,0.010663507109004738,0.4265402843601896,0.1777251184834123,0.14218009478672985,3.590047393364929,1.2085308056872037,1.1729857819905212,2.6303317535545023,3.625592417061611
Michael Golding,eng ENG,MF,Leicester City,eng Premier League,18,1,0,1,0.0,0,0,0,0.0,0.0,0.0,0,0,,,,0.0,,0,0,0,0,0,0,0,0,0,,0,0.0,0.0,0.0,0.0,0.0,0.0,0.0,0.0,0.0,0.0,0.0,0.0,0.0
Aleksandr Golovin,ru RUS,"MF,FW",Monaco,fr Ligue 1,28,19,13,1153,12.8,3,0,3,2.3,2.3,2.4,24,9,37.5,0.13,0.33,0.7,77.1,24,112,39,38,24,12,7,840,504,59.5,101,0.2341717259323504,0.0,0.2341717259323504,0.1795316565481353,0.18733738074588033,1.873373807458803,0.7025151777970512,1.873373807458803,11.78664353859497,2.966175195143105,0.9366869037294016,7.883781439722464,0.546400693842151
André Gomes,pt POR,MF,Lille,fr Ligue 1,31,20,16,1276,14.2,0,0,0,0.5,0.5,0.7,11,3,27.3,0.0,0.0,-0.5,89.4,10,101,18,27,13,6,11,1086,632,41.7,92,0.0,0.0,0.0,0.03526645768025078,0.04937304075235109,0.7758620689655172,0.21159874608150472,0.7053291536050156,8.393416927899686,1.9043887147335423,0.42319749216300945,6.4890282131661445,0.7758620689655172
Angel Gomes,eng ENG,MF,Lille,fr Ligue 1,23,14,10,736,8.2,1,1,2,1.7,0.9,2.1,8,2,25.0,0.13,0.5,-0.7,81.0,14,49,15,10,6,0,2,410,249,50.0,20,0.12228260869565218,0.12228260869565218,0.24456521739130435,0.2078804347826087,0.25679347826086957,0.9782608695652174,0.24456521739130435,1.7119565217391306,7.826086956521739,1.2228260869565217,0.0,2.4456521739130435,0.24456521739130435
João Gomes,br BRA,MF,Wolves,eng Premier League,23,36,35,2974,33.0,3,1,4,2.9,2.9,1.2,35,7,20.0,0.09,0.43,0.1,85.0,23,165,59,116,71,25,33,1998,1059,46.2,200,0.09078681909885676,0.03026227303295225,0.121049092131809,0.08776059179556153,0.0363147276395427,1.0591795561533288,0.21183591123066578,0.6960322797579018,6.778749159381305,3.510423671822461,0.7565568258238063,6.052454606590451,0.9986550100874244
Rodrigo Gomes,pt POR,"DF,FW",Wolves,eng Premier League,21,25,7,810,9.0,2,0,2,0.7,0.7,0.9,7,3,42.9,0.29,0.67,1.3,68.6,12,27,23,23,15,7,20,417,217,33.3,28,0.2222222222222222,0.0,0.2222222222222222,0.07777777777777778,0.1,0.7777777777777777,0.33333333333333337,1.3333333333333335,5.555555555555555,2.555555555555556,0.7777777777777777,3.1111111111111107,2.2222222222222223
Toti Gomes,pt POR,DF,Wolves,eng Premier League,25,31,30,2614,29.0,0,1,1,0.7,0.7,0.9,7,2,28.6,0.0,0.0,-0.7,85.9,9,86,27,61,43,25,152,2027,1205,62.5,116,0.0,0.03442999234889059,0.03442999234889059,0.02410099464422341,0.03098699311400153,0.2410099464422341,0.06885998469778118,0.30986993114001526,3.8905891354246367,2.100229533282326,0.8607498087222647,3.9938791124713084,5.2333588370313695
Carlos Gómez,co COL,"MF,DF",Rennes,fr Ligue 1,21,17,2,381,4.2,3,0,3,1.3,1.3,0.2,9,5,55.6,0.33,0.6,1.7,73.0,5,9,9,8,6,2,2,180,117,36.4,16,0.7086614173228346,0.0,0.7086614173228346,0.30708661417322836,0.047244094488188976,2.1259842519685037,1.1811023622047243,1.1811023622047243,4.251968503937007,1.889763779527559,0.47244094488188976,3.779527559055118,0.47244094488188976
Dani Gómez,es ESP,FW,Valencia,es La Liga,26,14,5,532,5.9,2,0,2,2.7,2.7,0.0,14,6,42.9,0.14,0.33,-0.7,74.7,1,6,3,3,2,2,4,137,71,30.0,14,0.3383458646616541,0.0,0.3383458646616541,0.4567669172932331,0.0,2.3684210526315788,1.0150375939849623,0.16917293233082706,1.5225563909774436,0.5075187969924811,0.3383458646616541,2.3684210526315788,0.6766917293233082
Diego Gómez,py PAR,MF,Brighton,eng Premier League,21,16,4,516,5.7,1,0,1,0.9,0.9,0.7,9,3,33.3,0.11,0.33,0.1,80.5,8,27,8,21,13,8,10,403,193,50.0,32,0.1744186046511628,0.0,0.1744186046511628,0.1569767441860465,0.12209302325581395,1.569767441860465,0.5232558139534884,1.3953488372093024,6.104651162790697,3.662790697674419,1.3953488372093024,5.5813953488372094,1.744186046511628
Joe Gomez,eng ENG,DF,Liverpool,eng Premier League,27,9,6,519,5.8,0,0,0,0.3,0.3,0.1,3,2,66.7,0.0,0.0,-0.3,88.7,2,35,5,13,10,7,20,481,303,,34,0.0,0.0,0.0,0.05202312138728323,0.017341040462427747,0.5202312138728323,0.3468208092485549,0.3468208092485549,6.9364161849710975,2.254335260115607,1.2138728323699421,5.895953757225434,3.4682080924855487
Moi Gómez,es ESP,"MF,FW",Osasuna,es La Liga,30,26,6,796,8.8,0,0,0,0.5,0.5,0.8,6,1,16.7,0.0,0.0,-0.5,80.6,11,49,13,13,9,6,7,571,353,53.8,66,0.0,0.0,0.0,0.056532663316582916,0.09045226130653267,0.6783919597989949,0.11306532663316583,1.2437185929648242,7.010050251256282,1.4698492462311559,0.6783919597989949,7.4623115577889445,0.7914572864321608
Sergi Gómez,es ESP,DF,Espanyol,es La Liga,32,12,6,664,7.4,0,0,0,0.3,0.3,0.0,2,1,50.0,0.0,0.0,-0.3,88.9,0,8,0,8,5,7,38,419,222,,15,0.0,0.0,0.0,0.04066265060240964,0.0,0.27108433734939763,0.13554216867469882,0.0,1.0843373493975905,1.0843373493975905,0.9487951807228915,2.033132530120482,5.150602409638554
Sergio Gómez,es ESP,"MF,DF",Real Sociedad,es La Liga,23,37,31,2738,30.4,2,5,7,1.9,1.9,8.9,18,10,55.6,0.11,0.2,0.1,74.8,56,93,43,71,39,19,30,1724,843,43.1,146,0.06574141709276844,0.16435354273192113,0.23009495982468958,0.06245434623813002,0.2925493060628196,0.591672753834916,0.32870708546384225,1.8407596785975167,4.470416362308255,2.33382030679328,0.6245434623813002,4.7991234477720965,0.9861212563915266
Unai Gómez,es ESP,"MF,FW",Athletic Club,es La Liga,21,32,14,1284,14.3,1,3,4,1.9,1.9,0.8,19,4,21.1,0.05,0.25,-0.9,73.1,10,23,19,12,8,2,15,439,235,41.4,42,0.07009345794392523,0.2102803738317757,0.2803738317757009,0.13317757009345796,0.056074766355140186,1.3317757009345794,0.2803738317757009,0.7009345794392523,2.9439252336448596,0.8411214953271028,0.14018691588785046,2.9439252336448596,1.0514018691588785
Tidiam Gomis,fr FRA,"MF,FW",RB Leipzig,de Bundesliga,17,8,1,152,1.7,0,1,1,0.3,0.3,0.9,5,1,20.0,0.0,0.0,-0.3,80.8,3,3,5,0,0,1,0,70,33,71.4,5,0.0,0.5921052631578947,0.5921052631578947,0.17763157894736842,0.5328947368421053,2.9605263157894735,0.5921052631578947,1.776315789473684,4.7368421052631575,0.0,0.5921052631578947,2.9605263157894735,0.0
Fabio González,es ESP,MF,Las Palmas,es La Liga,27,2,0,53,0.6,0,0,0,0.1,0.1,0.0,2,0,0.0,0.0,,-0.1,81.1,0,6,0,0,0,0,0,57,37,,3,0.0,0.0,0.0,0.16981132075471697,0.0,3.3962264150943393,0.0,0.0,10.18867924528302,0.0,0.0,5.09433962264151,0.0
Nicolás González,es ESP,MF,Manchester City,eng Premier League,22,11,9,760,8.4,1,0,1,0.5,0.5,0.1,9,2,22.2,0.11,0.5,0.5,92.0,1,50,9,16,6,8,21,713,425,16.7,31,0.11842105263157894,0.0,0.11842105263157894,0.05921052631578947,0.011842105263157895,1.0657894736842106,0.23684210526315788,0.11842105263157894,6.986842105263158,1.894736842105263,0.9473684210526315,3.6710526315789473,2.486842105263158
Nicolás González,ar ARG,"FW,MF",Juventus,it Serie A,26,26,23,1750,19.4,3,2,5,4.1,4.1,1.1,45,21,46.7,0.07,0.14,-1.1,76.0,19,69,35,24,13,9,37,883,458,32.1,69,0.15428571428571428,0.10285714285714287,0.2571428571428571,0.21085714285714283,0.05657142857142858,2.314285714285714,1.08,0.9771428571428571,5.348571428571429,1.2342857142857142,0.46285714285714286,3.548571428571429,1.902857142857143
Peter González,do DOM,"MF,FW",Getafe,es La Liga,22,17,2,477,5.3,0,0,0,1.3,1.3,0.1,12,4,33.3,0.0,0.0,-1.3,65.6,4,6,8,11,6,2,5,211,111,20.0,20,0.0,0.0,0.0,0.24528301886792453,0.01886792452830189,2.2641509433962264,0.7547169811320755,0.7547169811320755,2.6415094339622645,2.0754716981132075,0.37735849056603776,3.7735849056603774,0.9433962264150944
Urko González,es ESP,MF,Espanyol,es La Liga,23,17,16,1374,15.3,0,2,2,0.5,0.5,0.7,4,2,50.0,0.0,0.0,-0.5,77.5,10,62,18,46,28,8,39,610,306,35.3,71,0.0,0.13100436681222707,0.13100436681222707,0.03275109170305677,0.04585152838427948,0.26200873362445415,0.13100436681222707,0.6550218340611353,5.240174672489083,3.013100436681223,0.5240174672489083,4.650655021834061,2.554585152838428
Urko González,es ESP,MF,Real Sociedad,es La Liga,23,1,1,45,0.5,0,0,0,0.0,0.0,0.0,0,0,,,,0.0,58.8,0,1,0,0,0,0,0,20,12,,0,0.0,0.0,0.0,0.0,0.0,0.0,0.0,0.0,2.0,0.0,0.0,0.0,0.0
Anthony Gordon,eng ENG,"FW,MF",Newcastle Utd,eng Premier League,23,34,28,2434,27.0,6,5,11,8.0,6.5,5.0,57,16,28.1,0.09,0.31,-2.0,73.3,51,98,121,32,18,7,9,1267,818,36.9,97,0.2218570254724733,0.18488085456039444,0.4067378800328677,0.29580936729663104,0.18488085456039444,2.107641741988496,0.5916187345932621,1.8857847165160229,8.097781429745275,1.1832374691865242,0.2588331963845522,3.5866885784716516,0.33278553820870993
Leon Goretzka,de GER,"MF,DF",Bayern Munich,de Bundesliga,29,26,13,1325,14.7,4,1,5,2.8,2.8,1.7,32,11,34.4,0.13,0.36,1.2,89.9,12,127,35,21,11,20,25,1373,794,87.5,77,0.27169811320754716,0.06792452830188679,0.33962264150943394,0.19018867924528302,0.11547169811320754,2.1735849056603773,0.7471698113207548,0.8150943396226416,11.00377358490566,1.4264150943396225,1.3584905660377358,5.230188679245283,1.6981132075471697
Andoni Gorosabel,es ESP,DF,Athletic Club,es La Liga,27,20,17,1485,16.5,0,2,2,0.3,0.3,1.8,2,1,50.0,0.0,0.0,-0.3,83.3,15,51,17,47,28,18,62,1084,432,50.0,56,0.0,0.12121212121212122,0.12121212121212122,0.01818181818181818,0.10909090909090909,0.12121212121212122,0.06060606060606061,0.9090909090909092,4.121212121212121,2.8484848484848486,1.0909090909090908,3.3939393939393936,3.757575757575758
Robin Gosens,de GER,DF,Fiorentina,it Serie A,30,31,28,2434,27.0,5,5,10,1.8,1.8,2.4,23,8,34.8,0.22,0.63,3.2,76.5,27,102,31,56,31,18,91,1606,781,40.0,69,0.18488085456039444,0.18488085456039444,0.3697617091207889,0.06655710764174198,0.08874281018898932,0.8504519309778144,0.29580936729663104,0.9983566146261298,4.917830731306491,2.0706655710764177,0.6655710764174199,2.551355792933443,3.364831552999178
Robin Gosens,de GER,DF,Union Berlin,de Bundesliga,30,1,1,90,1.0,0,0,0,0.0,0.0,0.1,1,0,0.0,0.0,,0.0,54.8,1,4,1,0,0,1,2,51,17,,1,0.0,0.0,0.0,0.0,0.1,1.0,0.0,1.0,5.0,0.0,1.0,1.0,2.0
Mario Götze,de GER,"MF,FW",Eint Frankfurt,de Bundesliga,32,24,18,1542,17.1,3,2,5,2.9,2.9,3.1,8,5,62.5,0.38,0.6,0.1,77.5,34,88,29,41,28,7,8,986,617,39.1,104,0.17509727626459143,0.11673151750972763,0.2918287937743191,0.16926070038910507,0.18093385214007784,0.4669260700389105,0.2918287937743191,1.9844357976653697,6.828793774319066,2.3929961089494163,0.40856031128404674,6.070038910505836,0.4669260700389105
Amine Gouiri,dz ALG,"FW,MF",Marseille,fr Ligue 1,24,14,12,1048,11.6,10,3,13,8.4,8.4,3.6,51,24,47.1,0.2,0.42,1.6,80.9,26,20,17,5,5,1,1,472,248,45.5,24,0.8587786259541985,0.25763358778625955,1.116412213740458,0.7213740458015268,0.30916030534351147,4.379770992366412,2.0610687022900764,2.232824427480916,3.1774809160305346,0.42938931297709926,0.08587786259541984,2.0610687022900764,0.08587786259541984
Amine Gouiri,dz ALG,"MF,FW",Rennes,fr Ligue 1,24,19,11,1037,11.5,3,2,5,3.5,3.5,0.4,31,16,51.6,0.1,0.19,-0.5,78.2,8,46,22,9,6,2,5,474,266,45.5,40,0.2603664416586307,0.17357762777242045,0.4339440694310511,0.30376084860173574,0.03471552555448409,2.690453230472517,1.3886210221793636,0.6943105110896818,5.901639344262295,0.781099324975892,0.17357762777242045,3.471552555448409,0.4339440694310511
Lucas Gourna-Douath,fr FRA,MF,Roma,it Serie A,20,6,2,229,2.5,0,0,0,0.1,0.1,0.1,3,0,0.0,0.0,,-0.1,91.2,2,9,4,9,4,0,2,147,76,40.0,8,0.0,0.0,0.0,0.039301310043668124,0.039301310043668124,1.1790393013100435,0.0,0.7860262008733624,5.109170305676856,3.537117903930131,0.0,3.1441048034934496,0.7860262008733624
Jeffrey Gouweleeuw,nl NED,DF,Augsburg,de Bundesliga,33,33,33,2944,32.7,1,4,5,1.7,0.9,2.2,17,4,23.5,0.06,0.25,-0.7,82.6,14,142,24,50,28,35,183,2061,1169,58.3,141,0.030570652173913044,0.12228260869565218,0.15285326086956522,0.051970108695652176,0.0672554347826087,0.5197010869565217,0.12228260869565218,0.42798913043478265,5.074728260869565,1.528532608695652,1.0699728260869565,4.310461956521739,5.594429347826087
Jonathan Gradit,fr FRA,DF,Lens,fr Ligue 1,31,25,24,2112,23.5,0,0,0,0.8,0.8,0.7,16,4,25.0,0.0,0.0,-0.8,85.1,11,127,18,44,23,25,122,1594,865,33.3,73,0.0,0.0,0.0,0.03409090909090909,0.029829545454545452,0.6818181818181819,0.17045454545454547,0.46875,6.1789772727272725,1.875,1.0653409090909092,3.110795454545454,5.198863636363636
José Gragera,es ESP,MF,Espanyol,es La Liga,23,10,7,569,6.3,0,0,0,0.0,0.0,0.0,2,0,0.0,0.0,,0.0,87.6,1,14,1,25,16,5,13,284,119,25.0,18,0.0,0.0,0.0,0.0,0.0,0.3163444639718805,0.0,0.15817223198594024,2.3725834797891037,3.9543057996485063,0.7908611599297013,2.8471001757469243,2.0562390158172232
Samuel Grandsir,fr FRA,"MF,FW",Le Havre,fr Ligue 1,27,6,0,84,0.9,0,0,0,0.0,0.0,0.6,0,0,,,,0.0,62.5,3,6,5,5,5,0,0,42,24,0.0,9,0.0,0.0,0.0,0.0,0.6428571428571428,0.0,0.0,3.214285714285714,11.785714285714286,5.357142857142857,0.0,9.642857142857142,0.0
Alberto Grassi,it ITA,MF,Empoli,it Serie A,29,28,27,2203,24.5,1,0,1,1.0,1.0,0.8,11,4,36.4,0.09,0.25,0.0,74.6,7,74,18,39,21,33,43,1058,441,41.7,124,0.04085338175215615,0.0,0.04085338175215615,0.04085338175215615,0.032682705401724924,0.4493871992737177,0.1634135270086246,0.285973672265093,3.758511121198366,1.59328188833409,1.348161597821153,5.065819337267363,1.7566954153427146
Ryan Gravenberch,nl NED,MF,Liverpool,eng Premier League,22,37,37,3160,35.1,0,4,4,1.1,1.1,3.1,20,5,25.0,0.0,0.0,-1.1,89.2,26,181,70,69,35,60,59,2343,1396,45.7,193,0.0,0.11392405063291139,0.11392405063291139,0.03132911392405063,0.08829113924050634,0.569620253164557,0.14240506329113925,0.7405063291139241,7.148734177215189,1.9651898734177213,1.7088607594936709,5.496835443037974,1.680379746835443
Archie Gray,eng ENG,"DF,MF",Tottenham,eng Premier League,18,28,19,1751,19.5,0,0,0,0.0,0.0,0.1,1,1,100.0,0.0,0.0,0.0,87.4,3,40,7,16,8,19,50,1286,878,53.8,69,0.0,0.0,0.0,0.0,0.005139920045688178,0.05139920045688178,0.05139920045688178,0.15419760137064534,2.4157624214734437,0.8223872073101085,0.9765848086807539,3.546544831524843,2.5699600228440893
Jack Grealish,eng ENG,"FW,MF",Manchester City,eng Premier League,28,20,7,721,8.0,1,1,2,1.1,1.1,1.8,15,5,33.3,0.07,0.2,-0.1,87.6,24,52,69,9,5,2,6,521,376,44.8,26,0.12482662968099861,0.12482662968099861,0.24965325936199723,0.13730929264909847,0.22468793342579751,1.8723994452149793,0.6241331484049931,2.9958391123439667,15.104022191400833,1.1234396671289875,0.24965325936199723,3.245492371705964,0.7489597780859917
Jacob Greaves,eng ENG,DF,Ipswich Town,eng Premier League,23,25,25,2205,24.5,1,0,1,1.3,1.3,0.3,10,4,40.0,0.1,0.25,-0.3,85.8,5,69,11,40,21,21,148,1404,619,66.7,61,0.04081632653061225,0.0,0.04081632653061225,0.05306122448979592,0.012244897959183673,0.40816326530612246,0.163265306122449,0.20408163265306123,3.2653061224489797,1.6326530612244898,0.8571428571428572,2.489795918367347,6.040816326530613
Mason Greenwood,eng ENG,"FW,MF",Marseille,fr Ligue 1,22,34,32,2804,31.2,21,5,26,16.3,9.1,5.7,111,45,40.5,0.13,0.31,4.7,78.4,47,157,126,35,18,12,5,1746,1214,41.9,88,0.6740370898716119,0.16048502139800286,0.834522111269615,0.5231811697574893,0.18295292439372324,3.5627674750356633,1.4443651925820256,1.5085592011412268,9.083452211126962,1.12339514978602,0.38516405135520687,2.82453637660485,0.16048502139800286
Michael Gregoritsch,at AUT,FW,Freiburg,de Bundesliga,30,20,5,639,7.1,2,1,3,1.8,1.8,0.4,16,6,37.5,0.13,0.33,0.2,63.3,5,19,6,4,2,1,10,220,94,57.1,18,0.28169014084507044,0.14084507042253522,0.4225352112676056,0.2535211267605634,0.05633802816901409,2.2535211267605635,0.8450704225352113,0.7042253521126761,3.5211267605633805,0.5633802816901409,0.14084507042253522,2.535211267605634,1.4084507042253522
Antoine Griezmann,fr FRA,"FW,MF",Atlético Madrid,es La Liga,33,38,29,2469,27.4,8,7,15,7.4,5.9,7.1,48,17,35.4,0.15,0.41,0.6,74.8,48,143,46,30,17,6,23,1678,969,42.9,93,0.29161603888213855,0.2551640340218712,0.5467800729040098,0.26974483596597815,0.25880923450789795,1.749696233292831,0.6196840826245443,1.749696233292831,6.889428918590522,1.0935601458080195,0.21871202916160387,3.3900364520048605,0.8383961117861483
Vincenzo Grifo,it ITA,"FW,MF",Freiburg,de Bundesliga,31,34,31,2432,27.0,8,11,19,7.9,5.6,6.9,63,26,41.3,0.13,0.31,0.1,76.7,66,128,58,30,22,9,23,1768,939,55.6,134,0.29605263157894735,0.40707236842105265,0.703125,0.29235197368421056,0.25534539473684215,2.3314144736842106,0.962171052631579,2.442434210526316,6.883223684210526,1.1101973684210527,0.33305921052631576,4.958881578947368,0.8511513157894737
Florian Grillitsch,at AUT,MF,Valladolid,es La Liga,28,13,7,623,6.9,0,0,0,0.1,0.1,0.7,3,2,66.7,0.0,0.0,-0.1,82.8,8,38,9,11,7,4,5,398,225,73.3,42,0.0,0.0,0.0,0.014446227929373997,0.10112359550561796,0.4333868378812199,0.28892455858747995,1.1556982343499198,6.7897271268057775,1.5890850722311396,0.5778491171749599,6.067415730337078,0.7223113964686998
Florian Grillitsch,at AUT,MF,Hoffenheim,de Bundesliga,28,8,8,601,6.7,0,0,0,0.2,0.2,0.2,6,1,16.7,0.0,0.0,-0.2,86.6,5,44,4,15,9,8,18,488,270,41.7,31,0.0,0.0,0.0,0.029950083194675542,0.029950083194675542,0.8985024958402662,0.1497504159733777,0.7487520798668885,7.18801996672213,2.2462562396006653,1.1980033277870217,4.642262895174709,2.695507487520799
Álex Grimaldo,es ESP,DF,Leverkusen,de Bundesliga,28,32,31,2636,29.3,2,7,9,2.5,2.5,8.1,44,13,29.5,0.05,0.15,-0.5,81.2,73,160,86,24,14,16,43,2365,1310,40.0,142,0.06828528072837634,0.23899848254931716,0.30728376327769347,0.08535660091047041,0.2765553869499241,1.502276176024279,0.4438543247344461,2.492412746585736,8.399089529590288,0.8194233687405159,0.5462822458270107,4.848254931714719,1.468133535660091
Pascal Groß,de GER,"MF,DF",Dortmund,de Bundesliga,33,30,28,2327,25.9,0,9,9,2.4,2.4,5.1,27,7,25.9,0.0,0.0,-2.4,80.7,57,178,41,44,28,9,30,2178,1149,33.3,96,0.0,0.3480876665234207,0.3480876665234207,0.09282337773957886,0.19724967769660506,1.0442629995702621,0.2707348517404383,2.204555221314998,8.47013321873657,1.7017619252256122,0.3480876665234207,3.712935109583154,1.1602922217447358
Brajan Gruda,de GER,"MF,FW",Brighton,eng Premier League,20,21,8,687,7.6,1,4,5,1.2,1.2,2.1,11,5,45.5,0.09,0.2,-0.2,74.5,23,26,22,16,8,2,5,344,202,43.3,26,0.13100436681222707,0.5240174672489083,0.6550218340611353,0.1572052401746725,0.27510917030567683,1.4410480349344978,0.6550218340611353,3.013100436681223,6.288209606986899,2.096069868995633,0.26200873362445415,3.4061135371179043,0.6550218340611353
Marco Grüll,at AUT,"FW,MF",Werder Bremen,de Bundesliga,26,30,13,1181,13.1,6,1,7,4.0,4.0,1.8,25,10,40.0,0.24,0.6,2.0,76.8,11,38,24,12,9,3,10,495,317,33.3,43,0.4572396274343776,0.07620660457239627,0.5334462320067739,0.30482641828958507,0.1371718882303133,1.9051651143099069,0.7620660457239627,0.838272650296359,4.724809483488569,0.9144792548687553,0.2286198137171888,3.27688399661304,0.7620660457239627
Albert Grønbaek,dk DEN,"FW,MF",Southampton,eng Premier League,23,4,2,143,1.6,0,0,0,0.1,0.1,0.0,2,0,0.0,0.0,,-0.1,72.2,1,1,1,4,1,0,1,38,18,0.0,6,0.0,0.0,0.0,0.06293706293706294,0.0,1.2587412587412588,0.0,0.6293706293706294,1.2587412587412588,2.5174825174825175,0.0,3.7762237762237763,0.6293706293706294
Albert Grønbaek,dk DEN,"MF,FW",Rennes,fr Ligue 1,23,16,9,813,9.0,2,1,3,1.5,1.5,1.0,22,9,40.9,0.09,0.22,0.5,62.8,19,30,23,21,11,4,6,386,218,29.7,24,0.22140221402214022,0.11070110701107011,0.33210332103321033,0.16605166051660517,0.11070110701107011,2.4354243542435428,0.9963099630996309,2.103321033210332,5.867158671586717,2.3247232472324724,0.44280442804428044,2.6568265682656826,0.6642066420664207
Sergi Guardiola,es ESP,FW,Rayo Vallecano,es La Liga,33,16,1,362,4.0,0,0,0,2.4,2.4,0.1,11,3,27.3,0.0,0.0,-2.4,66.7,5,3,2,5,3,1,2,130,81,0.0,7,0.0,0.0,0.0,0.5966850828729282,0.024861878453038676,2.734806629834254,0.7458563535911602,1.2430939226519337,1.2430939226519337,1.2430939226519337,0.24861878453038672,1.740331491712707,0.49723756906077343
Nemanja Gudelj,rs SRB,"MF,DF",Sevilla,es La Liga,32,31,27,2493,27.7,1,1,2,1.6,0.8,0.6,22,5,22.7,0.0,0.0,-0.6,86.9,14,64,14,42,24,27,94,1635,736,66.7,74,0.036101083032490974,0.036101083032490974,0.07220216606498195,0.05776173285198557,0.021660649819494584,0.7942238267148014,0.18050541516245489,0.5054151624548736,2.815884476534296,1.5162454873646207,0.9747292418772563,2.6714801444043323,3.393501805054152
Gabriel Gudmundsson,se SWE,DF,Lille,fr Ligue 1,25,30,20,1785,19.8,2,0,2,0.7,0.7,1.4,18,5,27.8,0.11,0.4,1.3,82.1,16,91,71,36,25,17,41,1267,728,39.2,83,0.10084033613445377,0.0,0.10084033613445377,0.03529411764705882,0.07058823529411765,0.9075630252100841,0.25210084033613445,0.8067226890756302,8.168067226890756,1.8151260504201683,0.8571428571428572,4.184873949579832,2.0672268907563027
Gonçalo Guedes,pt POR,"MF,FW",Wolves,eng Premier League,27,29,10,995,11.1,2,4,6,3.2,3.2,1.3,27,8,29.6,0.07,0.25,-1.2,74.2,14,40,41,16,5,5,4,484,304,32.1,36,0.18090452261306533,0.36180904522613067,0.542713567839196,0.2894472361809045,0.11758793969849246,2.4422110552763816,0.7236180904522613,1.2663316582914574,7.326633165829146,1.4472361809045227,0.45226130653266333,3.2562814070351758,0.36180904522613067
Axel Gueguin,fr FRA,FW,Montpellier,fr Ligue 1,19,1,0,23,0.3,0,0,0,0.0,0.0,0.0,0,0,,,,0.0,83.3,0,1,0,1,1,0,0,9,2,0.0,0,0.0,0.0,0.0,0.0,0.0,0.0,0.0,0.0,3.9130434782608696,3.9130434782608696,0.0,0.0,0.0
Marc Guéhi,eng ENG,DF,Crystal Palace,eng Premier League,24,34,34,3059,34.0,3,2,5,2.0,2.0,1.8,15,7,46.7,0.2,0.43,1.0,83.5,16,134,22,61,34,28,163,2131,1142,80.0,146,0.08826413860738803,0.058842759071592025,0.14710689767898005,0.058842759071592025,0.05295848316443282,0.44132069303694016,0.20594965675057209,0.4707420725727362,4.5897352075841775,1.7947041516835567,0.8237986270022883,4.2955214122262175,4.79568486433475
Mattéo Guendouzi,fr FRA,MF,Lazio,it Serie A,25,37,37,3270,36.3,1,3,4,1.4,1.4,3.2,27,8,29.6,0.04,0.13,-0.4,89.8,43,316,89,37,21,32,50,2437,1549,60.0,173,0.027522935779816512,0.08256880733944955,0.11009174311926605,0.038532110091743114,0.08807339449541285,0.7431192660550459,0.2201834862385321,1.18348623853211,11.146788990825689,1.0183486238532111,0.8807339449541284,4.761467889908257,1.3761467889908257
Javier Guerra,es ESP,MF,Valencia,es La Liga,21,36,31,2581,28.7,3,3,6,2.2,2.2,3.2,47,10,21.3,0.06,0.3,0.8,77.9,23,137,50,50,27,20,49,1669,927,37.2,168,0.10461061604029447,0.10461061604029447,0.20922123208058893,0.07671445176288261,0.11158465710964743,1.6388996512979466,0.3487020534676482,0.8020147229755908,6.520728399845021,1.743510267338241,0.6974041069352964,5.8581944982564895,1.7086400619914763
Raphaël Guerreiro,pt POR,"DF,MF",Bayern Munich,de Bundesliga,30,23,19,1572,17.5,4,4,8,2.9,2.9,2.9,21,11,52.4,0.19,0.36,1.1,88.7,27,85,39,19,12,10,19,1487,820,50.0,94,0.22900763358778628,0.22900763358778628,0.45801526717557256,0.16603053435114504,0.16603053435114504,1.202290076335878,0.6297709923664122,1.5458015267175573,7.099236641221374,1.0877862595419847,0.5725190839694656,5.3816793893129775,1.0877862595419847
Evann Guessand,ci CIV,"FW,MF",Nice,fr Ligue 1,23,33,30,2565,28.5,12,8,20,9.2,9.2,5.4,63,27,42.9,0.19,0.44,2.8,73.3,32,79,87,44,29,15,16,926,581,47.6,98,0.4210526315789474,0.2807017543859649,0.7017543859649122,0.3228070175438596,0.18947368421052632,2.210526315789474,0.9473684210526315,1.1228070175438596,5.824561403508772,1.543859649122807,0.5263157894736842,3.43859649122807,0.5614035087719298
Ander Guevara,es ESP,MF,Alavés,es La Liga,27,33,20,1947,21.6,0,1,1,0.9,0.9,0.6,12,3,25.0,0.0,0.0,-0.9,76.6,12,112,14,49,30,14,43,1208,512,60.0,120,0.0,0.046224961479198766,0.046224961479198766,0.04160246533127889,0.02773497688751926,0.5546995377503853,0.13867488443759632,0.5546995377503853,5.824345146379044,2.2650231124807396,0.6471494607087828,5.546995377503852,1.9876733436055471
Pape Gueye,sn SEN,MF,Villarreal,es La Liga,25,34,26,2224,24.7,4,0,4,3.4,3.4,1.1,55,17,30.9,0.07,0.24,0.6,79.6,17,156,36,54,26,27,53,1456,853,33.3,126,0.16187050359712232,0.0,0.16187050359712232,0.13758992805755396,0.044514388489208634,2.2257194244604315,0.6879496402877698,0.6879496402877698,7.769784172661871,2.185251798561151,1.0926258992805755,5.098920863309353,2.1447841726618706
Morgan Guilavogui,gn GUI,"FW,MF",St. Pauli,de Bundesliga,26,25,21,1807,20.1,6,2,8,7.1,7.1,1.9,41,15,36.6,0.15,0.4,-1.1,65.9,27,41,42,32,17,13,33,832,384,43.8,71,0.29883785279468733,0.0996126175982291,0.3984504703929164,0.3536247924737133,0.09463198671831766,2.0420586607636966,0.7470946319867183,1.3447703375760929,4.133923630326508,1.5938018815716657,0.6474820143884893,3.5362479247371335,1.6436081903707802
Frederic Guilbert,fr FRA,DF,Lecce,it Serie A,29,31,31,2435,27.1,0,1,1,0.3,0.3,1.8,11,0,0.0,0.0,,-0.3,76.8,19,88,48,65,36,47,113,1610,665,48.6,84,0.0,0.03696098562628337,0.03696098562628337,0.01108829568788501,0.06652977412731007,0.406570841889117,0.0,0.702258726899384,5.026694045174538,2.402464065708419,1.7371663244353184,3.104722792607803,4.176591375770021
Luis Guilherme,br BRA,"MF,FW",West Ham,eng Premier League,18,12,1,150,1.7,0,0,0,0.4,0.4,0.1,4,1,25.0,0.0,0.0,-0.4,86.6,3,5,4,1,0,3,2,99,51,53.8,7,0.0,0.0,0.0,0.24000000000000002,0.060000000000000005,2.4000000000000004,0.6000000000000001,1.8,5.3999999999999995,0.6000000000000001,1.8,4.2,1.2000000000000002
Hugo Guillamón,es ESP,MF,Valencia,es La Liga,24,12,4,364,4.0,0,0,0,0.1,0.1,0.0,2,1,50.0,0.0,0.0,-0.1,81.9,2,15,0,11,8,5,9,228,85,50.0,21,0.0,0.0,0.0,0.024725274725274724,0.0,0.4945054945054945,0.24725274725274726,0.4945054945054945,3.708791208791209,2.71978021978022,1.2362637362637363,5.1923076923076925,2.2252747252747254
Bruno Guimarães,br BRA,MF,Newcastle Utd,eng Premier League,26,38,38,3271,36.3,5,6,11,4.3,4.3,6.1,45,13,28.9,0.11,0.38,0.7,82.4,52,271,64,83,47,29,44,2213,1400,43.6,188,0.1375726077652094,0.16508712931825129,0.3026597370834607,0.1183124426780801,0.1678385814735555,1.2381534698868848,0.3576887801895445,1.430755120758178,9.21736472026903,2.2837052889024765,0.7979211250382147,5.172730051971874,1.210638948333843
Carlos Guirao,es ESP,MF,Betis,es La Liga,21,2,2,110,1.2,0,0,0,0.0,0.0,0.0,0,0,,,,0.0,78.3,0,2,1,5,3,3,2,60,28,100.0,6,0.0,0.0,0.0,0.0,0.0,0.0,0.0,0.0,2.4545454545454546,4.090909090909091,2.4545454545454546,4.909090909090909,1.6363636363636362
Bahereba Guirassy,fr FRA,"FW,MF",Nantes,fr Ligue 1,17,19,2,348,3.9,2,0,2,0.7,0.7,0.1,7,4,57.1,0.29,0.5,1.3,70.8,2,6,15,12,8,1,4,192,111,34.6,22,0.5172413793103449,0.0,0.5172413793103449,0.1810344827586207,0.02586206896551724,1.8103448275862069,1.0344827586206897,0.5172413793103449,5.431034482758621,3.103448275862069,0.25862068965517243,5.689655172413794,1.0344827586206897
Serhou Guirassy,gn GUI,FW,Dortmund,de Bundesliga,28,30,29,2598,28.9,21,4,25,22.7,19.6,3.9,86,33,38.4,0.21,0.55,-1.7,72.7,25,43,25,7,6,4,38,965,528,28.2,45,0.7274826789838338,0.13856812933025403,0.8660508083140878,0.7863741339491916,0.13510392609699767,2.9792147806004623,1.1431870669745958,0.8660508083140878,2.355658198614319,0.24249422632794457,0.13856812933025403,1.5588914549653579,1.3163972286374133
Marc Guiu,es ESP,FW,Chelsea,eng Premier League,18,3,0,73,0.8,0,0,0,0.0,0.0,0.0,0,0,,,,0.0,68.8,1,0,0,1,1,0,0,22,12,0.0,2,0.0,0.0,0.0,0.0,0.0,0.0,0.0,1.2328767123287672,0.0,1.2328767123287672,0.0,2.4657534246575343,0.0
Arda Güler,tr TUR,"MF,FW",Real Madrid,es La Liga,19,28,14,1250,13.9,3,4,7,3.3,3.3,4.5,39,16,41.0,0.08,0.19,-0.3,86.1,40,93,34,30,16,7,8,1058,696,44.4,56,0.21599999999999997,0.28800000000000003,0.504,0.2376,0.324,2.808,1.1520000000000001,2.88,9.144,2.16,0.504,4.032,0.5760000000000001
Gerard Gumbau,es ESP,MF,Rayo Vallecano,es La Liga,29,22,7,849,9.4,0,1,1,1.1,1.1,1.3,13,5,38.5,0.0,0.0,-1.1,75.5,17,41,2,17,12,5,13,507,276,50.0,27,0.0,0.10600706713780918,0.10600706713780918,0.11660777385159012,0.13780918727915195,1.3780918727915195,0.5300353356890459,1.802120141342756,4.558303886925795,1.802120141342756,0.5300353356890459,2.862190812720848,1.3780918727915195
Robert Gumny,pl POL,DF,Augsburg,de Bundesliga,26,7,2,271,3.0,0,0,0,0.3,0.3,0.5,4,2,50.0,0.0,0.0,-0.3,76.1,3,10,5,3,3,1,6,170,87,25.0,11,0.0,0.0,0.0,0.0996309963099631,0.16605166051660517,1.3284132841328413,0.6642066420664207,0.9963099630996309,4.981549815498155,0.9963099630996309,0.33210332103321033,3.6531365313653135,1.9926199261992619
İlkay Gündoğan,de GER,MF,Manchester City,eng Premier League,33,33,25,2223,24.7,1,6,7,3.2,3.2,3.5,27,7,25.9,0.04,0.14,-2.2,89.5,44,127,64,25,13,13,23,1892,1118,41.5,116,0.04048582995951417,0.242914979757085,0.28340080971659914,0.12955465587044535,0.14170040485829957,1.0931174089068827,0.28340080971659914,1.7813765182186234,7.732793522267207,1.0121457489878543,0.5263157894736842,4.696356275303644,0.9311740890688259
Christian Günter,de GER,DF,Freiburg,de Bundesliga,31,29,27,2314,25.7,2,2,4,0.8,0.6,2.5,21,6,28.6,0.1,0.33,1.2,74.5,28,52,19,23,21,8,50,1304,559,33.3,61,0.07778738115816768,0.07778738115816768,0.15557476231633535,0.031114952463267075,0.0972342264477096,0.8167675021607607,0.23336214347450301,1.0890233362143475,2.7614520311149526,0.8945548833189282,0.3111495246326707,2.372515125324114,1.9446845289541919
Jon Guridi,es ESP,"MF,FW",Alavés,es La Liga,29,33,27,2080,23.1,3,1,4,4.2,3.4,1.2,23,11,47.8,0.09,0.18,-1.2,74.2,17,79,27,40,22,14,16,940,471,30.8,86,0.12980769230769232,0.04326923076923077,0.17307692307692307,0.18173076923076922,0.05192307692307692,0.9951923076923077,0.4759615384615385,0.7355769230769231,4.586538461538462,1.7307692307692308,0.6057692307692308,3.7211538461538463,0.6923076923076923
Gorka Guruzeta,es ESP,FW,Athletic Club,es La Liga,27,36,21,1840,20.4,7,2,9,6.7,6.6,1.5,59,19,32.2,0.12,0.37,0.3,72.5,15,31,8,16,8,9,23,643,286,55.0,61,0.3423913043478261,0.09782608695652174,0.44021739130434784,0.32771739130434785,0.0733695652173913,2.8858695652173916,0.9293478260869564,0.733695652173913,1.9076086956521738,0.782608695652174,0.44021739130434784,2.983695652173913,1.125
Malo Gusto,fr FRA,DF,Chelsea,eng Premier League,21,32,19,1862,20.7,0,1,1,1.7,1.7,1.4,22,4,18.2,0.0,0.0,-1.7,86.5,22,119,50,45,29,24,49,1595,882,25.0,119,0.0,0.048335123523093444,0.048335123523093444,0.08216970998925886,0.06766917293233082,1.0633727175080558,0.19334049409237378,1.0633727175080558,8.168635875402792,2.1750805585392055,1.1600429645542427,5.75187969924812,2.3684210526315788
Miguel Gutiérrez,es ESP,"DF,MF",Girona,es La Liga,23,29,29,2458,27.3,1,5,6,1.6,1.6,4.1,28,9,32.1,0.04,0.11,-0.6,82.6,41,103,63,37,24,16,34,1741,989,52.7,144,0.03661513425549227,0.18307567127746135,0.21969080553295361,0.05858421480878764,0.1501220504475183,1.0252237591537836,0.3295362082994304,1.5012205044751832,6.0781122864117165,1.354759967453214,0.5858421480878763,5.272579332790887,1.2449145646867372
Albert Guðmundsson,is ISL,"FW,MF",Fiorentina,it Serie A,27,24,16,1273,14.1,6,1,7,4.5,2.9,1.8,25,13,52.0,0.16,0.31,1.5,83.0,15,37,35,9,5,6,9,624,402,55.6,53,0.42419481539670073,0.07069913589945012,0.4948939512961508,0.31814611154752553,0.12725844461901023,1.767478397486253,0.9190887666928516,1.0604870384917517,5.0903377847604085,0.6362922230950511,0.42419481539670073,3.747054202670856,0.6362922230950511
Joško Gvardiol,hr CRO,DF,Manchester City,eng Premier League,22,37,36,3277,36.4,5,0,5,4.6,4.3,2.1,40,12,30.0,0.13,0.42,0.4,90.2,26,264,91,58,39,44,122,3103,1997,58.1,137,0.137320720170888,0.0,0.137320720170888,0.12633506255721696,0.05767470247177296,1.098565761367104,0.3295697284101312,0.7140677448886177,9.749771132133048,1.592920353982301,1.2084223375038143,3.762587732682331,3.350625572169667
Emmanuel Gyasi,gh GHA,"DF,FW",Empoli,it Serie A,30,37,37,3217,35.7,2,1,3,3.9,3.9,0.7,22,8,36.4,0.09,0.25,-1.9,77.1,17,53,22,52,29,11,77,1390,570,57.1,135,0.055952751010258,0.027976375505129,0.083929126515387,0.10910786447000312,0.0195834628535903,0.615480261112838,0.223811004041032,0.475598383587193,2.0982281628846753,1.454771526266708,0.307740130556419,3.7768106931924152,2.1541809138949333
Christian Gytkjær,dk DEN,FW,Venezia,it Serie A,34,29,6,754,8.4,2,1,3,2.4,1.6,0.5,16,5,31.3,0.06,0.2,-0.4,55.4,7,5,3,6,4,0,8,235,132,20.0,15,0.23872679045092837,0.11936339522546419,0.35809018567639256,0.286472148541114,0.05968169761273209,1.909814323607427,0.596816976127321,0.8355437665782494,0.9549071618037135,0.7161803713527851,0.0,1.7904509283819627,0.9549071618037135
Erling Haaland,no NOR,FW,Manchester City,eng Premier League,24,31,31,2736,30.4,22,3,25,22.0,18.8,3.0,104,55,52.9,0.18,0.35,0.0,66.9,29,20,24,11,6,5,23,639,310,36.1,34,0.7236842105263157,0.09868421052631579,0.8223684210526315,0.7236842105263157,0.09868421052631579,3.4210526315789473,1.8092105263157894,0.9539473684210525,1.4473684210526314,0.36184210526315785,0.1644736842105263,1.118421052631579,0.756578947368421
Nicolas Haas,ch SUI,MF,Empoli,it Serie A,28,10,2,287,3.2,0,0,0,0.0,0.0,0.1,1,0,0.0,0.0,,0.0,81.8,2,9,2,11,8,4,6,155,73,0.0,19,0.0,0.0,0.0,0.0,0.0313588850174216,0.313588850174216,0.0,0.627177700348432,3.449477351916376,3.449477351916376,1.254355400696864,5.958188153310104,1.8815331010452963
Janik Haberer,de GER,"MF,DF",Union Berlin,de Bundesliga,30,28,21,1696,18.8,0,0,0,0.7,0.7,0.8,15,3,20.0,0.0,0.0,-0.7,77.0,7,59,13,39,29,17,37,911,444,33.3,83,0.0,0.0,0.0,0.03714622641509434,0.04245283018867924,0.7959905660377359,0.15919811320754718,0.3714622641509434,3.820754716981132,2.069575471698113,0.9021226415094339,4.404481132075472,1.963443396226415
Robin Hack,de GER,"FW,MF",Gladbach,de Bundesliga,25,33,27,2172,24.1,4,7,11,5.4,5.4,3.6,59,24,40.7,0.07,0.17,-1.4,76.2,32,95,51,22,17,9,28,1186,684,39.7,123,0.16574585635359115,0.2900552486187845,0.4558011049723757,0.22375690607734808,0.14917127071823205,2.4447513812154695,0.9944751381215469,1.3259668508287292,6.049723756906077,0.9116022099447514,0.3729281767955801,5.096685082872928,1.160220994475138
Saad El Haddad,ma MAR,MF,Venezia,it Serie A,19,3,0,30,0.3,0,0,0,0.0,0.0,0.0,0,0,,,,0.0,78.6,1,1,1,0,0,0,0,22,15,,1,0.0,0.0,0.0,0.0,0.0,0.0,0.0,3.0,6.0,0.0,0.0,3.0,0.0
Munir El Haddadi,ma MAR,"FW,MF",Leganés,es La Liga,28,25,10,862,9.6,4,0,4,1.6,1.6,0.8,21,9,42.9,0.19,0.44,2.4,75.0,8,29,11,12,9,1,1,372,242,33.3,33,0.4176334106728538,0.0,0.4176334106728538,0.16705336426914152,0.08352668213457076,2.1925754060324825,0.9396751740139211,0.8352668213457076,4.176334106728538,1.2529002320185614,0.10440835266821345,3.445475638051044,0.10440835266821345
Amadou Haidara,ml MLI,MF,RB Leipzig,de Bundesliga,26,28,16,1320,14.7,0,1,1,1.4,1.4,0.9,18,1,5.6,0.0,0.0,-1.4,80.2,5,65,7,30,17,18,56,1100,505,58.3,88,0.0,0.06818181818181818,0.06818181818181818,0.09545454545454544,0.06136363636363637,1.2272727272727273,0.06818181818181818,0.34090909090909094,4.909090909090909,2.0454545454545454,1.2272727272727273,6.0,3.8181818181818183
Massadio Haïdara,ml MLI,DF,Brest,fr Ligue 1,31,22,20,1678,18.6,0,0,0,0.3,0.3,0.5,10,1,10.0,0.0,0.0,-0.3,78.6,8,77,44,27,16,26,73,1106,486,53.6,54,0.0,0.0,0.0,0.016090584028605484,0.026817640047675805,0.5363528009535161,0.05363528009535161,0.42908224076281287,6.489868891537545,1.4481525625744935,1.3945172824791419,2.896305125148987,3.9153754469606676
Antoine Hainaut,fr FRA,"DF,FW",Parma,it Serie A,22,25,10,1206,13.4,2,0,2,0.8,0.8,1.0,6,3,50.0,0.33,0.67,1.2,75.0,9,34,22,26,14,15,59,676,322,48.1,58,0.1492537313432836,0.0,0.1492537313432836,0.05970149253731343,0.0746268656716418,0.44776119402985076,0.22388059701492538,0.6716417910447761,4.17910447761194,1.9402985074626864,1.119402985074627,4.328358208955224,4.402985074626866
Mohamed Haj,tn TUN,MF,Parma,it Serie A,19,15,3,453,5.0,1,2,3,0.6,0.6,1.2,7,3,42.9,0.14,0.33,0.4,78.1,9,13,6,3,1,4,5,207,122,28.6,15,0.1986754966887417,0.3973509933774834,0.5960264900662252,0.11920529801324503,0.23841059602649006,1.390728476821192,0.5960264900662252,1.7880794701986755,3.7748344370860925,0.5960264900662252,0.7947019867549668,2.980132450331126,0.9933774834437087
Achraf Hakimi,ma MAR,DF,Paris S-G,fr Ligue 1,25,25,24,2066,23.0,4,6,10,2.9,2.9,6.2,32,12,37.5,0.13,0.33,1.1,88.7,50,183,93,48,36,31,18,2371,1384,50.0,136,0.17424975798644723,0.2613746369796709,0.4356243949661181,0.12633107454017425,0.2700871248789932,1.3939980638915779,0.5227492739593418,2.1781219748305904,12.02323330106486,2.090997095837367,1.350435624394966,5.924491771539206,0.7841239109390127
Lewis Hall,eng ENG,DF,Newcastle Utd,eng Premier League,19,27,24,2189,24.3,0,4,4,0.4,0.4,4.3,11,1,9.1,0.0,0.0,-0.4,81.7,34,123,41,58,41,18,75,1820,950,52.4,119,0.0,0.16445865692096848,0.16445865692096848,0.01644586569209685,0.1767930561900411,0.45226130653266333,0.04111466423024212,1.397898583828232,6.742804933759707,2.384650525354043,0.7400639561443582,4.8926450433988125,3.083599817268159
Sébastien Haller,ci CIV,FW,Leganés,es La Liga,30,8,5,404,4.5,0,0,0,0.4,0.4,0.2,4,1,25.0,0.0,0.0,-0.4,60.0,1,4,3,2,0,0,7,129,56,33.3,10,0.0,0.0,0.0,0.0891089108910891,0.04455445544554455,0.8910891089108911,0.22277227722772278,0.22277227722772278,1.5594059405940595,0.44554455445544555,0.0,2.227722772277228,1.5594059405940595
Ali Al Hamadi,iq IRQ,FW,Ipswich Town,eng Premier League,22,11,0,134,1.5,0,0,0,0.4,0.4,0.1,4,0,0.0,0.0,,-0.4,83.3,2,3,4,1,0,0,2,53,29,57.1,4,0.0,0.0,0.0,0.26865671641791045,0.06716417910447761,2.6865671641791042,0.0,1.3432835820895521,4.701492537313433,0.6716417910447761,0.0,2.6865671641791042,1.3432835820895521
Andreas Hanche-Olsen,no NOR,DF,Mainz 05,de Bundesliga,27,22,12,1284,14.3,1,1,2,0.8,0.8,0.3,12,2,16.7,0.08,0.5,0.2,82.6,3,34,2,21,13,12,85,812,394,100.0,44,0.07009345794392523,0.07009345794392523,0.14018691588785046,0.056074766355140186,0.02102803738317757,0.8411214953271028,0.14018691588785046,0.2102803738317757,2.5233644859813085,1.4719626168224298,0.8411214953271028,3.08411214953271,5.957943925233645
Florent Hanin,dz ALG,DF,Angers,fr Ligue 1,34,33,31,2672,29.7,1,2,3,0.9,0.9,1.9,11,1,9.1,0.09,1.0,0.1,77.5,25,99,48,69,48,47,99,1965,904,47.8,132,0.033682634730538924,0.06736526946107785,0.10104790419161676,0.03031437125748503,0.06399700598802395,0.3705089820359282,0.033682634730538924,0.842065868263473,4.951347305389222,2.3241017964071857,1.5830838323353293,4.446107784431137,3.3345808383233533
Ridgeciano Haps,sr SUR,DF,Venezia,it Serie A,31,25,14,1369,15.2,1,1,2,1.2,1.2,0.7,15,3,20.0,0.07,0.33,-0.2,77.7,7,52,26,30,16,7,48,738,365,33.3,54,0.06574141709276844,0.06574141709276844,0.13148283418553688,0.07888970051132213,0.04601899196493791,0.9861212563915266,0.19722425127830534,0.46018991964937916,5.127830533235938,1.9722425127830532,0.46018991964937916,3.5500365230094957,3.1555880204528854
Amine Harit,ma MAR,MF,Marseille,fr Ligue 1,27,13,8,519,5.8,2,4,6,0.8,0.8,2.4,8,5,62.5,0.25,0.4,1.2,83.5,19,35,13,8,7,3,1,313,221,40.0,24,0.3468208092485549,0.6936416184971098,1.0404624277456647,0.13872832369942198,0.41618497109826585,1.3872832369942196,0.8670520231213872,3.294797687861272,8.323699421965317,1.3872832369942196,0.5202312138728323,4.161849710982659,0.17341040462427745
Marcus Harness,eng ENG,MF,Ipswich Town,eng Premier League,28,2,0,45,0.5,0,0,0,0.0,0.0,0.0,0,0,,,,0.0,62.5,0,2,0,1,0,0,1,22,9,0.0,2,0.0,0.0,0.0,0.0,0.0,0.0,0.0,0.0,4.0,2.0,0.0,4.0,2.0
Phil Harres,de GER,FW,Holstein Kiel,de Bundesliga,22,26,17,1544,17.2,8,1,9,5.9,5.9,1.3,37,17,45.9,0.22,0.47,2.1,56.6,10,16,12,10,10,5,20,481,240,20.8,40,0.46632124352331605,0.05829015544041451,0.5246113989637305,0.34391191709844565,0.07577720207253887,2.1567357512953365,0.9909326424870466,0.582901554404145,1.632124352331606,0.582901554404145,0.2914507772020725,2.33160621761658,1.16580310880829
Jack Harrison,eng ENG,FW,Everton,eng Premier League,27,34,24,2076,23.1,1,0,1,3.5,3.5,3.7,29,7,24.1,0.03,0.14,-2.5,62.8,33,51,73,32,22,10,35,948,524,32.0,73,0.04335260115606936,0.0,0.04335260115606936,0.15173410404624277,0.16040462427745666,1.2572254335260116,0.30346820809248554,1.4306358381502888,5.375722543352602,1.3872832369942196,0.4335260115606936,3.1647398843930636,1.517341040462428
Abdou Harroui,nl NED,"MF,FW",Hellas Verona,it Serie A,26,10,5,463,5.1,1,2,3,2.2,2.2,0.4,15,4,26.7,0.07,0.25,-1.2,79.2,4,21,23,9,6,2,5,283,175,30.0,22,0.19438444924406048,0.38876889848812096,0.5831533477321814,0.42764578833693306,0.0777537796976242,2.9157667386609076,0.7775377969762419,0.7775377969762419,8.55291576673866,1.7494600431965444,0.38876889848812096,4.27645788336933,0.9719222462203023
Taylor Harwood-Bellis,eng ENG,DF,Southampton,eng Premier League,22,34,32,2825,31.4,1,0,1,1.8,1.8,1.0,20,8,40.0,0.05,0.13,-0.8,87.4,14,125,29,28,20,30,141,2475,1433,100.0,123,0.03185840707964602,0.0,0.03185840707964602,0.05734513274336283,0.03185840707964602,0.6371681415929203,0.25486725663716814,0.44601769911504424,4.906194690265487,0.8920353982300885,0.9557522123893805,3.9185840707964603,4.4920353982300885
Hans Hateboer,nl NED,DF,Rennes,fr Ligue 1,30,26,18,1684,18.7,0,0,0,0.4,0.4,1.5,8,0,0.0,0.0,,-0.4,85.3,15,92,28,31,16,29,64,1305,696,60.0,62,0.0,0.0,0.0,0.021377672209026127,0.08016627078384798,0.4275534441805226,0.0,0.8016627078384798,6.4133016627078385,1.6567695961995248,1.5498812351543942,3.3135391923990496,3.420427553444181
Kai Havertz,de GER,"FW,MF",Arsenal,eng Premier League,25,23,21,1875,20.8,9,3,12,9.5,9.5,2.4,53,21,39.6,0.17,0.43,-0.5,78.4,17,61,35,16,9,6,33,785,418,23.7,41,0.43199999999999994,0.14400000000000002,0.5760000000000001,0.45599999999999996,0.1152,2.544,1.008,0.8160000000000001,4.6080000000000005,0.768,0.28800000000000003,1.968,1.584
Ayden Heaven,eng ENG,DF,Manchester Utd,eng Premier League,17,4,2,170,1.9,0,0,0,0.1,0.1,0.0,2,0,0.0,0.0,,-0.1,84.9,1,7,1,4,3,4,9,136,95,50.0,11,0.0,0.0,0.0,0.05294117647058824,0.0,1.0588235294117647,0.0,0.5294117647058824,4.235294117647059,2.1176470588235294,2.1176470588235294,5.8235294117647065,4.764705882352941
Jan Paul van Hecke,nl NED,DF,Brighton,eng Premier League,24,34,33,2958,32.9,1,1,2,1.3,1.3,1.5,17,5,29.4,0.06,0.2,-0.3,88.2,15,228,55,45,29,24,142,2589,1715,45.5,131,0.030425963488843813,0.030425963488843813,0.060851926977687626,0.03955375253549696,0.04563894523326572,0.5172413793103449,0.15212981744421905,0.4563894523326572,8.6105476673428,1.3691683569979716,0.7302231237322515,3.9858012170385395,4.320486815415822
Hwang Hee-chan,kr KOR,"MF,FW",Wolves,eng Premier League,28,21,5,661,7.3,2,0,2,0.8,0.8,0.1,5,3,60.0,0.4,0.67,1.2,81.4,3,12,15,6,4,2,11,271,159,14.3,28,0.2723146747352496,0.0,0.2723146747352496,0.10892586989409986,0.013615733736762482,0.680786686838124,0.4084720121028744,0.4084720121028744,3.6762481089258694,0.8169440242057489,0.2723146747352496,3.8124054462934946,1.497730711043873
Liam Henderson,sct SCO,MF,Empoli,it Serie A,28,36,27,2337,26.0,0,4,4,0.7,0.7,3.9,22,3,13.6,0.0,0.0,-0.7,72.9,33,108,18,42,22,15,42,1197,490,54.5,89,0.0,0.1540436456996149,0.1540436456996149,0.026957637997432605,0.15019255455712452,0.8472400513478819,0.11553273427471115,1.2708600770218228,4.852374839537869,1.6174582798459565,0.5776636713735559,3.427471116816431,1.6174582798459565
Ramon Hendriks,nl NED,DF,Stuttgart,de Bundesliga,23,25,10,1154,12.8,0,1,1,0.6,0.6,1.0,5,1,20.0,0.0,0.0,-0.6,83.7,6,36,8,20,9,19,63,839,418,55.6,40,0.0,0.0779896013864818,0.0779896013864818,0.04679376083188908,0.0779896013864818,0.389948006932409,0.0779896013864818,0.46793760831889086,3.431542461005199,1.559792027729636,1.4818024263431542,3.119584055459272,4.913344887348353
Paul Hennrich,de GER,MF,Hoffenheim,de Bundesliga,19,1,0,12,0.1,0,0,0,0.0,0.0,0.0,0,0,,,,0.0,66.7,0,0,1,0,0,0,0,6,3,0.0,2,0.0,0.0,0.0,0.0,0.0,0.0,0.0,0.0,7.5,0.0,0.0,15.0,0.0
Benjamin Henrichs,de GER,DF,RB Leipzig,de Bundesliga,27,15,10,935,10.4,0,2,2,0.5,0.4,1.4,11,1,9.1,0.0,0.0,-0.5,75.6,11,29,9,32,16,15,33,606,290,69.2,60,0.0,0.1925133689839572,0.1925133689839572,0.0481283422459893,0.13475935828877006,1.0588235294117647,0.0962566844919786,1.0588235294117647,3.657754010695187,3.0802139037433154,1.4438502673796794,5.7754010695187175,3.176470588235294
Henrique,br BRA,DF,Valladolid,es La Liga,30,5,4,352,3.9,0,0,0,0.0,0.0,0.0,1,0,0.0,0.0,,0.0,85.8,2,12,2,6,2,3,12,237,132,42.9,9,0.0,0.0,0.0,0.0,0.0,0.2556818181818182,0.0,0.5113636363636364,3.5795454545454546,1.534090909090909,0.7670454545454545,2.3011363636363638,3.068181818181818
Luis Henrique,br BRA,"DF,FW",Marseille,fr Ligue 1,22,33,29,2613,29.0,7,7,14,4.2,4.2,4.2,30,14,46.7,0.23,0.5,2.8,81.0,53,143,84,16,9,10,30,1643,1015,56.0,116,0.24110218140068884,0.24110218140068884,0.4822043628013777,0.14466130884041334,0.14466130884041334,1.0332950631458095,0.4822043628013777,1.82548794489093,7.818599311136625,0.5510907003444317,0.34443168771526983,3.99540757749713,1.0332950631458095
Rico Henry,eng ENG,DF,Brentford,eng Premier League,27,5,0,99,1.1,0,0,0,0.0,0.0,0.0,0,0,,,,0.0,67.3,0,4,0,2,2,1,2,66,30,0.0,7,0.0,0.0,0.0,0.0,0.0,0.0,0.0,0.0,3.6363636363636367,1.8181818181818183,0.9090909090909092,6.363636363636363,1.8181818181818183
Mario Hermoso,es ESP,DF,Roma,it Serie A,29,8,2,251,2.8,0,0,0,0.1,0.1,0.0,1,0,0.0,0.0,,-0.1,90.1,0,14,3,2,1,4,13,227,104,66.7,11,0.0,0.0,0.0,0.035856573705179286,0.0,0.35856573705179284,0.0,0.0,6.095617529880478,0.7171314741035857,1.4342629482071714,3.944223107569721,4.661354581673307
Mario Hermoso,es ESP,DF,Leverkusen,de Bundesliga,29,4,3,293,3.3,0,0,0,0.4,0.4,0.2,4,0,0.0,0.0,,-0.4,85.5,2,20,2,0,0,9,15,288,147,60.0,15,0.0,0.0,0.0,0.12286689419795221,0.06143344709897611,1.2286689419795223,0.0,0.6143344709897611,6.757679180887372,0.0,2.7645051194539247,4.607508532423208,4.607508532423208
Javi Hernández,es ESP,DF,Leganés,es La Liga,26,31,27,2389,26.5,2,1,3,0.8,0.8,1.5,17,6,35.3,0.12,0.33,1.2,75.2,17,80,40,26,15,23,98,1323,603,55.2,112,0.07534533277521976,0.03767266638760988,0.11301799916282963,0.0301381331100879,0.056508999581414816,0.6404353285893679,0.22603599832565927,0.6404353285893679,4.520719966513186,0.9794893260778568,0.8664713269150272,4.219338635412306,3.691921305985768
Aridane Hernández,es ESP,DF,Rayo Vallecano,es La Liga,35,14,11,1025,11.4,0,0,0,0.9,0.9,0.0,8,2,25.0,0.0,0.0,-0.9,87.9,2,38,2,13,11,6,99,680,328,50.0,48,0.0,0.0,0.0,0.07902439024390244,0.0,0.7024390243902439,0.17560975609756097,0.17560975609756097,3.5121951219512195,1.1414634146341465,0.526829268292683,4.214634146341464,8.692682926829269
Lucas Hernández,fr FRA,DF,Paris S-G,fr Ligue 1,28,16,10,877,9.7,0,0,0,0.0,0.0,0.1,3,0,0.0,0.0,,0.0,91.7,1,50,6,24,18,7,37,1004,541,66.7,45,0.0,0.0,0.0,0.0,0.010262257696693273,0.30786773090079816,0.0,0.10262257696693272,5.746864310148233,2.4629418472063853,0.7183580387685291,4.618015963511972,3.797035347776511
Theo Hernández,fr FRA,DF,Milan,it Serie A,26,33,30,2696,30.0,4,3,7,2.7,1.9,4.7,43,14,32.6,0.09,0.29,1.3,83.8,47,132,93,36,28,17,75,1901,1046,43.6,129,0.13353115727002968,0.10014836795252226,0.23367952522255192,0.09013353115727003,0.15689910979228489,1.435459940652819,0.46735905044510384,1.5689910979228487,7.511127596439168,1.201780415430267,0.5675074183976261,4.306379821958457,2.5037091988130564
Hernani,br BRA,MF,Parma,it Serie A,30,25,15,1327,14.7,3,3,6,2.8,0.5,1.5,17,3,17.6,0.0,0.0,0.2,75.3,25,78,29,47,26,19,12,782,419,33.3,68,0.20346646571213264,0.20346646571213264,0.4069329314242653,0.1899020346646571,0.10173323285606632,1.1529766390354181,0.20346646571213264,1.6955538809344388,7.256970610399397,3.1876412961567446,1.2886209495101735,4.6119065561416726,0.8138658628485306
Jorge Herrando,es ESP,DF,Osasuna,es La Liga,23,18,15,1366,15.2,1,0,1,1.2,1.2,0.0,12,3,25.0,0.08,0.33,-0.2,85.4,0,38,7,17,11,12,65,871,505,100.0,36,0.06588579795021962,0.0,0.06588579795021962,0.07906295754026353,0.0,0.7906295754026355,0.19765739385065886,0.0,2.964860907759883,1.1200585651537336,0.7906295754026355,2.3718887262079065,4.282576866764275
Ander Herrera,es ESP,MF,Athletic Club,es La Liga,34,8,2,273,3.0,0,0,0,1.7,0.9,0.1,7,3,42.9,0.0,0.0,-1.7,90.5,2,16,2,8,4,2,10,237,116,40.0,14,0.0,0.0,0.0,0.5604395604395604,0.03296703296703297,2.3076923076923075,0.989010989010989,0.6593406593406593,5.934065934065934,2.6373626373626373,0.6593406593406593,4.615384615384615,3.296703296703297
Yangel Herrera,ve VEN,MF,Girona,es La Liga,26,29,27,2257,25.1,4,3,7,3.6,3.6,1.5,39,14,35.9,0.1,0.29,0.4,81.3,17,110,31,66,39,31,50,1405,812,40.4,106,0.1595037660611431,0.11962782454585734,0.27913159060700043,0.1435533894550288,0.05981391227292867,1.5551617190961453,0.5582631812140009,0.6778910057598582,5.622507753655294,2.6318121400088614,1.236154186973859,4.226849800620292,1.9937970757642889
Juan Herzog,es ESP,DF,Las Palmas,es La Liga,21,19,15,1315,14.6,0,0,0,0.9,0.9,0.0,12,2,16.7,0.0,0.0,-0.9,86.4,0,27,0,12,12,18,86,812,376,0.0,41,0.0,0.0,0.0,0.06159695817490494,0.0,0.8212927756653993,0.13688212927756654,0.0,1.8479087452471483,0.8212927756653993,1.231939163498099,2.806083650190114,5.885931558935362
Son Heung-min,kr KOR,FW,Tottenham,eng Premier League,32,30,24,2110,23.4,7,9,16,7.2,5.7,8.2,55,24,43.6,0.11,0.25,-0.2,78.9,50,111,96,17,9,5,17,1134,761,34.9,85,0.2985781990521327,0.3838862559241706,0.6824644549763034,0.3071090047393365,0.3497630331753554,2.3459715639810423,1.0236966824644549,2.132701421800948,8.829383886255924,0.7251184834123223,0.2132701421800948,3.625592417061611,0.7251184834123223
Isak Hien,se SWE,DF,Atalanta,it Serie A,25,30,27,2327,25.9,0,0,0,1.0,1.0,0.1,8,2,25.0,0.0,0.0,-1.0,89.7,2,51,7,48,28,31,82,1546,845,54.5,141,0.0,0.0,0.0,0.03867640739149119,0.0038676407391491194,0.3094112591319295,0.07735281478298238,0.07735281478298238,2.2432316287064893,1.856467554791577,1.198968629136227,5.453373442200258,3.1714654061022776
Omar El Hilali,ma MAR,DF,Espanyol,es La Liga,20,36,36,3153,35.0,0,2,2,0.0,0.0,0.8,2,0,0.0,0.0,,0.0,78.9,8,84,35,111,79,46,145,1992,888,58.6,132,0.0,0.05708848715509039,0.05708848715509039,0.0,0.022835394862036156,0.05708848715509039,0.0,0.22835394862036157,3.396764985727878,3.1684110371075165,1.313035204567079,3.7678401522359657,4.138915318744053
James Hill,eng ENG,DF,Bournemouth,eng Premier League,22,10,6,448,5.0,0,1,1,0.3,0.3,0.3,6,0,0.0,0.0,,-0.3,64.9,3,16,3,15,8,9,31,319,146,50.0,13,0.0,0.20089285714285712,0.20089285714285712,0.060267857142857144,0.060267857142857144,1.2053571428571428,0.0,0.6026785714285714,3.816964285714286,3.013392857142857,1.8080357142857144,2.611607142857143,6.227678571428572
Piero Hincapié,ec ECU,DF,Leverkusen,de Bundesliga,22,32,28,2670,29.7,2,2,4,2.9,2.9,3.2,22,3,13.6,0.09,0.67,-0.9,87.9,16,152,52,52,40,32,114,2456,1366,29.4,105,0.06741573033707865,0.06741573033707865,0.1348314606741573,0.09775280898876404,0.10786516853932585,0.7415730337078652,0.10112359550561799,0.5393258426966292,6.876404494382022,1.752808988764045,1.0786516853932584,3.539325842696629,3.842696629213483
Roger Hinojo,es ESP,DF,Espanyol,es La Liga,19,1,0,9,0.1,0,0,0,0.0,0.0,0.0,0,0,,,,0.0,50.0,0,0,1,0,0,0,1,11,8,,0,0.0,0.0,0.0,0.0,0.0,0.0,0.0,0.0,10.0,0.0,0.0,0.0,10.0
Jack Hinshelwood,eng ENG,"MF,DF",Brighton,eng Premier League,19,26,22,1842,20.5,5,2,7,2.7,2.7,1.5,18,10,55.6,0.28,0.5,2.3,83.2,17,68,19,27,19,16,37,1199,590,18.2,63,0.24429967426710097,0.09771986970684039,0.34201954397394135,0.13192182410423453,0.0732899022801303,0.8794788273615635,0.48859934853420195,0.8306188925081434,4.250814332247557,1.3192182410423452,0.7817589576547231,3.0781758957654723,1.8078175895765471
George Hirst,sct SCO,FW,Ipswich Town,eng Premier League,25,26,5,661,7.3,3,1,4,2.1,2.1,0.3,14,7,50.0,0.21,0.43,0.9,56.6,4,13,9,3,3,2,10,188,101,33.3,12,0.4084720121028744,0.1361573373676248,0.5446293494704992,0.2859304084720121,0.04084720121028744,1.9062027231467473,0.9531013615733737,0.5446293494704992,2.995461422087746,0.4084720121028744,0.2723146747352496,1.6338880484114977,1.361573373676248
Adam Hložek,cz CZE,"FW,MF",Hoffenheim,de Bundesliga,22,27,22,1871,20.8,8,4,12,5.6,5.6,3.5,59,24,40.7,0.14,0.33,2.4,68.5,20,68,54,22,10,4,20,761,429,51.6,66,0.3848209513629075,0.19241047568145375,0.5772314270443614,0.26937466595403525,0.16835916622127206,2.838054516301443,1.1544628540887227,0.9620523784072689,5.868519508284339,1.0582576162479957,0.19241047568145375,3.174772848743987,0.9620523784072689
Ki-Jana Hoever,nl NED,DF,Auxerre,fr Ligue 1,22,30,26,2124,23.6,1,2,3,0.5,0.5,2.7,10,5,50.0,0.1,0.2,0.5,70.8,24,79,59,51,38,21,70,1349,656,25.7,91,0.0423728813559322,0.0847457627118644,0.1271186440677966,0.0211864406779661,0.11440677966101696,0.423728813559322,0.211864406779661,1.0169491525423728,5.847457627118644,2.1610169491525424,0.8898305084745763,3.855932203389831,2.966101694915254
Nicolas Höfler,de GER,MF,Freiburg,de Bundesliga,34,20,7,794,8.8,0,0,0,0.2,0.2,0.1,4,0,0.0,0.0,,-0.2,86.4,3,30,1,33,23,14,28,482,199,100.0,27,0.0,0.0,0.0,0.022670025188916875,0.011335012594458438,0.4534005037783375,0.0,0.34005037783375314,3.513853904282116,3.7405541561712843,1.5869017632241813,3.0604534005037785,3.1738035264483626
Jonas Hofmann,de GER,"MF,DF",Leverkusen,de Bundesliga,32,11,4,356,4.0,2,1,3,1.0,1.0,0.4,9,5,55.6,0.22,0.4,1.0,87.4,7,14,10,2,0,0,3,218,121,50.0,11,0.5056179775280899,0.25280898876404495,0.7584269662921348,0.25280898876404495,0.10112359550561799,2.2752808988764044,1.2640449438202246,1.7696629213483146,6.067415730337078,0.5056179775280899,0.0,2.7808988764044944,0.7584269662921348
Philipp Hofmann,de GER,FW,Bochum,de Bundesliga,31,32,27,2277,25.3,3,3,6,5.5,5.5,3.3,54,19,35.2,0.06,0.16,-2.5,63.5,26,53,8,17,12,4,33,938,486,50.0,52,0.11857707509881424,0.11857707509881424,0.23715415019762848,0.21739130434782608,0.13043478260869565,2.134387351778656,0.7509881422924902,1.0276679841897234,2.411067193675889,0.6719367588932806,0.15810276679841898,2.0553359683794468,1.3043478260869565
Lucas Höler,de GER,"FW,MF",Freiburg,de Bundesliga,30,31,21,1867,20.7,6,4,10,7.7,6.9,2.9,34,17,50.0,0.18,0.35,-1.7,65.5,22,47,21,37,24,7,36,854,395,52.9,68,0.289234065345474,0.192822710230316,0.48205677557579,0.3711837171933583,0.1397964649169791,1.6389930369576862,0.8194965184788431,1.0605249062667381,3.2779860739153723,1.7836100696304233,0.337439742903053,3.2779860739153723,1.7354043920728441
Mason Holgate,jm JAM,"FW,DF",Everton,eng Premier League,27,1,0,6,0.1,0,0,0,0.0,0.0,0.0,0,0,,,,0.0,100.0,0,0,0,0,0,0,0,3,1,,0,0.0,0.0,0.0,0.0,0.0,0.0,0.0,0.0,0.0,0.0,0.0,0.0,0.0
Benedict Hollerbach,de GER,"FW,MF",Union Berlin,de Bundesliga,23,34,30,2540,28.2,9,1,10,7.0,7.0,1.6,76,24,31.6,0.12,0.38,2.0,65.4,26,68,103,43,22,2,13,1112,710,36.5,111,0.3188976377952756,0.03543307086614173,0.3543307086614173,0.24803149606299213,0.05669291338582678,2.6929133858267718,0.8503937007874016,0.9212598425196851,6.059055118110236,1.5236220472440944,0.07086614173228346,3.9330708661417324,0.46062992125984253
Emil Holm,se SWE,DF,Bologna,it Serie A,24,21,12,1137,12.6,1,1,2,0.6,0.6,0.7,10,3,30.0,0.1,0.33,0.4,76.2,10,49,29,34,21,10,51,909,442,40.0,47,0.079155672823219,0.079155672823219,0.158311345646438,0.047493403693931395,0.055408970976253295,0.79155672823219,0.23746701846965698,0.79155672823219,6.174142480211081,2.6912928759894457,0.79155672823219,3.7203166226912927,4.036939313984169
Lewis Holtby,de GER,MF,Holstein Kiel,de Bundesliga,33,25,13,1238,13.8,0,1,1,0.5,0.5,1.5,7,0,0.0,0.0,,-0.5,76.5,21,47,14,34,20,21,26,847,372,46.7,72,0.0,0.07269789983844911,0.07269789983844911,0.036348949919224556,0.10904684975767366,0.5088852988691438,0.0,1.5266558966074315,4.434571890145396,2.47172859450727,1.5266558966074315,5.234248788368336,1.890145395799677
Gerrit Holtmann,ph PHI,"DF,FW",Bochum,de Bundesliga,29,23,12,1136,12.6,2,1,3,2.0,2.0,2.9,31,8,25.8,0.06,0.25,0.0,65.7,20,33,50,24,19,16,15,571,336,30.0,49,0.15845070422535212,0.07922535211267606,0.23767605633802816,0.15845070422535212,0.22975352112676056,2.4559859154929575,0.6338028169014085,1.5845070422535212,6.575704225352113,1.9014084507042253,1.267605633802817,3.8820422535211265,1.1883802816901408
Franck Honorat,fr FRA,FW,Gladbach,de Bundesliga,27,19,18,1439,16.0,4,7,11,4.5,4.5,5.3,31,9,29.0,0.13,0.44,-0.5,67.5,50,45,63,17,7,5,28,762,373,37.5,72,0.2501737317581654,0.43780403057678946,0.6879777623349548,0.2814454482279361,0.3314801945795691,1.9388464211257819,0.5628908964558722,3.1271716469770676,6.754690757470465,1.0632383599722028,0.3127171646977067,4.503127171646978,1.7512161223071578
Mathias Honsak,at AUT,"FW,DF",Heidenheim,de Bundesliga,27,22,12,1181,13.1,5,1,6,3.3,3.3,1.6,29,10,34.5,0.17,0.5,1.7,70.1,14,29,37,15,8,10,31,646,338,39.1,55,0.3810330228619814,0.07620660457239627,0.4572396274343776,0.25148179508890767,0.12193056731583404,2.2099915325994917,0.7620660457239627,1.0668924640135478,5.029635901778154,1.1430990685859441,0.7620660457239627,4.191363251481795,2.3624047417442844
Cédric Hountondji,bj BEN,DF,Angers,fr Ligue 1,30,3,3,270,3.0,0,0,0,0.0,0.0,0.0,0,0,,,,0.0,85.0,0,1,0,6,4,4,14,127,48,,9,0.0,0.0,0.0,0.0,0.0,0.0,0.0,0.0,0.33333333333333337,2.0,1.3333333333333335,3.0,4.666666666666667
Ilyes Housni,fr FRA,"FW,MF",Le Havre,fr Ligue 1,19,12,3,230,2.6,0,0,0,0.2,0.2,0.2,5,0,0.0,0.0,,-0.2,59.4,2,4,8,7,5,1,2,106,67,25.0,7,0.0,0.0,0.0,0.0782608695652174,0.0782608695652174,1.9565217391304348,0.0,0.782608695652174,4.695652173913043,2.739130434782609,0.391304347826087,2.739130434782609,0.782608695652174
Harry Howell,eng ENG,FW,Brighton,eng Premier League,15,1,0,7,0.1,0,0,0,0.0,0.0,0.0,0,0,,,,0.0,88.9,0,0,0,1,1,0,0,12,9,,0,0.0,0.0,0.0,0.0,0.0,0.0,0.0,0.0,0.0,12.857142857142856,0.0,0.0,0.0
Robin Hranáč,cz CZE,DF,Hoffenheim,de Bundesliga,24,4,2,219,2.4,0,0,0,0.0,0.0,0.0,0,0,,,,0.0,86.4,0,4,2,0,0,5,9,170,107,,12,0.0,0.0,0.0,0.0,0.0,0.0,0.0,0.0,2.4657534246575343,0.0,2.054794520547945,4.931506849315069,3.698630136986301
Callum Hudson-Odoi,eng ENG,"FW,MF",Nott'ham Forest,eng Premier League,23,31,25,2194,24.4,5,2,7,2.5,2.5,2.7,37,17,45.9,0.14,0.29,2.5,82.0,44,71,130,22,14,13,12,1035,641,58.7,92,0.20510483135824975,0.0820419325432999,0.2871467639015497,0.10255241567912488,0.11075660893345489,1.5177757520510482,0.6973564266180492,1.804922515952598,8.24521422060164,0.902461257976299,0.5332725615314494,3.773928896991796,0.4922515952597995
Will Hughes,eng ENG,MF,Crystal Palace,eng Premier League,29,33,24,2108,23.4,0,3,3,1.1,1.1,3.1,22,1,4.5,0.0,0.0,-1.1,76.0,33,87,20,66,36,22,28,1203,532,31.3,121,0.0,0.12808349146110057,0.12808349146110057,0.04696394686907022,0.1323529411764706,0.9392789373814042,0.04269449715370019,1.4089184060721063,4.56831119544592,2.8178368121442126,0.9392789373814042,5.166034155597723,1.1954459203036054
Dean Huijsen,es ESP,DF,Bournemouth,eng Premier League,19,32,26,2427,27.0,3,2,5,1.9,1.9,2.0,18,3,16.7,0.17,1.0,1.1,83.4,15,132,41,36,26,51,198,2021,1118,40.0,105,0.11124845488257107,0.07416563658838071,0.1854140914709518,0.07045735475896167,0.07416563658838071,0.6674907292954265,0.11124845488257107,0.5562422744128553,6.415327564894932,1.334981458590853,1.8912237330037085,3.893695920889988,7.342398022249691
Mats Hummels,de GER,DF,Roma,it Serie A,35,14,11,915,10.2,0,0,0,0.5,0.5,0.1,8,1,12.5,0.0,0.0,-0.5,89.0,2,26,4,30,15,26,43,560,279,66.7,41,0.0,0.0,0.0,0.04918032786885246,0.009836065573770491,0.7868852459016393,0.09836065573770492,0.19672131147540983,2.9508196721311477,2.9508196721311477,2.557377049180328,4.032786885245902,4.229508196721311
Omari Hutchinson,eng ENG,"MF,FW",Ipswich Town,eng Premier League,20,31,30,2583,28.7,3,2,5,2.9,2.9,3.5,45,18,40.0,0.07,0.17,0.1,78.0,31,75,97,32,13,11,15,1259,779,37.2,110,0.10452961672473868,0.06968641114982578,0.17421602787456447,0.10104529616724739,0.12195121951219512,1.5679442508710801,0.627177700348432,1.0801393728222997,5.993031358885018,1.1149825783972125,0.3832752613240418,3.832752613240418,0.5226480836236934
Elseid Hysaj,al ALB,DF,Lazio,it Serie A,30,11,4,424,4.7,0,3,3,0.2,0.2,1.6,2,0,0.0,0.0,,-0.2,81.1,6,14,4,11,6,5,21,318,153,50.0,20,0.0,0.6367924528301887,0.6367924528301887,0.04245283018867924,0.33962264150943394,0.4245283018867924,0.0,1.2735849056603774,3.820754716981132,2.3349056603773586,1.0613207547169812,4.245283018867925,4.457547169811321
Hong Hyunseok,kr KOR,MF,Mainz 05,de Bundesliga,25,23,4,530,5.9,0,1,1,0.5,0.5,1.5,5,2,40.0,0.0,0.0,-0.5,77.9,9,23,10,8,3,7,9,292,142,40.0,25,0.0,0.16981132075471697,0.16981132075471697,0.08490566037735849,0.25471698113207547,0.8490566037735848,0.33962264150943394,1.5283018867924527,5.60377358490566,1.3584905660377358,1.1886792452830188,4.245283018867925,1.5283018867924527
Pierre Højbjerg,dk DEN,MF,Marseille,fr Ligue 1,28,30,30,2664,29.6,2,4,6,3.3,3.3,3.9,33,8,24.2,0.06,0.25,-1.3,92.4,43,263,36,64,45,42,33,3174,1950,29.2,171,0.06756756756756757,0.13513513513513514,0.20270270270270271,0.11148648648648649,0.13175675675675677,1.114864864864865,0.2702702702702703,1.4527027027027029,10.10135135135135,2.1621621621621623,1.4189189189189189,5.777027027027026,1.114864864864865
Oscar Højlund,dk DEN,MF,Eint Frankfurt,de Bundesliga,19,20,7,722,8.0,1,0,1,1.0,1.0,1.1,6,2,33.3,0.17,0.5,0.0,88.0,6,49,17,21,12,5,11,497,291,72.7,40,0.12465373961218837,0.0,0.12465373961218837,0.12465373961218837,0.1371191135734072,0.7479224376731303,0.24930747922437674,0.7479224376731303,8.227146814404433,2.6177285318559558,0.6232686980609418,4.986149584487534,1.371191135734072
Rasmus Højlund,dk DEN,FW,Manchester Utd,eng Premier League,21,32,23,2004,22.3,4,0,4,5.3,5.3,1.8,32,13,40.6,0.13,0.31,-1.3,74.7,16,18,28,3,1,2,6,515,308,27.3,35,0.17964071856287422,0.0,0.17964071856287422,0.2380239520958084,0.08083832335329341,1.4371257485029938,0.5838323353293413,0.7185628742514969,2.0658682634730536,0.1347305389221557,0.08982035928143711,1.5718562874251496,0.2694610778443114
Pablo Ibáñez,es ESP,MF,Osasuna,es La Liga,25,28,13,1294,14.4,1,1,2,1.6,1.6,1.6,20,5,25.0,0.05,0.2,-0.6,74.9,6,51,21,20,10,18,21,673,368,48.1,56,0.0695517774343122,0.0695517774343122,0.1391035548686244,0.11128284389489954,0.11128284389489954,1.3910355486862442,0.34775888717156106,0.41731066460587324,5.0077279752704795,1.3910355486862442,1.2519319938176199,3.894899536321484,1.4605873261205564
Hafiz Ibrahim,ng NGA,FW,Reims,fr Ligue 1,18,11,2,391,4.3,0,1,1,0.5,0.5,0.6,7,0,0.0,0.0,,-0.5,60.0,4,2,6,3,2,2,6,109,51,37.5,14,0.0,0.23017902813299235,0.23017902813299235,0.11508951406649617,0.13810741687979539,1.6112531969309463,0.0,0.9207161125319694,1.8414322250639388,0.690537084398977,0.4603580562659847,3.2225063938618925,1.381074168797954
Arijon Ibrahimović,de GER,MF,Lazio,it Serie A,18,1,0,8,0.1,0,0,0,0.1,0.1,0.0,2,0,0.0,0.0,,-0.1,75.0,0,0,0,0,0,0,0,6,1,,0,0.0,0.0,0.0,1.125,0.0,22.5,0.0,0.0,0.0,0.0,0.0,0.0,0.0
Arijon Ibrahimović,de GER,FW,Bayern Munich,de Bundesliga,18,1,0,1,0.0,0,0,0,0.0,0.0,0.0,0,0,,,,0.0,100.0,0,0,0,0,0,0,0,3,3,100.0,0,0.0,0.0,0.0,0.0,0.0,0.0,0.0,0.0,0.0,0.0,0.0,0.0,0.0
Stanis Idumbo,be BEL,"FW,MF",Sevilla,es La Liga,19,14,3,284,3.2,1,1,2,0.6,0.6,0.7,4,2,50.0,0.25,0.5,0.4,82.9,6,8,10,9,5,4,2,130,88,47.4,19,0.31690140845070425,0.31690140845070425,0.6338028169014085,0.1901408450704225,0.22183098591549294,1.267605633802817,0.6338028169014085,1.9014084507042253,5.704225352112676,2.852112676056338,1.267605633802817,6.02112676056338,0.6338028169014085
Jay Idzes,id IDN,DF,Venezia,it Serie A,24,35,35,3127,34.7,1,0,1,1.8,1.8,0.7,15,3,20.0,0.07,0.33,-0.8,86.0,8,84,15,45,29,32,156,2078,1051,14.3,113,0.028781579788935082,0.0,0.028781579788935082,0.05180684362008314,0.020147105852254557,0.4317236968340262,0.08634473936680524,0.23025263831148066,2.8493763991045733,1.2951710905020788,0.9210105532459226,3.2523185161496637,4.489926447073873
Iglesias,es ESP,DF,Getafe,es La Liga,26,37,32,2888,32.1,0,1,1,1.6,1.6,2.2,21,3,14.3,0.0,0.0,-1.6,57.1,20,84,32,81,47,50,133,1627,554,40.6,107,0.0,0.031163434903047092,0.031163434903047092,0.04986149584487535,0.0685595567867036,0.6544321329639889,0.09349030470914128,0.6232686980609418,3.6149584487534625,2.5242382271468142,1.5581717451523547,3.3344875346260388,4.144736842105263
Borja Iglesias,es ESP,FW,Celta Vigo,es La Liga,31,37,24,1952,21.7,11,3,14,9.3,9.3,3.2,46,28,60.9,0.24,0.39,1.7,70.8,18,28,22,10,9,7,10,685,396,34.4,46,0.507172131147541,0.13831967213114754,0.6454918032786885,0.42879098360655743,0.14754098360655737,2.1209016393442623,1.290983606557377,0.8299180327868853,2.305327868852459,0.4610655737704918,0.32274590163934425,2.1209016393442623,0.4610655737704918
Igor,br BRA,DF,Brighton,eng Premier League,26,13,10,961,10.7,0,0,0,0.0,0.0,0.2,1,0,0.0,0.0,,0.0,91.9,2,49,9,5,5,4,39,816,530,83.3,42,0.0,0.0,0.0,0.0,0.018730489073881373,0.09365244536940688,0.0,0.18730489073881376,5.431841831425599,0.46826222684703434,0.3746097814776275,3.9334027055150886,3.652445369406868
Kelechi Iheanacho,ng NGA,FW,Sevilla,es La Liga,27,9,5,400,4.4,0,0,0,1.5,1.5,0.3,9,2,22.2,0.0,0.0,-1.5,75.0,5,5,6,1,0,0,1,108,60,50.0,7,0.0,0.0,0.0,0.33749999999999997,0.0675,2.025,0.45,1.125,2.475,0.225,0.0,1.5750000000000002,0.225
Jonathan Ikone,fr FRA,FW,Como,it Serie A,26,13,5,540,6.0,2,0,2,1.8,1.8,0.2,16,5,31.3,0.13,0.4,0.2,81.0,2,17,23,15,9,0,1,257,168,27.6,18,0.33333333333333337,0.0,0.33333333333333337,0.30000000000000004,0.03333333333333334,2.666666666666667,0.8333333333333333,0.33333333333333337,6.666666666666666,2.5,0.0,3.0,0.16666666666666669
Jonathan Ikone,fr FRA,"FW,MF",Fiorentina,it Serie A,26,14,1,334,3.7,0,0,0,0.8,0.8,0.1,9,5,55.6,0.0,0.0,-0.8,84.3,2,13,12,5,2,1,1,148,101,41.2,19,0.0,0.0,0.0,0.2155688622754491,0.02694610778443114,2.4251497005988023,1.347305389221557,0.5389221556886228,6.736526946107784,1.347305389221557,0.2694610778443114,5.119760479041916,0.2694610778443114
George Ilenikhena,ng NGA,FW,Monaco,fr Ligue 1,17,23,6,717,8.0,3,2,5,5.1,5.1,1.4,21,9,42.9,0.14,0.33,-2.1,71.9,9,10,8,4,2,2,0,189,121,17.6,10,0.37656903765690375,0.2510460251046025,0.6276150627615062,0.6401673640167364,0.17573221757322174,2.6359832635983262,1.1297071129707112,1.1297071129707112,2.2594142259414225,0.502092050209205,0.2510460251046025,1.2552301255230125,0.0
Andrej Ilic,rs SRB,FW,Union Berlin,de Bundesliga,24,16,11,937,10.4,7,0,7,4.9,4.1,0.3,27,11,40.7,0.22,0.55,2.1,57.6,6,13,5,2,2,5,6,302,151,14.3,16,0.6723585912486659,0.0,0.6723585912486659,0.4706510138740662,0.028815368196371396,2.5933831376734258,1.056563500533618,0.576307363927428,1.7289220917822838,0.192102454642476,0.48025613660619,1.536819637139808,0.576307363927428
Ivan Ilić,rs SRB,MF,Torino,it Serie A,23,19,9,920,10.2,1,0,1,0.9,0.9,1.1,11,4,36.4,0.09,0.25,0.1,83.4,9,45,24,5,2,5,10,619,412,40.0,28,0.09782608695652174,0.0,0.09782608695652174,0.08804347826086957,0.10760869565217393,1.0760869565217392,0.391304347826087,0.8804347826086957,6.75,0.4891304347826087,0.4891304347826087,2.739130434782609,0.9782608695652174
Rareş Ilie,ro ROU,MF,Nice,fr Ligue 1,21,2,0,13,0.1,0,0,0,0.0,0.0,0.4,1,0,0.0,0.0,,0.0,80.0,4,3,2,1,1,0,0,13,6,75.0,2,0.0,0.0,0.0,0.0,2.769230769230769,6.923076923076923,0.0,27.692307692307693,34.61538461538462,6.923076923076923,0.0,13.846153846153847,0.0
Samuel Iling-Junior,eng ENG,"FW,MF",Bologna,it Serie A,20,7,0,118,1.3,1,0,1,0.1,0.1,0.1,4,1,25.0,0.25,1.0,0.9,71.3,1,7,5,3,2,2,2,110,64,42.9,8,0.7627118644067796,0.0,0.7627118644067796,0.07627118644067797,0.07627118644067797,3.0508474576271185,0.7627118644067796,0.7627118644067796,9.152542372881356,2.288135593220339,1.5254237288135593,6.101694915254237,1.5254237288135593
Danny Ings,eng ENG,"FW,MF",West Ham,eng Premier League,32,15,1,284,3.2,1,2,3,2.3,2.3,1.3,14,5,35.7,0.07,0.2,-1.3,68.5,6,5,6,4,2,1,4,139,63,57.1,9,0.31690140845070425,0.6338028169014085,0.9507042253521126,0.7288732394366196,0.4119718309859155,4.436619718309859,1.5845070422535212,1.9014084507042253,3.485915492957746,1.267605633802817,0.31690140845070425,2.852112676056338,1.267605633802817
Alessio Iovine,it ITA,"DF,FW",Como,it Serie A,33,10,3,387,4.3,0,0,0,0.0,0.0,0.2,1,0,0.0,0.0,,0.0,75.2,3,6,9,5,2,3,21,266,120,100.0,16,0.0,0.0,0.0,0.0,0.04651162790697675,0.23255813953488372,0.0,0.6976744186046512,3.488372093023256,1.1627906976744184,0.6976744186046512,3.7209302325581395,4.883720930232558
Tim Iroegbunam,eng ENG,MF,Everton,eng Premier League,21,18,5,574,6.4,0,1,1,0.2,0.2,0.2,5,0,0.0,0.0,,-0.2,72.8,3,15,8,29,14,16,12,269,127,40.0,51,0.0,0.156794425087108,0.156794425087108,0.0313588850174216,0.0313588850174216,0.7839721254355401,0.0,0.47038327526132406,3.6062717770034842,4.547038327526132,2.508710801393728,7.996515679442509,1.8815331010452963
Jackson Irvine,au AUS,MF,St. Pauli,de Bundesliga,31,29,29,2610,29.0,0,6,6,3.2,3.0,3.9,41,12,29.3,0.0,0.0,-3.2,70.6,32,117,19,56,28,36,63,1286,464,39.1,125,0.0,0.20689655172413793,0.20689655172413793,0.11034482758620691,0.13448275862068967,1.4137931034482758,0.41379310344827586,1.103448275862069,4.689655172413793,1.9310344827586206,1.2413793103448276,4.310344827586207,2.1724137931034484
Andy Irving,sct SCO,MF,West Ham,eng Premier League,24,10,1,166,1.8,0,0,0,0.1,0.1,0.2,4,2,50.0,0.0,0.0,-0.1,87.9,1,9,0,7,4,1,5,150,73,100.0,10,0.0,0.0,0.0,0.054216867469879526,0.10843373493975905,2.168674698795181,1.0843373493975905,0.5421686746987953,4.879518072289157,3.795180722891566,0.5421686746987953,5.421686746987952,2.710843373493976
Alexander Isak,se SWE,FW,Newcastle Utd,eng Premier League,24,34,34,2756,30.6,23,6,29,20.3,17.2,4.3,95,41,43.2,0.2,0.46,2.7,75.3,41,88,83,12,5,3,17,1025,615,46.2,55,0.751088534107402,0.19593613933236573,0.9470246734397678,0.6629172714078374,0.1404208998548621,3.102322206095791,1.3388969521044993,1.3388969521044993,5.584179970972423,0.39187227866473145,0.09796806966618286,1.7960812772133528,0.5551523947750363
Gustav Isaksen,dk DEN,FW,Lazio,it Serie A,23,37,29,2210,24.6,4,2,6,5.2,5.2,2.1,54,24,44.4,0.07,0.17,-1.2,76.6,35,46,95,16,9,10,21,1084,698,41.9,68,0.16289592760180996,0.08144796380090498,0.24434389140271492,0.21176470588235297,0.08552036199095023,2.1990950226244346,0.9773755656108597,1.425339366515837,5.7420814479638,0.6515837104072398,0.40723981900452494,2.769230769230769,0.8552036199095022
Isco,es ESP,MF,Betis,es La Liga,32,22,17,1547,17.2,9,8,17,8.6,3.9,4.4,38,9,23.7,0.11,0.44,0.4,81.6,61,152,38,20,13,11,7,1381,893,45.8,71,0.5235940530058177,0.4654169360051713,0.989010989010989,0.5003232062055591,0.25597931480284425,2.210730446024564,0.5235940530058177,3.548804137039431,11.053652230122818,1.1635423400129281,0.6399482870071105,4.130575307045895,0.40723981900452494
Ismaily,br BRA,DF,Lille,fr Ligue 1,34,16,10,904,10.0,0,1,1,0.7,0.7,1.0,10,4,40.0,0.0,0.0,-0.7,87.3,5,54,15,33,17,13,49,778,384,42.1,46,0.0,0.09955752212389381,0.09955752212389381,0.06969026548672566,0.09955752212389381,0.995575221238938,0.39823008849557523,0.497787610619469,6.869469026548672,3.2853982300884956,1.2942477876106195,4.579646017699115,4.878318584070796
Ardian Ismajli,al ALB,DF,Empoli,it Serie A,27,29,29,2508,27.9,0,0,0,0.3,0.3,0.0,5,0,0.0,0.0,,-0.3,86.8,2,38,3,30,23,56,249,1410,592,,83,0.0,0.0,0.0,0.010765550239234449,0.0,0.17942583732057416,0.0,0.07177033492822966,1.4712918660287082,1.076555023923445,2.0095693779904304,2.978468899521531,8.935406698564593
Yanis Issoufou,fr FRA,"MF,FW",Montpellier,fr Ligue 1,17,4,1,77,0.9,0,0,0,0.1,0.1,0.0,2,0,0.0,0.0,,-0.1,50.0,0,2,3,6,4,0,1,28,16,50.0,3,0.0,0.0,0.0,0.11688311688311688,0.0,2.337662337662338,0.0,0.0,5.844155844155844,7.012987012987013,0.0,3.5064935064935066,1.168831168831169
Ko Itakura,jp JPN,DF,Gladbach,de Bundesliga,27,31,31,2790,31.0,3,0,3,1.6,1.6,0.8,21,7,33.3,0.14,0.43,1.4,89.0,7,69,23,40,29,28,171,2170,1326,52.2,95,0.0967741935483871,0.0,0.0967741935483871,0.05161290322580645,0.025806451612903226,0.6774193548387097,0.22580645161290322,0.22580645161290322,2.967741935483871,1.2903225806451613,0.9032258064516129,3.0645161290322585,5.516129032258064
Hiroki Ito,jp JPN,DF,Bayern Munich,de Bundesliga,25,6,3,250,2.8,1,0,1,0.4,0.4,0.4,1,1,100.0,1.0,1.0,0.6,86.7,3,18,3,2,0,6,15,245,126,33.3,13,0.36,0.0,0.36,0.14400000000000002,0.14400000000000002,0.36,0.36,1.08,7.5600000000000005,0.72,2.16,4.68,5.3999999999999995
Junya Ito,jp JPN,"FW,MF",Reims,fr Ligue 1,31,33,31,2690,29.9,4,3,7,4.6,4.6,7.1,31,11,35.5,0.13,0.36,-0.6,66.8,82,133,100,45,30,13,15,1533,837,42.7,135,0.13382899628252787,0.10037174721189591,0.23420074349442377,0.15390334572490705,0.23754646840148697,1.037174721189591,0.3680297397769517,2.7434944237918213,7.79553903345725,1.5055762081784385,0.4349442379182156,4.516728624535316,0.5018587360594795
Diego Iturralde,es ESP,FW,Sevilla,es La Liga,21,1,1,37,0.4,0,0,0,0.1,0.1,0.0,1,0,0.0,0.0,,-0.1,71.4,0,0,0,0,0,1,1,16,9,0.0,1,0.0,0.0,0.0,0.24324324324324326,0.0,2.4324324324324325,0.0,0.0,0.0,0.0,2.4324324324324325,2.4324324324324325,2.4324324324324325
Marko Ivezić,rs SRB,DF,Holstein Kiel,de Bundesliga,22,23,18,1657,18.4,0,0,0,0.6,0.6,0.2,7,0,0.0,0.0,,-0.6,86.0,4,40,3,29,19,27,103,1176,596,57.1,71,0.0,0.0,0.0,0.032589016294508145,0.010863005431502716,0.38020519010259507,0.0,0.21726010863005432,2.3355461677730838,1.5751357875678937,1.4665057332528666,3.856366928183464,5.594447797223899
Alex Iwobi,ng NGA,"FW,MF",Fulham,eng Premier League,28,38,35,2981,33.1,9,6,15,4.7,4.7,7.0,68,29,42.6,0.13,0.31,4.3,75.1,59,213,144,44,25,14,29,1861,1312,49.5,140,0.2717208990271721,0.1811472660181147,0.4528681650452868,0.14189869171418987,0.21133847702113384,2.0530023482053004,0.8755451190875546,1.7812814491781281,10.778262328077826,1.3284132841328413,0.4226769540422677,4.226769540422676,0.8755451190875546
Armando Izzo,it ITA,DF,Monza,it Serie A,32,30,28,2435,27.1,1,1,2,0.4,0.4,0.8,6,2,33.3,0.17,0.5,0.6,87.9,11,72,12,40,15,45,101,1768,1009,66.7,90,0.03696098562628337,0.03696098562628337,0.07392197125256673,0.014784394250513349,0.029568788501026698,0.22176591375770022,0.07392197125256673,0.406570841889117,3.104722792607803,1.4784394250513349,1.6632443531827514,3.326488706365503,3.73305954825462
Fellipe Jack,br BRA,DF,Como,it Serie A,18,7,1,171,1.9,0,0,0,0.0,0.0,0.1,0,0,,,,0.0,78.6,1,8,2,9,4,4,5,127,62,0.0,4,0.0,0.0,0.0,0.0,0.052631578947368425,0.0,0.0,0.5263157894736842,5.263157894736842,4.7368421052631575,2.1052631578947367,2.1052631578947367,2.631578947368421
Nicolas Jackson,sn SEN,FW,Chelsea,eng Premier League,23,30,28,2220,24.7,10,5,15,12.3,12.3,4.3,76,34,44.7,0.13,0.29,-2.3,75.9,28,38,47,22,13,3,15,687,417,29.5,48,0.40540540540540543,0.20270270270270271,0.6081081081081081,0.4986486486486487,0.17432432432432432,3.0810810810810807,1.3783783783783783,1.135135135135135,3.4459459459459456,0.8918918918918919,0.12162162162162163,1.945945945945946,0.6081081081081081
Jérémy Jacquet,fr FRA,DF,Rennes,fr Ligue 1,19,11,11,927,10.3,0,1,1,0.8,0.8,0.8,8,3,37.5,0.0,0.0,-0.8,83.5,4,40,8,26,17,27,45,627,353,62.5,41,0.0,0.09708737864077668,0.09708737864077668,0.07766990291262137,0.07766990291262137,0.7766990291262135,0.29126213592233013,0.38834951456310673,4.660194174757282,2.5242718446601944,2.621359223300971,3.9805825242718447,4.368932038834951
Lee Jae-sung,kr KOR,MF,Mainz 05,de Bundesliga,31,33,31,2650,29.4,7,6,13,5.3,5.3,5.0,40,15,37.5,0.18,0.47,1.7,77.5,34,105,28,42,21,35,38,1385,699,36.7,119,0.2377358490566038,0.2037735849056604,0.44150943396226416,0.18,0.16981132075471697,1.3584905660377358,0.5094339622641509,1.1547169811320754,4.516981132075472,1.4264150943396225,1.1886792452830188,4.041509433962264,1.290566037735849
Ivan Jaime Pajuelo,es ESP,MF,Valencia,es La Liga,23,9,2,297,3.3,0,0,0,0.6,0.6,0.3,8,3,37.5,0.0,0.0,-0.6,75.5,4,15,8,8,5,2,0,149,100,31.3,19,0.0,0.0,0.0,0.18181818181818182,0.09090909090909091,2.4242424242424243,0.9090909090909092,1.2121212121212122,6.969696969696969,2.4242424242424243,0.6060606060606061,5.757575757575758,0.0
Kristijan Jakić,hr CRO,MF,Augsburg,de Bundesliga,27,31,27,2306,25.6,0,1,1,0.8,0.8,1.2,18,4,22.2,0.0,0.0,-0.8,82.9,16,106,24,46,23,28,50,1361,703,48.3,133,0.0,0.03902862098872507,0.03902862098872507,0.031222896790980052,0.04683434518647008,0.7025151777970512,0.15611448395490027,0.6244579358196011,5.0737207285342585,1.795316565481353,1.092801387684302,5.190806591500434,1.9514310494362532
Ismail Jakobs,sn SEN,DF,Monaco,fr Ligue 1,24,2,2,180,2.0,0,0,0,0.0,0.0,0.2,0,0,,,,0.0,81.0,4,6,9,5,5,2,6,121,67,,5,0.0,0.0,0.0,0.0,0.1,0.0,0.0,2.0,7.5,2.5,1.0,2.5,3.0
Jordan James,wls WAL,MF,Rennes,fr Ligue 1,20,23,14,1178,13.1,0,1,1,0.9,0.9,1.9,17,3,17.6,0.0,0.0,-0.9,84.1,24,67,21,30,19,14,17,704,336,42.9,54,0.0,0.07640067911714771,0.07640067911714771,0.06876061120543293,0.14516129032258066,1.298811544991511,0.22920203735144315,1.8336162988115452,6.723259762308998,2.2920203735144313,1.0696095076400678,4.125636672325976,1.298811544991511
Reece James,eng ENG,"DF,MF",Chelsea,eng Premier League,24,19,12,1063,11.8,1,1,2,0.4,0.4,0.7,11,3,27.3,0.09,0.33,0.6,84.0,11,64,7,10,9,13,23,952,486,41.2,66,0.08466603951081844,0.08466603951081844,0.16933207902163688,0.03386641580432737,0.059266227657572904,0.9313264346190029,0.25399811853245535,0.9313264346190029,6.011288805268109,0.8466603951081844,1.1006585136406397,5.587958607714016,1.947318908748824
Vitaly Janelt,de GER,MF,Brentford,eng Premier League,26,32,27,2254,25.0,1,3,4,0.8,0.8,2.2,14,4,28.6,0.07,0.25,0.2,82.5,14,80,17,38,22,27,53,1289,651,25.0,107,0.03992901508429459,0.11978704525288375,0.15971606033717836,0.031943212067435674,0.0878438331854481,0.5590062111801242,0.15971606033717836,0.5590062111801242,3.873114463176575,1.5173025732031942,1.078083407275954,4.27240461401952,2.1162377994676134
Adnan Januzaj,be BEL,"MF,FW",Las Palmas,es La Liga,29,18,5,598,6.6,2,1,3,0.8,0.8,1.1,16,5,31.3,0.13,0.4,1.2,69.1,17,41,24,10,6,2,3,459,262,36.8,30,0.3010033444816054,0.1505016722408027,0.45150501672240806,0.12040133779264216,0.16555183946488297,2.408026755852843,0.7525083612040133,2.5585284280936453,9.782608695652174,1.5050167224080266,0.3010033444816054,4.51505016722408,0.45150501672240806
Luca Jaquez,ch SUI,DF,Stuttgart,de Bundesliga,21,5,2,253,2.8,0,0,0,0.2,0.2,0.0,1,0,0.0,0.0,,-0.2,91.5,0,18,5,3,0,3,4,227,166,,11,0.0,0.0,0.0,0.07114624505928854,0.0,0.3557312252964427,0.0,0.0,8.181818181818182,1.067193675889328,1.067193675889328,3.9130434782608696,1.4229249011857708
Ali Jasim,iq IRQ,"FW,DF",Como,it Serie A,20,2,0,10,0.1,0,0,0,0.0,0.0,0.0,0,0,,,,0.0,77.8,0,1,1,1,0,0,0,11,7,,1,0.0,0.0,0.0,0.0,0.0,0.0,0.0,0.0,18.0,9.0,0.0,9.0,0.0
Mikel Jauregizar,es ESP,MF,Athletic Club,es La Liga,20,34,25,2244,24.9,2,1,3,1.1,1.1,1.4,21,8,38.1,0.1,0.25,0.9,80.6,23,118,14,84,48,29,36,1418,706,47.6,144,0.08021390374331551,0.040106951871657755,0.12032085561497326,0.044117647058823525,0.05614973262032085,0.8422459893048128,0.32085561497326204,0.9224598930481284,5.294117647058823,3.368983957219251,1.1631016042780749,5.7754010695187175,1.4438502673796794
Dominik Javorček,sk SVK,"DF,MF",Holstein Kiel,de Bundesliga,21,13,4,386,4.3,0,2,2,0.0,0.0,1.0,1,0,0.0,0.0,,0.0,70.6,4,4,7,3,0,5,26,221,91,80.0,7,0.0,0.46632124352331605,0.46632124352331605,0.0,0.23316062176165803,0.23316062176165803,0.0,0.9326424870466321,2.5647668393782386,0.6994818652849741,1.16580310880829,1.632124352331606,6.062176165803109
Gaby Jean,fr FRA,DF,Lecce,it Serie A,24,19,16,1388,15.4,0,0,0,0.1,0.1,0.1,1,1,100.0,0.0,0.0,-0.1,84.3,1,42,8,14,7,9,71,992,500,66.7,55,0.0,0.0,0.0,0.006484149855907781,0.006484149855907781,0.06484149855907781,0.06484149855907781,0.06484149855907781,3.2420749279538907,0.9077809798270894,0.5835734870317003,3.5662824207492796,4.6037463976945245
Daniel Jebbison,eng ENG,FW,Bournemouth,eng Premier League,20,16,0,119,1.3,1,0,1,1.0,1.0,0.2,5,2,40.0,0.2,0.5,0.0,78.6,3,3,4,5,3,1,1,78,44,57.1,10,0.7563025210084033,0.0,0.7563025210084033,0.7563025210084033,0.1512605042016807,3.781512605042017,1.5126050420168067,2.26890756302521,5.294117647058823,3.781512605042017,0.7563025210084033,7.563025210084034,0.7563025210084033
Finn Jeltsch,de GER,DF,Stuttgart,de Bundesliga,18,12,9,780,8.7,0,0,0,0.1,0.1,0.1,2,0,0.0,0.0,,-0.1,91.1,2,31,8,18,13,13,27,727,476,66.7,34,0.0,0.0,0.0,0.011538461538461539,0.011538461538461539,0.23076923076923078,0.0,0.23076923076923078,4.5,2.076923076923077,1.5,3.923076923076923,3.1153846153846154
Malcolm Jeng,se SWE,DF,Reims,fr Ligue 1,19,3,2,107,1.2,0,0,0,0.0,0.0,0.0,0,0,,,,0.0,85.4,0,3,0,0,0,3,10,57,25,,3,0.0,0.0,0.0,0.0,0.0,0.0,0.0,0.0,2.5233644859813085,0.0,2.5233644859813085,2.5233644859813085,8.411214953271028
Fredrik Jensen,fi FIN,MF,Augsburg,de Bundesliga,26,20,9,763,8.5,0,0,0,0.7,0.7,0.7,11,0,0.0,0.0,,-0.7,69.5,11,20,16,7,7,4,17,318,190,53.8,15,0.0,0.0,0.0,0.08256880733944953,0.08256880733944953,1.2975098296199215,0.0,1.2975098296199215,4.246395806028834,0.8256880733944955,0.47182175622542594,1.7693315858453473,2.0052424639580604
Mathias Jensen,dk DEN,MF,Brentford,eng Premier League,28,24,8,862,9.6,0,2,2,0.2,0.2,1.7,6,1,16.7,0.0,0.0,-0.2,74.7,16,61,6,14,10,8,13,573,300,52.9,48,0.0,0.2088167053364269,0.2088167053364269,0.02088167053364269,0.17749419953596288,0.6264501160092807,0.10440835266821345,1.6705336426914152,6.995359628770302,1.4617169373549883,0.8352668213457076,5.0116009280742455,1.357308584686775
Moritz Jenz,de GER,DF,Mainz 05,de Bundesliga,25,19,18,1600,17.8,0,0,0,1.6,1.6,0.3,10,4,40.0,0.0,0.0,-1.6,84.3,3,47,1,36,20,30,128,1098,510,40.0,73,0.0,0.0,0.0,0.09,0.016875,0.5625,0.225,0.16874999999999998,2.6999999999999997,2.025,1.6875,4.10625,7.2
Gabriel Jesus,br BRA,FW,Arsenal,eng Premier League,27,17,6,608,6.8,3,0,3,3.0,3.0,0.7,20,7,35.0,0.15,0.43,0.0,76.8,8,19,15,10,6,4,8,299,179,40.9,28,0.444078947368421,0.0,0.444078947368421,0.444078947368421,0.10361842105263157,2.9605263157894735,1.0361842105263157,1.1842105263157894,5.032894736842105,1.4802631578947367,0.5921052631578947,4.144736842105263,1.1842105263157894
Juan Jesus,br BRA,DF,Napoli,it Serie A,33,15,12,1074,11.9,0,1,1,0.3,0.3,0.0,3,0,0.0,0.0,,-0.3,89.6,1,50,3,25,14,9,42,952,589,,30,0.0,0.08379888268156424,0.08379888268156424,0.02513966480446927,0.0,0.25139664804469275,0.0,0.08379888268156424,4.441340782122905,2.094972067039106,0.7541899441340782,2.513966480446927,3.5195530726256985
Alejandro Jiménez,es ESP,"DF,FW",Milan,it Serie A,19,22,14,1266,14.1,0,1,1,0.8,0.8,1.3,15,5,33.3,0.0,0.0,-0.8,80.1,12,37,55,24,13,15,23,729,423,55.3,69,0.0,0.07109004739336493,0.07109004739336493,0.05687203791469195,0.09241706161137442,1.066350710900474,0.3554502369668246,0.8530805687203792,6.540284360189573,1.7061611374407584,1.066350710900474,4.9052132701421804,1.6350710900473933
Raúl Jiménez,mx MEX,FW,Fulham,eng Premier League,33,38,30,2494,27.7,12,3,15,12.0,9.6,3.3,93,30,32.3,0.1,0.3,0.0,71.2,24,62,35,35,24,10,23,999,549,42.0,80,0.4330392943063352,0.1082598235765838,0.541299117882919,0.4330392943063352,0.11908580593424217,3.356054530874098,1.082598235765838,0.8660785886126704,3.5004009623095427,1.2630312750601442,0.36086607858861264,2.886928628708901,0.8299919807538091
Kim Jisoo,kr KOR,DF,Brentford,eng Premier League,19,3,0,30,0.3,0,0,0,0.0,0.0,0.0,0,0,,,,0.0,89.3,0,2,0,0,0,0,2,30,15,,0,0.0,0.0,0.0,0.0,0.0,0.0,0.0,0.0,6.0,0.0,0.0,0.0,6.0
João Pedro,br BRA,"FW,MF",Brighton,eng Premier League,22,27,23,1948,21.6,10,6,16,8.9,5.0,5.0,42,15,35.7,0.12,0.33,1.1,72.9,30,78,66,16,12,9,12,940,616,33.7,59,0.46201232032854206,0.27720739219712526,0.7392197125256674,0.41119096509240244,0.23100616016427103,1.9404517453798769,0.6930184804928131,1.3860369609856262,6.652977412731006,0.7392197125256674,0.41581108829568786,2.7258726899383983,0.5544147843942505
John Joe,ie IRL,"MF,FW",Getafe,es La Liga,20,4,0,48,0.5,0,0,0,0.1,0.1,0.0,2,0,0.0,0.0,,-0.1,80.0,0,0,1,0,0,0,1,33,21,40.0,3,0.0,0.0,0.0,0.1875,0.0,3.75,0.0,0.0,1.875,0.0,0.0,5.625,1.875
John Joe,ie IRL,MF,Reims,fr Ligue 1,20,13,5,545,6.1,0,0,0,0.2,0.2,0.0,8,1,12.5,0.0,0.0,-0.2,74.0,1,14,6,24,15,6,9,310,150,33.3,31,0.0,0.0,0.0,0.03302752293577982,0.0,1.3211009174311927,0.1651376146788991,0.1651376146788991,3.302752293577982,3.963302752293578,0.9908256880733946,5.1192660550458715,1.4862385321100917
Joelinton,br BRA,"MF,FW",Newcastle Utd,eng Premier League,27,29,29,2393,26.6,4,3,7,3.9,3.9,2.5,45,13,28.9,0.09,0.31,0.1,82.7,23,116,40,57,35,23,47,1360,729,32.6,149,0.15043877977434184,0.11282908483075636,0.2632678646050982,0.14667781027998328,0.09402423735896365,1.6924362724613458,0.4889260342666109,0.8650229837024656,5.867112411199332,2.143752611784371,0.8650229837024656,5.6038445465942335,1.7676556623485165
Jofre,es ESP,"MF,FW",Espanyol,es La Liga,23,37,26,2165,24.1,3,3,6,2.5,2.5,2.5,40,10,25.0,0.08,0.3,0.5,67.0,24,48,65,22,16,15,29,839,535,34.8,105,0.12471131639722864,0.12471131639722864,0.24942263279445728,0.10392609699769052,0.10392609699769052,1.6628175519630484,0.4157043879907621,0.9976905311778291,4.697459584295612,0.9145496535796768,0.6235565819861432,4.364896073903003,1.2055427251732103
Þórir Jóhann Helgason,is ISL,MF,Lecce,it Serie A,23,21,13,1156,12.8,0,4,4,1.2,1.2,1.1,16,5,31.3,0.0,0.0,-1.2,64.6,22,38,20,10,7,6,11,491,230,57.1,46,0.0,0.31141868512110726,0.31141868512110726,0.09342560553633217,0.0856401384083045,1.245674740484429,0.3892733564013841,1.71280276816609,4.515570934256055,0.7785467128027682,0.4671280276816609,3.5813148788927336,0.856401384083045
Carl Johansson,se SWE,DF,Holstein Kiel,de Bundesliga,30,10,7,568,6.3,0,0,0,0.0,0.0,0.4,1,1,100.0,0.0,0.0,0.0,87.9,6,12,0,4,2,10,54,396,155,,18,0.0,0.0,0.0,0.0,0.06338028169014084,0.15845070422535212,0.15845070422535212,0.9507042253521126,1.9014084507042253,0.6338028169014085,1.5845070422535212,2.852112676056338,8.556338028169014
Ben Johnson,eng ENG,"DF,FW",Ipswich Town,eng Premier League,24,23,14,1354,15.0,1,2,3,1.1,1.1,1.3,7,3,42.9,0.14,0.33,-0.1,71.6,12,27,16,38,22,13,54,626,259,33.3,57,0.06646971935007386,0.1329394387001477,0.19940915805022158,0.07311669128508125,0.08641063515509602,0.465288035450517,0.19940915805022158,0.7976366322008863,2.8581979320531756,2.5258493353028064,0.8641063515509602,3.78877400295421,3.5893648449039883
Brennan Johnson,wls WAL,FW,Tottenham,eng Premier League,23,33,24,2177,24.2,11,3,14,10.4,10.4,2.3,54,20,37.0,0.2,0.55,0.6,70.4,19,71,60,39,26,4,14,853,544,43.2,63,0.45475424896646766,0.12402388608176389,0.5787781350482315,0.4299494717501149,0.09508497932935232,2.2324299494717503,0.8268259072117592,0.7854846118511714,5.415709692237023,1.6123105190629308,0.16536518144235185,2.6045016077170415,0.5787781350482315
Paul Joly,fr FRA,DF,Auxerre,fr Ligue 1,24,26,10,1009,11.2,0,1,1,0.6,0.6,1.3,10,5,50.0,0.0,0.0,-0.6,68.7,16,51,28,49,32,25,32,800,394,22.2,56,0.0,0.08919722497522299,0.08919722497522299,0.05351833498513379,0.1159563924677899,0.8919722497522299,0.44598612487611494,1.4271555996035679,7.046580773042617,4.370664023785927,2.2299306243805748,4.995044598612488,2.8543111992071357
Curtis Jones,eng ENG,"MF,DF",Liverpool,eng Premier League,23,33,19,1712,19.0,3,3,6,4.3,4.3,1.1,34,13,38.2,0.09,0.23,-1.3,93.1,22,117,30,39,22,7,10,1288,789,54.5,97,0.15771028037383178,0.15771028037383178,0.31542056074766356,0.22605140186915887,0.05782710280373832,1.7873831775700932,0.6834112149532711,1.1565420560747663,7.727803738317757,2.050233644859813,0.36799065420560745,5.099299065420561,0.5257009345794392
Frenkie de Jong,nl NED,MF,Barcelona,es La Liga,27,26,9,1143,12.7,2,2,4,0.7,0.7,2.0,5,3,60.0,0.4,0.67,1.3,94.4,21,120,36,19,11,12,7,1226,815,62.5,57,0.15748031496062992,0.15748031496062992,0.31496062992125984,0.055118110236220465,0.15748031496062992,0.3937007874015748,0.23622047244094488,1.6535433070866141,12.283464566929133,1.496062992125984,0.9448818897637795,4.488188976377953,0.5511811023622047
Joan Jordán,es ESP,MF,Alavés,es La Liga,30,25,15,1414,15.7,5,2,7,4.8,1.6,2.3,13,4,30.8,0.15,0.5,0.2,74.9,31,104,7,32,18,9,21,1038,481,85.7,61,0.31824611032531824,0.1272984441301273,0.44554455445544555,0.3055162659123055,0.1463932107496464,0.8274398868458275,0.2545968882602546,1.9731258840169732,7.065063649222066,2.036775106082037,0.5728429985855729,3.8826025459688824,1.3366336633663365
Jorginho,it ITA,MF,Arsenal,eng Premier League,32,15,9,704,7.8,0,0,0,0.1,0.1,0.4,2,0,0.0,0.0,,-0.1,86.7,3,48,12,12,4,7,2,522,302,25.0,55,0.0,0.0,0.0,0.012784090909090912,0.051136363636363646,0.2556818181818182,0.0,0.38352272727272724,7.670454545454545,1.534090909090909,0.8948863636363636,7.03125,0.2556818181818182
Jota,pt POR,"FW,MF",Rennes,fr Ligue 1,25,9,3,334,3.7,1,0,1,1.3,1.3,0.3,4,2,50.0,0.25,0.5,-0.3,72.0,5,16,13,5,2,3,2,172,114,30.8,11,0.2694610778443114,0.0,0.2694610778443114,0.3502994011976048,0.08083832335329341,1.0778443113772456,0.5389221556886228,1.347305389221557,7.81437125748503,1.347305389221557,0.8083832335329341,2.9640718562874255,0.5389221556886228
Diogo Jota,pt POR,FW,Liverpool,eng Premier League,27,26,14,1196,13.3,6,3,9,7.9,7.9,1.8,51,13,25.5,0.12,0.46,-1.9,69.7,11,34,37,14,8,8,6,485,263,33.3,41,0.45150501672240806,0.22575250836120403,0.677257525083612,0.5944816053511707,0.1354515050167224,3.8377926421404682,0.9782608695652174,0.8277591973244148,5.342809364548495,1.0535117056856187,0.6020066889632107,3.0852842809364547,0.45150501672240806
Antoine Joujou,fr FRA,"MF,FW",Le Havre,fr Ligue 1,21,26,9,943,10.5,0,2,2,0.6,0.6,3.0,11,2,18.2,0.0,0.0,-0.6,64.8,15,18,44,16,11,9,19,417,249,49.2,59,0.0,0.19088016967126195,0.19088016967126195,0.05726405090137858,0.2863202545068929,1.0498409331919407,0.19088016967126195,1.4316012725344642,5.91728525980912,1.5270413573700956,0.8589607635206787,5.630965005302227,1.8133616118769884
Luka Jović,rs SRB,"FW,MF",Milan,it Serie A,26,15,6,557,6.2,2,0,2,2.4,2.4,1.4,11,4,36.4,0.18,0.5,-0.4,81.6,12,26,8,0,0,1,3,171,99,57.1,9,0.32315978456014366,0.0,0.32315978456014366,0.3877917414721723,0.22621184919210055,1.7773788150807899,0.6463195691202873,1.9389587073608618,5.493716337522441,0.0,0.16157989228007183,1.4542190305206462,0.48473967684021546
Juanmi,es ESP,"FW,MF",Getafe,es La Liga,31,13,8,696,7.7,0,0,0,2.9,2.9,0.3,13,6,46.2,0.0,0.0,-2.9,76.6,4,8,6,14,11,2,3,220,125,40.0,23,0.0,0.0,0.0,0.375,0.03879310344827586,1.6810344827586208,0.7758620689655172,0.5172413793103449,1.8103448275862069,1.8103448275862069,0.25862068965517243,2.974137931034483,0.3879310344827586
Juanmi,es ESP,"FW,MF",Betis,es La Liga,31,11,2,244,2.7,0,0,0,0.7,0.7,0.4,6,1,16.7,0.0,0.0,-0.7,82.9,4,4,4,7,4,1,4,109,62,50.0,14,0.0,0.0,0.0,0.2581967213114754,0.14754098360655737,2.2131147540983607,0.36885245901639346,1.4754098360655739,2.9508196721311477,2.581967213114754,0.36885245901639346,5.163934426229508,1.4754098360655739
Juanpe,es ESP,DF,Girona,es La Liga,33,12,8,727,8.1,0,0,0,0.1,0.1,0.2,2,0,0.0,0.0,,-0.1,87.3,3,26,2,8,5,8,56,676,377,,22,0.0,0.0,0.0,0.012379642365887207,0.024759284731774415,0.24759284731774417,0.0,0.37138927097661617,3.4662998624484183,0.9903713892709767,0.9903713892709767,2.723521320495186,6.9325997248968365
Jubal,br BRA,DF,Auxerre,fr Ligue 1,30,30,30,2640,29.3,6,0,6,5.2,2.0,0.9,26,7,26.9,0.12,0.43,0.8,86.8,6,33,1,60,39,25,201,1458,698,75.0,90,0.20454545454545453,0.0,0.20454545454545453,0.17727272727272728,0.030681818181818185,0.8863636363636362,0.23863636363636365,0.20454545454545453,1.1590909090909092,2.0454545454545454,0.8522727272727273,3.068181818181818,6.8522727272727275
Anthony Jung,de GER,DF,Werder Bremen,de Bundesliga,32,28,20,1898,21.1,0,0,0,0.0,0.0,0.1,1,0,0.0,0.0,,0.0,89.6,2,121,20,34,22,25,77,1695,1044,77.8,81,0.0,0.0,0.0,0.0,0.004741833508956797,0.04741833508956796,0.0,0.09483667017913593,6.685985247629083,1.612223393045311,1.1854583772391991,3.840885142255005,3.651211801896733
Hamed Junior Traorè,ci CIV,MF,Auxerre,fr Ligue 1,24,26,26,2093,23.3,10,2,12,7.9,7.9,2.7,68,27,39.7,0.15,0.37,2.1,74.1,27,99,66,41,20,8,11,971,615,34.7,100,0.4300047778308648,0.08600095556617296,0.5160057333970378,0.3397037744863832,0.11610129001433349,2.924032489249881,1.161012900143335,1.161012900143335,7.095078834209269,1.7630195891065457,0.34400382226469184,4.300047778308648,0.47300525561395124
Vinicius Júnior,br BRA,FW,Real Madrid,es La Liga,24,30,24,2253,25.0,11,8,19,10.4,8.2,8.0,78,24,30.8,0.12,0.38,0.6,74.7,58,85,169,21,10,3,1,1264,952,42.9,71,0.4394141145139814,0.3195739014647137,0.7589880159786951,0.41544607190412786,0.3195739014647137,3.1158455392809583,0.9587217043941412,2.316910785619174,10.14647137150466,0.8388814913448736,0.11984021304926765,2.8362183754993344,0.03994673768308921
Josip Juranović,hr CRO,"DF,MF",Union Berlin,de Bundesliga,28,17,13,1159,12.9,0,1,1,0.3,0.3,1.8,6,2,33.3,0.0,0.0,-0.3,64.5,27,52,19,21,13,7,42,709,307,45.8,62,0.0,0.07765314926660916,0.07765314926660916,0.02329594477998274,0.13977566867989646,0.4659188955996548,0.1553062985332183,2.096635030198447,5.513373597929249,1.630716134598792,0.543572044866264,4.814495254529767,3.261432269197584
David Jurásek,cz CZE,DF,Hoffenheim,de Bundesliga,23,14,6,619,6.9,0,1,1,0.1,0.1,0.9,5,2,40.0,0.0,0.0,-0.1,69.9,7,22,17,6,3,6,17,499,238,25.0,40,0.0,0.14539579967689822,0.14539579967689822,0.014539579967689823,0.1308562197092084,0.7269789983844911,0.29079159935379645,1.0177705977382876,5.670436187399031,0.8723747980613893,0.8723747980613893,5.815831987075929,2.47172859450727
Stanko Jurić,hr CRO,MF,Valladolid,es La Liga,27,26,19,1729,19.2,0,0,0,0.8,0.8,0.5,8,2,25.0,0.0,0.0,-0.8,84.2,4,57,5,48,24,24,52,981,388,60.0,92,0.0,0.0,0.0,0.04164256795835743,0.026026604973973393,0.4164256795835743,0.10410641989589357,0.20821283979178715,3.2272990167727014,2.498554077501446,1.249277038750723,4.7888953152111045,2.706766917293233
James Justin,eng ENG,DF,Leicester City,eng Premier League,26,36,34,2912,32.4,2,2,4,1.5,1.5,0.8,25,6,24.0,0.08,0.33,0.5,78.2,14,91,39,58,37,46,141,1948,866,30.0,88,0.061813186813186816,0.061813186813186816,0.12362637362637363,0.04635989010989011,0.024725274725274724,0.7726648351648352,0.18543956043956045,0.4326923076923077,4.017857142857143,1.7925824175824174,1.4217032967032965,2.71978021978022,4.357829670329671
Mohamed Kaba,fr FRA,MF,Lecce,it Serie A,22,15,2,452,5.0,0,0,0,0.3,0.3,0.0,4,0,0.0,0.0,,-0.3,80.8,1,18,3,13,8,4,10,240,136,33.3,19,0.0,0.0,0.0,0.05973451327433628,0.0,0.7964601769911505,0.0,0.19911504424778761,4.18141592920354,2.588495575221239,0.7964601769911505,3.783185840707965,1.991150442477876
Yusuf Kabadayı,de GER,"FW,MF",Augsburg,de Bundesliga,20,5,0,71,0.8,1,0,1,0.6,0.6,0.0,4,1,25.0,0.25,1.0,0.4,64.0,1,3,2,1,0,0,0,42,29,33.3,6,1.267605633802817,0.0,1.267605633802817,0.76056338028169,0.0,5.070422535211268,1.267605633802817,1.267605633802817,6.338028169014085,1.267605633802817,0.0,7.605633802816901,0.0
Almugera Kabar,de GER,DF,Dortmund,de Bundesliga,18,5,1,137,1.5,0,0,0,0.0,0.0,0.5,0,0,,,,0.0,90.8,3,6,5,5,3,1,4,114,71,50.0,4,0.0,0.0,0.0,0.0,0.3284671532846715,0.0,0.0,1.9708029197080292,7.226277372262774,3.284671532846715,0.656934306569343,2.627737226277372,2.627737226277372
Christian Kabasele,be BEL,DF,Udinese,it Serie A,33,16,12,1161,12.9,2,0,2,1.5,1.5,0.4,15,4,26.7,0.13,0.5,0.5,85.3,6,44,9,17,9,14,75,715,393,100.0,33,0.15503875968992248,0.0,0.15503875968992248,0.11627906976744186,0.0310077519379845,1.1627906976744184,0.31007751937984496,0.46511627906976744,4.108527131782946,1.3178294573643412,1.0852713178294573,2.558139534883721,5.813953488372093
Issa Kaboré,bf BFA,"DF,FW",Werder Bremen,de Bundesliga,23,9,3,308,3.4,0,0,0,0.7,0.7,0.8,7,0,0.0,0.0,,-0.7,78.9,7,8,15,8,4,2,7,253,128,33.3,20,0.0,0.0,0.0,0.20454545454545453,0.23376623376623376,2.0454545454545454,0.0,2.0454545454545454,6.720779220779221,2.337662337662338,0.5844155844155845,5.844155844155844,2.0454545454545454
Yaya Kader Fofana,ml MLI,"MF,FW",Reims,fr Ligue 1,20,12,8,634,7.0,1,1,2,0.6,0.6,1.7,13,4,30.8,0.08,0.25,0.4,76.3,7,22,19,17,11,3,2,317,209,63.6,33,0.14195583596214512,0.14195583596214512,0.28391167192429023,0.08517350157728706,0.24132492113564669,1.8454258675078865,0.5678233438485805,0.9936908517350158,5.82018927444795,2.413249211356467,0.42586750788643535,4.684542586750789,0.28391167192429023
Pavel Kadeřábek,cz CZE,DF,Hoffenheim,de Bundesliga,32,24,18,1576,17.5,2,0,2,0.8,0.8,2.0,14,3,21.4,0.14,0.67,1.2,70.1,21,47,15,25,14,20,54,1016,456,62.5,25,0.11421319796954314,0.0,0.11421319796954314,0.045685279187817264,0.11421319796954314,0.799492385786802,0.17131979695431473,1.1992385786802031,3.5406091370558377,1.4276649746192893,1.1421319796954315,1.4276649746192893,3.083756345177665
Tino Kadewere,zw ZIM,"MF,FW",Nantes,fr Ligue 1,28,12,6,512,5.7,1,2,3,1.7,1.7,1.0,8,6,75.0,0.13,0.17,-0.7,75.1,8,19,5,14,8,6,8,242,133,26.7,34,0.17578125,0.3515625,0.52734375,0.298828125,0.17578125,1.40625,1.0546875,1.40625,4.21875,2.4609375,1.0546875,5.9765625,1.40625
Ferdi Kadioglu,tr TUR,"DF,MF",Brighton,eng Premier League,24,6,5,385,4.3,1,0,1,0.4,0.4,0.2,4,1,25.0,0.25,1.0,0.6,82.3,5,15,1,10,6,8,17,231,124,42.9,14,0.23376623376623376,0.0,0.23376623376623376,0.09350649350649351,0.046753246753246755,0.935064935064935,0.23376623376623376,1.168831168831169,3.74025974025974,2.337662337662338,1.87012987012987,3.2727272727272725,3.9740259740259742
Arnaud Kalimuendo,fr FRA,"FW,MF",Rennes,fr Ligue 1,22,33,31,2578,28.6,17,3,20,14.9,8.9,2.0,68,29,42.6,0.18,0.41,2.1,78.8,19,72,50,19,12,4,16,885,521,33.9,63,0.5934833204034136,0.1047323506594259,0.6982156710628394,0.5201706749418153,0.06982156710628394,2.3739332816136542,1.012412723041117,0.6633048875096974,4.259115593483321,0.6633048875096974,0.13964313421256788,2.199379363847944,0.5585725368502715
Pierre Kalulu,fr FRA,DF,Juventus,it Serie A,24,29,25,2337,26.0,1,0,1,0.7,0.7,0.5,7,3,42.9,0.14,0.33,0.3,93.1,11,117,48,41,25,17,68,2275,1559,36.4,95,0.038510911424903725,0.0,0.038510911424903725,0.026957637997432605,0.019255455712451863,0.26957637997432604,0.11553273427471115,0.42362002567394097,6.354300385109114,1.5789473684210527,0.6546854942233633,3.6585365853658534,2.6187419768934532
Justin-Noël Kalumba,fr FRA,"FW,MF",Angers,fr Ligue 1,19,2,0,31,0.3,0,0,0,0.0,0.0,0.0,1,0,0.0,0.0,,0.0,81.8,0,0,1,0,0,1,1,18,13,50.0,2,0.0,0.0,0.0,0.0,0.0,2.903225806451613,0.0,0.0,2.903225806451613,0.0,2.903225806451613,5.806451612903226,2.903225806451613
Daichi Kamada,jp JPN,MF,Crystal Palace,eng Premier League,27,34,15,1564,17.4,0,0,0,1.1,1.1,1.9,20,4,20.0,0.0,0.0,-1.1,80.2,20,89,25,47,29,18,14,937,485,36.8,89,0.0,0.0,0.0,0.0632992327365729,0.10933503836317135,1.1508951406649617,0.23017902813299235,1.1508951406649617,6.560102301790282,2.70460358056266,1.0358056265984654,5.121483375959079,0.8056265984654731
Waren Kamanzi,no NOR,"DF,MF",Toulouse,fr Ligue 1,23,24,11,1022,11.4,1,1,2,1.3,1.3,1.0,7,2,28.6,0.14,0.5,-0.3,83.0,12,33,29,29,13,9,25,613,332,55.2,56,0.08806262230919765,0.08806262230919765,0.1761252446183953,0.11448140900195695,0.08806262230919765,0.6164383561643836,0.1761252446183953,1.0567514677103718,5.459882583170254,2.5538160469667317,0.7925636007827788,4.931506849315069,2.2015655577299413
Boubacar Kamara,fr FRA,MF,Aston Villa,eng Premier League,24,26,20,1726,19.2,1,0,1,0.8,0.8,0.9,10,3,30.0,0.1,0.33,0.2,88.6,11,85,19,50,21,19,51,1113,591,33.3,87,0.05214368482039397,0.0,0.05214368482039397,0.04171494785631518,0.04692931633835457,0.5214368482039398,0.1564310544611819,0.5735805330243336,5.422943221320973,2.607184241019699,0.9907300115874855,4.536500579374276,2.659327925840093
Glen Kamara,fi FIN,MF,Rennes,fr Ligue 1,28,13,8,662,7.4,0,1,1,0.2,0.2,0.2,1,0,0.0,0.0,,-0.2,90.3,5,34,5,23,11,7,7,476,268,50.0,42,0.0,0.13595166163141995,0.13595166163141995,0.027190332326283987,0.027190332326283987,0.13595166163141995,0.0,0.6797583081570997,5.302114803625378,3.1268882175226587,0.9516616314199396,5.709969788519637,0.9516616314199396
Hassane Kamara,ci CIV,DF,Udinese,it Serie A,30,30,25,2001,22.2,1,4,5,0.9,0.9,2.7,17,3,17.6,0.06,0.33,0.1,75.7,24,61,52,35,25,26,49,1241,618,39.1,92,0.04497751124437781,0.17991004497751123,0.22488755622188908,0.04047976011994003,0.1214392803598201,0.7646176911544228,0.13493253373313344,1.0794602698650675,5.082458770614693,1.5742128935532234,1.169415292353823,4.137931034482759,2.2038980509745127
Noham Kamara,fr FRA,DF,Paris S-G,fr Ligue 1,17,2,0,76,0.8,0,0,0,0.0,0.0,0.0,0,0,,,,0.0,93.7,0,5,2,1,1,1,1,84,56,,4,0.0,0.0,0.0,0.0,0.0,0.0,0.0,0.0,8.289473684210526,1.1842105263157894,1.1842105263157894,4.7368421052631575,1.1842105263157894
Willy Kambwala,fr FRA,DF,Villarreal,es La Liga,19,19,12,1117,12.4,0,0,0,0.3,0.3,0.1,4,1,25.0,0.0,0.0,-0.3,87.7,1,16,2,17,12,10,56,706,367,100.0,30,0.0,0.0,0.0,0.02417188898836168,0.008057296329453895,0.3222918531781558,0.08057296329453895,0.08057296329453895,1.4503133393017011,1.369740376007162,0.8057296329453894,2.417188898836168,4.5120859444941805
Jakub Kamiński,pl POL,"DF,MF",Wolfsburg,de Bundesliga,22,22,12,1130,12.6,0,2,2,0.9,0.9,3.3,15,3,20.0,0.0,0.0,-0.9,70.4,24,40,41,17,8,13,23,603,301,36.4,52,0.0,0.1592920353982301,0.1592920353982301,0.07168141592920355,0.2628318584070796,1.1946902654867257,0.23893805309734512,1.911504424778761,6.451327433628319,1.3539823008849556,1.0353982300884956,4.1415929203539825,1.831858407079646
Kevin Kampl,si SVN,MF,RB Leipzig,de Bundesliga,33,26,18,1593,17.7,1,0,1,0.8,0.8,1.4,7,2,28.6,0.14,0.5,0.2,89.0,16,106,21,27,18,24,25,1316,793,68.4,100,0.056497175141242945,0.0,0.056497175141242945,0.04519774011299435,0.0790960451977401,0.39548022598870053,0.11299435028248589,0.9039548022598871,7.175141242937853,1.5254237288135593,1.3559322033898304,5.649717514124294,1.4124293785310735
Nordine Kandil,fr FRA,MF,Strasbourg,fr Ligue 1,22,1,0,10,0.1,0,0,0,0.0,0.0,0.0,0,0,,,,0.0,50.0,0,0,1,0,0,0,1,8,5,100.0,0,0.0,0.0,0.0,0.0,0.0,0.0,0.0,0.0,9.0,0.0,0.0,0.0,9.0
Harry Kane,eng ENG,FW,Bayern Munich,de Bundesliga,31,31,28,2381,26.5,26,9,35,20.3,13.3,5.3,105,45,42.9,0.16,0.38,5.7,78.9,35,97,29,13,11,2,16,917,513,43.4,61,0.9827803443931122,0.34019319613607724,1.3229735405291896,0.7673246535069298,0.2003359932801344,3.9689206215875683,1.7009659806803865,1.3229735405291896,4.762704745905082,0.4913901721965561,0.0755984880302394,2.305753884922302,0.6047879042419152
Lee Kang-in,kr KOR,"FW,MF",Paris S-G,fr Ligue 1,23,30,19,1663,18.5,6,6,12,3.5,3.5,5.6,41,14,34.1,0.15,0.43,2.5,87.5,56,143,50,25,17,3,3,1432,938,56.9,73,0.3247143716175587,0.3247143716175587,0.6494287432351173,0.18941671677690922,0.3030667468430547,2.2188815393866506,0.7576668671076369,3.0306674684305475,10.444978953698136,1.3529765484064944,0.16235718580877934,3.9506915213469633,0.16235718580877934
Yann Karamoh,fr FRA,"MF,FW",Torino,it Serie A,26,29,10,1046,11.6,0,1,1,1.2,1.2,0.9,25,6,24.0,0.0,0.0,-1.2,67.0,9,28,37,5,2,3,5,412,292,31.6,42,0.0,0.08604206500956023,0.08604206500956023,0.10325047801147227,0.07743785850860421,2.1510516252390057,0.5162523900573613,0.7743785850860421,5.592734225621415,0.43021032504780116,0.25812619502868067,3.6137667304015295,0.43021032504780116
Jesper Karlsson,se SWE,FW,Bologna,it Serie A,26,7,3,298,3.3,1,0,1,0.7,0.7,0.1,6,2,33.3,0.17,0.5,0.3,75.0,2,6,6,1,0,0,3,128,97,33.3,8,0.30201342281879195,0.0,0.30201342281879195,0.21140939597315433,0.0302013422818792,1.8120805369127515,0.6040268456375839,0.6040268456375839,3.624161073825503,0.30201342281879195,0.0,2.4161073825503356,0.9060402684563758
Jesper Karlsson,se SWE,FW,Lecce,it Serie A,26,13,6,495,5.5,1,0,1,1.5,0.7,0.6,9,4,44.4,0.0,0.0,-0.5,69.0,10,12,11,3,2,0,4,202,111,66.7,12,0.18181818181818182,0.0,0.18181818181818182,0.2727272727272727,0.10909090909090909,1.6363636363636362,0.7272727272727273,1.8181818181818183,4.181818181818182,0.5454545454545454,0.0,2.1818181818181817,0.7272727272727273
Jesper Karlström,se SWE,MF,Udinese,it Serie A,29,37,36,3186,35.4,0,3,3,0.7,0.7,1.1,13,2,15.4,0.0,0.0,-0.7,83.2,21,135,23,61,34,35,82,1882,1002,40.0,146,0.0,0.0847457627118644,0.0847457627118644,0.019774011299435026,0.031073446327683617,0.3672316384180791,0.056497175141242945,0.5932203389830508,4.463276836158192,1.7231638418079094,0.9887005649717514,4.124293785310734,2.3163841807909606
Lior Kasa,il ISR,"MF,FW",Genoa,it Serie A,18,8,2,230,2.6,0,0,0,1.1,1.1,0.1,5,2,40.0,0.0,0.0,-1.1,86.1,2,7,1,4,4,3,5,111,58,20.0,14,0.0,0.0,0.0,0.4304347826086957,0.0391304347826087,1.9565217391304348,0.782608695652174,0.782608695652174,3.130434782608696,1.565217391304348,1.1739130434782608,5.478260869565218,1.9565217391304348
Grigoris Kastanos,cy CYP,"MF,FW",Hellas Verona,it Serie A,26,27,8,872,9.7,1,1,2,1.0,1.0,1.7,22,5,22.7,0.05,0.2,0.0,69.3,12,34,12,23,16,7,8,438,239,0.0,48,0.10321100917431193,0.10321100917431193,0.20642201834862386,0.10321100917431193,0.17545871559633028,2.2706422018348627,0.5160550458715597,1.2385321100917432,4.747706422018349,2.3738532110091746,0.7224770642201835,4.954128440366973,0.8256880733944955
Mikkel Kaufmann,dk DEN,FW,Heidenheim,de Bundesliga,23,9,3,372,4.1,0,0,0,0.5,0.5,0.1,3,3,100.0,0.0,0.0,-0.5,49.5,3,10,4,6,4,2,7,139,77,28.6,13,0.0,0.0,0.0,0.12096774193548387,0.024193548387096774,0.7258064516129032,0.7258064516129032,0.7258064516129032,3.3870967741935485,1.4516129032258065,0.4838709677419355,3.1451612903225805,1.6935483870967742
Joachim Kayi Sanda,fr FRA,DF,Southampton,eng Premier League,17,2,0,14,0.2,0,0,0,0.0,0.0,0.0,0,0,,,,0.0,100.0,0,1,0,0,0,2,0,19,14,,0,0.0,0.0,0.0,0.0,0.0,0.0,0.0,0.0,6.428571428571428,0.0,12.857142857142856,0.0,0.0
Michael Kayode,it ITA,DF,Brentford,eng Premier League,20,12,6,528,5.9,0,1,1,0.2,0.2,1.2,2,0,0.0,0.0,,-0.2,76.3,8,12,12,17,11,7,19,313,144,50.0,34,0.0,0.17045454545454547,0.17045454545454547,0.03409090909090909,0.20454545454545453,0.34090909090909094,0.0,1.3636363636363638,4.090909090909091,2.8977272727272725,1.1931818181818181,5.795454545454545,3.2386363636363638
Michael Kayode,it ITA,"DF,FW",Fiorentina,it Serie A,20,5,1,127,1.4,0,0,0,0.1,0.1,0.2,1,0,0.0,0.0,,-0.1,63.2,1,8,3,1,1,2,7,88,42,50.0,6,0.0,0.0,0.0,0.07086614173228348,0.14173228346456695,0.7086614173228346,0.0,0.7086614173228346,7.795275590551181,0.7086614173228346,1.4173228346456692,4.251968503937007,4.960629921259843
Moise Kean,it ITA,FW,Fiorentina,it Serie A,24,31,30,2615,29.1,17,3,20,19.4,17.9,1.9,98,45,45.9,0.16,0.36,-0.4,69.9,19,26,42,7,5,5,26,700,454,43.6,52,0.5850860420650096,0.10325047801147227,0.6883365200764818,0.6676864244741874,0.06539196940726577,3.372848948374761,1.5487571701720841,0.6539196940726577,2.3403441682600383,0.2409177820267686,0.17208413001912046,1.7896749521988526,0.8948374760994263
Michael Keane,eng ENG,DF,Everton,eng Premier League,31,14,11,1049,11.7,3,0,3,0.6,0.6,0.1,10,4,40.0,0.3,0.75,2.4,82.8,2,14,1,12,9,16,65,513,229,0.0,26,0.25738798856053385,0.0,0.25738798856053385,0.05147759771210676,0.008579599618684462,0.8579599618684461,0.34318398474737843,0.17159199237368922,1.2869399428026693,1.0295519542421354,1.3727359389895137,2.23069590085796,5.5767397521449
Yassine Kechta,ma MAR,"MF,FW",Le Havre,fr Ligue 1,22,31,25,2096,23.3,2,0,2,2.5,2.5,1.2,29,9,31.0,0.07,0.22,-0.5,79.2,15,97,44,60,36,26,32,1014,533,37.1,113,0.08587786259541984,0.0,0.08587786259541984,0.10734732824427481,0.05152671755725191,1.245229007633588,0.38645038167938933,0.6440839694656488,6.054389312977099,2.5763358778625953,1.116412213740458,4.852099236641221,1.3740458015267174
Thilo Kehrer,de GER,DF,Monaco,fr Ligue 1,27,27,27,2383,26.5,4,0,4,1.5,1.5,0.3,12,8,66.7,0.33,0.5,2.5,89.9,5,139,16,37,23,36,113,2060,1193,33.3,132,0.15107007973143097,0.0,0.15107007973143097,0.05665127989928661,0.011330255979857321,0.4532102391942929,0.30214015946286193,0.1888375996642887,5.85396558959295,1.3973982375157363,1.3596307175828788,4.985312631137222,4.267729752412925
Abdoulaye Keita,es ESP,"FW,MF",Getafe,es La Liga,21,3,1,95,1.1,0,0,0,0.0,0.0,0.0,2,0,0.0,0.0,,0.0,55.6,0,2,1,2,2,0,3,41,22,33.3,6,0.0,0.0,0.0,0.0,0.0,1.894736842105263,0.0,0.0,2.8421052631578947,1.894736842105263,0.0,5.684210526315789,2.8421052631578947
Mandela Keita,be BEL,MF,Parma,it Serie A,22,30,24,1826,20.3,0,2,2,0.1,0.1,1.0,5,4,80.0,0.0,0.0,-0.1,90.5,15,50,13,44,25,21,29,907,558,54.8,94,0.0,0.09857612267250822,0.09857612267250822,0.004928806133625411,0.04928806133625411,0.24644030668127054,0.19715224534501644,0.7393209200438117,3.105147864184009,2.168674698795181,1.0350492880613362,4.633077765607886,1.4293537787513693
Yannik Keitel,de GER,MF,Stuttgart,de Bundesliga,24,11,2,270,3.0,0,0,0,0.5,0.5,0.0,5,2,40.0,0.0,0.0,-0.5,82.1,1,11,2,9,6,4,6,225,105,100.0,7,0.0,0.0,0.0,0.16666666666666669,0.0,1.6666666666666665,0.6666666666666667,0.33333333333333337,4.333333333333333,3.0,1.3333333333333335,2.3333333333333335,2.0
Andu Kelati,de GER,"MF,DF",Holstein Kiel,de Bundesliga,21,8,2,288,3.2,1,1,2,0.9,0.9,0.8,6,3,50.0,0.17,0.33,0.1,77.2,4,19,3,7,4,3,3,159,88,75.0,19,0.3125,0.3125,0.625,0.28125,0.25,1.875,0.9375,1.25,6.875000000000001,2.1875,0.9375,5.9375,0.9375
Thomas Keller,de GER,"DF,MF",Heidenheim,de Bundesliga,24,6,2,148,1.6,0,0,0,0.0,0.0,0.0,1,0,0.0,0.0,,0.0,79.8,0,6,0,6,5,4,11,115,51,,3,0.0,0.0,0.0,0.0,0.0,0.6081081081081081,0.0,0.0,3.6486486486486487,3.6486486486486487,2.4324324324324325,1.8243243243243243,6.6891891891891895
Lloyd Kelly,eng ENG,DF,Newcastle Utd,eng Premier League,25,10,4,303,3.4,0,1,1,0.4,0.4,0.5,3,0,0.0,0.0,,-0.4,80.7,2,9,0,5,4,1,17,215,120,66.7,19,0.0,0.297029702970297,0.297029702970297,0.1188118811881188,0.1485148514851485,0.8910891089108911,0.0,0.594059405940594,2.673267326732673,1.485148514851485,0.297029702970297,5.643564356435643,5.0495049504950495
Lloyd Kelly,eng ENG,DF,Juventus,it Serie A,25,12,11,1013,11.3,0,0,0,0.4,0.4,0.1,7,1,14.3,0.0,0.0,-0.4,83.1,3,36,10,15,11,2,56,797,433,0.0,55,0.0,0.0,0.0,0.03553800592300099,0.008884501480750248,0.6219151036525173,0.08884501480750247,0.2665350444225074,4.086870681145114,1.332675222112537,0.17769002961500494,4.886475814412636,4.975320829220139
Aljoscha Kemlein,de GER,MF,Union Berlin,de Bundesliga,19,15,11,922,10.2,1,0,1,0.9,0.9,0.6,11,3,27.3,0.09,0.33,0.1,75.5,10,42,5,10,4,6,15,549,260,66.7,58,0.09761388286334056,0.0,0.09761388286334056,0.08785249457700652,0.05856832971800434,1.0737527114967462,0.2928416485900217,0.9761388286334056,4.587852494577006,0.9761388286334056,0.5856832971800434,5.661605206073753,1.4642082429501084
Marc-Oliver Kempf,de GER,DF,Como,it Serie A,29,31,30,2615,29.1,0,0,0,1.6,1.6,1.2,20,4,20.0,0.0,0.0,-1.6,87.2,10,85,17,30,20,33,136,2010,1136,80.0,106,0.0,0.0,0.0,0.05506692160611855,0.04130019120458891,0.6883365200764818,0.13766730401529637,0.3441682600382409,3.5105162523900577,1.0325047801147227,1.135755258126195,3.6481835564053537,4.680688336520077
Kenedy,br BRA,"MF,FW",Valladolid,es La Liga,28,2,0,9,0.1,0,0,0,0.0,0.0,0.0,1,0,0.0,0.0,,0.0,50.0,0,0,1,0,0,0,0,5,4,0.0,1,0.0,0.0,0.0,0.0,0.0,10.0,0.0,0.0,10.0,0.0,0.0,10.0,0.0
Luca Kerber,de GER,"MF,DF",Heidenheim,de Bundesliga,22,23,7,783,8.7,2,0,2,0.6,0.6,0.7,7,5,71.4,0.29,0.4,1.4,73.7,6,16,1,26,16,5,25,364,175,20.0,27,0.2298850574712644,0.0,0.2298850574712644,0.06896551724137931,0.08045977011494251,0.8045977011494253,0.574712643678161,0.689655172413793,1.9540229885057472,2.9885057471264367,0.574712643678161,3.103448275862069,2.873563218390805
Milos Kerkez,hu HUN,DF,Bournemouth,eng Premier League,20,38,38,3336,37.1,2,5,7,0.6,0.5,3.9,19,5,26.3,0.11,0.4,1.4,75.8,35,159,106,52,26,45,106,2158,1094,45.8,169,0.0539568345323741,0.13489208633093525,0.18884892086330934,0.01618705035971223,0.1052158273381295,0.512589928057554,0.13489208633093525,0.9442446043165468,7.149280575539569,1.4028776978417266,1.2140287769784173,4.559352517985611,2.859712230215827
Reda Khadra,de GER,"MF,FW",Reims,fr Ligue 1,23,4,0,78,0.9,0,0,0,0.0,0.0,0.0,0,0,,,,0.0,73.3,1,4,4,1,1,0,1,38,28,57.1,7,0.0,0.0,0.0,0.0,0.0,0.0,0.0,1.1538461538461537,9.23076923076923,1.1538461538461537,0.0,8.076923076923077,1.1538461538461537
Bilal El Khannouss,ma MAR,"MF,FW",Leicester City,eng Premier League,20,32,27,2182,24.2,2,3,5,1.3,1.3,4.6,30,7,23.3,0.07,0.29,0.7,75.1,42,128,73,50,30,6,10,1268,732,56.7,92,0.08249312557286893,0.12373968835930338,0.20623281393217233,0.05362053162236481,0.18973418881759851,1.2373968835930338,0.2887259395050413,1.7323556370302475,8.290559120073327,2.062328139321723,0.24747937671860676,3.7946837763519703,0.41246562786434465
Wahbi Khazri,tn TUN,"FW,MF",Montpellier,fr Ligue 1,33,30,10,1118,12.4,1,1,2,2.3,2.3,2.2,36,6,16.7,0.03,0.17,-1.3,68.0,18,33,24,25,18,5,7,486,259,26.9,44,0.08050089445438283,0.08050089445438283,0.16100178890876565,0.1851520572450805,0.17710196779964224,2.898032200357782,0.4830053667262969,1.449016100178891,4.588550983899821,2.012522361359571,0.4025044722719141,3.5420393559928445,0.5635062611806798
Rani Khedira,de GER,MF,Union Berlin,de Bundesliga,30,32,31,2723,30.3,1,1,2,1.4,1.4,0.6,14,1,7.1,0.07,1.0,-0.4,73.7,12,80,12,68,40,44,55,1246,506,45.5,108,0.03305178112376056,0.03305178112376056,0.06610356224752112,0.04627249357326478,0.019831068674256335,0.4627249357326478,0.03305178112376056,0.3966213734851267,3.0407638633859713,2.247521116415718,1.4542783694454646,3.56959236136614,1.8178479618068306
Abdukodir Khusanov,uz UZB,DF,Manchester City,eng Premier League,20,6,6,503,5.6,0,0,0,0.0,0.0,0.1,1,0,0.0,0.0,,0.0,91.1,2,25,1,5,4,3,29,445,274,0.0,27,0.0,0.0,0.0,0.0,0.017892644135188866,0.17892644135188865,0.0,0.3578528827037773,4.652087475149106,0.8946322067594433,0.536779324055666,4.831013916500994,5.188866799204772
Abdukodir Khusanov,uz UZB,DF,Lens,fr Ligue 1,20,13,11,975,10.8,0,0,0,0.2,0.2,0.3,6,4,66.7,0.0,0.0,-0.2,88.1,2,43,2,15,11,26,57,683,339,100.0,50,0.0,0.0,0.0,0.018461538461538463,0.027692307692307693,0.5538461538461539,0.36923076923076925,0.18461538461538463,4.153846153846154,1.3846153846153846,2.4000000000000004,4.615384615384615,5.2615384615384615
Kialonda,ao ANG,DF,Lecce,it Serie A,26,24,24,2144,23.8,0,1,1,1.1,1.1,0.4,16,0,0.0,0.0,,-1.1,86.5,6,34,4,34,12,32,132,1229,572,80.0,58,0.0,0.041977611940298504,0.041977611940298504,0.04617537313432837,0.016791044776119403,0.6716417910447761,0.0,0.251865671641791,1.5951492537313432,1.4272388059701493,1.3432835820895521,2.434701492537313,5.541044776119403
Kiké,es ESP,FW,Alavés,es La Liga,34,35,29,2542,28.2,13,0,13,9.6,7.2,0.9,60,24,40.0,0.17,0.42,3.4,65.3,13,50,25,19,14,1,23,894,548,37.1,90,0.4602675059008655,0.0,0.4602675059008655,0.33988985051140835,0.031864673485444535,2.1243115656963023,0.8497246262785209,0.4602675059008655,2.6553894571203775,0.6726986624704957,0.03540519276160504,3.1864673485444532,0.8143194335169158
Max Kilman,eng ENG,DF,West Ham,eng Premier League,27,38,38,3348,37.2,0,1,1,1.6,1.6,1.2,13,2,15.4,0.0,0.0,-1.6,86.7,16,113,31,39,24,38,212,2374,1270,72.7,146,0.0,0.026881720430107524,0.026881720430107524,0.043010752688172046,0.03225806451612903,0.3494623655913978,0.05376344086021505,0.4301075268817204,3.870967741935484,1.0483870967741935,1.021505376344086,3.924731182795699,5.698924731182796
Joshua Kimmich,de GER,MF,Bayern Munich,de Bundesliga,29,33,32,2847,31.6,3,7,10,1.8,1.8,7.4,34,10,29.4,0.09,0.3,1.2,89.5,83,362,51,47,29,25,34,3867,2399,54.5,190,0.09483667017913593,0.22128556375131717,0.31612223393045313,0.056902002107481565,0.23393045310853533,1.0748155953635405,0.31612223393045313,2.6238145416227607,13.055848261327714,1.4857744994731297,0.7903055848261328,6.006322444678609,1.0748155953635405
Presnel Kimpembe,fr FRA,DF,Paris S-G,fr Ligue 1,28,2,0,23,0.3,0,0,0,0.0,0.0,0.0,0,0,,,,0.0,100.0,0,1,0,1,0,0,1,24,12,,3,0.0,0.0,0.0,0.0,0.0,0.0,0.0,0.0,3.9130434782608696,3.9130434782608696,0.0,11.739130434782608,3.9130434782608696
Joshua King,eng ENG,MF,Fulham,eng Premier League,17,8,1,130,1.4,0,0,0,0.3,0.3,0.4,3,0,0.0,0.0,,-0.3,84.4,3,9,3,7,5,1,1,87,44,50.0,5,0.0,0.0,0.0,0.20769230769230768,0.27692307692307694,2.076923076923077,0.0,2.076923076923077,8.307692307692308,4.846153846153847,0.6923076923076923,3.4615384615384617,0.6923076923076923
Joshua King,no NOR,"FW,MF",Toulouse,fr Ligue 1,32,28,21,1673,18.6,6,3,9,6.6,6.6,2.0,50,20,40.0,0.12,0.3,-0.6,70.7,17,29,39,11,11,6,19,574,307,54.7,60,0.3227734608487747,0.16138673042438734,0.484160191273162,0.35505080693365215,0.1075911536162582,2.6897788404064555,1.0759115361625822,0.9145248057381948,3.6580992229527793,0.5917513448894203,0.3227734608487747,3.2277346084877467,1.022115959354453
Cédric Kipré,ci CIV,DF,Reims,fr Ligue 1,27,28,26,2190,24.3,0,1,1,0.6,0.6,1.3,9,1,11.1,0.0,0.0,-0.6,88.9,10,77,16,42,30,32,162,1596,925,83.3,73,0.0,0.0410958904109589,0.0410958904109589,0.024657534246575342,0.05342465753424657,0.3698630136986301,0.0410958904109589,0.410958904109589,3.821917808219178,1.726027397260274,1.3150684931506849,3.0,6.657534246575342
Jakub Kiwior,pl POL,DF,Arsenal,eng Premier League,24,17,10,1122,12.5,1,0,1,0.2,0.2,0.3,3,1,33.3,0.33,1.0,0.8,91.4,5,48,5,22,8,6,58,846,492,60.0,31,0.08021390374331551,0.0,0.08021390374331551,0.016042780748663103,0.02406417112299465,0.24064171122994651,0.08021390374331551,0.40106951871657753,4.251336898395722,1.7647058823529411,0.48128342245989303,2.486631016042781,4.652406417112299
Tim Kleindienst,de GER,FW,Gladbach,de Bundesliga,28,31,31,2737,30.4,16,7,23,13.6,11.9,6.2,73,36,49.3,0.21,0.42,2.4,60.9,29,63,45,30,15,12,66,1149,545,37.8,74,0.526123492875411,0.23017902813299235,0.7563025210084033,0.4472049689440994,0.2038728534892218,2.400438436244063,1.1837778589696748,0.9535988308366825,3.5513335769090246,0.9864815491413957,0.3945926196565583,2.433321154548776,2.1702594081110704
Lukas Klostermann,de GER,DF,RB Leipzig,de Bundesliga,28,28,20,1838,20.4,1,0,1,0.3,0.3,0.1,4,2,50.0,0.25,0.5,0.7,88.4,2,83,16,27,14,24,143,1472,752,80.0,74,0.04896626768226333,0.0,0.04896626768226333,0.014689880304678998,0.0048966267682263335,0.19586507072905332,0.09793253536452666,0.09793253536452666,4.84766050054407,1.32208922742111,1.1751904243743199,3.623503808487486,7.002176278563655
Justin Kluivert,nl NED,MF,Bournemouth,eng Premier League,25,34,29,2340,26.0,12,6,18,10.3,5.6,4.8,57,23,40.4,0.11,0.26,1.7,74.4,45,105,81,23,11,14,24,1086,646,41.4,78,0.46153846153846156,0.23076923076923078,0.6923076923076923,0.3961538461538462,0.18461538461538463,2.1923076923076925,0.8846153846153846,1.7307692307692308,7.153846153846153,0.8846153846153846,0.5384615384615385,3.0,0.9230769230769231
Ansgar Knauff,de GER,"MF,DF",Eint Frankfurt,de Bundesliga,22,30,18,1597,17.7,4,5,9,4.9,4.9,5.2,30,9,30.0,0.13,0.44,-0.9,66.7,27,58,53,41,22,12,24,775,435,46.4,76,0.22542266750156542,0.28177833437695676,0.5072010018785222,0.2761427676894177,0.29304946775203505,1.6906700062617406,0.5072010018785222,1.5216030056355667,6.255479023168441,2.310582341891046,0.6762680025046963,4.283030682529743,1.3525360050093926
Magnus Knudsen,no NOR,MF,Holstein Kiel,de Bundesliga,23,31,22,1850,20.6,0,1,1,0.7,0.7,1.3,12,4,33.3,0.0,0.0,-0.7,84.0,8,54,16,48,29,12,44,987,488,56.3,79,0.0,0.04864864864864865,0.04864864864864865,0.03405405405405405,0.06324324324324325,0.5837837837837837,0.1945945945945946,0.3891891891891892,3.4054054054054057,2.335135135135135,0.5837837837837837,3.8432432432432435,2.1405405405405404
Robin Koch,de GER,DF,Eint Frankfurt,de Bundesliga,28,30,30,2586,28.7,3,0,3,1.7,1.7,0.2,15,6,40.0,0.2,0.5,1.3,90.7,7,93,9,24,11,25,197,2148,1244,33.3,112,0.10440835266821345,0.0,0.10440835266821345,0.05916473317865429,0.006960556844547564,0.5220417633410672,0.2088167053364269,0.24361948955916474,3.549883990719257,0.8352668213457076,0.8700696055684455,3.897911832946636,6.85614849187935
Magnus Kofod Andersen,dk DEN,MF,Venezia,it Serie A,25,14,7,695,7.7,1,1,2,0.3,0.3,0.5,8,2,25.0,0.13,0.5,0.7,79.9,9,24,7,13,4,6,12,370,230,50.0,31,0.12949640287769784,0.12949640287769784,0.2589928057553957,0.03884892086330935,0.06474820143884892,1.0359712230215827,0.2589928057553957,1.1654676258992804,4.014388489208633,1.683453237410072,0.776978417266187,4.014388489208633,1.553956834532374
Derrick Köhn,de GER,"DF,FW",Werder Bremen,de Bundesliga,25,27,14,1343,14.9,2,2,4,0.7,0.7,1.6,13,4,30.8,0.15,0.5,1.3,79.3,16,39,36,20,10,10,26,908,549,36.6,57,0.1340282948622487,0.1340282948622487,0.2680565897244974,0.04690990320178705,0.10722263588979897,0.8711839166046165,0.2680565897244974,1.0722263588979897,5.026061057334326,1.340282948622487,0.6701414743112435,3.8198064035740877,1.742367833209233
Dominik Kohr,de GER,"DF,MF",Mainz 05,de Bundesliga,30,28,28,2295,25.5,2,0,2,1.6,1.6,0.6,13,5,38.5,0.15,0.4,0.4,81.1,11,101,26,62,46,42,127,1693,835,55.6,99,0.0784313725490196,0.0,0.0784313725490196,0.06274509803921569,0.02352941176470588,0.5098039215686274,0.19607843137254904,0.43137254901960786,4.980392156862745,2.4313725490196076,1.647058823529412,3.8823529411764706,4.980392156862745
Koka,eg EGY,FW,Le Havre,fr Ligue 1,31,16,10,851,9.5,3,1,4,4.9,4.2,0.6,20,8,40.0,0.1,0.25,-1.9,78.1,5,12,0,4,1,4,6,232,114,50.0,24,0.3172737955346651,0.10575793184488837,0.42303172737955347,0.518213866039953,0.06345475910693302,2.1151586368977675,0.8460634547591069,0.5287896592244419,1.2690951821386605,0.42303172737955347,0.42303172737955347,2.538190364277321,0.6345475910693302
Koke,es ESP,MF,Atlético Madrid,es La Liga,32,32,20,1926,21.4,1,1,2,1.1,1.1,1.4,11,4,36.4,0.09,0.25,-0.1,88.0,16,132,22,46,23,20,29,1829,1138,40.9,122,0.04672897196261682,0.04672897196261682,0.09345794392523364,0.0514018691588785,0.06542056074766354,0.5140186915887851,0.18691588785046728,0.7476635514018691,7.196261682242991,2.149532710280374,0.9345794392523366,5.700934579439252,1.355140186915888
Sead Kolašinac,ba BIH,DF,Atalanta,it Serie A,31,23,23,1903,21.1,0,2,2,0.8,0.8,1.8,10,2,20.0,0.0,0.0,-0.8,87.5,17,142,52,41,26,25,53,1458,878,20.0,135,0.0,0.09458749343142406,0.09458749343142406,0.03783499737256963,0.08512874408828165,0.4729374671571203,0.09458749343142406,0.8039936941671046,9.174986862848135,1.9390436153441932,1.1823436678928008,6.384655806621124,2.5065685759327376
Randal Kolo Muani,fr FRA,FW,Juventus,it Serie A,25,16,13,1160,12.9,8,1,9,4.7,3.9,1.6,25,13,52.0,0.28,0.54,3.3,69.9,17,20,21,11,7,4,2,364,213,40.9,33,0.6206896551724138,0.07758620689655173,0.6982758620689655,0.3646551724137931,0.12413793103448277,1.9396551724137931,1.0086206896551724,1.3189655172413792,3.181034482758621,0.853448275862069,0.3103448275862069,2.560344827586207,0.15517241379310345
Randal Kolo Muani,fr FRA,FW,Paris S-G,fr Ligue 1,25,10,2,358,4.0,2,1,3,4.7,3.9,0.9,15,6,40.0,0.07,0.17,-2.7,73.1,5,5,8,4,4,0,5,132,78,50.0,8,0.5027932960893855,0.25139664804469275,0.7541899441340782,1.181564245810056,0.22625698324022345,3.770949720670391,1.5083798882681565,1.2569832402234635,3.2681564245810057,1.005586592178771,0.0,2.011173184357542,1.2569832402234635
Marco Komenda,hr CRO,DF,Holstein Kiel,de Bundesliga,27,19,17,1307,14.5,0,0,0,0.1,0.1,0.8,3,0,0.0,0.0,,-0.1,78.8,9,53,13,26,17,6,68,905,440,100.0,37,0.0,0.0,0.0,0.006885998469778118,0.055087987758224946,0.20657995409334354,0.0,0.6197398622800305,4.544758990053558,1.7903596021423105,0.4131599081866871,2.5478194338179034,4.68247895944912
Mert Kömür,de GER,MF,Augsburg,de Bundesliga,19,20,5,654,7.3,2,1,3,1.1,1.1,1.5,13,7,53.8,0.15,0.29,0.9,71.9,13,11,18,3,2,3,7,313,185,54.5,32,0.27522935779816515,0.13761467889908258,0.41284403669724773,0.15137614678899083,0.20642201834862386,1.7889908256880733,0.963302752293578,1.7889908256880733,3.9908256880733943,0.41284403669724773,0.41284403669724773,4.4036697247706424,0.963302752293578
Ibrahima Konaté,fr FRA,DF,Liverpool,eng Premier League,25,31,30,2560,28.4,1,2,3,1.7,1.7,1.0,19,3,15.8,0.05,0.33,-0.7,90.2,10,115,25,40,26,17,133,2185,1290,50.0,98,0.03515625,0.0703125,0.10546875,0.059765624999999996,0.03515625,0.66796875,0.10546875,0.3515625,4.921875,1.40625,0.59765625,3.4453125000000004,4.67578125
Ismael Konate,ci CIV,"FW,MF",Empoli,it Serie A,18,12,0,116,1.3,0,1,1,0.2,0.2,0.0,3,2,66.7,0.0,0.0,-0.2,45.5,2,2,5,4,2,0,1,51,23,100.0,3,0.0,0.7758620689655172,0.7758620689655172,0.15517241379310345,0.0,2.3275862068965516,1.5517241379310345,1.5517241379310345,5.431034482758621,3.103448275862069,0.0,2.3275862068965516,0.7758620689655172
Geoffrey Kondogbia,cf CTA,"DF,MF",Marseille,fr Ligue 1,31,25,22,2020,22.4,0,0,0,0.5,0.5,0.2,8,1,12.5,0.0,0.0,-0.5,92.5,5,105,20,60,38,22,64,2013,1301,66.7,108,0.0,0.0,0.0,0.022277227722772276,0.008910891089108912,0.3564356435643564,0.04455445544554455,0.22277227722772278,5.569306930693069,2.673267326732673,0.9801980198019802,4.811881188118812,2.8514851485148514
Abdoul Koné,fr FRA,DF,Reims,fr Ligue 1,19,4,1,133,1.5,0,0,0,0.0,0.0,0.0,0,0,,,,0.0,67.7,0,3,0,5,3,1,5,86,39,50.0,7,0.0,0.0,0.0,0.0,0.0,0.0,0.0,0.0,2.0300751879699246,3.3834586466165413,0.6766917293233082,4.7368421052631575,3.3834586466165413
Amadou Koné,ml MLI,MF,Reims,fr Ligue 1,19,24,17,1293,14.4,0,0,0,0.5,0.5,0.3,14,4,28.6,0.0,0.0,-0.5,86.0,8,68,19,49,32,19,38,788,469,60.0,79,0.0,0.0,0.0,0.03480278422273782,0.02088167053364269,0.974477958236659,0.27842227378190254,0.5568445475638051,6.05568445475638,3.4106728538283066,1.322505800464037,5.4988399071925755,2.645011600928074
Ismaël Koné,ca CAN,"MF,FW",Marseille,fr Ligue 1,22,8,3,360,4.0,0,0,0,0.3,0.3,0.4,4,0,0.0,0.0,,-0.3,86.7,4,10,2,8,4,4,2,221,131,25.0,14,0.0,0.0,0.0,0.075,0.1,1.0,0.0,1.0,3.0,2.0,1.0,3.5,0.5
Ismaël Koné,ca CAN,MF,Rennes,fr Ligue 1,22,13,4,469,5.2,2,1,3,0.2,0.2,1.3,6,3,50.0,0.33,0.67,1.8,84.6,5,30,16,9,6,4,5,259,171,60.0,19,0.3837953091684435,0.19189765458422176,0.5756929637526652,0.03837953091684435,0.2494669509594883,1.1513859275053304,0.5756929637526652,0.9594882729211087,8.8272921108742,1.727078891257996,0.767590618336887,3.6460554371002134,0.9594882729211087
Manu Koné,fr FRA,MF,Roma,it Serie A,23,34,31,2572,28.6,2,1,3,3.4,3.4,1.7,34,8,23.5,0.06,0.25,-1.4,91.1,19,144,70,41,26,24,28,1555,1006,41.7,131,0.06998444790046657,0.034992223950233284,0.10497667185069985,0.11897356143079316,0.05948678071539658,1.1897356143079316,0.27993779160186627,0.6648522550544324,7.488335925349923,1.4346811819595646,0.8398133748055988,4.58398133748056,0.9797822706065319
Ezri Konsa,eng ENG,DF,Aston Villa,eng Premier League,26,34,33,2936,32.6,2,0,2,1.3,1.3,0.4,11,5,45.5,0.18,0.4,0.7,92.9,6,90,24,34,18,24,114,1915,1132,44.4,97,0.061307901907356945,0.0,0.061307901907356945,0.03985013623978202,0.01226158038147139,0.33719346049046317,0.15326975476839236,0.18392370572207084,3.4945504087193457,1.042234332425068,0.7356948228882834,2.973433242506812,3.4945504087193457
Teun Koopmeiners,nl NED,"MF,FW",Juventus,it Serie A,26,28,23,1994,22.2,3,3,6,3.9,3.9,2.9,42,10,23.8,0.07,0.3,-0.9,79.9,38,89,32,32,16,8,26,1170,591,45.5,51,0.13540621865596789,0.13540621865596789,0.27081243731193577,0.17602808425275826,0.13089267803410232,1.8956870611835508,0.45135406218655966,1.715145436308927,5.461384152457373,1.444332998996991,0.36108324974924777,2.3019057171514543,1.1735205616850553
Kacper Koscierski,de GER,DF,Bochum,de Bundesliga,17,1,0,7,0.1,0,0,0,0.0,0.0,0.0,0,0,,,,0.0,,0,0,0,0,0,0,0,0,0,,0,0.0,0.0,0.0,0.0,0.0,0.0,0.0,0.0,0.0,0.0,0.0,0.0,0.0
Odilon Kossounou,ci CIV,DF,Atalanta,it Serie A,23,18,12,1125,12.5,0,0,0,0.5,0.5,0.0,6,4,66.7,0.0,0.0,-0.5,88.2,1,46,13,16,11,13,25,790,456,41.7,62,0.0,0.0,0.0,0.04,0.0,0.48,0.32,0.08,4.72,1.28,1.04,4.96,2.0
Christian Kouamé,ci CIV,"FW,MF",Fiorentina,it Serie A,26,18,5,622,6.9,0,1,1,1.1,1.1,1.5,11,1,9.1,0.0,0.0,-1.1,69.5,9,16,7,13,8,2,10,286,151,35.0,20,0.0,0.14469453376205788,0.14469453376205788,0.15916398713826369,0.21704180064308684,1.5916398713826367,0.14469453376205788,1.3022508038585208,3.327974276527331,1.8810289389067523,0.28938906752411575,2.8938906752411575,1.4469453376205788
Christian Kouamé,ci CIV,"FW,MF",Empoli,it Serie A,26,8,5,507,5.6,1,0,1,2.7,2.7,0.7,16,5,31.3,0.06,0.2,-1.7,60.8,8,13,5,5,4,0,4,217,114,38.5,18,0.1775147928994083,0.0,0.1775147928994083,0.47928994082840237,0.1242603550295858,2.840236686390533,0.8875739644970414,1.4201183431952664,3.195266272189349,0.8875739644970414,0.0,3.195266272189349,0.7100591715976332
Henri Koudossou,de GER,DF,Augsburg,de Bundesliga,24,21,4,748,8.3,0,0,0,0.1,0.1,0.8,2,0,0.0,0.0,,-0.1,78.8,10,23,19,18,10,15,37,469,220,47.1,39,0.0,0.0,0.0,0.012032085561497326,0.0962566844919786,0.24064171122994651,0.0,1.2032085561497325,5.053475935828877,2.1657754010695185,1.804812834224599,4.692513368983957,4.451871657754011
Konstantinos Koulierakis,gr GRE,DF,Wolfsburg,de Bundesliga,20,30,28,2468,27.4,0,2,2,1.0,1.0,1.0,22,3,13.6,0.0,0.0,-1.0,83.0,10,104,20,40,20,33,147,1886,1049,58.3,93,0.0,0.07293354943273905,0.07293354943273905,0.03646677471636953,0.03646677471636953,0.8022690437601296,0.1094003241491086,0.36466774716369527,4.521880064829822,1.458670988654781,1.2034035656401945,3.3914100486223666,5.360615883306321
Emmanuel Koum Mbondo,fr FRA,DF,Marseille,fr Ligue 1,18,1,0,12,0.1,0,0,0,0.0,0.0,0.0,0,0,,,,0.0,88.9,0,0,0,0,0,0,0,9,4,,0,0.0,0.0,0.0,0.0,0.0,0.0,0.0,0.0,0.0,0.0,0.0,0.0,0.0
Jules Koundé,fr FRA,DF,Barcelona,es La Liga,25,32,29,2605,28.9,2,3,5,1.8,1.8,3.9,18,6,33.3,0.11,0.33,0.2,86.7,32,165,44,63,43,20,68,2453,1287,44.0,107,0.0690978886756238,0.1036468330134357,0.1727447216890595,0.06218809980806143,0.13474088291746641,0.6218809980806141,0.2072936660268714,1.1055662188099808,7.220729366602686,2.1765834932821497,0.690978886756238,3.696737044145874,2.349328214971209
Boubakar Kouyaté,ml MLI,DF,Montpellier,fr Ligue 1,27,11,8,756,8.4,0,0,0,0.5,0.5,0.0,8,0,0.0,0.0,,-0.5,83.4,0,12,3,22,17,12,54,375,174,,18,0.0,0.0,0.0,0.05952380952380952,0.0,0.9523809523809523,0.0,0.0,1.7857142857142856,2.619047619047619,1.4285714285714284,2.142857142857143,6.428571428571428
Mateo Kovačić,hr CRO,MF,Manchester City,eng Premier League,30,31,25,2198,24.4,6,2,8,1.9,1.9,3.6,45,12,26.7,0.13,0.5,4.1,92.6,33,164,56,69,38,24,21,2123,1445,53.7,114,0.2456778889899909,0.0818926296633303,0.3275705186533212,0.07779799818016378,0.14740673339399454,1.8425841674249317,0.4913557779799818,1.35122838944495,9.008189262966333,2.8252957233848957,0.9827115559599636,4.667879890809828,0.8598726114649681
Viktor Kovalenko,ua UKR,MF,Empoli,it Serie A,28,6,0,77,0.9,0,0,0,0.1,0.1,0.0,3,1,33.3,0.0,0.0,-0.1,70.3,0,4,1,2,1,0,0,44,21,100.0,3,0.0,0.0,0.0,0.11688311688311688,0.0,3.5064935064935066,1.168831168831169,0.0,5.844155844155844,2.337662337662338,0.0,3.5064935064935066,0.0
Mateusz Kowalski,pl POL,MF,Parma,it Serie A,19,1,1,56,0.6,0,0,0,0.4,0.4,0.0,1,0,0.0,0.0,,-0.4,66.7,0,0,0,0,0,0,1,18,9,,0,0.0,0.0,0.0,0.6428571428571429,0.0,1.607142857142857,0.0,0.0,0.0,0.0,0.0,0.0,1.607142857142857
Goduine Koyalipou,cf CTA,FW,Lens,fr Ligue 1,24,15,12,885,9.8,4,0,4,4.8,4.8,0.8,42,14,33.3,0.1,0.29,-0.8,69.8,10,20,15,3,2,1,8,318,174,48.0,15,0.4067796610169492,0.0,0.4067796610169492,0.48813559322033895,0.08135593220338984,4.271186440677966,1.423728813559322,1.0169491525423728,3.5593220338983054,0.30508474576271183,0.1016949152542373,1.5254237288135593,0.8135593220338984
Caleb Kporha,eng ENG,DF,Crystal Palace,eng Premier League,18,2,0,13,0.1,0,0,0,0.0,0.0,0.0,0,0,,,,0.0,71.4,0,0,1,2,1,0,1,11,4,,1,0.0,0.0,0.0,0.0,0.0,0.0,0.0,0.0,6.923076923076923,13.846153846153847,0.0,6.923076923076923,6.923076923076923
Emil Krafth,se SWE,DF,Newcastle Utd,eng Premier League,29,12,2,342,3.8,0,0,0,0.0,0.0,0.1,1,0,0.0,0.0,,0.0,78.5,1,8,5,4,2,2,16,199,82,0.0,19,0.0,0.0,0.0,0.0,0.026315789473684213,0.2631578947368421,0.0,0.2631578947368421,3.4210526315789473,1.0526315789473684,0.5263157894736842,5.0,4.2105263157894735
Alex Král,cz CZE,MF,Espanyol,es La Liga,26,37,29,2714,30.2,0,1,1,1.5,1.5,1.5,21,2,9.5,0.0,0.0,-1.5,71.9,12,78,49,55,37,28,51,1155,618,52.7,127,0.0,0.03316138540899042,0.03316138540899042,0.04974207811348563,0.04974207811348563,0.6963890935887989,0.06632277081798084,0.39793662490788506,4.211495946941783,1.823876197494473,0.9285187914517317,4.211495946941783,1.6912306558585115
Andrej Kramarić,hr CRO,"MF,FW",Hoffenheim,de Bundesliga,33,32,32,2767,30.7,11,8,19,11.8,9.5,4.3,66,23,34.8,0.12,0.35,-0.8,77.7,49,143,75,15,8,7,11,1554,938,42.6,136,0.3577882182869534,0.26020961329960246,0.6179978315865559,0.3838091796169137,0.13986266714853632,2.1467293097217204,0.748102638236357,1.593783881460065,7.090711962414167,0.4878930249367546,0.22768341163715214,4.423563426093242,0.3577882182869534
Frans Krätzig,de GER,"DF,MF",Heidenheim,de Bundesliga,21,16,15,1217,13.5,1,2,3,0.6,0.6,1.8,9,3,33.3,0.11,0.33,0.4,75.9,28,37,25,32,18,17,15,676,372,45.0,60,0.07395234182415776,0.14790468364831552,0.2218570254724733,0.04437140509449466,0.13311421528348397,0.6655710764174199,0.2218570254724733,2.0706655710764177,4.585045193097781,2.3664749383730483,1.257189811010682,4.437140509449466,1.1092851273623665
Frans Krätzig,de GER,DF,Stuttgart,de Bundesliga,21,1,1,56,0.6,0,0,0,0.0,0.0,0.0,0,0,,,,0.0,87.8,0,2,0,2,1,0,1,48,30,,3,0.0,0.0,0.0,0.0,0.0,0.0,0.0,0.0,3.214285714285714,3.214285714285714,0.0,4.821428571428571,1.607142857142857
Tom Krauß,de GER,MF,Bochum,de Bundesliga,23,14,13,1077,12.0,0,0,0,0.4,0.4,0.7,11,2,18.2,0.0,0.0,-0.4,80.0,12,84,16,35,18,11,19,768,430,52.2,78,0.0,0.0,0.0,0.033426183844011144,0.05849582172701949,0.9192200557103064,0.1671309192200557,1.0027855153203342,8.356545961002785,2.9247910863509747,0.9192200557103064,6.518105849582173,1.5877437325905293
Ladislav Krejčí,cz CZE,DF,Girona,es La Liga,25,28,27,2440,27.1,2,0,2,1.7,1.7,0.3,18,5,27.8,0.11,0.4,0.3,90.1,8,144,29,23,16,34,93,2351,1523,58.3,101,0.07377049180327869,0.0,0.07377049180327869,0.06270491803278688,0.011065573770491803,0.6639344262295083,0.18442622950819673,0.29508196721311475,6.381147540983607,0.848360655737705,1.2540983606557377,3.7254098360655736,3.430327868852459
Rasmus Kristensen,dk DEN,DF,Eint Frankfurt,de Bundesliga,27,30,28,2513,27.9,5,3,8,2.5,2.5,3.1,24,8,33.3,0.21,0.63,2.5,77.7,20,172,51,59,33,20,97,1955,1084,44.9,121,0.17906884202148826,0.10744130521289295,0.28651014723438123,0.08953442101074413,0.11102268205332272,0.8595304417031436,0.28651014723438123,0.716275368085953,7.986470354158376,2.1130123358535613,0.716275368085953,4.3334659769200154,3.473935535216872
Thomas Kristensen,dk DEN,DF,Udinese,it Serie A,22,24,19,1754,19.5,1,0,1,0.9,0.9,0.3,4,1,25.0,0.25,1.0,0.1,79.9,4,76,19,31,21,21,80,1144,618,76.9,63,0.05131128848346636,0.0,0.05131128848346636,0.04618015963511973,0.015393386545039908,0.20524515393386544,0.05131128848346636,0.20524515393386544,4.874572405929305,1.5906499429874572,1.0775370581527937,3.232611174458381,4.104903078677309
Nikola Krstović,me MNE,FW,Lecce,it Serie A,24,37,37,3057,34.0,11,5,16,12.1,9.7,2.9,134,38,28.4,0.07,0.24,-1.1,66.4,30,56,42,18,9,7,24,1051,571,26.2,72,0.323846908734053,0.14720314033366044,0.47105004906771347,0.35623159960745826,0.08537782139352305,3.9450441609421003,1.1187438665358194,0.8832188420019628,2.8851815505397447,0.5299313052011776,0.20608439646712465,2.1197252208047104,0.7065750736015701
Lukas Kübler,de GER,DF,Freiburg,de Bundesliga,31,28,22,1842,20.5,5,1,6,2.7,2.7,0.8,18,10,55.6,0.28,0.5,2.3,77.1,11,78,24,40,21,53,61,1268,519,0.0,73,0.24429967426710097,0.048859934853420196,0.2931596091205212,0.13192182410423453,0.03908794788273616,0.8794788273615635,0.48859934853420195,0.5374592833876222,4.9837133550488595,1.9543973941368078,2.58957654723127,3.566775244299674,2.980456026058632
Takefusa Kubo,jp JPN,"MF,FW",Real Sociedad,es La Liga,23,36,27,2372,26.4,5,0,5,3.6,3.6,4.5,43,14,32.6,0.12,0.36,1.4,72.1,45,110,133,31,20,17,13,1341,878,47.8,118,0.1897133220910624,0.0,0.1897133220910624,0.13659359190556492,0.17074198988195616,1.6315345699831367,0.5311973018549747,1.7074198988195617,9.220067453625632,1.1762225969645868,0.6450252951096122,4.477234401349072,0.49325463743676223
Mohammed Kudus,gh GHA,"FW,MF",West Ham,eng Premier League,23,32,31,2590,28.8,5,3,8,6.9,6.9,3.1,75,21,28.0,0.07,0.24,-1.9,83.6,31,79,98,38,23,4,8,1274,842,44.2,138,0.17374517374517376,0.10424710424710425,0.277992277992278,0.2397683397683398,0.10772200772200773,2.606177606177606,0.7297297297297298,1.0772200772200773,6.15057915057915,1.3204633204633205,0.138996138996139,4.795366795366795,0.277992277992278
Dejan Kulusevski,se SWE,"MF,FW",Tottenham,eng Premier League,24,32,27,2389,26.5,7,4,11,4.2,4.2,6.2,47,17,36.2,0.15,0.41,2.8,73.7,65,124,120,45,23,13,10,1276,823,32.5,121,0.26370866471326915,0.15069066555043953,0.4143993302637087,0.1582251988279615,0.23357053160318125,1.7706153202176642,0.6404353285893679,2.448723315194642,9.19213059857681,1.6952699874424444,0.4897446630389284,4.558392632900795,0.37672666387609877
Sael Kumbedi,fr FRA,DF,Lyon,fr Ligue 1,19,14,12,951,10.6,0,0,0,0.3,0.3,0.3,4,2,50.0,0.0,0.0,-0.3,85.7,5,37,23,28,14,8,32,629,324,40.9,32,0.0,0.0,0.0,0.02839116719242902,0.02839116719242902,0.3785488958990536,0.1892744479495268,0.47318611987381703,5.678233438485804,2.6498422712933754,0.7570977917981072,3.028391167192429,3.028391167192429
Marash Kumbulla,al ALB,DF,Espanyol,es La Liga,24,35,34,2972,33.0,3,0,3,1.8,1.8,0.0,16,5,31.3,0.19,0.6,1.2,84.5,1,71,11,51,26,34,224,1845,998,50.0,74,0.0908479138627187,0.0,0.0908479138627187,0.05450874831763122,0.0,0.4845222072678331,0.15141318977119786,0.03028263795423957,2.483176312247645,1.544414535666218,1.0296096904441452,2.2409152086137283,6.783310901749664
Jonah Kusi-Asare,se SWE,FW,Bayern Munich,de Bundesliga,17,1,0,3,0.0,0,0,0,0.0,0.0,0.0,1,0,0.0,0.0,,0.0,100.0,0,0,0,1,0,0,0,3,1,,0,0.0,0.0,0.0,0.0,0.0,30.0,0.0,0.0,0.0,30.0,0.0,0.0,0.0
Daler Kuzyaev,ru RUS,MF,Le Havre,fr Ligue 1,31,12,6,567,6.3,1,0,1,0.2,0.2,0.6,4,3,75.0,0.25,0.33,0.8,81.2,2,32,4,13,8,9,8,317,140,66.7,27,0.15873015873015872,0.0,0.15873015873015872,0.03174603174603175,0.09523809523809522,0.6349206349206349,0.47619047619047616,0.31746031746031744,5.7142857142857135,2.0634920634920633,1.4285714285714284,4.285714285714286,1.2698412698412698
Khvicha Kvaratskhelia,ge GEO,"FW,MF",Napoli,it Serie A,23,17,15,1178,13.1,5,3,8,4.1,3.4,3.7,49,16,32.7,0.08,0.25,0.9,76.4,28,57,74,15,9,4,7,659,405,26.4,45,0.38200339558573854,0.22920203735144315,0.6112054329371817,0.31324278438030556,0.2826825127334465,3.7436332767402374,1.2224108658743633,2.1392190152801356,10.008488964346348,1.1460101867572157,0.30560271646859083,3.4380305602716468,0.5348047538200339
Khvicha Kvaratskhelia,ge GEO,FW,Paris S-G,fr Ligue 1,23,14,11,916,10.2,4,3,7,3.3,3.3,4.9,34,15,44.1,0.12,0.27,0.7,85.6,25,43,50,19,13,2,4,668,444,47.2,27,0.3930131004366812,0.2947598253275109,0.6877729257641921,0.324235807860262,0.48144104803493454,3.3406113537117905,1.4737991266375545,2.4563318777292578,9.137554585152838,1.8668122270742358,0.1965065502183406,2.6528384279475983,0.3930131004366812
Moritz-Broni Kwarteng,gh GHA,"MF,FW",Bochum,de Bundesliga,26,7,0,172,1.9,0,0,0,0.2,0.2,0.2,6,1,16.7,0.0,0.0,-0.2,79.5,4,12,4,4,3,0,1,104,63,85.7,8,0.0,0.0,0.0,0.10465116279069767,0.10465116279069767,3.13953488372093,0.5232558139534884,2.0930232558139537,8.372093023255815,2.0930232558139537,0.0,4.186046511627907,0.5232558139534884
Giorgos Kyriakopoulos,gr GRE,DF,Monza,it Serie A,28,34,33,2845,31.6,2,4,6,0.9,0.9,3.3,27,9,33.3,0.07,0.22,1.1,74.8,41,97,67,43,26,23,79,1692,865,37.2,94,0.0632688927943761,0.1265377855887522,0.1898066783831283,0.028471001757469243,0.10439367311072056,0.8541300527240773,0.28471001757469244,1.29701230228471,5.18804920913884,1.360281195079086,0.7275922671353252,2.973637961335677,2.499121265377856
Luca de la Torre,us USA,MF,Celta Vigo,es La Liga,26,1,0,4,0.0,0,0,0,0.0,0.0,0.0,0,0,,,,0.0,80.0,0,0,0,0,0,0,0,8,5,0.0,0,0.0,0.0,0.0,0.0,0.0,0.0,0.0,0.0,0.0,0.0,0.0,0.0,0.0
Rémy Labeau Lascary,gp GLP,"FW,MF",Lens,fr Ligue 1,21,14,6,637,7.1,2,1,3,2.5,2.5,1.1,14,5,35.7,0.14,0.4,-0.5,73.0,7,7,17,16,10,1,7,275,162,46.2,21,0.282574568288854,0.141287284144427,0.42386185243328095,0.3532182103610675,0.15541601255886972,1.978021978021978,0.706436420722135,0.989010989010989,3.3908948194662476,2.260596546310832,0.141287284144427,2.967032967032967,0.989010989010989
Gaëtan Laborde,fr FRA,FW,Nice,fr Ligue 1,30,28,20,1829,20.3,11,4,15,11.7,8.6,3.5,70,20,28.6,0.1,0.35,-0.7,69.6,27,40,30,19,13,6,20,730,362,48.6,49,0.541279387643521,0.19682886823400764,0.7381082558775287,0.5757244395844724,0.1722252597047567,3.444505194095134,0.9841443411700382,1.3285948605795517,3.444505194095134,0.9349371241115364,0.2952433023510115,2.4111536358665937,0.9841443411700382
Alexandre Lacazette,fr FRA,FW,Lyon,fr Ligue 1,33,30,24,2051,22.8,15,2,17,16.3,11.7,3.4,53,31,58.5,0.19,0.32,-1.3,71.8,26,66,24,13,6,8,7,742,418,45.2,28,0.6582155046318868,0.08776206728425158,0.7459775719161386,0.7152608483666504,0.14919551438322767,2.325694783032667,1.3603120429058995,1.1409068746952706,3.949293027791321,0.5704534373476353,0.3510482691370063,1.2286689419795223,0.30716723549488056
Younes Lachaab,fr FRA,"MF,FW",Lille,fr Ligue 1,19,2,0,9,0.1,0,0,0,0.1,0.1,0.0,1,0,0.0,0.0,,-0.1,50.0,0,0,1,1,1,1,0,8,3,100.0,0,0.0,0.0,0.0,1.0,0.0,10.0,0.0,0.0,10.0,10.0,10.0,0.0,0.0
Maxence Lacroix,fr FRA,DF,Crystal Palace,eng Premier League,24,35,35,3116,34.6,1,1,2,3.4,3.4,1.0,30,5,16.7,0.03,0.2,-2.4,81.7,8,65,8,68,41,54,207,1934,1030,57.1,130,0.02888318356867779,0.02888318356867779,0.05776636713735558,0.0982028241335045,0.02888318356867779,0.8664955070603338,0.14441591784338897,0.2310654685494223,2.1084724005134787,1.9640564826700897,1.5596919127086009,3.754813863928113,5.978818998716302
Yoel Lago,es ESP,DF,Celta Vigo,es La Liga,20,8,7,583,6.5,0,1,1,0.0,0.0,0.1,0,0,,,,0.0,92.5,1,31,1,12,8,4,30,487,289,60.0,22,0.0,0.15437392795883362,0.15437392795883362,0.0,0.015437392795883364,0.0,0.0,0.15437392795883362,4.939965694682676,1.8524871355060035,0.6174957118353345,3.3962264150943393,4.631217838765009
Konrad Laimer,at AUT,DF,Bayern Munich,de Bundesliga,27,29,19,1699,18.9,2,2,4,2.1,2.1,2.7,18,6,33.3,0.11,0.33,-0.1,87.8,20,141,87,49,27,8,24,1421,816,56.7,81,0.10594467333725721,0.10594467333725721,0.21188934667451442,0.11124190700412008,0.14302530900529725,0.9535020600353148,0.31783402001177163,1.0594467333725721,12.077692760447322,2.5956444967628016,0.42377869334902885,4.290759270158917,1.2713360800470865
Stefan Lainer,at AUT,DF,Gladbach,de Bundesliga,31,21,6,757,8.4,1,0,1,0.3,0.3,1.0,4,1,25.0,0.25,1.0,0.7,77.4,9,25,25,22,13,12,30,565,288,50.0,24,0.11889035667107001,0.0,0.11889035667107001,0.035667107001321,0.11889035667107001,0.47556142668428003,0.11889035667107001,1.07001321003963,5.944517833553501,2.6155878467635403,1.42668428005284,2.85336856010568,3.5667107001321003
Kenny Lala,mg MAD,DF,Brest,fr Ligue 1,32,30,29,2686,29.8,3,2,5,3.0,0.6,4.3,9,4,44.4,0.0,0.0,0.0,76.1,41,138,58,66,42,25,75,2043,1054,62.5,154,0.10052122114668652,0.06701414743112435,0.16753536857781087,0.10052122114668652,0.14408041697691734,0.3015636634400596,0.1340282948622487,1.3737900223380493,6.567386448250186,2.2114668652271035,0.8376768428890543,5.160089352196575,2.513030528667163
Adam Lallana,eng ENG,MF,Southampton,eng Premier League,36,14,5,361,4.0,0,2,2,0.2,0.2,0.9,3,0,0.0,0.0,,-0.2,85.0,4,24,6,8,5,5,5,318,178,41.7,19,0.0,0.4986149584487535,0.4986149584487535,0.04986149584487535,0.22437673130193905,0.7479224376731303,0.0,0.997229916897507,7.479224376731302,1.994459833795014,1.2465373961218835,4.7368421052631575,1.2465373961218835
Mathis Lambourde,fr FRA,"FW,MF",Hellas Verona,it Serie A,18,7,0,89,1.0,1,0,1,0.2,0.2,0.1,2,1,50.0,0.5,1.0,0.8,56.5,1,0,1,3,1,0,1,38,24,33.3,3,1.0112359550561798,0.0,1.0112359550561798,0.20224719101123598,0.10112359550561799,2.0224719101123596,1.0112359550561798,1.0112359550561798,1.0112359550561798,3.033707865168539,0.0,3.033707865168539,1.0112359550561798
Mohamed Lamine Bayo,gn GUI,FW,Lille,fr Ligue 1,26,12,4,309,3.4,2,1,3,2.2,2.2,0.5,10,4,40.0,0.2,0.5,-0.2,70.7,4,4,4,1,1,0,4,98,59,50.0,5,0.5825242718446603,0.29126213592233013,0.8737864077669902,0.6407766990291263,0.14563106796116507,2.9126213592233006,1.1650485436893205,1.1650485436893205,2.330097087378641,0.29126213592233013,0.0,1.4563106796116503,1.1650485436893205
Tariq Lamptey,gh GHA,DF,Brighton,eng Premier League,23,15,10,860,9.6,2,2,4,0.4,0.4,0.8,6,2,33.3,0.33,1.0,1.6,81.1,5,14,32,17,11,7,23,535,292,32.3,39,0.20930232558139533,0.20930232558139533,0.41860465116279066,0.04186046511627907,0.08372093023255814,0.627906976744186,0.20930232558139533,0.5232558139534884,4.813953488372093,1.7790697674418605,0.7325581395348837,4.0813953488372094,2.4069767441860463
Will Lankshear,eng ENG,"FW,MF",Tottenham,eng Premier League,19,3,0,11,0.1,0,0,0,0.0,0.0,0.0,0,0,,,,0.0,0.0,0,0,0,0,0,0,0,3,3,,0,0.0,0.0,0.0,0.0,0.0,0.0,0.0,0.0,0.0,0.0,0.0,0.0,0.0
Gianluca Lapadula,pe PER,"FW,MF",Cagliari,it Serie A,34,12,1,310,3.4,0,0,0,1.4,1.4,0.1,15,3,20.0,0.0,0.0,-1.4,60.3,3,7,7,2,0,0,1,96,43,100.0,5,0.0,0.0,0.0,0.4064516129032258,0.02903225806451613,4.354838709677419,0.8709677419354839,0.8709677419354839,4.064516129032258,0.5806451612903226,0.0,1.4516129032258065,0.2903225806451613
Cyle Larin,ca CAN,FW,Mallorca,es La Liga,29,32,21,1764,19.6,7,2,9,6.9,6.1,1.4,38,14,36.8,0.16,0.43,0.1,67.5,8,20,20,12,6,1,16,561,316,26.7,46,0.3571428571428571,0.10204081632653061,0.4591836734693877,0.35204081632653067,0.07142857142857142,1.9387755102040818,0.7142857142857142,0.40816326530612246,2.0408163265306123,0.6122448979591837,0.05102040816326531,2.3469387755102042,0.8163265306122449
Hugo Larsson,se SWE,MF,Eint Frankfurt,de Bundesliga,20,33,28,2393,26.6,3,1,4,3.1,3.1,2.1,21,10,47.6,0.14,0.3,-0.1,86.9,21,121,16,47,27,30,35,1478,803,63.2,121,0.11282908483075636,0.03760969494358546,0.15043877977434184,0.11659005432511492,0.07898035938152947,0.7898035938152945,0.3760969494358546,0.7898035938152945,5.1525282072712075,1.7676556623485165,1.1282908483075638,4.55077308817384,1.316339323025491
Juanmi Latasa,es ESP,FW,Valladolid,es La Liga,23,28,14,1398,15.5,3,0,3,4.2,4.2,0.9,40,13,32.5,0.08,0.23,-1.2,59.2,13,17,3,4,2,0,11,390,153,53.3,24,0.19313304721030042,0.0,0.19313304721030042,0.2703862660944206,0.057939914163090134,2.575107296137339,0.8369098712446352,0.8369098712446352,1.2875536480686696,0.2575107296137339,0.0,1.5450643776824033,0.7081545064377682
Toni Lato,es ESP,DF,Mallorca,es La Liga,26,14,7,621,6.9,0,0,0,0.0,0.0,0.4,0,0,,,,0.0,75.2,6,26,15,17,11,6,33,396,155,0.0,30,0.0,0.0,0.0,0.0,0.057971014492753624,0.0,0.0,0.8695652173913043,5.942028985507246,2.463768115942029,0.8695652173913043,4.3478260869565215,4.782608695652174
Roméo Lavia,be BEL,MF,Chelsea,eng Premier League,20,16,11,797,8.9,0,1,1,0.3,0.3,0.7,2,0,0.0,0.0,,-0.3,91.7,7,31,3,22,13,16,10,493,295,62.5,40,0.0,0.11292346298619824,0.11292346298619824,0.03387703889585947,0.07904642409033877,0.22584692597239647,0.0,0.7904642409033876,3.8393977415307408,2.484316185696361,1.8067754077791718,4.51693851944793,1.1292346298619824
Valentino Lazaro,at AUT,"DF,FW",Torino,it Serie A,28,33,26,2307,25.6,0,6,6,1.0,1.0,3.3,16,2,12.5,0.0,0.0,-1.0,75.1,33,76,35,26,12,11,38,1368,726,37.8,94,0.0,0.2340702210663199,0.2340702210663199,0.03901170351105331,0.12873862158647595,0.624187256176853,0.07802340702210663,1.2873862158647593,4.3302990897269185,1.0143042912873863,0.42912873862158646,3.6671001300390116,1.482444733420026
Darko Lazović,rs SRB,"DF,MF",Hellas Verona,it Serie A,33,27,17,1459,16.2,2,3,5,2.5,1.7,3.4,19,3,15.8,0.05,0.33,-0.5,62.4,18,40,22,21,10,11,39,659,318,31.8,59,0.12337217272104181,0.1850582590815627,0.30843043180260454,0.15421521590130227,0.2097326936257711,1.1720356408498973,0.1850582590815627,1.1103495544893762,3.824537354352296,1.295407813570939,0.67854694996573,3.639479095270733,2.4057573680603155
Manuel Lazzari,it ITA,DF,Lazio,it Serie A,30,25,16,1406,15.6,0,1,1,0.1,0.1,1.3,6,2,33.3,0.0,0.0,-0.1,79.1,20,66,72,26,16,10,19,896,518,62.5,50,0.0,0.06401137980085349,0.06401137980085349,0.006401137980085349,0.08321479374110953,0.38406827880512096,0.12802275960170698,1.2802275960170697,8.833570412517782,1.6642958748221908,0.6401137980085349,3.2005689900426746,1.2162162162162162
Julien Le Cardinal,fr FRA,DF,Brest,fr Ligue 1,26,16,15,1378,15.3,0,1,1,0.4,0.4,0.3,10,3,30.0,0.0,0.0,-0.4,86.4,5,39,7,27,15,33,75,994,539,66.7,48,0.0,0.06531204644412192,0.06531204644412192,0.02612481857764877,0.019593613933236574,0.6531204644412192,0.19593613933236573,0.3265602322206096,3.004354136429608,1.7634252539912916,2.1552975326560233,3.1349782293178516,4.898403483309144
Jérémy Le Douaron,fr FRA,FW,Brest,fr Ligue 1,26,2,1,102,1.1,0,0,0,0.2,0.2,0.0,2,1,50.0,0.0,0.0,-0.2,78.6,0,1,1,1,0,0,0,23,13,0.0,2,0.0,0.0,0.0,0.1764705882352941,0.0,1.7647058823529411,0.8823529411764706,0.0,1.7647058823529411,0.8823529411764706,0.0,1.7647058823529411,0.0
Enzo Le Fée,fr FRA,MF,Roma,it Serie A,24,6,4,318,3.5,0,0,0,0.2,0.2,0.1,4,2,50.0,0.0,0.0,-0.2,85.9,3,28,15,7,4,5,2,297,204,50.0,22,0.0,0.0,0.0,0.05660377358490567,0.028301886792452834,1.1320754716981132,0.5660377358490566,0.8490566037735848,12.169811320754716,1.981132075471698,1.4150943396226414,6.226415094339623,0.5660377358490566
Robin Le Normand,es ESP,DF,Atlético Madrid,es La Liga,27,27,24,2151,23.9,1,0,1,1.5,1.5,0.5,11,3,27.3,0.09,0.33,-0.5,90.4,3,55,11,27,18,10,120,1523,1001,50.0,82,0.04184100418410042,0.0,0.04184100418410042,0.06276150627615062,0.02092050209205021,0.4602510460251046,0.12552301255230125,0.12552301255230125,2.7615062761506275,1.1297071129707112,0.4184100418410042,3.430962343096234,5.02092050209205
Rafael Leão,pt POR,FW,Milan,it Serie A,25,34,25,2323,25.8,8,8,16,7.6,7.6,8.4,66,29,43.9,0.12,0.28,0.4,74.2,58,93,123,16,10,6,4,1135,780,45.7,66,0.30994403788204905,0.30994403788204905,0.6198880757640981,0.29444683598794663,0.3254412397761515,2.5570383125269047,1.123547137322428,2.247094274644856,8.368489022815325,0.6198880757640981,0.23245802841153682,2.5570383125269047,0.15497201894102453
Pierre Lees-Melou,fr FRA,MF,Brest,fr Ligue 1,31,20,17,1526,17.0,2,2,4,1.3,1.3,2.8,22,8,36.4,0.09,0.25,0.7,85.3,19,105,23,48,33,12,23,1228,697,57.1,125,0.11795543905635648,0.11795543905635648,0.23591087811271297,0.07667103538663171,0.16513761467889906,1.2975098296199215,0.47182175622542594,1.1205766710353866,7.549148099606815,2.8309305373525553,0.7077326343381388,7.372214941022281,1.3564875491480997
Jordan Lefort,fr FRA,DF,Angers,fr Ligue 1,30,34,34,3060,34.0,0,1,1,0.6,0.6,1.1,9,1,11.1,0.0,0.0,-0.6,82.7,10,89,6,52,30,32,206,2144,1196,47.1,110,0.0,0.029411764705882353,0.029411764705882353,0.01764705882352941,0.03235294117647059,0.2647058823529412,0.029411764705882353,0.29411764705882354,2.7941176470588234,1.5294117647058822,0.9411764705882353,3.2352941176470584,6.0588235294117645
Diogo Leite,pt POR,DF,Union Berlin,de Bundesliga,25,30,29,2546,28.3,1,2,3,1.4,1.4,1.0,18,8,44.4,0.06,0.13,-0.4,78.6,13,116,20,64,32,57,162,1803,853,66.7,104,0.03534956794972506,0.07069913589945012,0.10604870384917518,0.04948939512961508,0.03534956794972506,0.6362922230950511,0.2827965435978005,0.4595443833464258,4.807541241162609,2.262372348782404,2.014925373134328,3.676355066771406,5.7266300078554595
Maxim Leitsch,de GER,DF,Mainz 05,de Bundesliga,26,14,6,674,7.5,1,0,1,1.2,1.2,0.2,6,1,16.7,0.17,1.0,-0.2,78.1,2,25,4,12,4,10,42,473,173,0.0,36,0.13353115727002968,0.0,0.13353115727002968,0.1602373887240356,0.026706231454005937,0.8011869436201781,0.13353115727002968,0.26706231454005935,3.8724035608308607,1.6023738872403561,1.3353115727002969,4.807121661721068,5.6083086053412465
Florian Lejeune,fr FRA,DF,Rayo Vallecano,es La Liga,33,37,37,3325,36.9,2,3,5,3.6,3.6,1.9,58,17,29.3,0.03,0.12,-1.6,83.8,14,143,21,46,28,41,181,2486,1469,66.7,156,0.05413533834586466,0.081203007518797,0.13533834586466167,0.09744360902255639,0.05142857142857142,1.569924812030075,0.46015037593984964,0.37894736842105264,4.439097744360902,1.245112781954887,1.1097744360902255,4.222556390977443,4.899248120300752
Stefan Lekovic,rs SRB,DF,Monza,it Serie A,20,7,3,367,4.1,0,0,0,0.1,0.1,0.0,3,0,0.0,0.0,,-0.1,86.2,0,15,4,9,4,7,5,225,128,66.7,18,0.0,0.0,0.0,0.02452316076294278,0.0,0.7356948228882834,0.0,0.0,4.659400544959128,2.20708446866485,1.7166212534059946,4.4141689373297,1.2261580381471389
Iñigo Lekue,es ESP,DF,Athletic Club,es La Liga,31,16,8,773,8.6,0,0,0,0.2,0.2,0.5,2,0,0.0,0.0,,-0.2,78.6,8,35,13,15,12,9,29,521,245,42.9,39,0.0,0.0,0.0,0.02328589909443726,0.05821474773609315,0.2328589909443726,0.0,0.9314359637774904,5.588615782664942,1.7464424320827943,1.0478654592496766,4.540750323415265,3.3764553686934025
Nunzio Lella,it ITA,MF,Venezia,it Serie A,24,1,0,5,0.1,0,0,0,0.0,0.0,0.0,0,0,,,,0.0,100.0,0,0,0,0,0,0,0,1,2,,0,0.0,0.0,0.0,0.0,0.0,0.0,0.0,0.0,0.0,0.0,0.0,0.0,0.0
Thomas Lemar,fr FRA,MF,Atlético Madrid,es La Liga,28,5,0,85,0.9,0,0,0,0.3,0.3,0.2,2,1,50.0,0.0,0.0,-0.3,83.8,2,8,1,2,1,0,1,78,55,0.0,3,0.0,0.0,0.0,0.3176470588235294,0.21176470588235297,2.1176470588235294,1.0588235294117647,2.1176470588235294,9.529411764705882,2.1176470588235294,0.0,3.176470588235294,1.0588235294117647
Félix Lemaréchal,fr FRA,"MF,FW",Strasbourg,fr Ligue 1,20,27,20,1779,19.8,4,3,7,3.5,3.5,2.9,25,9,36.0,0.16,0.44,0.5,79.4,29,58,35,35,24,14,19,935,466,50.0,62,0.20236087689713322,0.15177065767284992,0.35413153456998314,0.17706576728499157,0.14671163575042157,1.2647554806070826,0.4553119730185497,1.4671163575042157,4.704890387858347,1.7706576728499155,0.7082630691399663,3.136593591905565,0.9612141652613828
Mario Lemina,ga GAB,"MF,DF",Wolves,eng Premier League,30,17,15,1364,15.2,1,3,4,1.4,1.4,1.1,18,5,27.8,0.06,0.2,-0.4,80.4,10,48,8,51,31,27,50,809,382,62.5,73,0.06598240469208211,0.19794721407624635,0.26392961876832843,0.09237536656891496,0.07258064516129033,1.187683284457478,0.3299120234604106,0.6598240469208212,3.695014662756598,3.365102639296188,1.781524926686217,4.816715542521994,3.2991202346041058
Clément Lenglet,fr FRA,DF,Atlético Madrid,es La Liga,29,23,23,1972,21.9,2,1,3,2.4,2.4,1.1,10,4,40.0,0.2,0.5,-0.4,87.5,5,79,16,27,17,22,104,1583,1065,100.0,74,0.09127789046653144,0.04563894523326572,0.13691683569979715,0.10953346855983773,0.05020283975659229,0.4563894523326572,0.18255578093306288,0.2281947261663286,4.335699797160244,1.2322515212981744,1.0040567951318458,3.3772819472616633,4.746450304259635
Giovanni Leoni,it ITA,DF,Parma,it Serie A,17,17,14,1199,13.3,1,0,1,0.1,0.1,0.0,2,1,50.0,0.5,1.0,0.9,87.7,1,21,0,14,6,15,63,774,449,100.0,34,0.0750625521267723,0.0,0.0750625521267723,0.007506255212677232,0.0,0.1501251042535446,0.0750625521267723,0.0750625521267723,1.5763135946622184,1.0508757297748124,1.1259382819015846,2.5521267723102588,4.728940783986656
Esteban Lepaul,fr FRA,FW,Angers,fr Ligue 1,24,28,18,1629,18.1,9,0,9,5.1,5.1,0.8,41,17,41.5,0.22,0.53,3.9,67.1,7,20,26,11,6,4,10,504,246,28.6,45,0.49723756906077343,0.0,0.49723756906077343,0.281767955801105,0.044198895027624314,2.265193370165746,0.9392265193370165,0.3867403314917127,2.541436464088398,0.6077348066298343,0.22099447513812154,2.4861878453038675,0.5524861878453039
Johann Lepenant,fr FRA,MF,Nantes,fr Ligue 1,21,29,23,2048,22.8,2,1,3,1.4,1.4,0.9,20,5,25.0,0.1,0.4,0.6,80.3,8,89,25,68,33,18,25,992,502,50.0,89,0.087890625,0.0439453125,0.1318359375,0.06152343749999999,0.03955078125,0.87890625,0.2197265625,0.3515625,5.009765625,2.98828125,0.791015625,3.9111328125,1.0986328125
Jefferson Lerma,co COL,"MF,DF",Crystal Palace,eng Premier League,29,33,26,2274,25.3,0,1,1,1.1,1.1,1.6,26,8,30.8,0.0,0.0,-1.1,75.3,10,97,13,35,17,42,80,1406,649,53.8,154,0.0,0.0395778364116095,0.0395778364116095,0.04353562005277045,0.0633245382585752,1.029023746701847,0.316622691292876,0.395778364116095,4.353562005277045,1.3852242744063326,1.662269129287599,6.094986807387863,3.16622691292876
Louis Leroux,fr FRA,"MF,DF",Nantes,fr Ligue 1,18,16,8,816,9.1,2,1,3,1.5,1.5,1.3,9,5,55.6,0.22,0.4,0.5,82.7,12,31,11,25,18,8,19,411,214,40.0,43,0.22058823529411764,0.11029411764705882,0.33088235294117646,0.16544117647058823,0.14338235294117646,0.9926470588235294,0.5514705882352942,1.3235294117647058,4.63235294117647,2.7573529411764706,0.8823529411764706,4.742647058823529,2.0955882352941178
Robert Lewandowski,pl POL,FW,Barcelona,es La Liga,35,34,32,2667,29.6,27,2,29,27.1,24.0,2.3,111,45,40.5,0.22,0.53,-0.1,73.4,19,48,27,10,5,3,26,841,472,57.1,45,0.9111361079865017,0.06749156355455568,0.9786276715410573,0.9145106861642295,0.07761529808773902,3.7457817772778403,1.5185601799775028,0.641169853768279,2.530933633295838,0.3374578177727784,0.10123734533183353,1.5185601799775028,0.8773903262092239
Jamie Leweling,de GER,"MF,FW",Stuttgart,de Bundesliga,23,27,22,1663,18.5,2,2,4,1.6,1.6,3.8,29,16,55.2,0.07,0.13,0.4,70.5,25,51,55,16,6,11,17,801,540,50.0,73,0.10823812387251955,0.10823812387251955,0.2164762477450391,0.08659049909801564,0.20565243535778713,1.5694527961515334,0.8659049909801564,1.3529765484064944,5.736620565243536,0.8659049909801564,0.5953096812988575,3.9506915213469633,0.9200240529164162
Rico Lewis,eng ENG,"DF,MF",Manchester City,eng Premier League,19,28,21,1893,21.0,1,2,3,1.4,1.4,0.3,10,2,20.0,0.1,0.5,-0.4,91.5,7,107,39,30,19,13,45,1477,865,42.9,95,0.04754358161648178,0.09508716323296355,0.14263074484944532,0.06656101426307448,0.014263074484944533,0.4754358161648178,0.09508716323296355,0.33280507131537246,6.941362916006339,1.4263074484944533,0.618066561014263,4.516640253565768,2.13946117274168
Keane Lewis-Potter,eng ENG,"DF,FW",Brentford,eng Premier League,23,38,36,3093,34.4,1,3,4,3.1,3.1,3.2,28,14,50.0,0.04,0.07,-2.1,77.1,26,98,98,49,27,21,76,1613,868,40.6,146,0.02909796314258002,0.08729388942774007,0.11639185257032009,0.09020368574199805,0.09311348205625607,0.8147429679922407,0.40737148399612033,0.7565470417070804,5.703200775945684,1.425800193986421,0.6110572259941804,4.248302618816683,2.2114451988360817
Myles Lewis-Skelly,eng ENG,DF,Arsenal,eng Premier League,17,23,15,1369,15.2,1,0,1,0.2,0.2,0.4,3,1,33.3,0.33,1.0,0.8,91.2,8,71,37,22,14,7,27,905,526,42.9,53,0.06574141709276844,0.0,0.06574141709276844,0.01314828341855369,0.02629656683710738,0.19722425127830534,0.06574141709276844,0.5259313367421475,7.100073046018991,1.4463111760409055,0.46018991964937916,3.4842951059167278,1.7750182615047478
Ben Lhassine Kone,ci CIV,MF,Como,it Serie A,24,4,0,51,0.6,0,0,0,0.0,0.0,0.0,1,0,0.0,0.0,,0.0,95.8,0,3,0,2,2,1,1,35,25,100.0,7,0.0,0.0,0.0,0.0,0.0,1.7647058823529411,0.0,0.0,5.294117647058823,3.5294117647058822,1.7647058823529411,12.352941176470589,1.7647058823529411
Mattia Liberali,it ITA,MF,Milan,it Serie A,17,1,1,61,0.7,0,0,0,0.1,0.1,0.0,2,0,0.0,0.0,,-0.1,77.4,1,5,1,2,1,0,0,38,30,0.0,4,0.0,0.0,0.0,0.14754098360655737,0.0,2.9508196721311477,0.0,1.4754098360655739,8.852459016393443,2.9508196721311477,0.0,5.901639344262295,0.0
Philipp Lienhart,at AUT,DF,Freiburg,de Bundesliga,28,32,31,2770,30.8,1,0,1,0.5,0.5,0.8,8,1,12.5,0.13,1.0,0.5,86.2,6,138,44,22,13,36,124,2520,1444,40.0,113,0.032490974729241874,0.0,0.032490974729241874,0.016245487364620937,0.025992779783393503,0.259927797833935,0.032490974729241874,0.19494584837545126,5.913357400722022,0.7148014440433214,1.1696750902527075,3.671480144404332,4.028880866425992
Matthijs de Ligt,nl NED,DF,Manchester Utd,eng Premier League,24,29,25,2123,23.6,2,0,2,2.5,2.5,0.3,18,9,50.0,0.11,0.22,-0.5,89.9,6,55,7,30,22,33,96,1608,1078,50.0,68,0.08478568064060292,0.0,0.08478568064060292,0.10598210080075365,0.012717852096090436,0.7630711257654264,0.3815355628827132,0.25435704192180875,2.6283560998586903,1.2717852096090438,1.3989637305699483,2.882713141780499,4.06971267074894
Pedro Lima,br BRA,DF,Wolves,eng Premier League,18,3,1,70,0.8,0,0,0,0.1,0.1,0.1,1,1,100.0,0.0,0.0,-0.1,73.7,2,4,4,1,0,2,5,48,22,33.3,3,0.0,0.0,0.0,0.12857142857142856,0.12857142857142856,1.2857142857142856,1.2857142857142856,2.571428571428571,10.285714285714285,1.2857142857142856,2.571428571428571,3.857142857142857,6.428571428571428
Victor Lindelöf,se SWE,DF,Manchester Utd,eng Premier League,30,16,6,704,7.8,0,0,0,0.0,0.0,0.1,0,0,,,,0.0,93.8,3,26,5,7,2,8,36,452,263,,29,0.0,0.0,0.0,0.0,0.012784090909090912,0.0,0.0,0.38352272727272724,3.963068181818182,0.8948863636363636,1.0227272727272727,3.7073863636363633,4.6022727272727275
Jesper Lindstrøm,dk DEN,FW,Everton,eng Premier League,24,25,15,1239,13.8,0,1,1,2.1,2.1,2.0,28,10,35.7,0.0,0.0,-2.1,69.4,19,25,30,45,25,12,17,625,302,18.6,70,0.0,0.07263922518159806,0.07263922518159806,0.15254237288135594,0.14527845036319612,2.0338983050847457,0.7263922518159805,1.3801452784503632,3.9951573849878934,3.2687651331719128,0.8716707021791767,5.084745762711864,1.234866828087167
Karol Linetty,pl POL,MF,Torino,it Serie A,29,28,18,1540,17.1,1,0,1,1.1,1.1,0.9,17,4,23.5,0.06,0.25,-0.1,84.6,10,47,18,39,23,12,31,732,397,33.3,63,0.05844155844155844,0.0,0.05844155844155844,0.0642857142857143,0.052597402597402594,0.9935064935064936,0.23376623376623376,0.5844155844155845,3.7987012987012987,2.2792207792207795,0.7012987012987013,3.6818181818181817,1.8116883116883116
Samuel Lino,br BRA,"MF,DF",Atlético Madrid,es La Liga,24,31,21,1552,17.2,3,4,7,6.0,6.0,2.9,45,18,40.0,0.07,0.17,-3.0,79.4,22,73,72,33,17,8,13,1038,678,48.2,85,0.17396907216494845,0.23195876288659795,0.40592783505154634,0.3479381443298969,0.1681701030927835,2.609536082474227,1.0438144329896908,1.2757731958762886,8.408505154639176,1.913659793814433,0.4639175257731959,4.929123711340206,0.7538659793814433
Pol Lirola,es ESP,DF,Marseille,fr Ligue 1,26,19,5,680,7.6,1,2,3,0.6,0.6,0.7,6,1,16.7,0.17,1.0,0.4,83.1,8,21,12,13,9,4,12,460,248,33.3,29,0.1323529411764706,0.2647058823529412,0.39705882352941174,0.07941176470588235,0.0926470588235294,0.7941176470588235,0.1323529411764706,1.0588235294117647,4.36764705882353,1.7205882352941178,0.5294117647058824,3.838235294117647,1.588235294117647
Dailon Livramento,cv CPV,"FW,MF",Hellas Verona,it Serie A,23,29,8,940,10.4,1,1,2,1.8,1.8,0.9,13,4,30.8,0.08,0.25,-0.8,53.9,8,13,23,15,11,3,9,307,161,24.0,21,0.09574468085106383,0.09574468085106383,0.19148936170212766,0.1723404255319149,0.08617021276595745,1.2446808510638296,0.3829787234042553,0.7659574468085106,3.4468085106382977,1.4361702127659572,0.28723404255319146,2.0106382978723407,0.8617021276595744
Valentino Livramento,eng ENG,DF,Newcastle Utd,eng Premier League,21,37,32,2840,31.6,0,1,1,0.3,0.3,2.6,6,2,33.3,0.0,0.0,-0.3,85.4,25,158,83,54,36,23,108,1964,1023,44.6,189,0.0,0.03169014084507042,0.03169014084507042,0.009507042253521126,0.0823943661971831,0.1901408450704225,0.06338028169014084,0.7922535211267606,7.637323943661972,1.7112676056338028,0.7288732394366196,5.989436619718309,3.4225352112676055
Marin Ljubicic,hr CRO,"FW,MF",Union Berlin,de Bundesliga,22,13,1,281,3.1,1,1,2,0.4,0.4,0.6,2,1,50.0,0.5,1.0,0.6,56.7,2,6,1,2,1,0,7,90,52,33.3,12,0.32028469750889677,0.32028469750889677,0.6405693950177935,0.12811387900355872,0.19217081850533804,0.6405693950177935,0.32028469750889677,0.6405693950177935,2.2419928825622777,0.6405693950177935,0.0,3.8434163701067616,2.2419928825622777
Javier Llabrés,es ESP,FW,Mallorca,es La Liga,21,1,1,57,0.6,0,0,0,0.0,0.0,0.1,1,0,0.0,0.0,,0.0,83.3,1,3,3,0,0,0,0,29,17,,3,0.0,0.0,0.0,0.0,0.15789473684210525,1.5789473684210527,0.0,1.5789473684210527,9.473684210526315,0.0,0.0,4.7368421052631575,0.0
Diego Llorente,es ESP,DF,Betis,es La Liga,30,30,29,2519,28.0,2,0,2,1.5,1.5,0.3,11,4,36.4,0.18,0.5,0.5,86.7,6,81,7,36,20,43,154,1915,1127,66.7,93,0.07145692735212386,0.0,0.07145692735212386,0.05359269551409289,0.01071853910281858,0.3930131004366812,0.14291385470424772,0.21437078205637156,3.1441048034934496,1.2862246923382294,1.536323938070663,3.322747121873759,5.502183406113537
Marcos Llorente,es ESP,"DF,MF",Atlético Madrid,es La Liga,29,33,28,2513,27.9,2,4,6,0.8,0.8,4.3,16,5,31.3,0.13,0.4,1.2,85.5,28,111,82,69,52,27,51,1808,1116,46.7,131,0.07162753680859531,0.14325507361719061,0.2148826104257859,0.02865101472343812,0.1539992041384799,0.5730202944687625,0.17906884202148826,1.0027855153203342,6.912057302029447,2.471150019896538,0.9669717469160366,4.6916036609629925,1.8265021886191803
Gautier Lloris,fr FRA,DF,Le Havre,fr Ligue 1,29,31,31,2768,30.8,2,1,3,1.2,1.2,0.9,11,2,18.2,0.18,1.0,0.8,87.2,5,99,13,68,43,34,192,1885,1028,57.1,100,0.06502890173410404,0.03251445086705202,0.09754335260115606,0.03901734104046243,0.02926300578034682,0.3576589595375722,0.06502890173410404,0.16257225433526012,3.6416184971098264,2.2109826589595376,1.1054913294797688,3.2514450867052025,6.2427745664739875
Giovani Lo Celso,ar ARG,"MF,FW",Betis,es La Liga,28,25,15,1457,16.2,8,3,11,4.8,2.4,4.9,31,16,51.6,0.19,0.38,3.2,79.0,43,132,26,34,22,5,3,1167,702,38.2,76,0.49416609471516815,0.18531228551818807,0.6794783802333562,0.2964996568291009,0.3026767330130405,1.9148936170212765,0.9883321894303363,2.656142759094029,9.75978037062457,2.1002059025394644,0.3088538091969801,4.694577899794098,0.18531228551818807
Stanislav Lobotka,sk SVK,MF,Napoli,it Serie A,29,32,31,2636,29.3,0,1,1,0.3,0.3,1.2,7,0,0.0,0.0,,-0.3,90.8,17,118,30,47,30,21,57,1967,1123,72.7,166,0.0,0.03414264036418817,0.03414264036418817,0.010242792109256448,0.04097116843702579,0.23899848254931716,0.0,0.5804248861911988,5.053110773899848,1.6047040971168438,0.7169954476479514,5.667678300455235,1.9461305007587253
Manuel Locatelli,it ITA,MF,Juventus,it Serie A,26,36,34,2822,31.4,2,2,4,1.8,1.0,2.5,24,7,29.2,0.04,0.14,0.2,87.8,29,294,33,72,49,23,77,2752,1559,36.4,141,0.06378454996456415,0.06378454996456415,0.1275690999291283,0.05740609496810773,0.07973068745570518,0.7654145995747696,0.22324592487597447,0.92487597448618,10.428773919206236,2.296243798724309,0.7335223245924876,4.496810772501772,2.455705173635719
Bradley Locko,fr FRA,DF,Brest,fr Ligue 1,22,2,1,97,1.1,0,0,0,0.0,0.0,0.0,1,0,0.0,0.0,,0.0,88.1,0,2,1,2,2,1,3,56,27,100.0,2,0.0,0.0,0.0,0.0,0.0,0.9278350515463918,0.0,0.0,2.783505154639175,1.8556701030927836,0.9278350515463918,1.8556701030927836,2.783505154639175
Ruben Loftus-Cheek,eng ENG,MF,Milan,it Serie A,28,19,10,1037,11.5,0,0,0,0.7,0.7,1.9,9,2,22.2,0.0,0.0,-0.7,89.7,16,51,27,19,8,3,20,593,362,47.8,48,0.0,0.0,0.0,0.06075216972034715,0.16489874638379942,0.781099324975892,0.17357762777242045,1.3886210221793636,6.7695274831243974,1.6489874638379944,0.2603664416586307,4.165863066538091,1.7357762777242045
Elysée Logbo,fr FRA,FW,Le Havre,fr Ligue 1,20,1,0,27,0.3,0,0,0,0.2,0.2,0.0,1,0,0.0,0.0,,-0.2,75.0,0,0,0,0,0,0,0,6,5,,1,0.0,0.0,0.0,0.6666666666666667,0.0,3.333333333333333,0.0,0.0,0.0,0.0,0.0,3.333333333333333,0.0
Enzo Loiodice,fr FRA,MF,Las Palmas,es La Liga,23,17,7,684,7.6,0,0,0,0.3,0.3,0.2,7,4,57.1,0.0,0.0,-0.3,85.1,5,31,3,17,7,10,7,532,279,30.8,29,0.0,0.0,0.0,0.039473684210526314,0.026315789473684213,0.9210526315789473,0.5263157894736842,0.6578947368421052,4.473684210526316,2.236842105263158,1.3157894736842104,3.81578947368421,0.9210526315789473
Sean Longstaff,eng ENG,MF,Newcastle Utd,eng Premier League,26,25,8,798,8.9,0,0,0,0.6,0.6,0.2,6,1,16.7,0.0,0.0,-0.6,84.5,4,40,4,27,16,7,8,434,248,28.6,31,0.0,0.0,0.0,0.06766917293233082,0.022556390977443608,0.6766917293233082,0.11278195488721804,0.45112781954887216,4.962406015037594,3.045112781954887,0.7894736842105263,3.496240601503759,0.9022556390977443
Ademola Lookman,ng NGA,"MF,FW",Atalanta,it Serie A,26,31,28,2247,25.0,15,5,20,10.3,9.5,7.1,81,32,39.5,0.17,0.44,4.7,72.5,61,73,142,32,15,3,5,1274,827,35.6,69,0.6008010680907877,0.20026702269692923,0.8010680907877169,0.4125500667556743,0.2843791722296395,3.244325767690254,1.2817089452603472,2.4432576769025367,8.611481975967958,1.2817089452603472,0.12016021361815754,2.7636849132176233,0.20026702269692923
David López,es ESP,DF,Mallorca,es La Liga,21,2,2,169,1.9,0,0,0,0.0,0.0,0.0,0,0,,,,0.0,81.1,0,4,0,3,2,1,10,71,38,,2,0.0,0.0,0.0,0.0,0.0,0.0,0.0,0.0,2.130177514792899,1.5976331360946745,0.5325443786982248,1.0650887573964496,5.325443786982248
David López,es ESP,DF,Girona,es La Liga,34,29,27,2429,27.0,1,1,2,0.9,0.9,0.6,12,3,25.0,0.08,0.33,0.1,92.1,4,132,17,32,24,14,111,2263,1405,66.7,95,0.03705228489090161,0.03705228489090161,0.07410456978180321,0.033347056401811445,0.022231370934540962,0.4446274186908193,0.11115685467270482,0.14820913956360643,5.520790448744339,1.1856731165088514,0.5187319884726225,3.5199670646356522,4.112803622890079
Diego López,es ESP,"MF,FW",Valencia,es La Liga,22,38,35,2737,30.4,8,5,13,6.6,6.6,5.0,44,14,31.8,0.18,0.57,1.4,72.1,38,85,76,31,18,16,15,1257,715,29.9,105,0.2630617464377055,0.16441359152356594,0.42747533796127146,0.21702594081110704,0.16441359152356594,1.4468396054073804,0.4603580562659847,1.2495432955791013,5.294117647058823,1.019364267446109,0.526123492875411,3.452685421994885,0.49324077457069787
Fermin López,es ESP,"MF,FW",Barcelona,es La Liga,21,28,12,1252,13.9,6,5,11,5.6,5.6,3.9,41,15,36.6,0.15,0.4,0.4,81.8,29,79,31,19,15,5,3,858,490,45.5,66,0.43130990415335463,0.35942492012779553,0.7907348242811502,0.40255591054313095,0.2803514376996805,2.9472843450479234,1.0782747603833864,2.0846645367412138,7.907348242811502,1.365814696485623,0.35942492012779553,4.744408945686901,0.21565495207667731
Javi López,es ESP,DF,Real Sociedad,es La Liga,22,29,21,1936,21.5,0,0,0,0.1,0.1,0.4,5,1,20.0,0.0,0.0,-0.1,78.4,5,73,36,40,23,11,59,1247,571,46.2,92,0.0,0.0,0.0,0.0046487603305785125,0.01859504132231405,0.23243801652892562,0.04648760330578512,0.23243801652892562,5.0671487603305785,1.859504132231405,0.5113636363636364,4.276859504132232,2.7427685950413223
Roberto López,es ESP,MF,Leganés,es La Liga,24,13,3,396,4.4,0,1,1,0.5,0.5,0.9,6,1,16.7,0.0,0.0,-0.5,73.1,10,20,3,8,6,1,7,242,122,50.0,28,0.0,0.2272727272727273,0.2272727272727273,0.11363636363636365,0.20454545454545453,1.3636363636363638,0.2272727272727273,2.2727272727272725,5.2272727272727275,1.8181818181818183,0.2272727272727273,6.363636363636363,1.5909090909090908
Unai López,es ESP,MF,Rayo Vallecano,es La Liga,28,32,23,1707,19.0,3,1,4,1.6,1.6,1.0,26,11,42.3,0.12,0.27,1.4,84.2,19,112,22,31,21,21,20,1410,828,65.2,117,0.15817223198594024,0.05272407732864675,0.210896309314587,0.0843585237258348,0.05272407732864675,1.3708260105448153,0.5799648506151143,1.001757469244288,7.065026362038664,1.6344463971880492,1.1072056239015817,6.16871704745167,1.054481546572935
Iker Losada,es ESP,"FW,MF",Celta Vigo,es La Liga,22,12,4,358,4.0,1,0,1,1.1,1.1,0.3,3,2,66.7,0.33,0.5,-0.1,75.0,5,17,9,3,3,1,8,162,87,40.0,8,0.25139664804469275,0.0,0.25139664804469275,0.276536312849162,0.07541899441340782,0.7541899441340782,0.5027932960893855,1.2569832402234635,6.5363128491620115,0.7541899441340782,0.25139664804469275,2.011173184357542,2.011173184357542
Iker Losada,es ESP,"MF,FW",Betis,es La Liga,22,10,3,336,3.7,0,0,0,0.5,0.5,0.3,5,1,20.0,0.0,0.0,-0.5,75.4,6,14,9,10,7,3,2,180,101,33.3,19,0.0,0.0,0.0,0.13392857142857142,0.08035714285714285,1.3392857142857142,0.26785714285714285,1.607142857142857,6.1607142857142865,2.6785714285714284,0.8035714285714285,5.089285714285714,0.5357142857142857
Anthony Losilla,fr FRA,MF,Bochum,de Bundesliga,38,21,13,1137,12.6,0,0,0,0.1,0.1,0.4,5,0,0.0,0.0,,-0.1,76.6,7,45,3,30,16,18,27,547,223,20.0,45,0.0,0.0,0.0,0.0079155672823219,0.0316622691292876,0.395778364116095,0.0,0.554089709762533,3.7994722955145117,2.37467018469657,1.424802110817942,3.562005277044855,2.1372031662269126
Jordan Lotomba,ch SUI,"MF,DF",Nice,fr Ligue 1,25,2,0,35,0.4,0,0,0,0.0,0.0,0.0,0,0,,,,0.0,81.0,0,3,4,0,0,0,1,24,19,33.3,2,0.0,0.0,0.0,0.0,0.0,0.0,0.0,0.0,18.0,0.0,0.0,5.142857142857142,2.571428571428571
Tom Louchet,fr FRA,"DF,MF",Nice,fr Ligue 1,21,22,7,775,8.6,1,0,1,0.8,0.8,1.2,12,4,33.3,0.08,0.25,0.2,81.7,14,36,19,27,17,18,20,579,246,30.8,36,0.11612903225806452,0.0,0.11612903225806452,0.09290322580645162,0.1393548387096774,1.3935483870967742,0.4645161290322581,1.6258064516129034,6.387096774193548,3.1354838709677417,2.0903225806451613,4.180645161290323,2.3225806451612905
Sandi Lovrić,si SVN,MF,Udinese,it Serie A,26,36,31,2308,25.6,2,3,5,2.6,2.6,3.4,49,12,24.5,0.04,0.17,-0.6,78.7,32,120,60,46,29,22,27,1258,670,43.8,118,0.0779896013864818,0.11698440207972272,0.1949740034662045,0.10138648180242633,0.13258232235701906,1.9107452339688042,0.46793760831889086,1.2478336221837087,7.019064124783362,1.7937608318890814,0.8578856152512998,4.601386481802426,1.0528596187175043
Pol Lozano,es ESP,MF,Espanyol,es La Liga,24,30,27,1943,21.6,0,1,1,0.2,0.2,0.8,8,2,25.0,0.0,0.0,-0.2,83.8,17,115,18,53,34,22,31,1026,506,26.3,86,0.0,0.04632012352032939,0.04632012352032939,0.009264024704065878,0.03705609881626351,0.3705609881626351,0.09264024704065878,0.7874420998455995,6.160576428203808,2.4549665465774577,1.0190427174472465,3.983530622748327,1.435923829130211
Lorenzo Lucca,it ITA,FW,Udinese,it Serie A,23,33,27,2353,26.1,12,1,13,7.6,6.8,1.6,64,25,39.1,0.17,0.44,4.4,64.0,14,18,15,10,6,7,27,641,350,48.0,44,0.45898852528686784,0.03824904377390565,0.49723756906077343,0.29069273268168294,0.06119847003824904,2.4479388015299617,0.9562260943476413,0.5354866128346791,1.2622184445388864,0.3824904377390565,0.26774330641733957,1.6829579260518488,1.0327241818954527
Jhon Lucumí,co COL,DF,Bologna,it Serie A,26,32,29,2614,29.0,0,1,1,0.6,0.6,0.4,13,2,15.4,0.0,0.0,-0.6,91.1,8,108,34,53,30,26,88,2294,1464,71.4,176,0.0,0.03442999234889059,0.03442999234889059,0.020657995409334353,0.013771996939556237,0.4475899005355776,0.06885998469778118,0.2754399387911247,4.889058913542464,1.8247895944912012,0.8951798010711552,6.0596786534047435,3.0298393267023718
Yannik Lührs,de GER,DF,Dortmund,de Bundesliga,20,3,1,127,1.4,0,0,0,0.0,0.0,0.0,0,0,,,,0.0,91.6,1,1,2,1,1,2,4,176,131,,5,0.0,0.0,0.0,0.0,0.0,0.0,0.0,0.7086614173228346,2.1259842519685037,0.7086614173228346,1.4173228346456692,3.543307086614173,2.8346456692913384
José Luis Gayà,es ESP,DF,Valencia,es La Liga,29,23,22,1803,20.0,0,1,1,1.0,1.0,2.6,12,4,33.3,0.0,0.0,-1.0,77.8,24,59,29,57,40,25,61,1202,555,35.0,93,0.0,0.04991680532445924,0.04991680532445924,0.04991680532445924,0.129783693843594,0.5990016638935108,0.19966722129783696,1.1980033277870217,4.392678868552412,2.8452579034941765,1.2479201331114809,4.642262895174709,3.0449251247920133
José Luis Palomino,ar ARG,DF,Cagliari,it Serie A,34,18,10,1081,12.0,1,0,1,0.5,0.5,0.0,2,1,50.0,0.5,1.0,0.5,86.7,1,35,4,27,15,22,46,707,384,0.0,50,0.08325624421831637,0.0,0.08325624421831637,0.041628122109158186,0.0,0.16651248843663274,0.08325624421831637,0.08325624421831637,3.2469935245143384,2.247918593894542,1.8316373728029602,4.162812210915819,3.829787234042553
Douglas Luiz,br BRA,MF,Juventus,it Serie A,26,19,3,529,5.9,0,0,0,0.6,0.6,1.0,8,2,25.0,0.0,0.0,-0.6,86.5,15,35,16,13,8,4,5,487,276,78.6,31,0.0,0.0,0.0,0.10207939508506615,0.17013232514177695,1.3610586011342156,0.3402646502835539,2.551984877126654,8.676748582230625,2.2117202268431,0.6805293005671078,5.274102079395085,0.8506616257088847
Romelu Lukaku,be BEL,FW,Napoli,it Serie A,31,36,35,2843,31.6,14,10,24,13.0,9.8,4.0,60,20,33.3,0.18,0.55,1.0,71.0,35,36,31,4,2,1,17,725,380,23.1,34,0.44319380935631375,0.31656700668308124,0.759760816039395,0.41153710868800564,0.1266268026732325,1.8994020400984875,0.6331340133661625,1.1079845233907843,2.120998944776644,0.1266268026732325,0.03165670066830813,1.0763278227224762,0.5381639113612381
Castello Lukeba,fr FRA,DF,RB Leipzig,de Bundesliga,21,23,18,1577,17.5,0,0,0,0.4,0.4,0.2,4,1,25.0,0.0,0.0,-0.4,85.1,4,80,18,31,17,17,74,1445,806,62.5,74,0.0,0.0,0.0,0.022828154724159798,0.011414077362079899,0.22828154724159797,0.05707038681039949,0.22828154724159797,5.59289790741915,1.7691819911223843,0.9701965757767914,4.223208623969563,4.223208623969563
Dodi Lukebakio,be BEL,FW,Sevilla,es La Liga,26,38,36,3092,34.4,11,2,13,10.1,9.3,4.5,93,38,40.9,0.11,0.26,0.9,74.1,54,93,131,22,14,11,17,1494,889,50.3,120,0.3201811125485123,0.05821474773609315,0.3783958602846054,0.29398447606727035,0.13098318240620957,2.7069857697283313,1.1060802069857698,1.571798188874515,6.520051746442432,0.6403622250970246,0.3201811125485123,3.4928848641655885,0.49482535575679176
Saša Lukić,rs SRB,MF,Fulham,eng Premier League,27,30,28,2344,26.0,0,2,2,1.2,1.2,2.7,18,2,11.1,0.0,0.0,-1.2,87.3,26,98,39,68,39,28,35,1493,825,47.1,109,0.0,0.07679180887372014,0.07679180887372014,0.04607508532423208,0.10366894197952219,0.6911262798634812,0.07679180887372014,0.9982935153583617,5.260238907849829,2.6109215017064846,1.075085324232082,4.185153583617748,1.3438566552901023
Milos Lukovic,rs SRB,"FW,MF",Strasbourg,fr Ligue 1,18,2,0,12,0.1,0,0,0,0.0,0.0,0.0,0,0,,,,0.0,66.7,0,0,0,0,0,0,0,4,3,,0,0.0,0.0,0.0,0.0,0.0,0.0,0.0,0.0,0.0,0.0,0.0,0.0,0.0
Daniel Luna,co COL,MF,Mallorca,es La Liga,21,2,0,20,0.2,0,0,0,0.0,0.0,0.0,0,0,,,,0.0,61.5,0,0,1,0,0,0,0,17,11,33.3,2,0.0,0.0,0.0,0.0,0.0,0.0,0.0,0.0,4.5,0.0,0.0,9.0,0.0
Massimo Luongo,au AUS,MF,Ipswich Town,eng Premier League,31,11,2,201,2.2,0,0,0,0.0,0.0,0.0,0,0,,,,0.0,75.8,0,6,0,9,6,2,2,87,46,,10,0.0,0.0,0.0,0.0,0.0,0.0,0.0,0.0,2.6865671641791042,4.029850746268656,0.8955223880597015,4.477611940298508,0.8955223880597015
Sebastiano Luperto,it ITA,DF,Cagliari,it Serie A,27,36,36,3240,36.0,1,3,4,2.2,2.2,1.3,21,5,23.8,0.05,0.2,-1.2,83.9,8,96,22,48,27,33,161,1913,1060,16.7,139,0.027777777777777776,0.08333333333333334,0.1111111111111111,0.061111111111111116,0.036111111111111115,0.5833333333333334,0.1388888888888889,0.2222222222222222,3.2777777777777777,1.3333333333333335,0.9166666666666667,3.861111111111111,4.472222222222222
Zito Luvumbo,ao ANG,"FW,MF",Cagliari,it Serie A,22,26,19,1606,17.8,2,2,4,2.1,2.1,3.1,23,4,17.4,0.09,0.5,-0.1,59.9,17,31,70,10,6,4,4,477,347,39.7,50,0.11207970112079702,0.11207970112079702,0.22415940224159403,0.11768368617683687,0.17372353673723537,1.2889165628891657,0.22415940224159403,0.9526774595267746,5.660024906600249,0.5603985056039851,0.22415940224159403,2.8019925280199254,0.22415940224159403
Charalambos Lykogiannis,gr GRE,DF,Bologna,it Serie A,30,17,12,1048,11.6,0,4,4,0.2,0.2,1.6,6,2,33.3,0.0,0.0,-0.2,71.4,19,49,10,23,14,11,41,810,368,50.0,35,0.0,0.34351145038167935,0.34351145038167935,0.01717557251908397,0.13740458015267176,0.5152671755725191,0.17175572519083968,1.631679389312977,5.066793893129771,1.9751908396946563,0.9446564885496184,3.0057251908396947,3.520992366412214
Senne Lynen,be BEL,MF,Werder Bremen,de Bundesliga,25,32,32,2733,30.4,0,1,1,1.1,1.1,0.6,24,3,12.5,0.0,0.0,-1.1,82.9,8,91,9,72,39,65,75,1717,849,42.9,191,0.0,0.03293084522502744,0.03293084522502744,0.03622392974753019,0.019758507135016465,0.7903402854006586,0.09879253567508232,0.26344676180021953,3.293084522502744,2.3710208562019757,2.140504939626784,6.2897914379802415,2.469813391877058
Mathias Løvik,no NOR,"DF,FW",Parma,it Serie A,20,6,0,92,1.0,0,0,0,0.1,0.1,0.1,1,0,0.0,0.0,,-0.1,74.1,1,1,0,1,0,2,3,70,42,50.0,2,0.0,0.0,0.0,0.09782608695652174,0.09782608695652174,0.9782608695652174,0.0,0.9782608695652174,0.9782608695652174,0.9782608695652174,1.9565217391304348,1.9565217391304348,2.934782608695652
Othmane Maamma,ma MAR,"FW,MF",Montpellier,fr Ligue 1,18,12,2,361,4.0,1,1,2,0.7,0.7,0.2,10,3,30.0,0.1,0.33,0.3,65.4,3,2,8,3,1,1,2,149,95,23.3,12,0.24930747922437674,0.24930747922437674,0.4986149584487535,0.17451523545706368,0.04986149584487535,2.493074792243767,0.7479224376731303,0.7479224376731303,2.493074792243767,0.7479224376731303,0.24930747922437674,2.991689750692521,0.4986149584487535
Ian Maatsen,nl NED,DF,Aston Villa,eng Premier League,22,29,10,1139,12.7,1,2,3,0.9,0.9,2.7,19,5,26.3,0.05,0.2,0.1,81.5,19,50,31,29,17,15,39,917,505,44.8,67,0.07901668129938542,0.15803336259877085,0.23705004389815626,0.07111501316944688,0.2133450395083407,1.5013169446883232,0.39508340649692714,1.5013169446883232,6.400351185250219,2.2914837576821774,1.1852502194907815,5.294117647058823,3.0816505706760315
Alexis Mac Allister,ar ARG,MF,Liverpool,eng Premier League,25,35,30,2599,28.9,5,5,10,2.8,2.8,4.7,38,13,34.2,0.13,0.38,2.2,83.5,45,177,36,95,58,22,29,1860,914,38.1,148,0.17314351673720663,0.17314351673720663,0.34628703347441325,0.0969603693728357,0.16275490573297424,1.3158907272027704,0.45017314351673726,1.5582916506348594,7.375913813005002,3.2897268180069257,0.7618314736437091,5.125048095421316,1.0042323970757985
Deiver Machado,co COL,"DF,MF",Lens,fr Ligue 1,30,27,20,1805,20.1,1,4,5,2.3,2.3,2.1,23,5,21.7,0.04,0.2,-1.3,83.6,20,45,42,36,26,16,34,1123,605,48.9,89,0.04986149584487535,0.1994459833795014,0.24930747922437674,0.1146814404432133,0.10470914127423822,1.1468144044321331,0.24930747922437674,0.997229916897507,4.337950138504155,1.7950138504155124,0.7977839335180056,4.437673130193906,1.6952908587257616
Lanroy Machine,fr FRA,FW,Angers,fr Ligue 1,18,2,0,8,0.1,0,0,0,0.1,0.1,0.0,1,0,0.0,0.0,,-0.1,60.0,0,0,0,0,0,0,0,7,4,,1,0.0,0.0,0.0,1.125,0.0,11.25,0.0,0.0,0.0,0.0,0.0,11.25,0.0
Shuto Machino,jp JPN,"FW,MF",Holstein Kiel,de Bundesliga,24,32,23,1953,21.7,11,2,13,6.5,4.9,3.0,49,21,42.9,0.18,0.43,4.5,64.2,27,59,30,8,5,7,28,899,449,55.6,50,0.5069124423963134,0.09216589861751152,0.5990783410138248,0.2995391705069124,0.1382488479262673,2.2580645161290325,0.967741935483871,1.2442396313364057,4.1013824884792625,0.3686635944700461,0.3225806451612903,2.3041474654377883,1.2903225806451613
Darwin Machís,ve VEN,"MF,FW",Valladolid,es La Liga,31,18,7,639,7.1,0,1,1,0.9,0.9,0.5,14,2,14.3,0.0,0.0,-0.9,59.7,8,19,17,5,4,5,13,334,173,25.0,34,0.0,0.14084507042253522,0.14084507042253522,0.1267605633802817,0.07042253521126761,1.971830985915493,0.28169014084507044,1.1267605633802817,5.070422535211268,0.7042253521126761,0.7042253521126761,4.788732394366197,1.8309859154929575
Yvann Macon,fr FRA,DF,Saint-Étienne,fr Ligue 1,25,12,10,790,8.8,0,0,0,0.3,0.3,0.2,10,2,20.0,0.0,0.0,-0.3,73.8,6,46,25,19,11,2,10,493,256,47.4,42,0.0,0.0,0.0,0.03417721518987342,0.02278481012658228,1.139240506329114,0.22784810126582278,0.6835443037974683,8.088607594936708,2.1645569620253164,0.22784810126582278,4.784810126582278,1.139240506329114
James Maddison,eng ENG,MF,Tottenham,eng Premier League,27,31,21,1809,20.1,9,7,16,5.8,5.8,4.2,39,17,43.6,0.23,0.53,3.2,81.3,41,164,45,31,19,12,19,1464,1026,42.9,76,0.44776119402985076,0.3482587064676617,0.7960199004975124,0.2885572139303483,0.208955223880597,1.9402985074626864,0.845771144278607,2.039800995024876,10.398009950248756,1.5422885572139302,0.5970149253731344,3.781094527363184,0.945273631840796
Eros Maddy,nl NED,DF,Auxerre,fr Ligue 1,23,2,0,15,0.2,0,0,0,0.0,0.0,0.1,0,0,,,,0.0,100.0,1,1,1,0,0,0,0,8,7,0.0,0,0.0,0.0,0.0,0.0,0.6000000000000001,0.0,0.0,6.0,12.0,0.0,0.0,0.0,0.0
Noni Madueke,eng ENG,FW,Chelsea,eng Premier League,22,32,27,2033,22.6,7,3,10,9.6,9.6,4.2,80,30,37.5,0.09,0.23,-2.6,77.4,32,69,154,25,18,10,11,980,641,44.1,84,0.3098868666994589,0.13280865715691095,0.4426955238563699,0.4249877029021151,0.18593212001967535,3.541564190850959,1.3280865715691097,1.4166256763403835,9.87211018199705,1.1067388096409247,0.4426955238563699,3.718642400393507,0.4869650762420069
Pablo Maffeo,es ESP,DF,Mallorca,es La Liga,27,30,28,2368,26.3,0,2,2,0.3,0.3,4.1,7,1,14.3,0.0,0.0,-0.3,70.8,29,74,46,60,40,25,103,1389,671,47.1,107,0.0,0.07601351351351351,0.07601351351351351,0.011402027027027029,0.1558277027027027,0.2660472972972973,0.03800675675675676,1.1021959459459458,4.560810810810811,2.2804054054054057,0.9501689189189189,4.066722972972974,3.914695945945946
Gabriel Magalhães,br BRA,DF,Arsenal,eng Premier League,26,28,28,2363,26.3,3,1,4,2.6,2.6,0.9,22,5,22.7,0.14,0.6,0.4,90.2,13,126,10,25,15,16,93,1873,1116,80.0,63,0.11426153195090986,0.03808717731696996,0.15234870926787983,0.09902666102412187,0.03427845958527296,0.837917900973339,0.19043588658484978,0.4951333051206094,5.179856115107914,0.9521794329242489,0.6093948370715193,2.399492170969107,3.5421074904782057
Soungoutou Magassa,fr FRA,MF,Monaco,fr Ligue 1,20,21,12,1025,11.4,0,1,1,0.5,0.5,0.9,8,3,37.5,0.0,0.0,-0.5,84.6,7,63,6,47,25,21,19,781,386,65.2,90,0.0,0.08780487804878048,0.08780487804878048,0.04390243902439024,0.07902439024390244,0.7024390243902439,0.2634146341463415,0.6146341463414634,6.058536585365854,4.126829268292683,1.8439024390243903,7.902439024390244,1.6682926829268292
Edmond-Paris Maghoma,eng ENG,"MF,FW",Brentford,eng Premier League,23,8,0,119,1.3,0,0,0,0.1,0.1,0.1,1,0,0.0,0.0,,-0.1,90.5,1,13,4,2,1,1,2,101,68,75.0,7,0.0,0.0,0.0,0.07563025210084034,0.07563025210084034,0.7563025210084033,0.0,0.7563025210084033,12.857142857142856,1.5126050420168067,0.7563025210084033,5.294117647058823,1.5126050420168067
Giangiacomo Magnani,it ITA,DF,Hellas Verona,it Serie A,28,17,11,1065,11.8,1,0,1,1.1,1.1,0.0,11,2,18.2,0.09,0.5,-0.1,80.7,1,31,4,20,15,17,73,540,251,25.0,38,0.08450704225352113,0.0,0.08450704225352113,0.09295774647887325,0.0,0.9295774647887324,0.16901408450704225,0.08450704225352113,2.9577464788732395,1.6901408450704225,1.4366197183098592,3.2112676056338025,6.169014084507042
Hugo Magnetti,fr FRA,MF,Brest,fr Ligue 1,26,32,27,2323,25.8,1,0,1,0.8,0.8,0.4,19,6,31.6,0.05,0.17,0.2,84.9,6,80,21,52,32,18,37,1315,694,37.5,111,0.03874300473525613,0.0,0.03874300473525613,0.030994403788204908,0.015497201894102454,0.7361170899698666,0.23245802841153682,0.23245802841153682,3.9130434782608696,2.014636246233319,0.6973740852346104,4.300473525613431,1.4334911752044768
Frank Magri,cm CMR,"FW,MF",Toulouse,fr Ligue 1,24,31,17,1516,16.8,5,1,6,6.0,6.0,1.5,44,18,40.9,0.11,0.28,-1.0,70.9,9,25,17,8,2,4,11,420,244,22.2,21,0.29683377308707126,0.059366754617414245,0.3562005277044855,0.3562005277044855,0.08905013192612138,2.612137203166227,1.0686015831134563,0.5343007915567282,2.4934036939313984,0.47493403693931396,0.23746701846965698,1.2467018469656992,0.6530343007915568
Harry Maguire,eng ENG,DF,Manchester Utd,eng Premier League,31,27,19,1758,19.5,1,0,1,1.8,1.8,0.6,15,6,40.0,0.07,0.17,-0.8,85.5,9,51,7,30,15,40,78,1328,782,40.0,68,0.051194539249146756,0.0,0.051194539249146756,0.09215017064846416,0.030716723549488054,0.7679180887372014,0.30716723549488056,0.4607508532423208,2.969283276450512,1.5358361774744027,2.04778156996587,3.48122866894198,3.993174061433447
Jon Magunazelaia,es ESP,MF,Real Sociedad,es La Liga,23,2,0,7,0.1,0,0,0,0.0,0.0,0.0,0,0,,,,0.0,53.8,0,1,0,1,1,0,0,16,9,,5,0.0,0.0,0.0,0.0,0.0,0.0,0.0,0.0,12.857142857142856,12.857142857142856,0.0,64.28571428571429,0.0
Arne Maier,de GER,MF,Augsburg,de Bundesliga,25,28,7,938,10.4,0,0,0,1.5,1.5,1.5,18,6,33.3,0.0,0.0,-1.5,76.5,25,44,19,13,7,6,14,699,390,43.8,72,0.0,0.0,0.0,0.1439232409381663,0.1439232409381663,1.727078891257996,0.5756929637526652,2.3987206823027716,6.044776119402985,1.2473347547974414,0.5756929637526652,6.908315565031984,1.3432835820895521
Patrick Mainka,de GER,DF,Heidenheim,de Bundesliga,29,34,34,3060,34.0,1,1,2,1.9,1.9,0.3,25,8,32.0,0.04,0.13,-0.9,85.4,7,102,21,58,30,68,206,2136,1171,54.5,152,0.029411764705882353,0.029411764705882353,0.058823529411764705,0.05588235294117647,0.008823529411764706,0.7352941176470589,0.23529411764705882,0.2058823529411765,3.61764705882353,1.7058823529411764,2.0,4.470588235294118,6.0588235294117645
Kobbie Mainoo,eng ENG,MF,Manchester Utd,eng Premier League,19,25,19,1651,18.3,0,0,0,0.7,0.7,1.6,15,2,13.3,0.0,0.0,-0.7,86.5,14,65,22,46,29,19,14,1061,652,46.0,88,0.0,0.0,0.0,0.03815869170199879,0.08721986674742581,0.8176862507571169,0.10902483343428225,0.7631738340399759,4.742580254391278,2.5075711689884916,1.0357359176256813,4.797092671108419,0.7631738340399759
Ainsley Maitland-Niles,eng ENG,DF,Lyon,fr Ligue 1,26,32,20,1985,22.1,1,4,5,2.9,2.9,3.4,22,7,31.8,0.05,0.14,-1.9,85.0,27,102,33,71,44,25,61,1509,750,42.5,89,0.04534005037783375,0.181360201511335,0.22670025188916876,0.13148614609571788,0.15415617128463474,0.9974811083123425,0.31738035264483627,1.2241813602015115,6.120906801007557,3.2191435768261965,1.1335012594458438,4.035264483627204,2.765743073047859
Lovro Majer,hr CRO,MF,Wolfsburg,de Bundesliga,26,9,3,304,3.4,2,1,3,1.4,0.6,1.1,6,4,66.7,0.17,0.25,0.6,69.5,8,17,8,2,1,1,2,175,111,50.0,12,0.5921052631578947,0.29605263157894735,0.888157894736842,0.41447368421052627,0.32565789473684215,1.776315789473684,1.1842105263157894,2.3684210526315788,7.401315789473685,0.5921052631578947,0.29605263157894735,3.552631578947368,0.5921052631578947
Hamidou Makalou,ml MLI,"FW,MF",Brest,fr Ligue 1,18,4,0,32,0.4,0,0,0,0.0,0.0,0.0,0,0,,,,0.0,94.4,0,2,1,0,0,0,0,23,16,100.0,3,0.0,0.0,0.0,0.0,0.0,0.0,0.0,0.0,8.4375,0.0,0.0,8.4375,0.0
Jordy Makengo,fr FRA,DF,Freiburg,de Bundesliga,22,19,7,745,8.3,0,0,0,0.0,0.0,0.2,0,0,,,,0.0,79.1,2,15,9,16,9,7,29,393,203,33.3,26,0.0,0.0,0.0,0.0,0.02416107382550336,0.0,0.0,0.24161073825503354,2.899328859060403,1.9328859060402683,0.8456375838926173,3.140939597315436,3.5033557046979866
Antoine Makoumbou,cg CGO,MF,Cagliari,it Serie A,26,33,27,2150,23.9,0,3,3,0.3,0.3,0.9,7,0,0.0,0.0,,-0.3,88.8,8,92,11,42,23,17,28,1367,818,52.6,109,0.0,0.12558139534883722,0.12558139534883722,0.01255813953488372,0.037674418604651164,0.2930232558139535,0.0,0.33488372093023255,4.311627906976744,1.7581395348837208,0.7116279069767442,4.562790697674418,1.172093023255814
Nikola Maksimović,rs SRB,DF,Montpellier,fr Ligue 1,32,7,7,581,6.5,0,0,0,0.0,0.0,0.0,1,0,0.0,0.0,,0.0,92.9,2,11,1,9,5,6,30,378,214,100.0,14,0.0,0.0,0.0,0.0,0.0,0.1549053356282272,0.0,0.3098106712564544,1.8588640275387265,1.3941480206540449,0.9294320137693632,2.168674698795181,4.647160068846816
Tyrell Malacia,nl NED,DF,Manchester Utd,eng Premier League,24,3,2,100,1.1,0,0,0,0.0,0.0,0.0,0,0,,,,0.0,89.1,1,3,3,2,1,1,1,62,37,100.0,3,0.0,0.0,0.0,0.0,0.0,0.0,0.0,0.9,5.3999999999999995,1.8,0.9,2.6999999999999997,0.9
Jarzinho Malanga,de GER,DF,Stuttgart,de Bundesliga,18,1,0,2,0.0,0,0,0,0.0,0.0,0.0,0,0,,,,0.0,100.0,0,0,0,0,0,0,0,3,1,,0,0.0,0.0,0.0,0.0,0.0,0.0,0.0,0.0,0.0,0.0,0.0,0.0,0.0
Julián Malatini,ar ARG,DF,Werder Bremen,de Bundesliga,23,10,5,454,5.0,1,1,2,0.2,0.2,0.5,3,1,33.3,0.33,1.0,0.8,86.4,2,24,8,11,9,7,17,363,224,66.7,19,0.19823788546255508,0.19823788546255508,0.39647577092511016,0.039647577092511016,0.09911894273127754,0.5947136563876653,0.19823788546255508,0.39647577092511016,6.343612334801763,2.180616740088106,1.3876651982378854,3.766519823788546,3.370044052863436
Daniel Maldini,it ITA,"MF,FW",Monza,it Serie A,22,20,16,1306,14.5,3,0,3,4.8,4.8,0.9,39,13,33.3,0.08,0.23,-1.8,68.3,12,34,41,14,6,4,12,584,388,41.7,52,0.20673813169984687,0.0,0.20673813169984687,0.33078101071975496,0.06202143950995406,2.6875957120980094,0.895865237366003,0.8269525267993875,5.168453292496172,0.9647779479326186,0.27565084226646247,3.583460949464012,0.8269525267993875
Daniel Maldini,it ITA,"FW,MF",Atalanta,it Serie A,22,10,2,258,2.9,3,0,3,1.9,1.9,0.2,10,5,50.0,0.3,0.6,1.1,62.9,3,7,12,2,2,2,3,140,95,33.3,8,1.0465116279069768,0.0,1.0465116279069768,0.6627906976744186,0.06976744186046512,3.488372093023256,1.744186046511628,1.0465116279069768,6.627906976744186,0.6976744186046512,0.6976744186046512,2.7906976744186047,1.0465116279069768
Youssef Maleh,ma MAR,MF,Empoli,it Serie A,25,22,17,1510,16.8,0,1,1,0.9,0.9,0.9,17,3,17.6,0.0,0.0,-0.9,71.1,12,72,10,45,23,16,25,744,299,30.8,96,0.0,0.059602649006622516,0.059602649006622516,0.05364238410596026,0.05364238410596026,1.0132450331125828,0.17880794701986755,0.7152317880794702,4.887417218543047,2.6821192052980134,0.9536423841059603,5.7218543046357615,1.490066225165563
Donyell Malen,nl NED,FW,Aston Villa,eng Premier League,25,14,2,305,3.4,3,0,3,2.2,2.2,0.2,15,9,60.0,0.2,0.33,0.8,68.8,3,6,12,7,4,0,1,129,79,36.4,9,0.8852459016393444,0.0,0.8852459016393444,0.6491803278688525,0.05901639344262295,4.426229508196721,2.655737704918033,0.8852459016393444,5.311475409836066,2.0655737704918034,0.0,2.655737704918033,0.29508196721311475
Donyell Malen,nl NED,"FW,MF",Dortmund,de Bundesliga,25,14,6,614,6.8,3,0,3,2.9,2.9,0.2,19,6,31.6,0.16,0.5,0.1,71.6,1,17,23,0,0,3,6,278,187,34.4,15,0.43973941368078173,0.0,0.43973941368078173,0.42508143322475567,0.02931596091205212,2.785016286644951,0.8794788273615635,0.1465798045602606,5.863192182410423,0.0,0.43973941368078173,2.198697068403909,0.8794788273615635
Ruslan Malinovskyi,ua UKR,"MF,FW",Genoa,it Serie A,31,9,4,383,4.3,0,2,2,0.2,0.2,1.5,9,3,33.3,0.0,0.0,-0.2,81.6,8,32,3,12,8,1,4,242,151,75.0,16,0.0,0.4699738903394256,0.4699738903394256,0.04699738903394256,0.3524804177545692,2.1148825065274153,0.7049608355091384,1.8798955613577024,8.224543080939947,2.8198433420365534,0.2349869451697128,3.759791122715405,0.9399477806788512
Lennard Maloney,us USA,MF,Heidenheim,de Bundesliga,24,11,10,760,8.4,0,0,0,0.3,0.3,0.0,3,0,0.0,0.0,,-0.3,71.6,1,14,1,20,11,14,38,378,147,25.0,40,0.0,0.0,0.0,0.035526315789473684,0.0,0.35526315789473684,0.0,0.11842105263157894,1.776315789473684,2.3684210526315788,1.657894736842105,4.7368421052631575,4.5
Lennard Maloney,us USA,MF,Mainz 05,de Bundesliga,24,5,0,26,0.3,0,0,0,0.0,0.0,0.0,0,0,,,,0.0,57.1,0,0,1,2,1,0,3,28,5,,1,0.0,0.0,0.0,0.0,0.0,0.0,0.0,0.0,3.4615384615384617,6.923076923076923,0.0,3.4615384615384617,10.384615384615385
Aaron Malouda,fr FRA,FW,Lille,fr Ligue 1,18,1,0,2,0.0,0,0,0,0.0,0.0,0.0,0,0,,,,0.0,,0,0,0,0,0,0,0,0,1,,0,0.0,0.0,0.0,0.0,0.0,0.0,0.0,0.0,0.0,0.0,0.0,0.0,0.0
Dennis Man,ro ROU,"FW,MF",Parma,it Serie A,25,33,23,1995,22.2,4,4,8,5.5,5.5,4.2,49,20,40.8,0.08,0.2,-1.5,79.6,45,60,67,13,6,8,11,1027,665,33.3,72,0.18045112781954886,0.18045112781954886,0.3609022556390977,0.2481203007518797,0.18947368421052632,2.210526315789474,0.9022556390977443,2.0300751879699246,5.7293233082706765,0.5864661654135338,0.3609022556390977,3.24812030075188,0.4962406015037594
Hianga Mananga Mbock,fr FRA,MF,Brest,fr Ligue 1,24,1,0,21,0.2,0,0,0,0.0,0.0,0.0,1,1,100.0,0.0,0.0,0.0,82.4,0,0,0,0,0,1,0,19,14,,0,0.0,0.0,0.0,0.0,0.0,4.285714285714286,4.285714285714286,0.0,0.0,0.0,4.285714285714286,0.0,0.0
Gianluca Mancini,it ITA,DF,Roma,it Serie A,28,37,36,3143,34.9,2,0,2,1.7,1.7,0.9,22,5,22.7,0.09,0.4,0.3,86.0,14,139,45,42,26,35,103,2240,1341,11.1,99,0.05727012408526885,0.0,0.05727012408526885,0.04867960547247852,0.025771555838370982,0.6299713649379574,0.14317531021317212,0.40089086859688194,5.268851415844734,1.2026726057906458,1.0022271714922049,2.834871142220808,2.949411390391346
Reinildo Mandava,mz MOZ,DF,Atlético Madrid,es La Liga,30,19,10,941,10.5,0,0,0,0.1,0.1,0.1,1,1,100.0,0.0,0.0,-0.1,84.2,2,34,14,18,11,16,35,717,421,22.2,52,0.0,0.0,0.0,0.009564293304994687,0.009564293304994687,0.09564293304994687,0.09564293304994687,0.19128586609989373,4.5908607863974495,1.7215727948990438,1.5302869287991498,4.973432518597237,3.3475026567481403
Aïssa Mandi,dz ALG,DF,Lille,fr Ligue 1,32,24,20,1733,19.3,0,0,0,0.3,0.3,0.4,6,2,33.3,0.0,0.0,-0.3,88.7,5,82,12,31,17,15,54,1395,736,75.0,67,0.0,0.0,0.0,0.015579919215233698,0.0207732256203116,0.31159838430467396,0.10386612810155799,0.259665320253895,4.8817080207732255,1.6099249855741489,0.7789959607616849,3.4795152914021927,2.8043854587420656
Rolando Mandragora,it ITA,MF,Fiorentina,it Serie A,27,28,22,1856,20.6,4,2,6,2.7,1.9,4.8,37,14,37.8,0.08,0.21,1.3,77.8,31,92,11,23,13,15,54,1119,580,50.0,61,0.1939655172413793,0.09698275862068965,0.29094827586206895,0.13092672413793105,0.23275862068965517,1.7941810344827587,0.6788793103448276,1.5032327586206895,4.994612068965518,1.115301724137931,0.7273706896551725,2.9579741379310343,2.6185344827586206
Orel Mangala,be BEL,MF,Everton,eng Premier League,26,19,14,1261,14.0,1,0,1,1.1,1.1,0.6,16,6,37.5,0.06,0.17,-0.1,89.2,8,34,6,16,8,21,24,621,298,58.3,49,0.07137192704203013,0.0,0.07137192704203013,0.07850911974623315,0.04282315622521808,1.141950832672482,0.4282315622521808,0.570975416336241,2.854877081681205,1.141950832672482,1.4988104678826328,3.4972244250594766,1.7129262490087231
Orel Mangala,be BEL,MF,Lyon,fr Ligue 1,26,1,1,67,0.7,0,0,0,0.1,0.1,0.0,1,0,0.0,0.0,,-0.1,90.6,1,7,1,1,0,0,1,42,26,0.0,6,0.0,0.0,0.0,0.13432835820895522,0.0,1.3432835820895521,0.0,1.3432835820895521,10.746268656716417,1.3432835820895521,0.0,8.059701492537313,1.3432835820895521
Ryan Manning,ie IRL,"DF,MF",Southampton,eng Premier League,28,24,18,1462,16.2,0,1,1,0.3,0.3,3.2,8,1,12.5,0.0,0.0,-0.3,77.1,34,35,14,28,17,17,47,968,483,30.6,65,0.0,0.06155950752393981,0.06155950752393981,0.018467852257181942,0.19699042407660738,0.49247606019151846,0.06155950752393981,2.0930232558139537,3.0164158686730507,1.7236662106703147,1.0465116279069768,4.001367989056088,2.893296853625171
Javier Manquillo,es ESP,DF,Celta Vigo,es La Liga,30,10,7,515,5.7,0,0,0,0.0,0.0,0.0,0,0,,,,0.0,89.8,0,24,3,7,5,7,14,413,248,0.0,18,0.0,0.0,0.0,0.0,0.0,0.0,0.0,0.0,4.718446601941748,1.2233009708737863,1.2233009708737863,3.145631067961165,2.4466019417475726
Johan Manzambi,ch SUI,"FW,MF",Freiburg,de Bundesliga,18,11,4,335,3.7,2,1,3,1.3,1.3,0.4,11,3,27.3,0.18,0.67,0.7,75.5,3,10,7,8,2,4,7,209,118,60.0,14,0.5373134328358209,0.26865671641791045,0.8059701492537313,0.3492537313432836,0.10746268656716418,2.955223880597015,0.8059701492537313,0.8059701492537313,4.567164179104477,2.1492537313432836,1.0746268656716418,3.7611940298507465,1.8805970149253732
Alberto Manzoni,it ITA,MF,Atalanta,it Serie A,19,1,0,6,0.1,0,0,0,0.1,0.1,0.0,1,0,0.0,0.0,,-0.1,91.7,0,0,0,0,0,0,0,14,8,,0,0.0,0.0,0.0,1.5,0.0,15.0,0.0,0.0,0.0,0.0,0.0,0.0,0.0
Sekou Mara,fr FRA,"FW,MF",Strasbourg,fr Ligue 1,22,25,7,768,8.5,1,1,2,2.0,2.0,1.0,19,5,26.3,0.05,0.2,-1.0,69.2,5,11,9,9,6,3,3,303,181,40.7,21,0.1171875,0.1171875,0.234375,0.234375,0.1171875,2.2265625,0.5859375,0.5859375,2.34375,1.0546875,0.3515625,2.4609375,0.3515625
Alessandro Marcandalli,it ITA,DF,Genoa,it Serie A,21,2,1,46,0.5,0,0,0,0.0,0.0,0.0,0,0,,,,0.0,60.0,0,1,0,1,0,0,2,24,11,,3,0.0,0.0,0.0,0.0,0.0,0.0,0.0,0.0,1.9565217391304348,1.9565217391304348,0.0,5.869565217391304,3.9130434782608696
Alessandro Marcandalli,it ITA,DF,Venezia,it Serie A,21,8,5,354,3.9,0,0,0,0.3,0.3,0.0,2,1,50.0,0.0,0.0,-0.3,73.3,0,10,2,8,6,2,26,200,89,0.0,16,0.0,0.0,0.0,0.07627118644067796,0.0,0.5084745762711864,0.2542372881355932,0.0,3.0508474576271185,2.0338983050847457,0.5084745762711864,4.067796610169491,6.610169491525424
Marcão,br BRA,DF,Sevilla,es La Liga,28,12,6,552,6.1,0,0,0,0.0,0.0,0.0,0,0,,,,0.0,90.2,0,19,0,10,7,7,29,382,216,40.0,27,0.0,0.0,0.0,0.0,0.0,0.0,0.0,0.0,3.097826086956522,1.6304347826086958,1.141304347826087,4.4021739130434785,4.728260869565217
Solly March,eng ENG,"FW,MF",Brighton,eng Premier League,30,8,1,168,1.9,0,0,0,0.1,0.1,0.3,2,0,0.0,0.0,,-0.1,63.2,3,2,5,6,3,2,2,118,57,25.0,7,0.0,0.0,0.0,0.053571428571428575,0.1607142857142857,1.0714285714285714,0.0,1.607142857142857,3.75,3.214285714285714,1.0714285714285714,3.75,1.0714285714285714
Filip Marchwiński,pl POL,MF,Lecce,it Serie A,22,1,0,15,0.2,0,0,0,0.0,0.0,0.0,0,0,,,,0.0,80.0,0,0,0,0,0,0,0,5,3,,1,0.0,0.0,0.0,0.0,0.0,0.0,0.0,0.0,0.0,0.0,0.0,6.0,0.0
Óscar de Marcos,es ESP,DF,Athletic Club,es La Liga,35,26,17,1564,17.4,0,4,4,1.0,1.0,2.6,8,2,25.0,0.0,0.0,-1.0,79.2,19,102,26,32,15,16,35,1158,478,23.5,89,0.0,0.23017902813299235,0.23017902813299235,0.05754475703324809,0.149616368286445,0.4603580562659847,0.11508951406649617,1.0933503836317136,7.365728900255755,1.8414322250639388,0.9207161125319694,5.121483375959079,2.0140664961636827
Alberto Marí,es ESP,FW,Valencia,es La Liga,23,1,0,7,0.1,0,0,0,0.0,0.0,0.0,0,0,,,,0.0,50.0,0,1,0,0,0,0,0,4,2,,0,0.0,0.0,0.0,0.0,0.0,0.0,0.0,0.0,12.857142857142856,0.0,0.0,0.0,0.0
Pablo Marí,es ESP,DF,Monza,it Serie A,30,19,19,1628,18.1,0,0,0,0.2,0.2,0.1,2,0,0.0,0.0,,-0.2,89.7,3,58,5,26,15,37,85,1296,765,100.0,59,0.0,0.0,0.0,0.011056511056511056,0.005528255528255528,0.11056511056511056,0.0,0.16584766584766586,3.482800982800983,1.4373464373464373,2.0454545454545454,3.2616707616707616,4.699017199017199
Pablo Marí,es ESP,DF,Fiorentina,it Serie A,30,13,12,1098,12.2,0,0,0,0.1,0.1,0.0,5,1,20.0,0.0,0.0,-0.1,91.3,0,27,2,14,9,25,94,784,409,0.0,39,0.0,0.0,0.0,0.00819672131147541,0.0,0.4098360655737705,0.08196721311475409,0.0,2.377049180327869,1.1475409836065575,2.0491803278688523,3.1967213114754096,7.704918032786885
José María Giménez,uy URU,DF,Atlético Madrid,es La Liga,29,27,20,1999,22.2,0,1,1,0.4,0.4,0.2,5,1,20.0,0.0,0.0,-0.4,91.8,2,64,3,26,16,27,115,1582,1006,66.7,78,0.0,0.04502251125562781,0.04502251125562781,0.018009004502251128,0.009004502251125564,0.22511255627813906,0.04502251125562781,0.09004502251125562,3.016508254127064,1.1705852926463232,1.215607803901951,3.5117558779389695,5.177588794397199
Luca Marianucci,it ITA,DF,Empoli,it Serie A,20,18,12,1069,11.9,0,0,0,0.6,0.6,0.2,8,2,25.0,0.0,0.0,-0.6,76.8,3,28,12,28,12,19,63,609,299,50.0,43,0.0,0.0,0.0,0.050514499532273154,0.01683816651075772,0.6735266604303087,0.16838166510757718,0.25257249766136575,3.3676333021515434,2.3573433115060807,1.5996258185219832,3.620205799812909,5.304022450888681
Mirko Marić,hr CRO,"FW,MF",Monza,it Serie A,29,8,1,106,1.2,0,0,0,0.2,0.2,0.0,1,0,0.0,0.0,,-0.2,63.4,1,3,1,1,0,1,1,54,25,100.0,4,0.0,0.0,0.0,0.16981132075471697,0.0,0.8490566037735848,0.0,0.8490566037735848,3.3962264150943393,0.8490566037735848,0.8490566037735848,3.3962264150943393,0.8490566037735848
Mirko Marić,hr CRO,FW,Venezia,it Serie A,29,10,4,356,4.0,0,0,0,0.6,0.6,0.0,6,0,0.0,0.0,,-0.6,74.6,2,9,4,6,3,1,10,161,83,33.3,11,0.0,0.0,0.0,0.15168539325842698,0.0,1.5168539325842696,0.0,0.5056179775280899,3.286516853932584,1.5168539325842696,0.25280898876404495,2.7808988764044944,2.528089887640449
Arkaitz Mariezkurrena,es ESP,"FW,MF",Real Sociedad,es La Liga,19,9,1,241,2.7,2,0,2,1.0,1.0,0.1,10,5,50.0,0.2,0.4,1.0,69.1,2,4,3,1,0,1,4,105,60,60.0,10,0.7468879668049793,0.0,0.7468879668049793,0.37344398340248963,0.03734439834024897,3.7344398340248963,1.8672199170124482,0.7468879668049793,2.6141078838174274,0.37344398340248963,0.37344398340248963,3.7344398340248963,1.4937759336099585
Rafa Marín,es ESP,DF,Napoli,it Serie A,22,4,1,142,1.6,0,0,0,0.2,0.2,0.0,2,1,50.0,0.0,0.0,-0.2,97.5,0,5,2,1,0,1,4,131,78,,4,0.0,0.0,0.0,0.1267605633802817,0.0,1.267605633802817,0.6338028169014085,0.0,4.436619718309859,0.6338028169014085,0.6338028169014085,2.535211267605634,2.535211267605634
Pablo Marín,es ESP,MF,Real Sociedad,es La Liga,21,23,14,1239,13.8,1,2,3,1.4,1.4,1.0,21,7,33.3,0.05,0.14,-0.4,80.1,14,45,20,25,17,5,14,641,349,57.1,62,0.07263922518159806,0.14527845036319612,0.2179176755447942,0.10169491525423727,0.07263922518159806,1.5254237288135593,0.5084745762711864,1.0169491525423728,4.721549636803874,1.8159806295399514,0.3631961259079903,4.50363196125908,1.0169491525423728
Răzvan Marin,ro ROU,MF,Cagliari,it Serie A,28,33,13,1406,15.6,3,2,5,2.4,0.8,3.6,21,8,38.1,0.05,0.13,0.6,76.1,34,84,22,22,13,2,20,860,471,54.2,70,0.19203413940256048,0.12802275960170698,0.3200568990042674,0.15362731152204837,0.23044096728307256,1.3442389758179232,0.5120910384068279,2.1763869132290186,6.785206258890469,1.4082503556187767,0.12802275960170698,4.480796586059744,1.2802275960170697
Guillermo Maripán,cl CHI,DF,Torino,it Serie A,30,28,27,2340,26.0,1,1,2,0.9,0.9,1.0,12,5,41.7,0.08,0.2,0.1,86.3,5,96,14,40,23,41,138,1636,962,25.0,90,0.038461538461538464,0.038461538461538464,0.07692307692307693,0.03461538461538462,0.038461538461538464,0.46153846153846156,0.19230769230769232,0.19230769230769232,4.230769230769231,1.5384615384615385,1.5769230769230769,3.4615384615384617,5.3076923076923075
Mika Mármol,es ESP,DF,Las Palmas,es La Liga,23,30,27,2399,26.7,0,1,1,0.4,0.4,1.5,10,0,0.0,0.0,,-0.4,74.4,16,106,33,61,29,38,121,1820,793,46.7,78,0.0,0.03751563151313047,0.03751563151313047,0.01500625260525219,0.05627344726969571,0.3751563151313047,0.0,0.6002501042100875,5.214672780325135,2.2884535223009586,1.4255939974989578,2.9262192580241764,4.539391413088787
Omar Marmoush,eg EGY,"FW,MF",Manchester City,eng Premier League,25,16,14,1175,13.1,7,0,7,5.5,5.5,2.8,49,17,34.7,0.14,0.41,1.5,79.2,15,37,29,13,8,6,3,504,320,43.5,37,0.5361702127659574,0.0,0.5361702127659574,0.4212765957446809,0.214468085106383,3.7531914893617024,1.3021276595744682,1.1489361702127658,5.05531914893617,0.9957446808510638,0.4595744680851064,2.8340425531914897,0.2297872340425532
Omar Marmoush,eg EGY,FW,Eint Frankfurt,de Bundesliga,25,17,17,1448,16.1,15,9,24,8.8,7.3,6.2,75,34,45.3,0.17,0.38,6.2,69.8,34,50,73,12,8,2,2,671,442,45.5,51,0.9323204419889503,0.5593922651933702,1.4917127071823204,0.5469613259668509,0.3853591160220995,4.661602209944752,2.113259668508287,2.113259668508287,7.645027624309392,0.7458563535911602,0.12430939226519336,3.1698895027624308,0.12430939226519336
Mario Maroto,es ESP,MF,Valladolid,es La Liga,20,2,0,64,0.7,0,1,1,0.0,0.0,0.1,1,0,0.0,0.0,,0.0,75.6,1,2,0,0,0,2,2,49,22,100.0,2,0.0,1.40625,1.40625,0.0,0.140625,1.40625,0.0,1.40625,2.8125,0.0,2.8125,2.8125,2.8125
Marquinhos,br BRA,DF,Paris S-G,fr Ligue 1,30,22,19,1725,19.2,2,0,2,1.1,1.1,0.8,8,3,37.5,0.25,0.67,0.9,94.9,9,151,29,30,19,11,64,1990,1335,75.0,103,0.10434782608695652,0.0,0.10434782608695652,0.05739130434782609,0.04173913043478261,0.41739130434782606,0.1565217391304348,0.4695652173913044,9.391304347826086,1.565217391304348,0.5739130434782609,5.373913043478261,3.3391304347826085
Ange Martial Tia,ml MLI,"MF,DF",Reims,fr Ligue 1,17,6,2,171,1.9,0,0,0,1.3,1.3,0.0,4,2,50.0,0.0,0.0,-1.3,71.0,2,8,2,4,3,2,4,92,43,42.9,12,0.0,0.0,0.0,0.6842105263157895,0.0,2.1052631578947367,1.0526315789473684,1.0526315789473684,5.263157894736842,2.1052631578947367,1.0526315789473684,6.315789473684211,2.1052631578947367
Aarón Martín,es ESP,DF,Genoa,it Serie A,27,36,35,3085,34.3,0,8,8,0.9,0.9,5.5,16,4,25.0,0.0,0.0,-0.9,72.5,65,90,50,71,47,19,73,1951,878,44.4,146,0.0,0.23338735818476497,0.23338735818476497,0.026256077795786065,0.16045380875202592,0.46677471636952994,0.11669367909238249,1.8962722852512155,4.084278768233387,2.0713128038897892,0.5542949756888168,4.259319286871961,2.1296596434359807
Carlos Martín,es ESP,"FW,MF",Alavés,es La Liga,22,26,16,1333,14.8,2,2,4,2.3,2.3,2.7,26,12,46.2,0.08,0.17,-0.3,65.3,13,21,13,43,21,5,20,612,305,25.0,55,0.1350337584396099,0.1350337584396099,0.2700675168792198,0.15528882220555137,0.18229557389347337,1.7554388597149289,0.8102025506376593,0.8777194298574644,2.2955738934733683,2.903225806451613,0.33758439609902474,3.7134283570892723,1.350337584396099
Diego Martín,es ESP,FW,Las Palmas,es La Liga,20,2,0,40,0.4,0,0,0,0.0,0.0,0.0,1,0,0.0,0.0,,0.0,53.3,0,2,1,1,1,0,1,19,10,,1,0.0,0.0,0.0,0.0,0.0,2.25,0.0,0.0,6.75,2.25,0.0,2.25,2.25
Gerard Martín,es ESP,DF,Barcelona,es La Liga,22,28,11,1038,11.5,1,3,4,0.5,0.5,1.1,7,2,28.6,0.14,0.5,0.5,83.1,12,40,10,22,10,13,27,909,413,36.4,42,0.08670520231213873,0.26011560693641617,0.3468208092485549,0.04335260115606936,0.09537572254335262,0.6069364161849711,0.17341040462427745,1.0404624277456647,4.335260115606936,1.9075144508670518,1.1271676300578035,3.6416184971098264,2.341040462427746
Iván Martín,es ESP,MF,Girona,es La Liga,25,32,24,2039,22.7,1,1,2,1.8,1.8,1.9,11,3,27.3,0.09,0.33,-0.8,90.2,22,131,57,32,19,11,15,1577,1044,53.2,110,0.04413928396272683,0.04413928396272683,0.08827856792545366,0.07945071113290829,0.08386463952918097,0.4855321235899951,0.13241785188818048,0.9710642471799902,8.298185384992644,1.4124570868072586,0.4855321235899951,4.855321235899951,0.6620892594409025
Jon Martin,es ESP,DF,Real Sociedad,es La Liga,18,13,6,904,10.0,0,1,1,0.6,0.6,0.2,9,1,11.1,0.0,0.0,-0.6,86.8,4,34,4,11,9,7,80,677,375,,22,0.0,0.09955752212389381,0.09955752212389381,0.05973451327433628,0.019911504424778764,0.8960176991150443,0.09955752212389381,0.39823008849557523,3.783185840707965,1.095132743362832,0.6969026548672567,2.190265486725664,7.964601769911504
Jonas Martin,fr FRA,MF,Brest,fr Ligue 1,34,17,5,496,5.5,1,0,1,0.4,0.4,0.3,3,1,33.3,0.33,1.0,0.6,88.8,3,21,8,13,7,8,12,369,169,50.0,30,0.1814516129032258,0.0,0.1814516129032258,0.07258064516129033,0.05443548387096774,0.5443548387096774,0.1814516129032258,0.5443548387096774,5.262096774193548,2.3588709677419355,1.4516129032258065,5.443548387096774,2.1774193548387095
Mario Martín,es ESP,MF,Valladolid,es La Liga,20,30,20,1748,19.4,0,1,1,1.8,1.8,1.4,28,13,46.4,0.0,0.0,-1.8,84.5,12,66,18,62,32,21,46,1083,558,50.0,83,0.0,0.05148741418764302,0.05148741418764302,0.09267734553775744,0.07208237986270022,1.4416475972540046,0.6693363844393593,0.6178489702517163,4.324942791762013,3.192219679633867,1.0812356979405033,4.273455377574371,2.3684210526315788
Gabriel Martinelli,br BRA,"FW,MF",Arsenal,eng Premier League,23,33,25,2290,25.4,8,4,12,7.4,7.4,5.0,55,24,43.6,0.15,0.33,0.6,71.4,40,52,124,23,15,5,19,994,670,30.3,78,0.314410480349345,0.1572052401746725,0.47161572052401746,0.29082969432314415,0.1965065502183406,2.1615720524017465,0.9432314410480349,1.5720524017467248,6.91703056768559,0.9039301310043668,0.1965065502183406,3.0655021834061134,0.7467248908296943
Arnau Martinez,es ESP,"DF,MF",Girona,es La Liga,21,32,30,2624,29.2,2,2,4,1.2,1.2,2.2,19,6,31.6,0.11,0.33,0.8,86.4,18,162,41,51,28,31,76,2108,1183,54.1,125,0.06859756097560976,0.06859756097560976,0.13719512195121952,0.04115853658536585,0.07545731707317074,0.6516768292682927,0.20579268292682926,0.6173780487804879,6.9626524390243905,1.7492378048780488,1.0632621951219512,4.2873475609756095,2.606707317073171
Iñigo Martínez,es ESP,DF,Barcelona,es La Liga,33,28,28,2490,27.7,0,4,4,0.5,0.5,2.6,13,2,15.4,0.0,0.0,-0.5,91.0,16,260,70,25,14,18,108,2652,1711,100.0,126,0.0,0.14457831325301204,0.14457831325301204,0.018072289156626505,0.09397590361445785,0.46987951807228917,0.07228915662650602,0.5783132530120482,11.927710843373495,0.9036144578313253,0.6506024096385542,4.554216867469879,3.9036144578313254
Javi Martínez,es ESP,MF,Osasuna,es La Liga,24,1,0,6,0.1,0,0,0,0.0,0.0,0.0,0,0,,,,0.0,100.0,0,1,0,0,0,0,0,10,6,,0,0.0,0.0,0.0,0.0,0.0,0.0,0.0,0.0,15.0,0.0,0.0,0.0,0.0
Lautaro Martínez,ar ARG,FW,Inter,it Serie A,26,30,30,2474,27.5,12,3,15,13.5,13.5,4.3,99,33,33.3,0.12,0.36,-1.5,74.4,36,68,34,30,16,10,15,981,625,36.2,73,0.4365400161681488,0.1091350040420372,0.5456750202101859,0.4911075181891673,0.15642683912691996,3.6014551333872276,1.2004850444624091,1.3096200485044462,3.7105901374292647,1.0913500404203718,0.36378334680679064,2.6556184316895717,0.5456750202101859
Lisandro Martínez,ar ARG,DF,Manchester Utd,eng Premier League,26,20,20,1751,19.5,2,1,3,1.3,1.3,1.1,17,6,35.3,0.12,0.33,0.7,89.4,9,117,23,40,24,32,57,1524,1017,85.7,81,0.10279840091376356,0.05139920045688178,0.15419760137064534,0.06681896059394632,0.05653912050256996,0.8737864077669902,0.3083952027412907,0.46259280411193604,7.195888063963449,2.055968018275271,1.644774414620217,4.163335237007424,2.9297544260422614
Lucas Martínez Quarta,ar ARG,DF,Fiorentina,it Serie A,28,8,4,351,3.9,1,0,1,0.7,0.7,0.0,3,1,33.3,0.33,1.0,0.3,88.6,1,14,3,12,7,3,25,316,181,100.0,13,0.25641025641025644,0.0,0.25641025641025644,0.17948717948717946,0.0,0.7692307692307693,0.25641025641025644,0.25641025641025644,4.358974358974359,3.076923076923077,0.7692307692307693,3.333333333333333,6.410256410256411
Ramón Martínez,es ESP,DF,Sevilla,es La Liga,21,5,2,261,2.9,1,0,1,0.3,0.3,0.1,4,3,75.0,0.25,0.33,0.7,91.5,1,5,1,6,3,2,23,167,85,100.0,5,0.3448275862068965,0.0,0.3448275862068965,0.10344827586206896,0.034482758620689655,1.379310344827586,1.0344827586206897,0.3448275862068965,2.0689655172413794,2.0689655172413794,0.689655172413793,1.7241379310344827,7.93103448275862
Toni Martínez,es ESP,FW,Alavés,es La Liga,27,28,9,1012,11.2,4,0,4,3.6,3.6,0.6,46,15,32.6,0.09,0.27,0.4,58.3,11,11,13,12,7,1,15,401,162,60.0,30,0.3557312252964427,0.0,0.3557312252964427,0.32015810276679846,0.0533596837944664,4.090909090909091,1.33399209486166,0.9782608695652174,2.134387351778656,1.067193675889328,0.08893280632411067,2.66798418972332,1.33399209486166
Kevin Martins,it ITA,"MF,DF",Monza,it Serie A,19,9,1,183,2.0,0,1,1,0.0,0.0,0.4,0,0,,,,0.0,67.9,2,6,3,5,4,1,4,80,51,66.7,12,0.0,0.4918032786885246,0.4918032786885246,0.0,0.19672131147540983,0.0,0.0,0.9836065573770492,4.426229508196721,2.459016393442623,0.4918032786885246,5.901639344262295,1.9672131147540983
Javi Martón,es ESP,"FW,MF",Athletic Club,es La Liga,25,3,0,53,0.6,0,0,0,0.0,0.0,0.0,0,0,,,,0.0,85.7,0,0,0,0,0,0,0,14,6,,2,0.0,0.0,0.0,0.0,0.0,0.0,0.0,0.0,0.0,0.0,0.0,3.3962264150943393,0.0
Adam Marušić,me MNE,DF,Lazio,it Serie A,31,35,26,2337,26.0,4,0,4,2.0,2.0,0.6,23,10,43.5,0.17,0.4,2.0,84.9,13,84,23,32,20,16,61,1433,683,43.5,83,0.1540436456996149,0.0,0.1540436456996149,0.07702182284980745,0.023106546854942234,0.8857509627727855,0.38510911424903727,0.5006418485237484,4.120667522464698,1.2323491655969192,0.6161745827984596,3.1964056482670093,2.349165596919127
Marvin,es ESP,"DF,FW",Las Palmas,es La Liga,24,23,9,1038,11.5,0,0,0,0.2,0.2,1.1,5,0,0.0,0.0,,-0.2,73.7,6,30,29,25,13,15,34,658,309,11.1,53,0.0,0.0,0.0,0.017341040462427747,0.09537572254335262,0.4335260115606936,0.0,0.5202312138728323,5.115606936416185,2.167630057803468,1.300578034682081,4.595375722543353,2.947976878612717
Omar Mascarell,gq EQG,MF,Mallorca,es La Liga,31,32,21,1992,22.1,1,0,1,0.5,0.5,0.2,9,2,22.2,0.11,0.5,0.5,84.0,3,75,10,27,13,49,59,1189,589,66.7,90,0.04518072289156626,0.0,0.04518072289156626,0.02259036144578313,0.009036144578313253,0.4066265060240964,0.09036144578313252,0.13554216867469882,3.8403614457831328,1.2198795180722892,2.213855421686747,4.066265060240964,2.6656626506024095
Adam Masina,ma MAR,DF,Torino,it Serie A,30,28,20,1919,21.3,1,2,3,0.7,0.7,0.3,8,2,25.0,0.13,0.5,0.3,84.1,4,73,15,33,15,27,95,1502,853,50.0,88,0.04689942678478374,0.09379885356956748,0.14069828035435122,0.03282959874934862,0.014069828035435121,0.3751954142782699,0.09379885356956748,0.18759770713913496,4.127149557060969,1.5476810838978634,1.266284523189161,4.127149557060969,4.455445544554456
Patrizio Masini,it ITA,MF,Genoa,it Serie A,23,26,16,1538,17.1,1,0,1,0.4,0.4,0.2,8,1,12.5,0.13,1.0,0.6,76.9,6,44,16,54,29,15,37,878,391,40.0,87,0.05851755526657997,0.0,0.05851755526657997,0.023407022106631988,0.011703511053315994,0.4681404421326398,0.05851755526657997,0.3511053315994799,3.5110533159947988,3.1599479843953184,0.8777633289986997,5.091027308192458,2.1651495448634592
Giorgos Masouras,gr GRE,"FW,MF",Bochum,de Bundesliga,30,14,12,1055,11.7,2,1,3,3.9,3.9,1.1,30,15,50.0,0.07,0.13,-1.9,70.4,10,19,26,18,10,4,3,403,220,35.7,44,0.17061611374407584,0.08530805687203792,0.2559241706161137,0.33270142180094786,0.09383886255924172,2.559241706161137,1.2796208530805686,0.8530805687203792,3.8388625592417065,1.5355450236966823,0.3412322274881517,3.7535545023696684,0.2559241706161137
Erhan Mašović,rs SRB,DF,Bochum,de Bundesliga,25,16,10,910,10.1,1,1,2,0.6,0.6,0.9,7,4,57.1,0.14,0.25,0.4,82.7,3,35,1,14,10,12,55,539,290,0.0,32,0.0989010989010989,0.0989010989010989,0.1978021978021978,0.05934065934065934,0.08901098901098901,0.6923076923076923,0.3956043956043956,0.2967032967032967,3.5604395604395602,1.3846153846153846,1.1868131868131868,3.1648351648351647,5.43956043956044
Han-Noah Massengo,fr FRA,MF,Auxerre,fr Ligue 1,23,17,11,1046,11.6,0,0,0,0.4,0.4,0.4,6,3,50.0,0.0,0.0,-0.4,84.7,3,28,13,17,11,17,10,548,345,34.5,57,0.0,0.0,0.0,0.03441682600382409,0.03441682600382409,0.5162523900573613,0.25812619502868067,0.25812619502868067,3.527724665391969,1.462715105162524,1.462715105162524,4.904397705544933,0.8604206500956023
Clinton Mata,ao ANG,DF,Lyon,fr Ligue 1,31,29,27,2370,26.3,0,4,4,0.2,0.2,1.4,5,0,0.0,0.0,,-0.2,88.5,11,88,20,41,29,46,72,1877,1168,46.7,129,0.0,0.1518987341772152,0.1518987341772152,0.00759493670886076,0.05316455696202531,0.18987341772151897,0.0,0.4177215189873418,4.10126582278481,1.5569620253164556,1.7468354430379749,4.898734177215189,2.7341772151898733
Jaime Mata,es ESP,"FW,MF",Las Palmas,es La Liga,35,30,4,656,7.3,0,0,0,2.6,2.6,0.1,17,6,35.3,0.0,0.0,-2.6,67.9,3,10,6,8,2,3,11,270,118,55.6,18,0.0,0.0,0.0,0.3567073170731707,0.013719512195121951,2.3323170731707314,0.823170731707317,0.4115853658536585,2.1951219512195124,1.0975609756097562,0.4115853658536585,2.4695121951219514,1.5091463414634148
Igor Matanovic,hr CRO,FW,Eint Frankfurt,de Bundesliga,21,16,2,312,3.5,1,0,1,1.1,1.1,0.0,12,4,33.3,0.08,0.25,-0.1,76.0,1,6,2,2,0,1,9,133,78,60.0,8,0.28846153846153844,0.0,0.28846153846153844,0.31730769230769235,0.0,3.4615384615384617,1.1538461538461537,0.28846153846153844,2.3076923076923075,0.5769230769230769,0.28846153846153844,2.3076923076923075,2.5961538461538463
Pape Matar Sarr,sn SEN,MF,Tottenham,eng Premier League,21,36,22,1913,21.3,3,2,5,3.7,3.7,1.6,34,13,38.2,0.09,0.23,-0.7,86.4,15,88,33,49,36,30,25,1253,772,36.7,115,0.1411395713538944,0.09409304756926293,0.23523261892315733,0.17407213800313645,0.07527443805541036,1.59958180867747,0.6116048092002091,0.7056978567694719,5.692629377940407,2.305279665446942,1.4113957135389439,5.410350235232619,1.1761630946157866
Eliot Matazo,be BEL,MF,Monaco,fr Ligue 1,22,3,1,68,0.8,0,0,0,0.0,0.0,0.1,0,0,,,,0.0,85.4,1,7,0,3,2,1,2,54,23,0.0,7,0.0,0.0,0.0,0.0,0.1323529411764706,0.0,0.0,1.3235294117647058,9.26470588235294,3.9705882352941178,1.3235294117647058,9.26470588235294,2.6470588235294117
Jean-Philippe Mateta,fr FRA,FW,Crystal Palace,eng Premier League,27,37,33,2648,29.4,14,2,16,13.5,11.9,3.2,68,29,42.6,0.18,0.41,0.5,65.1,29,52,45,18,12,2,23,739,400,43.5,68,0.4758308157099698,0.06797583081570997,0.5438066465256798,0.4588368580060423,0.10876132930513595,2.311178247734139,0.9856495468277946,0.9856495468277946,3.2968277945619335,0.6117824773413897,0.06797583081570997,2.311178247734139,0.7817220543806647
Nemanja Matić,rs SRB,MF,Lyon,fr Ligue 1,35,29,25,2010,22.3,0,1,1,0.1,0.1,1.3,2,1,50.0,0.0,0.0,-0.1,86.9,17,150,35,42,29,18,31,1569,979,61.5,125,0.0,0.04477611940298507,0.04477611940298507,0.004477611940298508,0.058208955223880594,0.08955223880597014,0.04477611940298507,0.7611940298507462,8.283582089552239,1.8805970149253732,0.8059701492537313,5.597014925373134,1.3880597014925373
Rudy Matondo,fr FRA,MF,Auxerre,fr Ligue 1,16,5,0,66,0.7,0,0,0,0.0,0.0,0.0,0,0,,,,0.0,91.7,0,2,1,1,1,0,2,29,22,0.0,2,0.0,0.0,0.0,0.0,0.0,0.0,0.0,0.0,4.090909090909091,1.3636363636363638,0.0,2.7272727272727275,2.7272727272727275
Chrislain Matsima,fr FRA,DF,Augsburg,de Bundesliga,22,30,28,2551,28.3,1,1,2,1.8,1.8,0.3,14,2,14.3,0.07,0.5,-0.8,86.0,5,84,14,31,20,52,163,1669,910,58.3,143,0.03528028224225794,0.03528028224225794,0.07056056448451588,0.06350450803606429,0.010584084672677381,0.49392395139161116,0.07056056448451588,0.1764014112112897,3.457467659741278,1.093688749509996,1.8345746765974127,5.045080360642885,5.750686005488044
Jean Mattéo Bahoya,fr FRA,"MF,FW",Eint Frankfurt,de Bundesliga,19,24,10,921,10.2,2,3,5,1.9,1.9,1.7,10,3,30.0,0.2,0.67,0.1,74.3,18,28,24,29,18,4,10,475,267,56.7,51,0.19543973941368079,0.2931596091205212,0.48859934853420195,0.18566775244299674,0.16612377850162866,0.9771986970684039,0.2931596091205212,1.758957654723127,5.0814332247557,2.8338762214983713,0.39087947882736157,4.9837133550488595,0.9771986970684039
Alan Matturro,uy URU,DF,Genoa,it Serie A,19,13,9,900,10.0,0,0,0,0.2,0.2,0.2,4,3,75.0,0.0,0.0,-0.2,78.0,3,15,12,11,6,14,38,458,218,60.0,26,0.0,0.0,0.0,0.02,0.02,0.4,0.30000000000000004,0.30000000000000004,2.6999999999999997,1.1,1.4,2.6,3.8000000000000003
Azor Matusiwa,nl NED,MF,Rennes,fr Ligue 1,26,29,23,2078,23.1,1,3,4,1.2,1.2,1.8,11,2,18.2,0.09,0.5,-0.2,87.1,17,134,19,64,39,34,52,1358,619,77.3,134,0.04331087584215592,0.12993262752646775,0.17324350336862368,0.05197305101058711,0.07795957651588066,0.4764196342637151,0.08662175168431184,0.7362848893166506,6.626564003849855,2.771896053897979,1.4725697786333012,5.803657362848893,2.2521655437921075
Neal Maupay,fr FRA,FW,Marseille,fr Ligue 1,27,22,13,1042,11.6,4,4,8,4.1,4.1,2.2,19,10,52.6,0.21,0.4,-0.1,84.2,13,37,12,9,4,2,0,386,201,42.9,21,0.345489443378119,0.345489443378119,0.690978886756238,0.3541266794625719,0.19001919385796545,1.6410748560460653,0.8637236084452974,1.1228406909788866,4.232245681381958,0.7773512476007678,0.1727447216890595,1.813819577735125,0.0
Maurides,br BRA,FW,St. Pauli,de Bundesliga,30,1,0,2,0.0,0,0,0,0.0,0.0,0.0,0,0,,,,0.0,50.0,0,0,0,0,0,0,0,2,1,,0,0.0,0.0,0.0,0.0,0.0,0.0,0.0,0.0,0.0,0.0,0.0,0.0,0.0
Stephy Mavididi,eng ENG,FW,Leicester City,eng Premier League,26,30,16,1615,17.9,4,1,5,1.8,1.8,2.6,26,7,26.9,0.15,0.57,2.2,75.0,22,57,91,34,19,11,15,863,583,36.8,83,0.22291021671826627,0.05572755417956657,0.2786377708978328,0.10030959752321982,0.14489164086687306,1.4489164086687305,0.39009287925696595,1.2260061919504646,8.24767801857585,1.894736842105263,0.6130030959752323,4.625386996904025,0.8359133126934984
Konstantinos Mavropanos,gr GRE,DF,West Ham,eng Premier League,26,33,21,2045,22.7,0,0,0,1.5,1.5,0.5,18,5,27.8,0.0,0.0,-1.5,86.3,5,61,17,35,24,40,126,1532,864,52.9,77,0.0,0.0,0.0,0.06601466992665037,0.02200488997555012,0.7921760391198044,0.2200488997555012,0.2200488997555012,3.432762836185819,1.5403422982885084,1.7603911980440097,3.388753056234719,5.545232273838631
Christian Mawissa,fr FRA,DF,Monaco,fr Ligue 1,19,22,17,1501,16.7,0,0,0,0.1,0.1,0.0,1,1,100.0,0.0,0.0,-0.1,87.5,1,44,13,42,29,26,48,1138,718,35.7,70,0.0,0.0,0.0,0.005996002664890074,0.0,0.05996002664890073,0.05996002664890073,0.05996002664890073,3.4177215189873418,2.518321119253831,1.5589606928714193,4.197201865423051,2.8780812791472354
Keke Maximilian Topp,de GER,"FW,MF",Werder Bremen,de Bundesliga,20,19,1,252,2.8,2,2,4,1.0,1.0,2.0,7,4,57.1,0.29,0.5,1.0,54.5,10,9,10,3,1,1,4,135,81,33.3,15,0.7142857142857142,0.7142857142857142,1.4285714285714284,0.3571428571428571,0.7142857142857142,2.5,1.4285714285714284,3.571428571428571,6.785714285714286,1.0714285714285714,0.3571428571428571,5.357142857142857,1.4285714285714284
Borja Mayoral,es ESP,FW,Getafe,es La Liga,27,24,7,1114,12.4,5,1,6,3.4,2.6,0.9,19,8,42.1,0.21,0.5,1.6,77.6,8,13,10,5,4,2,6,366,209,30.0,36,0.40394973070017953,0.08078994614003591,0.48473967684021546,0.2746858168761221,0.07271095152603231,1.5350089766606823,0.6463195691202873,0.6463195691202873,1.858168761220826,0.40394973070017953,0.16157989228007183,2.9084380610412923,0.48473967684021546
Senny Mayulu,fr FRA,MF,Paris S-G,fr Ligue 1,18,20,8,808,9.0,2,2,4,2.9,2.9,2.1,25,8,32.0,0.08,0.25,-0.9,87.8,12,46,29,25,16,5,12,592,341,45.5,32,0.22277227722772278,0.22277227722772278,0.44554455445544555,0.323019801980198,0.23391089108910892,2.7846534653465347,0.8910891089108911,1.3366336633663365,8.353960396039604,2.7846534653465347,0.556930693069307,3.5643564356435644,1.3366336633663365
Noussair Mazraoui,ma MAR,DF,Manchester Utd,eng Premier League,26,37,34,2838,31.5,0,1,1,0.7,0.7,1.5,13,3,23.1,0.0,0.0,-0.7,85.7,20,115,42,115,68,34,95,2139,1172,54.2,149,0.0,0.03171247357293869,0.03171247357293869,0.02219873150105708,0.04756871035940804,0.412262156448203,0.09513742071881608,0.6342494714587739,4.9788583509513735,3.6469344608879495,1.0782241014799154,4.725158562367865,3.0126849894291756
Luca Mazzitelli,it ITA,MF,Como,it Serie A,28,11,3,335,3.7,1,1,2,0.2,0.2,0.6,7,3,42.9,0.14,0.33,0.8,79.2,6,27,2,9,6,3,10,235,132,80.0,14,0.26865671641791045,0.26865671641791045,0.5373134328358209,0.05373134328358209,0.16119402985074627,1.8805970149253732,0.8059701492537313,1.6119402985074627,7.791044776119404,2.417910447761194,0.8059701492537313,3.7611940298507465,2.6865671641791042
Pasquale Mazzocchi,it ITA,"DF,FW",Napoli,it Serie A,29,20,7,702,7.8,0,0,0,0.3,0.3,0.4,3,1,33.3,0.0,0.0,-0.3,80.3,5,23,20,15,7,5,25,385,206,58.8,31,0.0,0.0,0.0,0.038461538461538464,0.05128205128205129,0.38461538461538464,0.12820512820512822,0.6410256410256411,5.512820512820513,1.9230769230769231,0.6410256410256411,3.974358974358974,3.2051282051282053
Samuel Mbangula,be BEL,FW,Juventus,it Serie A,20,23,7,709,7.9,3,3,6,0.6,0.6,1.4,9,5,55.6,0.33,0.6,2.4,85.5,15,17,25,15,10,3,4,349,229,33.3,33,0.38081805359661497,0.38081805359661497,0.7616361071932299,0.076163610719323,0.1777150916784203,1.1424541607898449,0.6346967559943583,1.9040902679830747,5.331452750352609,1.9040902679830747,0.38081805359661497,4.188998589562765,0.5077574047954866
Ethan Mbappé,fr FRA,"MF,FW",Lille,fr Ligue 1,17,10,1,222,2.5,0,0,0,1.1,1.1,1.5,11,4,36.4,0.0,0.0,-1.1,75.5,6,8,6,6,2,1,0,177,107,37.5,8,0.0,0.0,0.0,0.445945945945946,0.6081081081081081,4.45945945945946,1.6216216216216217,2.4324324324324325,5.675675675675675,2.4324324324324325,0.40540540540540543,3.2432432432432434,0.0
Kylian Mbappé,fr FRA,FW,Real Madrid,es La Liga,25,34,34,2907,32.3,31,3,34,25.9,18.6,7.7,152,75,49.3,0.16,0.32,5.1,82.9,51,140,150,8,5,1,1,1572,1065,44.4,36,0.9597523219814242,0.09287925696594426,1.0526315789473684,0.8018575851393188,0.23839009287925697,4.705882352941177,2.3219814241486065,1.5789473684210527,8.978328173374612,0.2476780185758514,0.030959752321981424,1.1145510835913313,0.030959752321981424
Ibrahim Mbaye,fr FRA,"FW,MF",Paris S-G,fr Ligue 1,16,9,4,340,3.8,1,1,2,1.8,1.8,1.1,12,7,58.3,0.08,0.14,-0.8,86.5,3,9,15,4,2,2,2,198,161,31.3,10,0.2647058823529412,0.2647058823529412,0.5294117647058824,0.4764705882352941,0.2911764705882353,3.176470588235294,1.8529411764705883,0.7941176470588235,6.352941176470588,1.0588235294117647,0.5294117647058824,2.6470588235294117,0.5294117647058824
Bryan Mbeumo,cm CMR,FW,Brentford,eng Premier League,24,38,38,3414,37.9,20,7,27,12.3,7.5,8.3,79,34,43.0,0.19,0.44,7.7,66.1,70,141,130,49,31,14,55,1781,1077,46.8,156,0.5272407732864675,0.18453427065026362,0.7117750439367311,0.32425307557117755,0.218804920913884,2.0826010544815468,0.8963093145869947,1.8453427065026362,7.1441124780316345,1.2917398945518455,0.36906854130052724,4.1124780316344465,1.4499121265377857
James Mcatee,eng ENG,"MF,FW",Manchester City,eng Premier League,21,15,3,349,3.9,3,0,3,2.8,2.8,0.5,12,4,33.3,0.25,0.75,0.2,80.0,3,7,7,5,2,2,1,168,96,28.6,8,0.7736389684813754,0.0,0.7736389684813754,0.7220630372492836,0.12893982808022922,3.0945558739255015,1.0315186246418337,0.7736389684813754,3.6103151862464187,1.2893982808022924,0.5157593123209169,2.0630372492836675,0.25787965616045844
Kasey McAteer,ie IRL,FW,Leicester City,eng Premier League,22,18,9,852,9.5,1,1,2,1.0,1.0,0.7,13,7,53.8,0.08,0.14,0.0,72.6,9,14,19,23,16,5,15,379,224,24.0,45,0.1056338028169014,0.1056338028169014,0.2112676056338028,0.1056338028169014,0.07394366197183098,1.3732394366197183,0.7394366197183099,0.9507042253521126,3.485915492957746,2.4295774647887325,0.528169014084507,4.753521126760563,1.5845070422535212
Oliver McBurnie,sct SCO,FW,Las Palmas,es La Liga,28,34,20,1837,20.4,3,6,9,4.8,4.8,2.8,32,12,37.5,0.09,0.25,-1.8,65.9,24,27,7,15,7,6,24,605,269,47.1,40,0.14697876973326074,0.2939575394665215,0.4409363091997822,0.23516603157321717,0.13718018508437668,1.5677735438214482,0.587915078933043,1.175830157866086,1.6657593903102885,0.7348938486663037,0.2939575394665215,1.95971692977681,1.175830157866086
John McGinn,sct SCO,"MF,FW",Aston Villa,eng Premier League,29,34,27,2223,24.7,1,4,5,3.1,2.8,3.5,31,5,16.1,0.03,0.2,-2.1,81.9,31,103,32,33,24,14,18,1072,581,42.6,100,0.04048582995951417,0.16194331983805668,0.20242914979757085,0.12550607287449392,0.14170040485829957,1.2550607287449393,0.20242914979757085,1.2550607287449393,5.465587044534413,1.3360323886639676,0.5668016194331983,4.048582995951417,0.728744939271255
Scott McKenna,sct SCO,DF,Las Palmas,es La Liga,27,29,28,2466,27.4,0,0,0,1.1,1.1,0.7,10,0,0.0,0.0,,-1.1,86.7,4,45,11,21,13,9,163,1745,912,100.0,69,0.0,0.0,0.0,0.04014598540145986,0.02554744525547445,0.36496350364963503,0.0,0.14598540145985403,2.043795620437956,0.7664233576642335,0.3284671532846715,2.5182481751824817,5.948905109489051
Weston McKennie,us USA,"MF,DF",Juventus,it Serie A,25,32,27,2310,25.7,2,4,6,2.9,2.9,3.6,22,8,36.4,0.09,0.25,-0.9,83.1,32,101,28,33,12,14,37,1350,719,58.8,104,0.07792207792207792,0.15584415584415584,0.23376623376623376,0.11298701298701298,0.14025974025974025,0.8571428571428572,0.3116883116883117,1.2467532467532467,5.025974025974026,1.2857142857142856,0.5454545454545454,4.051948051948052,1.4415584415584415
Mark McKenzie,us USA,DF,Toulouse,fr Ligue 1,25,30,29,2496,27.7,1,1,2,1.4,1.4,0.5,8,2,25.0,0.13,0.5,-0.4,86.1,4,97,10,52,31,22,141,1648,878,44.4,128,0.036057692307692304,0.036057692307692304,0.07211538461538461,0.050480769230769225,0.018028846153846152,0.28846153846153844,0.07211538461538461,0.14423076923076922,3.858173076923077,1.875,0.7932692307692307,4.615384615384615,5.084134615384616
Dwight McNeil,eng ENG,"MF,FW",Everton,eng Premier League,24,21,15,1371,15.2,4,6,10,1.1,1.1,5.2,25,10,40.0,0.16,0.4,2.9,74.5,37,69,38,13,8,6,2,748,443,53.3,76,0.26258205689277897,0.3938730853391685,0.6564551422319476,0.07221006564551423,0.3413566739606127,1.6411378555798688,0.6564551422319476,2.4288840262582054,7.024070021881838,0.8533916849015317,0.3938730853391685,4.989059080962801,0.13129102844638948
Scott McTominay,sct SCO,MF,Manchester Utd,eng Premier League,27,2,0,19,0.2,0,0,0,0.1,0.1,0.0,1,0,0.0,0.0,,-0.1,100.0,0,1,0,0,0,0,1,14,10,0.0,1,0.0,0.0,0.0,0.47368421052631576,0.0,4.7368421052631575,0.0,0.0,4.7368421052631575,0.0,0.0,4.7368421052631575,4.7368421052631575
Scott McTominay,sct SCO,MF,Napoli,it Serie A,27,34,33,2938,32.6,12,4,16,7.4,7.4,2.7,76,33,43.4,0.16,0.36,4.6,84.1,26,112,56,43,25,24,51,1314,726,44.3,143,0.36759700476514634,0.12253233492171545,0.4901293396868618,0.22668481960517362,0.08270932607215793,2.3281143635125936,1.0108917631041525,0.7964601769911505,5.1463580667120485,1.317222600408441,0.7351940095302927,4.380530973451328,1.562287270251872
Jakov Medić,hr CRO,DF,Bochum,de Bundesliga,25,23,17,1603,17.8,1,0,1,0.9,0.9,0.2,14,3,21.4,0.07,0.33,0.1,87.4,3,27,2,13,11,22,111,975,498,66.7,73,0.056144728633811605,0.0,0.056144728633811605,0.050530255770430445,0.011228945726762321,0.7860262008733624,0.1684341859014348,0.1684341859014348,1.6281971303805365,0.7298814722395508,1.2351840299438552,4.098565190268247,6.232064878353088
Facundo Medina,ar ARG,DF,Lens,fr Ligue 1,25,29,29,2543,28.3,0,1,1,1.8,1.8,2.0,27,3,11.1,0.0,0.0,-1.8,87.6,24,174,46,44,29,32,70,2176,1328,37.0,165,0.0,0.03539127015336217,0.03539127015336217,0.06370428627605192,0.07078254030672435,0.9555642941407785,0.10617381046008652,0.8493904836806921,7.786079433739678,1.5572158867479355,1.1325206449075895,5.839559575304758,2.477388910735352
Ben Mee,eng ENG,DF,Brentford,eng Premier League,34,7,2,183,2.0,0,0,0,0.0,0.0,0.0,0,0,,,,0.0,77.5,0,11,3,2,2,4,7,138,78,,11,0.0,0.0,0.0,0.0,0.0,0.0,0.0,0.0,6.885245901639345,0.9836065573770492,1.9672131147540983,5.40983606557377,3.4426229508196724
Jayden Meghoma,eng ENG,DF,Brentford,eng Premier League,18,1,0,5,0.1,0,0,0,0.0,0.0,0.0,0,0,,,,0.0,100.0,0,0,0,0,0,0,0,3,1,,1,0.0,0.0,0.0,0.0,0.0,0.0,0.0,0.0,0.0,0.0,0.0,18.0,0.0
Henrik Meister,dk DEN,FW,Rennes,fr Ligue 1,20,4,0,63,0.7,1,0,1,0.1,0.1,0.3,2,1,50.0,0.5,1.0,0.9,78.6,2,1,2,2,0,1,0,31,12,,7,1.4285714285714284,0.0,1.4285714285714284,0.14285714285714285,0.42857142857142855,2.8571428571428568,1.4285714285714284,2.8571428571428568,4.285714285714286,2.8571428571428568,1.4285714285714284,10.0,0.0
Bamo Meïté,ci CIV,DF,Montpellier,fr Ligue 1,22,7,6,424,4.7,0,0,0,0.0,0.0,0.0,1,0,0.0,0.0,,0.0,88.4,0,7,1,5,3,4,14,210,99,50.0,8,0.0,0.0,0.0,0.0,0.0,0.2122641509433962,0.0,0.0,1.6981132075471697,1.0613207547169812,0.8490566037735848,1.6981132075471697,2.9716981132075473
Bamo Meïté,ci CIV,DF,Marseille,fr Ligue 1,22,3,0,26,0.3,0,0,0,0.0,0.0,0.0,0,0,,,,0.0,92.9,0,0,0,0,0,0,1,31,21,0.0,0,0.0,0.0,0.0,0.0,0.0,0.0,0.0,0.0,0.0,0.0,0.0,0.0,3.4615384615384617
Mohamed Meité,fr FRA,FW,Rennes,fr Ligue 1,16,12,5,544,6.0,2,0,2,2.5,2.5,0.6,15,5,33.3,0.13,0.4,-0.5,66.0,5,6,8,2,0,0,5,155,100,9.1,5,0.33088235294117646,0.0,0.33088235294117646,0.4136029411764706,0.09926470588235294,2.4816176470588234,0.8272058823529412,0.8272058823529412,2.316176470588235,0.33088235294117646,0.0,0.8272058823529412,0.8272058823529412
Mateo Mejía,es ESP,FW,Sevilla,es La Liga,21,1,0,11,0.1,0,0,0,0.0,0.0,0.0,0,0,,,,0.0,0.0,0,0,0,0,0,0,0,2,1,0.0,0,0.0,0.0,0.0,0.0,0.0,0.0,0.0,0.0,0.0,0.0,0.0,0.0,0.0
Farid El Melali,dz ALG,FW,Angers,fr Ligue 1,27,32,22,1893,21.0,2,3,5,3.6,3.6,3.1,46,14,30.4,0.04,0.14,-1.6,69.9,25,43,62,28,16,16,12,842,472,43.7,100,0.09508716323296355,0.14263074484944532,0.2377179080824089,0.1711568938193344,0.1473851030110935,2.1870047543581617,0.6656101426307449,1.1885895404120443,4.992076069730587,1.3312202852614898,0.7606973058637084,4.754358161648177,0.5705229793977813
Filippo Melegoni,it ITA,"MF,FW",Genoa,it Serie A,25,3,1,89,1.0,0,1,1,0.0,0.0,0.5,1,0,0.0,0.0,,0.0,56.3,1,1,0,1,1,0,2,27,13,50.0,2,0.0,1.0112359550561798,1.0112359550561798,0.0,0.5056179775280899,1.0112359550561798,0.0,1.0112359550561798,1.0112359550561798,1.0112359550561798,0.0,2.0224719101123596,2.0224719101123596
Arthur Melo,br BRA,MF,Girona,es La Liga,27,15,10,941,10.5,0,0,0,0.2,0.2,0.2,6,1,16.7,0.0,0.0,-0.2,92.4,5,70,24,25,11,8,12,806,539,57.1,49,0.0,0.0,0.0,0.019128586609989374,0.019128586609989374,0.5738575982996812,0.09564293304994687,0.4782146652497343,8.990435706695006,2.3910733262486716,0.7651434643995749,4.686503719447396,1.1477151965993624
Nuno Mendes,pt POR,DF,Paris S-G,fr Ligue 1,22,24,19,1676,18.6,1,3,4,2.2,2.2,5.0,21,9,42.9,0.05,0.11,-1.2,86.9,30,127,58,30,19,18,37,1701,990,58.5,108,0.053699284009546544,0.16109785202863963,0.21479713603818618,0.11813842482100238,0.26849642004773266,1.1276849642004774,0.48329355608591884,1.6109785202863962,9.93436754176611,1.6109785202863962,0.9665871121718377,5.799522673031027,1.986873508353222
Brais Méndez,es ESP,MF,Real Sociedad,es La Liga,27,27,19,1531,17.0,3,2,5,3.5,3.5,2.0,28,9,32.1,0.11,0.33,-0.5,77.9,23,91,32,24,13,7,16,1020,554,28.0,76,0.17635532331809275,0.11757021554539517,0.29392553886348793,0.20574787720444154,0.11757021554539517,1.6459830176355323,0.5290659699542782,1.3520574787720445,7.230568256041803,1.410842586544742,0.4114957544088831,4.467668190725016,0.9405617243631613
Antoine Mendy,sn SEN,DF,Nice,fr Ligue 1,20,18,8,825,9.2,0,0,0,0.6,0.6,0.1,9,1,11.1,0.0,0.0,-0.6,81.1,2,35,12,30,21,8,29,595,314,41.7,48,0.0,0.0,0.0,0.06545454545454545,0.01090909090909091,0.9818181818181819,0.10909090909090909,0.21818181818181817,5.127272727272727,3.2727272727272725,0.8727272727272727,5.236363636363636,3.1636363636363636
Ferland Mendy,fr FRA,DF,Real Madrid,es La Liga,29,14,12,1005,11.2,0,1,1,0.0,0.0,0.5,0,0,,,,0.0,93.9,3,36,12,17,14,9,8,739,447,50.0,36,0.0,0.08955223880597014,0.08955223880597014,0.0,0.04477611940298507,0.0,0.0,0.26865671641791045,4.298507462686567,1.5223880597014925,0.8059701492537313,3.2238805970149254,0.7164179104477612
Nampalys Mendy,sn SEN,MF,Lens,fr Ligue 1,32,10,7,588,6.5,0,1,1,0.2,0.2,0.1,3,0,0.0,0.0,,-0.2,89.7,1,28,2,15,8,9,8,357,204,25.0,30,0.0,0.15306122448979592,0.15306122448979592,0.030612244897959186,0.015306122448979593,0.4591836734693877,0.0,0.15306122448979592,4.591836734693878,2.295918367346939,1.3775510204081631,4.591836734693878,1.2244897959183674
Nobel Mendy,fr FRA,DF,Betis,es La Liga,19,2,1,108,1.2,0,0,0,0.0,0.0,0.0,0,0,,,,0.0,86.8,0,3,0,0,0,4,10,71,35,,7,0.0,0.0,0.0,0.0,0.0,0.0,0.0,0.0,2.5,0.0,3.333333333333333,5.833333333333333,8.333333333333332
Gideon Mensah,gh GHA,DF,Auxerre,fr Ligue 1,26,29,26,2280,25.3,0,1,1,0.2,0.2,2.6,4,1,25.0,0.0,0.0,-0.2,79.9,22,93,52,68,45,50,83,1627,880,53.7,172,0.0,0.039473684210526314,0.039473684210526314,0.007894736842105263,0.10263157894736843,0.15789473684210525,0.039473684210526314,0.868421052631579,5.723684210526316,2.6842105263157894,1.9736842105263157,6.7894736842105265,3.2763157894736845
Mikel Merino,es ESP,"MF,FW",Arsenal,eng Premier League,28,28,17,1586,17.6,7,2,9,5.9,5.9,2.0,38,13,34.2,0.18,0.54,1.1,78.2,17,69,11,46,28,15,26,783,388,39.1,86,0.3972257250945776,0.11349306431273644,0.5107187894073141,0.3348045397225725,0.11349306431273644,2.1563682219419924,0.7377049180327869,0.9646910466582598,4.539722572509458,2.610340479192938,0.8511979823455232,4.8802017654476675,1.4754098360655739
Quentin Merlin,fr FRA,DF,Marseille,fr Ligue 1,22,27,21,1589,17.7,1,3,4,2.1,2.1,3.0,26,9,34.6,0.04,0.11,-1.1,82.4,25,86,40,22,17,14,17,1296,732,21.1,69,0.056639395846444306,0.1699181875393329,0.22655758338577722,0.11894273127753303,0.1699181875393329,1.4726242920075518,0.5097545626179988,1.4159848961611075,7.136563876651983,1.2460667086217747,0.7929515418502203,3.9081183134046573,0.9628697293895533
Víctor Meseguer,es ESP,MF,Valladolid,es La Liga,25,14,2,418,4.6,0,0,0,0.7,0.7,0.0,6,0,0.0,0.0,,-0.7,78.3,1,22,2,10,6,2,4,234,100,25.0,25,0.0,0.0,0.0,0.15071770334928228,0.0,1.291866028708134,0.0,0.21531100478468898,5.167464114832536,2.15311004784689,0.43062200956937796,5.382775119617225,0.8612440191387559
Rafik Messali,fr FRA,DF,Toulouse,fr Ligue 1,21,13,5,456,5.1,0,1,1,0.3,0.3,1.0,4,0,0.0,0.0,,-0.3,73.1,11,21,13,15,8,10,12,298,155,44.4,28,0.0,0.19736842105263158,0.19736842105263158,0.05921052631578947,0.19736842105263158,0.7894736842105263,0.0,2.1710526315789473,6.7105263157894735,2.9605263157894735,1.9736842105263157,5.526315789473684,2.3684210526315788
Junior Messias,br BRA,"MF,FW",Genoa,it Serie A,33,17,8,847,9.4,1,1,2,2.4,1.4,0.7,17,5,29.4,0.06,0.2,-1.4,63.7,8,32,32,13,7,6,20,397,226,22.7,39,0.10625737898465171,0.10625737898465171,0.21251475796930341,0.25501770956316405,0.0743801652892562,1.806375442739079,0.5312868949232585,0.8500590318772137,6.800472255017709,1.3813459268004722,0.6375442739079102,4.144037780401416,2.125147579693034
Connor Metcalfe,au AUS,"MF,FW",St. Pauli,de Bundesliga,24,10,3,358,4.0,0,0,0,0.7,0.7,0.2,6,3,50.0,0.0,0.0,-0.7,64.4,3,8,6,2,0,3,8,156,58,50.0,9,0.0,0.0,0.0,0.1759776536312849,0.05027932960893855,1.5083798882681565,0.7541899441340782,0.7541899441340782,3.5195530726256985,0.5027932960893855,0.7541899441340782,2.2625698324022347,2.011173184357542
Karol Mets,ee EST,DF,St. Pauli,de Bundesliga,31,10,10,900,10.0,0,0,0,0.1,0.1,0.2,3,0,0.0,0.0,,-0.1,83.4,3,54,5,13,8,12,60,736,343,0.0,35,0.0,0.0,0.0,0.01,0.02,0.30000000000000004,0.0,0.30000000000000004,5.9,1.3,1.2000000000000002,3.5,6.0
Thomas Meunier,be BEL,DF,Lille,fr Ligue 1,32,30,21,1928,21.4,2,0,2,1.9,1.9,0.7,28,11,39.3,0.07,0.18,0.1,80.4,13,136,64,53,38,34,64,1736,899,50.0,88,0.09336099585062241,0.0,0.09336099585062241,0.08869294605809128,0.03267634854771784,1.3070539419087137,0.5134854771784232,0.6068464730290457,9.336099585062241,2.474066390041494,1.5871369294605808,4.1078838174273855,2.987551867219917
Shumaira Mheuka,eng ENG,MF,Chelsea,eng Premier League,16,1,0,1,0.0,0,0,0,0.1,0.1,0.0,1,1,100.0,0.0,0.0,-0.1,,0,0,0,0,0,0,0,2,1,,0,0.0,0.0,0.0,9.0,0.0,90.0,90.0,0.0,0.0,0.0,0.0,0.0,0.0
Lucas Michal,fr FRA,"FW,MF",Monaco,fr Ligue 1,19,8,0,117,1.3,0,0,0,0.2,0.2,0.9,3,1,33.3,0.0,0.0,-0.2,81.8,1,4,4,5,3,1,2,64,38,25.0,4,0.0,0.0,0.0,0.15384615384615385,0.6923076923076923,2.3076923076923075,0.7692307692307693,0.7692307692307693,6.153846153846154,3.8461538461538463,0.7692307692307693,3.076923076923077,1.5384615384615385
Florian Micheler,at AUT,MF,Hoffenheim,de Bundesliga,19,1,0,32,0.4,0,0,0,0.0,0.0,0.0,0,0,,,,0.0,91.7,0,1,1,0,0,0,0,12,11,100.0,1,0.0,0.0,0.0,0.0,0.0,0.0,0.0,0.0,5.625,0.0,0.0,2.8125,0.0
Miguel,es ESP,FW,Leganés,es La Liga,24,34,17,1724,19.2,1,3,4,4.9,3.3,1.4,33,14,42.4,0.0,0.0,-3.9,58.6,7,16,14,16,7,4,23,472,258,22.2,27,0.052204176334106726,0.15661252900232017,0.2088167053364269,0.255800464037123,0.07308584686774941,1.722737819025522,0.7308584686774942,0.3654292343387471,1.5661252900232019,0.8352668213457076,0.2088167053364269,1.4095127610208815,1.2006960556844548
Valentin Mihaila,ro ROU,"FW,MF",Parma,it Serie A,24,21,16,1288,14.3,0,3,3,2.4,2.4,1.2,31,11,35.5,0.0,0.0,-2.4,75.4,17,41,25,29,15,8,6,582,332,37.0,39,0.0,0.2096273291925466,0.2096273291925466,0.16770186335403725,0.08385093167701863,2.1661490683229814,0.7686335403726708,1.187888198757764,4.611801242236025,2.0263975155279503,0.5590062111801242,2.7251552795031055,0.4192546583850932
Georges Mikautadze,ge GEO,FW,Lyon,fr Ligue 1,23,34,13,1449,16.1,11,6,17,10.3,7.0,4.3,52,22,42.3,0.15,0.36,0.7,76.5,21,54,37,7,6,4,6,653,402,28.8,44,0.6832298136645963,0.3726708074534162,1.0559006211180124,0.6397515527950312,0.2670807453416149,3.229813664596273,1.3664596273291927,1.3043478260869565,5.6521739130434785,0.43478260869565216,0.2484472049689441,2.7329192546583854,0.3726708074534162
Igor Miladinović,rs SRB,"FW,MF",Saint-Étienne,fr Ligue 1,21,3,0,26,0.3,0,0,0,0.0,0.0,0.0,0,0,,,,0.0,80.0,0,1,0,0,0,1,1,20,10,0.0,4,0.0,0.0,0.0,0.0,0.0,0.0,0.0,0.0,3.4615384615384617,0.0,3.4615384615384617,13.846153846153847,3.4615384615384617
Nikola Milenković,rs SRB,DF,Nott'ham Forest,eng Premier League,26,37,37,3330,37.0,5,2,7,4.0,4.0,1.1,29,8,27.6,0.17,0.63,1.0,82.3,9,51,3,51,29,27,209,1412,547,100.0,85,0.13513513513513514,0.05405405405405405,0.1891891891891892,0.1081081081081081,0.02972972972972973,0.7837837837837838,0.2162162162162162,0.24324324324324326,1.4594594594594597,1.3783783783783783,0.7297297297297298,2.2972972972972974,5.648648648648649
Lewis Miley,eng ENG,MF,Newcastle Utd,eng Premier League,18,14,1,313,3.5,1,0,1,0.5,0.5,0.0,3,2,66.7,0.33,0.5,0.5,88.0,1,17,2,14,11,2,5,235,112,33.3,16,0.2875399361022364,0.0,0.2875399361022364,0.1437699680511182,0.0,0.8626198083067093,0.5750798722044728,0.2875399361022364,5.463258785942492,4.025559105431309,0.5750798722044728,4.600638977635782,1.4376996805111821
Éder Militão,br BRA,DF,Real Madrid,es La Liga,26,12,11,938,10.4,1,1,2,0.6,0.6,0.5,10,3,30.0,0.1,0.33,0.4,89.3,6,46,7,19,17,12,35,819,533,62.5,44,0.09594882729211088,0.09594882729211088,0.19189765458422176,0.05756929637526652,0.04797441364605544,0.9594882729211087,0.2878464818763326,0.5756929637526652,5.085287846481877,1.8230277185501067,1.1513859275053304,4.221748400852879,3.3582089552238803
Luis Milla,es ESP,MF,Getafe,es La Liga,29,33,32,2875,31.9,1,4,5,1.8,1.0,3.9,31,7,22.6,0.0,0.0,-0.8,73.5,70,152,32,61,40,24,28,1802,799,53.8,168,0.03130434782608696,0.12521739130434784,0.1565217391304348,0.05634782608695653,0.12208695652173912,0.9704347826086956,0.21913043478260869,2.1913043478260867,5.76,1.9095652173913045,0.7513043478260869,5.259130434782609,0.8765217391304347
Pere Milla,es ESP,"MF,FW",Espanyol,es La Liga,31,20,1,456,5.1,3,0,3,1.5,1.5,0.3,11,5,45.5,0.27,0.6,1.5,58.8,5,13,9,6,2,3,5,239,117,28.6,25,0.5921052631578947,0.0,0.5921052631578947,0.29605263157894735,0.05921052631578947,2.1710526315789473,0.9868421052631579,0.9868421052631579,4.342105263157895,1.1842105263157894,0.5921052631578947,4.934210526315789,0.9868421052631579
Enzo Millot,fr FRA,"MF,FW",Stuttgart,de Bundesliga,22,29,22,1843,20.5,6,5,11,7.6,6.7,3.1,43,17,39.5,0.14,0.35,-1.6,84.8,23,118,44,30,13,13,6,1397,848,46.3,99,0.29300054259359737,0.24416711882799783,0.5371676614215952,0.3711340206185567,0.15138361367335867,2.0998372219207813,0.8301682040151926,1.12316874660879,7.91101465002713,1.465002712967987,0.6348345089527944,4.834508952794357,0.29300054259359737
James Milner,eng ENG,MF,Brighton,eng Premier League,38,4,3,170,1.9,0,0,0,0.2,0.2,0.2,2,0,0.0,0.0,,-0.2,74.3,4,10,1,5,2,2,2,93,47,100.0,2,0.0,0.0,0.0,0.10588235294117648,0.10588235294117648,1.0588235294117647,0.0,2.1176470588235294,5.8235294117647065,2.6470588235294117,1.0588235294117647,1.0588235294117647,1.0588235294117647
Kim Min-jae,kr KOR,DF,Bayern Munich,de Bundesliga,27,27,27,2283,25.4,2,0,2,1.6,1.6,0.3,7,5,71.4,0.29,0.4,0.4,92.5,6,181,16,35,20,37,91,2764,1644,60.0,153,0.07884362680683311,0.0,0.07884362680683311,0.0630749014454665,0.011826544021024966,0.2759526938239159,0.19710906701708278,0.23653088042049936,7.766097240473062,1.3797634691195795,1.4586070959264126,6.031537450722733,3.5873850197109065
Yerry Mina,co COL,DF,Cagliari,it Serie A,29,31,31,2569,28.5,1,0,1,2.3,2.3,0.3,26,8,30.8,0.04,0.13,-1.3,85.9,4,76,17,66,32,37,163,1797,948,37.5,158,0.035033086804203965,0.0,0.035033086804203965,0.08057609964966914,0.01050992604126119,0.9108602569093032,0.2802646944336317,0.14013234721681586,3.258077072790969,2.312183729077462,1.296224211755547,5.535227715064227,5.710393149085247
Takumi Minamino,jp JPN,"MF,FW",Monaco,fr Ligue 1,29,31,27,2231,24.8,6,3,9,8.9,8.9,6.6,57,20,35.1,0.11,0.3,-2.9,70.7,40,114,51,33,19,10,20,1016,567,30.0,88,0.24204392649036305,0.12102196324518152,0.3630658897355446,0.35903182429403857,0.26624831913939934,2.299417301658449,0.8068130883012102,1.6136261766024205,6.656207978484984,1.331241595696997,0.4034065441506051,3.549977588525325,0.8068130883012102
Lucas Mincarelli,fr FRA,DF,Montpellier,fr Ligue 1,20,10,8,715,7.9,1,0,1,0.6,0.6,0.3,7,2,28.6,0.14,0.5,0.4,81.5,3,25,15,17,10,9,27,462,255,20.0,25,0.1258741258741259,0.0,0.1258741258741259,0.07552447552447553,0.03776223776223776,0.8811188811188811,0.2517482517482518,0.3776223776223776,5.034965034965035,2.1398601398601396,1.132867132867133,3.146853146853147,3.3986013986013988
Tyrone Mings,eng ENG,DF,Aston Villa,eng Premier League,31,14,12,1120,12.4,0,0,0,0.8,0.8,0.2,9,1,11.1,0.0,0.0,-0.8,88.2,3,40,7,7,6,7,61,794,484,66.7,38,0.0,0.0,0.0,0.06428571428571428,0.01607142857142857,0.7232142857142856,0.08035714285714285,0.24107142857142858,3.776785714285714,0.5625,0.5625,3.0535714285714284,4.901785714285714
Óscar Mingueza,es ESP,"MF,DF",Celta Vigo,es La Liga,25,34,31,2729,30.3,4,6,10,1.5,1.5,5.6,33,10,30.3,0.12,0.4,2.5,77.0,35,200,69,38,24,22,46,2460,1386,41.7,138,0.131916452913155,0.19787467936973252,0.32979113228288753,0.04946866984243313,0.184683034078417,1.0883107365335287,0.32979113228288753,1.1542689629901062,8.871381458409674,1.2532063026749725,0.7255404910223525,4.5511176255038475,1.5170392085012825
Kim Minsu,kr KOR,"MF,FW",Girona,es La Liga,18,3,0,22,0.2,0,0,0,0.0,0.0,0.0,0,0,,,,0.0,90.0,0,0,0,1,0,0,0,18,12,0.0,1,0.0,0.0,0.0,0.0,0.0,0.0,0.0,0.0,0.0,4.090909090909091,0.0,4.090909090909091,0.0
Yankuba Minteh,gm GAM,"FW,MF",Brighton,eng Premier League,20,32,20,1838,20.4,6,4,10,4.1,4.1,5.0,34,16,47.1,0.18,0.38,1.9,62.5,29,48,90,48,35,11,31,836,481,46.9,85,0.29379760609357997,0.19586507072905332,0.4896626768226333,0.20076169749727962,0.24483133841131666,1.6648531011969532,0.7834602829162133,1.4200217627856366,6.75734494015234,2.3503808487486397,0.5386289445048966,4.162132752992383,1.5179542981501633
Bojan Miovski,mk MKD,FW,Girona,es La Liga,25,17,12,869,9.7,2,1,3,2.7,2.7,0.2,14,4,28.6,0.14,0.5,-0.7,76.1,4,4,4,7,5,2,7,182,88,42.9,13,0.20713463751438435,0.10356731875719218,0.3107019562715765,0.27963176064441886,0.020713463751438437,1.4499424626006905,0.4142692750287687,0.4142692750287687,0.8285385500575374,0.7249712313003452,0.20713463751438435,1.3463751438434983,0.7249712313003452
Rafa Mir,es ESP,"FW,MF",Valencia,es La Liga,27,20,5,753,8.4,1,2,3,3.0,3.0,0.7,27,7,25.9,0.04,0.14,-2.0,72.0,4,20,10,12,6,5,9,294,145,14.3,18,0.1195219123505976,0.2390438247011952,0.35856573705179284,0.35856573705179284,0.08366533864541832,3.2270916334661357,0.8366533864541833,0.4780876494023904,3.585657370517928,1.4342629482071714,0.5976095617529881,2.151394422310757,1.0756972111553784
Juan Miranda,es ESP,DF,Bologna,it Serie A,24,31,25,2277,25.3,0,6,6,0.7,0.7,6.1,22,5,22.7,0.0,0.0,-0.7,75.7,57,163,34,32,18,23,50,2080,1047,35.0,97,0.0,0.23715415019762848,0.23715415019762848,0.02766798418972332,0.24110671936758893,0.8695652173913043,0.1976284584980237,2.2529644268774702,7.786561264822135,1.2648221343873518,0.9090909090909092,3.83399209486166,1.976284584980237
Fabio Miretti,it ITA,"MF,FW",Genoa,it Serie A,20,25,22,1677,18.6,3,3,6,3.1,3.1,2.0,24,6,25.0,0.13,0.5,-0.1,74.4,22,54,33,28,15,7,13,847,461,34.2,85,0.16100178890876565,0.16100178890876565,0.3220035778175313,0.16636851520572452,0.1073345259391771,1.2880143112701252,0.3220035778175313,1.180679785330948,4.669051878354204,1.5026833631484793,0.3756708407871198,4.561717352415027,0.6976744186046512
Tyrick Mitchell,eng ENG,DF,Crystal Palace,eng Premier League,24,37,37,3092,34.4,0,5,5,1.3,1.3,6.4,12,3,25.0,0.0,0.0,-1.3,72.0,41,70,63,91,55,19,108,1754,820,42.1,168,0.0,0.14553686934023286,0.14553686934023286,0.03783958602846054,0.18628719275549807,0.34928848641655885,0.08732212160413971,1.1934023285899094,3.8712807244501937,2.6487710219922382,0.5530401034928849,4.890038809831824,3.14359637774903
Kaoru Mitoma,jp JPN,"FW,MF",Brighton,eng Premier League,27,36,28,2603,28.9,10,4,14,9.2,9.2,4.6,57,27,47.4,0.18,0.37,0.8,75.8,37,89,146,45,27,14,10,1375,830,39.7,99,0.3457548981943911,0.13830195927775643,0.48405685747214755,0.3180945063388398,0.1590472531694199,1.9708029197080292,0.933538225124856,1.279293123319247,8.12524010756819,1.5558970418747597,0.48405685747214755,3.4229734921244717,0.3457548981943911
Maximilian Mittelstädt,de GER,DF,Stuttgart,de Bundesliga,27,31,28,2469,27.4,1,7,8,0.9,0.9,4.7,21,4,19.0,0.05,0.25,0.1,83.4,47,182,62,79,54,47,96,2385,1251,55.3,119,0.03645200486026732,0.2551640340218712,0.29161603888213855,0.032806804374240585,0.17132442284325639,0.7654921020656136,0.14580801944106928,1.713244228432564,8.894289185905226,2.879708383961118,1.713244228432564,4.337788578371811,3.499392466585662
Koji Miyoshi,jp JPN,"FW,MF",Bochum,de Bundesliga,27,15,6,464,5.2,1,0,1,1.1,1.1,0.8,12,5,41.7,0.08,0.2,-0.1,59.2,5,15,11,8,5,2,2,201,120,35.7,22,0.1939655172413793,0.0,0.1939655172413793,0.21336206896551727,0.15517241379310345,2.3275862068965516,0.9698275862068966,0.9698275862068966,5.043103448275862,1.5517241379310345,0.3879310344827586,4.267241379310344,0.3879310344827586
Henrikh Mkhitaryan,am ARM,MF,Inter,it Serie A,35,31,29,2328,25.9,1,4,5,1.5,1.5,2.7,23,2,8.7,0.04,0.5,-0.5,87.4,29,199,72,43,24,16,41,1747,1036,26.9,131,0.03865979381443299,0.15463917525773196,0.19329896907216496,0.05798969072164949,0.10438144329896908,0.8891752577319587,0.07731958762886598,1.1211340206185567,10.476804123711341,1.6623711340206186,0.6185567010309279,5.064432989690721,1.5850515463917525
Jakub Moder,pl POL,MF,Brighton,eng Premier League,25,4,0,11,0.1,0,0,0,0.0,0.0,0.2,0,0,,,,0.0,81.8,3,4,2,1,0,0,3,27,13,,2,0.0,0.0,0.0,0.0,1.6363636363636367,0.0,0.0,24.545454545454543,49.090909090909086,8.181818181818182,0.0,16.363636363636363,24.545454545454543
Rui Modesto,ao ANG,"DF,MF",Udinese,it Serie A,24,20,4,608,6.8,0,1,1,0.5,0.5,0.8,3,2,66.7,0.0,0.0,-0.5,74.5,14,22,16,16,12,8,13,388,166,37.5,26,0.0,0.14802631578947367,0.14802631578947367,0.07401315789473684,0.11842105263157894,0.444078947368421,0.29605263157894735,2.0723684210526314,5.625,2.3684210526315788,1.1842105263157894,3.848684210526316,1.924342105263158
Luka Modrić,hr CRO,MF,Real Madrid,es La Liga,38,35,17,1827,20.3,2,6,8,1.6,1.6,7.0,22,6,27.3,0.09,0.33,0.4,87.6,66,208,62,31,20,27,17,2124,1419,58.3,105,0.09852216748768473,0.29556650246305416,0.39408866995073893,0.07881773399014778,0.3448275862068965,1.083743842364532,0.29556650246305416,3.2512315270935956,13.30049261083744,1.5270935960591132,1.3300492610837438,5.172413793103448,0.8374384236453202
Terem Moffi,ng NGA,FW,Nice,fr Ligue 1,25,5,0,58,0.6,1,0,1,2.3,2.3,0.0,6,4,66.7,0.17,0.25,-1.3,60.0,0,1,1,0,0,0,0,17,9,100.0,1,1.5517241379310345,0.0,1.5517241379310345,3.568965517241379,0.0,9.310344827586206,6.206896551724138,0.0,3.103448275862069,0.0,0.0,1.5517241379310345,0.0
Mostafa Mohamed,eg EGY,FW,Nantes,fr Ligue 1,26,30,11,1252,13.9,5,0,5,5.5,5.5,0.4,43,16,37.2,0.12,0.31,-0.5,64.8,6,20,11,18,9,10,27,452,239,46.2,50,0.35942492012779553,0.0,0.35942492012779553,0.3953674121405751,0.028753993610223644,3.0910543130990416,1.1501597444089455,0.43130990415335463,2.228434504792332,1.293929712460064,0.7188498402555911,3.594249201277955,1.9408945686900958
Johan Mojica,co COL,DF,Mallorca,es La Liga,31,36,30,2755,30.6,1,2,3,0.9,0.9,4.1,17,3,17.6,0.06,0.33,0.1,74.2,40,130,66,35,23,26,84,1949,1024,37.1,181,0.032667876588021776,0.06533575317604355,0.09800362976406535,0.029401088929219603,0.13393829401088927,0.5553539019963702,0.09800362976406535,1.306715063520871,6.402903811252269,1.1433756805807622,0.8493647912885662,5.912885662431942,2.7441016333938295
David Mokwa,fr FRA,"DF,FW",Hoffenheim,de Bundesliga,20,2,0,22,0.2,0,0,0,0.3,0.3,0.0,2,2,100.0,0.0,0.0,-0.3,25.0,0,0,0,1,0,0,0,11,5,100.0,1,0.0,0.0,0.0,1.2272727272727273,0.0,8.181818181818182,8.181818181818182,0.0,0.0,4.090909090909091,0.0,4.090909090909091,0.0
Alberto Moleiro,es ESP,"FW,MF",Las Palmas,es La Liga,20,35,32,2714,30.2,6,1,7,5.6,5.6,3.3,68,24,35.3,0.09,0.25,0.4,81.3,41,116,97,27,12,18,8,1416,946,42.7,132,0.19896831245394253,0.03316138540899042,0.23212969786293292,0.18570375829034635,0.10943257184966837,2.254974207811349,0.7958732498157701,1.3596168017686072,7.06337509211496,0.8953574060427413,0.5969049373618275,4.377302873986736,0.26529108327192336
Nahuel Molina,ar ARG,DF,Atlético Madrid,es La Liga,26,30,17,1590,17.7,0,3,3,0.8,0.8,1.5,9,1,11.1,0.0,0.0,-0.8,79.9,13,61,35,44,19,13,53,1366,782,50.0,66,0.0,0.16981132075471697,0.16981132075471697,0.045283018867924525,0.08490566037735849,0.5094339622641509,0.056603773584905655,0.7358490566037735,5.433962264150943,2.490566037735849,0.7358490566037735,3.735849056603773,3.0
Florent Mollet,fr FRA,"MF,FW",Nantes,fr Ligue 1,32,9,3,242,2.7,0,0,0,0.3,0.3,0.3,6,2,33.3,0.0,0.0,-0.3,78.3,6,9,3,2,2,1,4,125,85,66.7,13,0.0,0.0,0.0,0.11157024793388429,0.11157024793388429,2.231404958677686,0.743801652892562,2.231404958677686,4.462809917355372,0.743801652892562,0.371900826446281,4.834710743801653,1.487603305785124
Jon Moncayola,es ESP,MF,Osasuna,es La Liga,26,32,26,2099,23.3,0,0,0,1.6,1.6,3.7,21,9,42.9,0.0,0.0,-1.6,74.4,33,107,25,70,41,11,20,1198,571,33.3,91,0.0,0.0,0.0,0.06860409718913768,0.1586469747498809,0.9004287756074322,0.38589804668889943,1.4149595045259649,5.6598380181038594,3.0014292520247734,0.47165316817532155,3.9018580276322057,0.857551214864221
Gonzalo Montiel,ar ARG,"DF,MF",Sevilla,es La Liga,27,6,1,113,1.3,0,0,0,0.0,0.0,0.0,1,0,0.0,0.0,,0.0,87.2,0,2,3,4,2,2,11,99,37,0.0,4,0.0,0.0,0.0,0.0,0.0,0.7964601769911505,0.0,0.0,3.982300884955752,3.185840707964602,1.592920353982301,3.185840707964602,8.761061946902656
Mikey Moore,eng ENG,FW,Tottenham,eng Premier League,16,10,3,366,4.1,0,1,1,0.2,0.2,0.3,3,0,0.0,0.0,,-0.2,69.8,3,9,12,2,1,1,4,142,106,11.8,11,0.0,0.2459016393442623,0.2459016393442623,0.04918032786885246,0.07377049180327869,0.7377049180327869,0.0,0.7377049180327869,5.163934426229508,0.4918032786885246,0.2459016393442623,2.704918032786885,0.9836065573770492
Álvaro Morata,es ESP,"FW,MF",Milan,it Serie A,31,16,13,1099,12.2,5,0,5,3.9,3.9,0.8,27,10,37.0,0.19,0.5,1.1,75.4,7,26,18,16,10,5,5,383,215,35.3,31,0.4094631483166515,0.0,0.4094631483166515,0.31938125568698816,0.06551410373066424,2.211101000909918,0.818926296633303,0.5732484076433121,3.603275705186533,1.3102820746132848,0.4094631483166515,2.5386715195632394,0.4094631483166515
Morato,br BRA,DF,Nott'ham Forest,eng Premier League,23,26,6,907,10.1,0,0,0,0.2,0.2,0.0,2,1,50.0,0.0,0.0,-0.2,77.0,0,19,1,22,14,10,78,457,164,100.0,36,0.0,0.0,0.0,0.019845644983461964,0.0,0.19845644983461963,0.09922822491730982,0.0,1.984564498346196,2.183020948180816,0.992282249173098,3.5722160970231536,7.739801543550166
Diego Moreira,pt POR,"DF,MF",Strasbourg,fr Ligue 1,19,32,29,2568,28.5,2,7,9,2.0,2.0,7.3,25,8,32.0,0.08,0.25,0.0,77.5,30,87,99,44,28,35,65,1701,953,45.6,139,0.07009345794392523,0.24532710280373832,0.31542056074766356,0.07009345794392523,0.2558411214953271,0.8761682242990654,0.2803738317757009,1.0514018691588785,6.518691588785046,1.542056074766355,1.2266355140186915,4.871495327102804,2.27803738317757
Alberto Moreno,es ESP,DF,Como,it Serie A,32,24,21,1727,19.2,0,0,0,0.4,0.4,1.2,14,6,42.9,0.0,0.0,-0.4,82.5,19,81,23,25,11,14,40,1224,722,42.9,74,0.0,0.0,0.0,0.020845396641574986,0.06253618992472496,0.7295888824551245,0.3126809496236248,0.9901563404748117,5.419803126809496,1.3028372900984366,0.7295888824551245,3.8563983786913725,2.0845396641574987
Álex Moreno,es ESP,"DF,MF",Nott'ham Forest,eng Premier League,31,15,11,955,10.6,0,1,1,0.2,0.2,1.3,6,0,0.0,0.0,,-0.2,72.0,8,34,26,25,18,15,43,559,229,38.1,50,0.0,0.0942408376963351,0.0942408376963351,0.01884816753926702,0.12251308900523561,0.5654450261780105,0.0,0.7539267015706808,5.654450261780104,2.356020942408377,1.413612565445026,4.712041884816754,4.052356020942408
Gerard Moreno,es ESP,FW,Villarreal,es La Liga,32,17,6,721,8.0,3,2,5,4.2,1.8,3.6,23,9,39.1,0.0,0.0,-1.2,77.0,17,53,19,7,4,2,8,404,243,58.1,25,0.37447988904299584,0.24965325936199723,0.6241331484049931,0.5242718446601942,0.44937586685159503,2.871012482662968,1.1234396671289875,2.1220527045769764,8.9875173370319,0.8737864077669902,0.24965325936199723,3.1206657420249653,0.9986130374479889
Matias Moreno,ar ARG,DF,Fiorentina,it Serie A,20,4,2,144,1.6,0,0,0,0.0,0.0,0.0,0,0,,,,0.0,81.7,1,6,1,8,8,1,9,98,55,100.0,5,0.0,0.0,0.0,0.0,0.0,0.0,0.0,0.625,4.375,5.0,0.625,3.125,5.625
Xavier Moreno,es ESP,FW,Valladolid,es La Liga,19,1,1,45,0.5,0,0,0,0.0,0.0,0.0,0,0,,,,0.0,23.1,0,1,1,0,0,0,1,17,8,0.0,1,0.0,0.0,0.0,0.0,0.0,0.0,0.0,0.0,4.0,0.0,0.0,2.0,2.0
Tete Morente,es ESP,"FW,MF",Lecce,it Serie A,27,31,23,2021,22.5,3,2,5,2.9,2.9,1.6,41,13,31.7,0.07,0.23,0.1,74.8,25,102,48,27,17,14,31,983,560,54.5,104,0.13359722909450766,0.08906481939633845,0.2226620484908461,0.12914398812469075,0.07125185551707076,1.8258287976249383,0.5789213260761998,1.1133102424542307,6.679861454725383,1.202375061850569,0.6234537357743691,4.631370608609599,1.380504700643246
Mateu Morey,es ESP,DF,Mallorca,es La Liga,24,16,8,741,8.2,0,0,0,0.4,0.4,0.3,3,1,33.3,0.0,0.0,-0.4,77.2,4,17,17,22,18,15,32,502,254,52.9,41,0.0,0.0,0.0,0.048582995951417005,0.03643724696356275,0.3643724696356275,0.1214574898785425,0.48582995951417,4.129554655870446,2.672064777327935,1.8218623481781377,4.9797570850202435,3.88663967611336
Ilaix Moriba,gn GUI,MF,Celta Vigo,es La Liga,21,33,22,2132,23.7,1,1,2,1.7,1.7,1.5,34,11,32.4,0.03,0.09,-0.7,85.7,20,119,34,68,42,14,33,1305,769,30.6,108,0.04221388367729831,0.04221388367729831,0.08442776735459662,0.07176360225140713,0.06332082551594746,1.4352720450281424,0.4643527204502814,0.8442776735459663,6.458724202626642,2.870544090056285,0.5909943714821764,4.559099437148218,1.3930581613508441
Manu Morlanes,es ESP,MF,Mallorca,es La Liga,25,23,15,1338,14.9,0,0,0,0.6,0.6,0.3,11,1,9.1,0.0,0.0,-0.6,88.9,10,88,16,43,27,24,16,845,459,37.5,79,0.0,0.0,0.0,0.04035874439461883,0.020179372197309416,0.7399103139013453,0.06726457399103139,0.6726457399103138,6.995515695067264,2.8923766816143495,1.6143497757847534,5.313901345291479,1.0762331838565022
Nikola Moro,hr CRO,MF,Bologna,it Serie A,26,22,15,1208,13.4,0,2,2,0.5,0.5,0.8,14,2,14.3,0.0,0.0,-0.5,80.2,20,93,17,35,27,13,18,923,486,58.3,73,0.0,0.1490066225165563,0.1490066225165563,0.037251655629139076,0.059602649006622516,1.0430463576158941,0.1490066225165563,1.490066225165563,8.195364238410596,2.607615894039735,0.9685430463576159,5.438741721854305,1.3410596026490067
Raúl Moro,es ESP,"MF,FW",Valladolid,es La Liga,21,33,26,2341,26.0,4,5,9,4.1,4.1,5.7,46,16,34.8,0.09,0.25,-0.1,64.9,44,81,112,22,13,10,20,1050,607,43.2,85,0.1537804357112345,0.19222554463904315,0.3460059803502777,0.15762494660401535,0.21913712088850917,1.7684750106791969,0.615121742844938,1.6915847928235797,7.419906023067066,0.8457923964117898,0.3844510892780863,3.2678342588637337,0.7689021785561726
Sam Morsy,eg EGY,MF,Ipswich Town,eng Premier League,32,33,31,2751,30.6,1,1,2,0.4,0.4,1.2,13,3,23.1,0.08,0.33,0.6,86.4,24,120,22,68,41,29,47,1683,852,58.6,157,0.032715376226826604,0.032715376226826604,0.06543075245365321,0.013086150490730645,0.03925845147219193,0.4252998909487459,0.09814612868047982,0.7851690294438386,4.645583424209379,2.2246455834242096,0.9487459105779716,5.136314067611778,1.5376226826608506
Gabriel Moscardo,br BRA,"MF,DF",Reims,fr Ligue 1,18,6,0,84,0.9,0,0,0,0.2,0.2,0.0,2,0,0.0,0.0,,-0.2,78.9,0,3,1,3,1,0,1,54,29,50.0,4,0.0,0.0,0.0,0.2142857142857143,0.0,2.142857142857143,0.0,0.0,4.285714285714286,3.214285714285714,0.0,4.285714285714286,1.0714285714285714
Cristhian Mosquera,es ESP,DF,Valencia,es La Liga,20,37,37,3319,36.9,1,0,1,0.4,0.4,0.0,5,2,40.0,0.2,0.5,0.6,90.5,0,123,35,56,36,35,128,2367,1401,55.6,190,0.027116601385959626,0.0,0.027116601385959626,0.010846640554383852,0.0,0.13558300692979813,0.05423320277191925,0.0,4.284423018981621,1.5185296776137391,0.9490810485085869,5.152154263332329,3.470924977402832
Daniel Mosquera,co COL,FW,Hellas Verona,it Serie A,24,35,12,1375,15.3,5,1,6,6.6,6.6,1.3,57,15,26.3,0.09,0.33,-1.6,68.7,12,25,17,11,8,2,10,509,250,64.0,54,0.32727272727272727,0.06545454545454545,0.39272727272727276,0.43199999999999994,0.08509090909090909,3.7309090909090905,0.9818181818181819,0.7854545454545455,2.749090909090909,0.72,0.1309090909090909,3.5345454545454547,0.6545454545454545
Yerson Mosquera,co COL,DF,Wolves,eng Premier League,23,5,5,441,4.9,0,0,0,0.3,0.3,0.1,2,0,0.0,0.0,,-0.3,85.4,2,7,0,11,7,10,14,294,168,,24,0.0,0.0,0.0,0.061224489795918366,0.020408163265306124,0.40816326530612246,0.0,0.40816326530612246,1.4285714285714284,2.2448979591836737,2.0408163265306123,4.8979591836734695,2.8571428571428568
Dany Mota,pt POR,"FW,MF",Monza,it Serie A,26,31,24,2104,23.4,5,2,7,5.1,5.1,1.8,42,11,26.2,0.12,0.45,-0.1,72.4,22,47,53,13,3,9,27,820,501,33.3,61,0.21387832699619772,0.08555133079847908,0.2994296577946768,0.21815589353612164,0.07699619771863118,1.796577946768061,0.4705323193916349,0.9410646387832698,4.277566539923954,0.5560836501901141,0.3849809885931559,2.609315589353612,1.1549429657794676
Yael Mouanga,fr FRA,DF,Montpellier,fr Ligue 1,19,14,10,946,10.5,0,0,0,0.1,0.1,0.2,1,0,0.0,0.0,,-0.1,87.7,2,22,4,14,8,10,50,589,337,100.0,29,0.0,0.0,0.0,0.009513742071881607,0.019027484143763214,0.09513742071881608,0.0,0.19027484143763215,2.473572938689218,1.331923890063425,0.9513742071881607,2.758985200845666,4.7568710359408035
Aimen Moueffek,fr FRA,MF,Saint-Étienne,fr Ligue 1,23,22,13,1039,11.5,0,1,1,1.1,1.1,1.1,10,2,20.0,0.0,0.0,-1.1,84.8,10,43,20,20,12,5,26,554,302,45.8,59,0.0,0.08662175168431184,0.08662175168431184,0.09528392685274302,0.09528392685274302,0.8662175168431183,0.17324350336862368,0.8662175168431183,5.457170356111646,1.7324350336862366,0.43310875842155916,5.110683349374399,2.2521655437921075
Youssoufa Moukoko,de GER,"FW,MF",Nice,fr Ligue 1,19,11,2,204,2.3,2,1,3,2.2,2.2,0.8,6,2,33.3,0.33,1.0,-0.2,81.8,5,6,2,3,2,0,0,75,43,28.6,14,0.8823529411764706,0.4411764705882353,1.3235294117647058,0.9705882352941178,0.3529411764705882,2.6470588235294117,0.8823529411764706,2.2058823529411766,3.5294117647058822,1.3235294117647058,0.0,6.176470588235294,0.0
Steve Mounié,bj BEN,"FW,MF",Augsburg,de Bundesliga,29,16,1,347,3.9,1,0,1,3.2,3.2,0.0,22,7,31.8,0.05,0.14,-2.2,62.7,1,11,8,4,4,1,5,164,86,25.0,8,0.25936599423631124,0.0,0.25936599423631124,0.829971181556196,0.0,5.706051873198847,1.8155619596541788,0.25936599423631124,4.927953890489913,1.037463976945245,0.25936599423631124,2.07492795389049,1.296829971181556
Mason Mount,eng ENG,MF,Manchester Utd,eng Premier League,25,17,8,622,6.9,1,0,1,3.2,3.2,0.6,20,9,45.0,0.05,0.11,-2.2,81.8,8,33,15,15,5,4,4,339,215,10.0,18,0.14469453376205788,0.0,0.14469453376205788,0.46302250803858525,0.08681672025723472,2.8938906752411575,1.3022508038585208,1.157556270096463,6.945337620578779,2.170418006430868,0.5787781350482315,2.6045016077170415,0.5787781350482315
Santiago Mouriño,uy URU,DF,Alavés,es La Liga,22,25,20,1849,20.5,0,1,1,0.9,0.9,0.9,13,3,23.1,0.0,0.0,-0.9,78.0,7,46,14,43,28,29,120,952,442,36.4,85,0.0,0.048674959437533805,0.048674959437533805,0.043807463493780424,0.043807463493780424,0.6327744726879394,0.1460248783126014,0.34072471606273663,2.920497566252028,2.0930232558139537,1.41157382368848,4.137371552190373,5.840995132504056
Louis Mouton,fr FRA,MF,Saint-Étienne,fr Ligue 1,22,24,12,1045,11.6,0,1,1,1.3,1.3,1.3,19,3,15.8,0.0,0.0,-1.3,80.2,16,54,18,49,25,10,19,703,366,50.0,63,0.0,0.0861244019138756,0.0861244019138756,0.11196172248803829,0.11196172248803829,1.6363636363636362,0.2583732057416268,1.3779904306220097,6.200956937799043,4.220095693779904,0.8612440191387559,5.425837320574162,1.6363636363636362
Divin Mubama,eng ENG,FW,Manchester City,eng Premier League,19,1,0,28,0.3,0,0,0,0.0,0.0,0.0,1,0,0.0,0.0,,0.0,66.7,0,1,0,0,0,0,0,5,2,,1,0.0,0.0,0.0,0.0,0.0,3.214285714285714,0.0,0.0,3.214285714285714,0.0,0.0,3.214285714285714,0.0
Mykhailo Mudryk,ua UKR,FW,Chelsea,eng Premier League,23,7,1,151,1.7,0,0,0,0.3,0.3,1.0,1,1,100.0,0.0,0.0,-0.3,66.7,2,5,7,2,2,0,1,62,39,37.5,9,0.0,0.0,0.0,0.17880794701986755,0.5960264900662252,0.5960264900662252,0.5960264900662252,1.1920529801324504,7.152317880794702,1.1920529801324504,0.0,5.364238410596027,0.5960264900662252
Ngal'Ayel Mukau,cd COD,MF,Lille,fr Ligue 1,19,22,14,1190,13.2,0,1,1,0.8,0.8,0.7,11,2,18.2,0.0,0.0,-0.8,89.1,12,57,19,33,18,15,22,778,426,52.9,63,0.0,0.07563025210084034,0.07563025210084034,0.06050420168067227,0.05294117647058823,0.8319327731092437,0.1512605042016807,0.9075630252100841,5.747899159663865,2.495798319327731,1.134453781512605,4.764705882352941,1.6638655462184875
Nordi Mukiele,fr FRA,DF,Leverkusen,de Bundesliga,26,15,10,899,10.0,1,0,1,1.4,1.4,1.0,7,3,42.9,0.14,0.33,-0.4,80.4,9,36,20,20,16,16,37,725,363,52.9,46,0.10011123470522804,0.0,0.10011123470522804,0.14015572858731923,0.10011123470522804,0.7007786429365962,0.3003337041156841,0.9010011123470523,5.60622914349277,2.0022246941045605,1.6017797552836486,4.605116796440489,3.7041156840934373
Thomas Müller,de GER,"MF,FW",Bayern Munich,de Bundesliga,34,30,12,1225,13.6,1,4,5,3.8,3.8,2.9,30,11,36.7,0.03,0.09,-2.8,75.0,35,50,24,8,5,2,14,763,386,47.1,24,0.07346938775510205,0.2938775510204082,0.3673469387755102,0.27918367346938777,0.21306122448979592,2.204081632653061,0.8081632653061225,2.571428571428571,5.436734693877551,0.5877551020408164,0.1469387755102041,1.7632653061224488,1.0285714285714285
Abdul Mumin,gh GHA,DF,Rayo Vallecano,es La Liga,26,24,24,2017,22.4,2,1,3,0.6,0.6,0.2,10,3,30.0,0.2,0.67,1.4,82.9,1,40,12,37,25,23,125,1351,725,50.0,93,0.08924144769459592,0.04462072384729796,0.1338621715418939,0.02677243430837878,0.008924144769459595,0.4462072384729797,0.1338621715418939,0.04462072384729796,2.320277640059494,1.6509667823500247,1.0262766484878532,4.149727317798711,5.577590480912246
Marshall Munetsi,zw ZIM,"MF,FW",Wolves,eng Premier League,28,14,12,1078,12.0,2,1,3,3.3,3.3,1.8,22,7,31.8,0.09,0.29,-1.3,71.7,9,10,9,24,10,6,18,364,148,27.3,35,0.16697588126159554,0.08348794063079777,0.2504638218923933,0.2755102040816326,0.150278293135436,1.8367346938775508,0.5844155844155845,0.75139146567718,1.5862708719851575,2.0037105751391464,0.5009276437847866,2.922077922077922,1.50278293135436
Marshall Munetsi,zw ZIM,MF,Reims,fr Ligue 1,28,19,19,1692,18.8,4,2,6,4.0,4.0,2.0,32,10,31.3,0.13,0.4,0.0,68.5,19,26,8,36,18,17,35,594,206,50.0,72,0.2127659574468085,0.10638297872340426,0.3191489361702128,0.2127659574468085,0.10638297872340426,1.702127659574468,0.5319148936170213,1.0106382978723405,1.8085106382978724,1.9148936170212765,0.9042553191489362,3.829787234042553,1.8617021276595744
Rodrigo Muniz,br BRA,FW,Fulham,eng Premier League,23,31,8,964,10.7,8,1,9,5.8,5.8,0.7,39,19,48.7,0.21,0.42,2.2,64.8,7,27,6,10,5,5,14,311,157,33.3,14,0.7468879668049793,0.09336099585062241,0.8402489626556017,0.5414937759336099,0.06535269709543567,3.6410788381742742,1.7738589211618256,0.6535269709543569,3.0809128630705396,0.9336099585062241,0.46680497925311204,1.3070539419087137,1.3070539419087137
Aihen Muñoz,es ESP,DF,Real Sociedad,es La Liga,26,21,13,1098,12.2,0,0,0,0.2,0.2,0.3,6,0,0.0,0.0,,-0.2,71.0,3,38,26,24,12,14,47,763,356,58.3,43,0.0,0.0,0.0,0.01639344262295082,0.02459016393442623,0.4918032786885246,0.0,0.2459016393442623,5.245901639344262,1.9672131147540983,1.1475409836065575,3.5245901639344264,3.8524590163934427
Álex Muñoz,es ESP,DF,Las Palmas,es La Liga,30,21,18,1415,15.7,3,0,3,0.9,0.9,0.5,9,5,55.6,0.33,0.6,2.1,79.7,7,45,15,39,29,16,69,974,398,22.2,35,0.1908127208480565,0.0,0.1908127208480565,0.05724381625441696,0.03180212014134275,0.5724381625441697,0.31802120141342755,0.4452296819787986,3.816254416961131,2.480565371024735,1.017667844522968,2.2261484098939928,4.3886925795053005
Daniel Muñoz,co COL,DF,Crystal Palace,eng Premier League,28,37,37,3228,35.9,4,5,9,4.9,4.9,5.5,37,14,37.8,0.11,0.29,-0.9,75.7,46,97,62,123,80,44,108,2010,806,37.5,171,0.11152416356877323,0.13940520446096655,0.25092936802973975,0.13661710037174724,0.1533457249070632,1.0315985130111525,0.39033457249070636,1.2825278810408922,4.433085501858736,3.4293680297397766,1.2267657992565055,4.767657992565056,3.011152416356877
Iker Muñoz,es ESP,MF,Osasuna,es La Liga,21,23,4,610,6.8,0,1,1,0.5,0.5,1.0,11,0,0.0,0.0,,-0.5,78.9,6,24,6,5,2,4,12,365,184,50.0,28,0.0,0.14754098360655737,0.14754098360655737,0.07377049180327869,0.14754098360655737,1.6229508196721312,0.0,0.8852459016393444,4.426229508196721,0.7377049180327869,0.5901639344262295,4.131147540983607,1.7704918032786887
Javier Muñoz,es ESP,"MF,DF",Las Palmas,es La Liga,29,35,28,2588,28.8,1,3,4,1.3,1.3,2.5,25,6,24.0,0.04,0.17,-0.3,77.9,29,108,36,45,35,31,39,1411,700,58.3,112,0.0347758887171561,0.10432766615146831,0.1391035548686244,0.04520865533230294,0.08693972179289026,0.8693972179289026,0.20865533230293662,1.008500772797527,5.0077279752704795,1.5649149922720247,1.0780525502318392,3.894899536321484,1.3562596599690881
Víctor Muñoz,es ESP,"FW,DF",Real Madrid,es La Liga,21,2,0,36,0.4,0,0,0,0.5,0.5,0.0,1,0,0.0,0.0,,-0.5,91.7,0,0,3,0,0,0,0,17,15,0.0,1,0.0,0.0,0.0,1.25,0.0,2.5,0.0,0.0,7.5,0.0,0.0,2.5,0.0
Murillo,br BRA,DF,Nott'ham Forest,eng Premier League,22,36,36,3188,35.4,2,0,2,1.4,1.4,1.2,25,6,24.0,0.08,0.33,0.6,78.5,13,115,22,53,36,36,249,1918,821,73.0,142,0.05646173149309912,0.0,0.05646173149309912,0.039523212045169384,0.03387703889585947,0.7057716436637391,0.16938519447929737,0.3670012547051443,3.8676286072772896,1.4962358845671266,1.0163111668757843,4.0087829360100375,7.0294855708908415
Vedat Muriqi,xk KVX,FW,Mallorca,es La Liga,30,29,24,2058,22.9,7,2,9,9.7,7.3,2.2,52,16,30.8,0.1,0.31,-2.7,60.6,26,30,23,7,5,7,43,733,334,34.6,49,0.30612244897959184,0.08746355685131195,0.3935860058309038,0.4241982507288629,0.09620991253644316,2.2740524781341107,0.6997084548104956,1.1370262390670554,2.317784256559767,0.30612244897959184,0.30612244897959184,2.142857142857143,1.8804664723032072
Jacob Murphy,eng ENG,FW,Newcastle Utd,eng Premier League,29,35,31,2360,26.2,8,12,20,5.7,5.7,8.9,43,15,34.9,0.19,0.53,2.3,68.5,42,83,79,28,19,13,35,1271,733,50.7,98,0.30508474576271183,0.45762711864406774,0.7627118644067796,0.21737288135593222,0.33940677966101696,1.6398305084745763,0.5720338983050848,1.6016949152542372,6.177966101694915,1.0677966101694916,0.4957627118644068,3.73728813559322,1.3347457627118644
Bob Murphy Omoregbe,it ITA,MF,Milan,it Serie A,20,1,0,3,0.0,0,0,0,0.0,0.0,0.0,0,0,,,,0.0,50.0,0,0,0,0,0,0,0,2,1,,0,0.0,0.0,0.0,0.0,0.0,0.0,0.0,0.0,0.0,0.0,0.0,0.0,0.0
Yunus Musah,us USA,"MF,FW",Milan,it Serie A,21,29,19,1571,17.5,0,2,2,1.9,1.9,1.8,22,5,22.7,0.0,0.0,-1.9,87.2,23,84,51,27,19,7,9,888,581,56.8,60,0.0,0.11457670273711011,0.11457670273711011,0.1088478676002546,0.10311903246339911,1.2603437301082114,0.2864417568427753,1.3176320814767664,7.733927434754934,1.5467854869509867,0.40101845957988547,3.4373010821133034,0.5155951623169955
Jamal Musiala,de GER,MF,Bayern Munich,de Bundesliga,21,25,21,1798,20.0,12,2,14,9.3,9.3,4.5,68,31,45.6,0.18,0.39,2.7,82.6,41,107,71,36,21,8,5,1278,792,51.1,75,0.6006674082313682,0.10011123470522804,0.7007786429365962,0.46551724137931044,0.22525027808676307,3.403781979977753,1.5517241379310345,2.052280311457175,8.909899888765295,1.8020022246941045,0.40044493882091214,3.7541713014460507,0.25027808676307006
Florent Muslija,xk KVX,"FW,MF",Freiburg,de Bundesliga,26,9,0,168,1.9,0,0,0,0.3,0.3,0.3,3,2,66.7,0.0,0.0,-0.3,72.4,3,7,5,5,4,1,1,121,83,57.1,12,0.0,0.0,0.0,0.1607142857142857,0.1607142857142857,1.607142857142857,1.0714285714285714,1.607142857142857,6.428571428571428,2.6785714285714284,0.5357142857142857,6.428571428571428,0.5357142857142857
Almoatasem Al Musrati,ly LBY,MF,Monaco,fr Ligue 1,28,10,3,386,4.3,1,1,2,0.5,0.5,0.4,11,3,27.3,0.09,0.33,0.5,87.6,5,41,2,14,11,5,9,339,195,50.0,19,0.23316062176165803,0.23316062176165803,0.46632124352331605,0.11658031088082901,0.09326424870466321,2.5647668393782386,0.6994818652849741,1.16580310880829,10.025906735751295,3.264248704663212,1.16580310880829,4.430051813471502,2.098445595854922
Kingstone Mutandwa,zm ZAM,"FW,MF",Cagliari,it Serie A,21,6,0,127,1.4,0,0,0,0.4,0.4,0.0,4,0,0.0,0.0,,-0.4,67.9,0,0,1,0,0,0,0,44,25,33.3,6,0.0,0.0,0.0,0.2834645669291339,0.0,2.8346456692913384,0.0,0.0,0.7086614173228346,0.0,0.0,4.251968503937007,0.0
Junior Mwanga,fr FRA,MF,Le Havre,fr Ligue 1,21,11,11,952,10.6,1,2,3,1.3,1.3,1.0,16,3,18.8,0.06,0.33,-0.3,82.2,7,42,15,26,16,8,18,555,315,43.8,61,0.09453781512605042,0.18907563025210083,0.28361344537815125,0.12289915966386555,0.09453781512605042,1.5126050420168067,0.28361344537815125,0.6617647058823529,5.388655462184874,2.457983193277311,0.7563025210084033,5.766806722689076,1.7016806722689075
Junior Mwanga,fr FRA,MF,Strasbourg,fr Ligue 1,21,8,2,296,3.3,0,0,0,0.0,0.0,0.0,0,0,,,,0.0,90.5,1,10,2,17,9,2,2,177,99,33.3,16,0.0,0.0,0.0,0.0,0.0,0.0,0.0,0.30405405405405406,3.6486486486486487,5.168918918918919,0.6081081081081081,4.864864864864865,0.6081081081081081
Phillipp Mwene,at AUT,DF,Mainz 05,de Bundesliga,30,32,32,2607,29.0,1,4,5,1.5,1.5,1.9,21,4,19.0,0.05,0.25,-0.5,75.0,22,106,62,51,29,24,51,1555,775,44.0,110,0.03452243958573072,0.1380897583429229,0.17261219792865362,0.05178365937859609,0.06559263521288838,0.7249712313003452,0.1380897583429229,0.7594936708860759,5.799769850402762,1.760644418872267,0.8285385500575374,3.7974683544303796,1.760644418872267
Vitaliy Mykolenko,ua UKR,DF,Everton,eng Premier League,25,35,35,3082,34.2,1,2,3,0.5,0.5,2.6,14,1,7.1,0.07,1.0,0.5,74.6,24,110,33,63,38,44,145,1678,697,40.0,88,0.029201817001946784,0.05840363400389357,0.08760545100584037,0.014600908500973392,0.07592472420506165,0.4088254380272551,0.029201817001946784,0.700843608046723,4.175859831278391,1.8397144711226476,1.2848799480856588,2.5697598961713175,4.234263465282284
Joakim Mæhle,dk DEN,DF,Wolfsburg,de Bundesliga,27,28,25,2188,24.3,3,4,7,2.0,2.0,2.2,18,7,38.9,0.17,0.43,1.0,80.9,20,88,59,34,15,25,57,1464,791,31.7,122,0.12340036563071298,0.16453382084095064,0.28793418647166363,0.08226691042047532,0.09049360146252286,0.7404021937842779,0.28793418647166363,0.8226691042047533,6.046617915904936,1.3985374771480805,1.0283363802559415,5.0182815356489945,2.3446069469835464
Obite N'Dicka,ci CIV,DF,Roma,it Serie A,24,38,38,3420,38.0,0,1,1,1.0,1.0,0.7,18,5,27.8,0.0,0.0,-1.0,92.1,8,107,29,32,26,33,150,2823,1734,0.0,134,0.0,0.026315789473684213,0.026315789473684213,0.026315789473684213,0.018421052631578946,0.47368421052631576,0.13157894736842105,0.2105263157894737,3.578947368421053,0.8421052631578948,0.868421052631579,3.526315789473684,3.9473684210526314
Konan N'dri,ci CIV,"FW,MF",Lecce,it Serie A,23,11,2,306,3.4,0,0,0,0.5,0.5,0.2,9,2,22.2,0.0,0.0,-0.5,67.2,6,2,16,3,3,1,0,122,78,35.0,7,0.0,0.0,0.0,0.14705882352941177,0.05882352941176471,2.6470588235294117,0.5882352941176471,1.7647058823529411,5.294117647058823,0.8823529411764706,0.29411764705882354,2.0588235294117645,0.0
Loïc N'Gatta,fr FRA,DF,Auxerre,fr Ligue 1,20,2,0,13,0.1,0,0,0,0.0,0.0,0.0,0,0,,,,0.0,86.7,0,1,2,1,1,0,1,19,12,,4,0.0,0.0,0.0,0.0,0.0,0.0,0.0,0.0,20.76923076923077,6.923076923076923,0.0,27.692307692307693,6.923076923076923
Nathan N'Goumou,cm CMR,FW,Gladbach,de Bundesliga,24,19,9,828,9.2,2,1,3,1.9,1.9,1.3,24,13,54.2,0.08,0.15,0.1,73.6,6,16,30,17,11,4,16,386,215,33.3,21,0.21739130434782608,0.10869565217391304,0.32608695652173914,0.20652173913043478,0.14130434782608695,2.608695652173913,1.4130434782608696,0.6521739130434783,5.0,1.8478260869565217,0.43478260869565216,2.282608695652174,1.7391304347826086
Djylian N'Guessan,fr FRA,FW,Saint-Étienne,fr Ligue 1,15,8,3,181,2.0,0,0,0,0.4,0.4,0.1,3,0,0.0,0.0,,-0.4,83.0,2,9,1,6,4,0,1,80,49,20.0,4,0.0,0.0,0.0,0.1988950276243094,0.04972375690607735,1.4917127071823204,0.0,0.9944751381215469,4.972375690607735,2.983425414364641,0.0,1.9889502762430937,0.49723756906077343
Stanley N'Soki,fr FRA,DF,Hoffenheim,de Bundesliga,25,22,16,1308,14.5,0,0,0,0.1,0.1,0.4,3,1,33.3,0.0,0.0,-0.1,85.8,7,52,10,22,16,26,58,1005,529,68.8,79,0.0,0.0,0.0,0.006880733944954129,0.027522935779816515,0.20642201834862386,0.06880733944954129,0.481651376146789,4.26605504587156,1.513761467889908,1.7889908256880733,5.435779816513762,3.9908256880733943
Mickael Nade,fr FRA,DF,Saint-Étienne,fr Ligue 1,25,26,25,2306,25.6,1,2,3,0.7,0.7,0.6,5,2,40.0,0.2,0.5,0.3,90.0,7,72,17,59,43,33,132,1665,825,37.5,113,0.03902862098872507,0.07805724197745013,0.1170858629661752,0.027320034692107545,0.02341717259323504,0.1951431049436253,0.07805724197745013,0.2732003469210755,3.4735472679965307,2.3026886383347787,1.287944492627927,4.410234171725932,5.151777970511708
Bilal Nadir,ma MAR,MF,Marseille,fr Ligue 1,20,15,5,383,4.3,1,0,1,0.6,0.6,0.4,8,3,37.5,0.13,0.33,0.4,87.3,7,18,18,10,3,4,7,305,167,44.4,19,0.2349869451697128,0.0,0.2349869451697128,0.14099216710182766,0.09399477806788512,1.8798955613577024,0.7049608355091384,1.6449086161879896,8.459530026109661,2.3498694516971277,0.9399477806788512,4.464751958224543,1.6449086161879896
Mahamadou Nagida,cm CMR,DF,Rennes,fr Ligue 1,19,12,4,430,4.8,2,0,2,1.5,1.5,0.3,6,3,50.0,0.33,0.67,0.5,77.0,3,15,22,8,6,9,6,289,169,35.7,37,0.41860465116279066,0.0,0.41860465116279066,0.313953488372093,0.06279069767441861,1.255813953488372,0.627906976744186,0.627906976744186,7.744186046511628,1.6744186046511627,1.8837209302325582,7.744186046511628,1.255813953488372
Keito Nakamura,jp JPN,"FW,MF",Reims,fr Ligue 1,24,32,31,2649,29.4,11,2,13,9.1,9.1,2.9,84,32,38.1,0.13,0.34,1.9,74.2,26,82,90,24,16,13,19,1110,675,38.5,116,0.3737259343148358,0.06795016987542468,0.4416761041902605,0.3091732729331823,0.09852774631936581,2.853907134767837,1.087202718006795,0.883352208380521,5.843714609286523,0.8154020385050963,0.4416761041902605,3.941109852774632,0.6455266138165345
Sebastian Nanasi,se SWE,"MF,FW",Strasbourg,fr Ligue 1,22,31,26,2107,23.4,6,4,10,6.5,6.5,4.9,28,12,42.9,0.21,0.5,-0.5,79.2,37,126,53,20,13,7,18,992,557,47.5,71,0.2562885619364025,0.170859041290935,0.4271476032273374,0.2776459420977693,0.20930232558139533,1.196013289036545,0.512577123872805,1.5804461319411487,7.645942097769341,0.8542952064546748,0.29900332225913623,3.0327479829140955,0.7688656858092074
Yael Nandjou,fr FRA,DF,Nice,fr Ligue 1,19,3,2,154,1.7,0,0,0,0.2,0.2,0.7,1,0,0.0,0.0,,-0.2,75.8,2,3,2,4,1,4,7,89,27,100.0,8,0.0,0.0,0.0,0.11688311688311688,0.40909090909090906,0.5844155844155845,0.0,1.168831168831169,2.922077922077922,2.337662337662338,2.337662337662338,4.675324675324676,4.090909090909091
Nikolas Nartey,dk DEN,MF,Stuttgart,de Bundesliga,24,1,0,22,0.2,0,0,0,0.0,0.0,0.0,0,0,,,,0.0,80.0,0,0,0,0,0,0,4,9,3,,2,0.0,0.0,0.0,0.0,0.0,0.0,0.0,0.0,0.0,0.0,0.0,8.181818181818182,16.363636363636363
Matija Nastasić,rs SRB,DF,Leganés,es La Liga,31,26,24,2110,23.4,1,0,1,0.1,0.1,0.1,2,1,50.0,0.5,1.0,0.9,82.6,2,59,1,25,11,21,165,1128,499,100.0,50,0.04265402843601896,0.0,0.04265402843601896,0.004265402843601896,0.004265402843601896,0.08530805687203792,0.04265402843601896,0.08530805687203792,2.559241706161137,1.066350710900474,0.8957345971563981,2.132701421800948,7.037914691943128
Natan,br BRA,DF,Betis,es La Liga,23,31,23,2175,24.2,1,1,2,0.3,0.3,0.6,9,4,44.4,0.11,0.25,0.7,88.7,5,52,12,35,24,28,123,1514,929,66.7,75,0.041379310344827586,0.041379310344827586,0.08275862068965517,0.012413793103448277,0.024827586206896554,0.3724137931034483,0.16551724137931034,0.20689655172413793,2.6482758620689655,1.4482758620689655,1.1586206896551725,3.103448275862069,5.089655172413793
Pau Navarro,es ESP,DF,Villarreal,es La Liga,19,17,8,916,10.2,0,0,0,0.0,0.0,0.0,1,0,0.0,0.0,,0.0,89.6,1,40,3,23,17,4,41,668,322,42.9,46,0.0,0.0,0.0,0.0,0.0,0.0982532751091703,0.0,0.0982532751091703,4.224890829694323,2.259825327510917,0.3930131004366812,4.519650655021834,4.028384279475983
Roberto Navarro,es ESP,"MF,FW",Mallorca,es La Liga,22,23,15,1278,14.2,1,0,1,2.0,2.0,1.9,18,6,33.3,0.06,0.17,-1.0,75.5,13,51,45,29,22,19,12,683,425,52.2,94,0.07042253521126761,0.0,0.07042253521126761,0.14084507042253522,0.13380281690140844,1.267605633802817,0.4225352112676056,0.9154929577464788,6.76056338028169,2.0422535211267605,1.3380281690140845,6.619718309859156,0.8450704225352113
Jesús Navas,es ESP,"FW,MF",Sevilla,es La Liga,38,15,3,424,4.7,1,0,1,0.5,0.5,0.5,3,2,66.7,0.33,0.5,0.5,77.5,10,23,13,5,2,4,6,295,150,66.7,10,0.2122641509433962,0.0,0.2122641509433962,0.1061320754716981,0.1061320754716981,0.6367924528301887,0.4245283018867924,2.1226415094339623,7.641509433962264,1.0613207547169812,0.8490566037735848,2.1226415094339623,1.2735849056603774
Michel Ndary Adopo,fr FRA,MF,Cagliari,it Serie A,24,35,27,2409,26.8,1,1,2,1.1,1.1,2.3,20,4,20.0,0.05,0.25,-0.1,83.0,19,106,20,55,32,27,25,1222,656,45.2,135,0.037359900373599,0.037359900373599,0.074719800747198,0.04109589041095891,0.0859277708592777,0.7471980074719802,0.149439601494396,0.709838107098381,4.707347447073475,2.054794520547945,1.0087173100871731,5.043586550435865,0.933997509339975
Youssouf Ndayishimiye,bi BDI,DF,Nice,fr Ligue 1,25,23,22,1932,21.5,3,0,3,0.9,0.9,0.2,11,4,36.4,0.27,0.75,2.1,89.4,5,86,17,40,21,21,117,1581,906,75.0,114,0.13975155279503104,0.0,0.13975155279503104,0.04192546583850931,0.009316770186335404,0.5124223602484472,0.1863354037267081,0.2329192546583851,4.798136645962733,1.8633540372670807,0.9782608695652174,5.3105590062111805,5.450310559006211
Iliman Ndiaye,sn SEN,FW,Everton,eng Premier League,24,33,29,2430,27.0,9,0,9,6.2,4.7,1.9,35,15,42.9,0.2,0.47,2.8,81.8,18,59,86,53,28,20,24,1084,621,47.6,172,0.33333333333333337,0.0,0.33333333333333337,0.22962962962962963,0.07037037037037036,1.2962962962962963,0.5555555555555556,0.6666666666666667,5.37037037037037,1.962962962962963,0.7407407407407408,6.37037037037037,0.8888888888888888
Junior Ndiaye,fr FRA,FW,Montpellier,fr Ligue 1,19,15,4,441,4.9,0,0,0,0.5,0.5,0.4,5,2,40.0,0.0,0.0,-0.5,71.3,5,7,5,3,2,0,2,124,61,25.0,4,0.0,0.0,0.0,0.10204081632653061,0.0816326530612245,1.0204081632653061,0.40816326530612246,1.0204081632653061,2.4489795918367347,0.6122448979591837,0.0,0.8163265306122449,0.40816326530612246
Rassoul Ndiaye,sn SEN,MF,Le Havre,fr Ligue 1,22,27,11,1061,11.8,1,0,1,1.7,1.7,0.6,18,5,27.8,0.06,0.2,-0.7,73.7,10,46,6,35,25,12,24,578,261,25.0,66,0.08482563619227144,0.0,0.08482563619227144,0.14420358152686144,0.05089538171536286,1.5268614514608858,0.4241281809613572,0.8482563619227144,4.410933081998115,2.9688972667295004,1.0179076343072573,5.598491988689915,2.0358152686145146
Wilfred Ndidi,ng NGA,MF,Leicester City,eng Premier League,27,28,28,2324,25.8,0,5,5,2.0,2.0,1.9,22,8,36.4,0.0,0.0,-2.0,80.3,17,70,18,85,51,31,80,1400,670,39.4,127,0.0,0.19363166953528396,0.19363166953528396,0.0774526678141136,0.07358003442340791,0.8519793459552496,0.3098106712564544,0.6583476764199656,3.4079173838209984,3.291738382099828,1.2005163511187609,4.918244406196213,3.0981067125645434
Wilfried Ndollo,cm CMR,DF,Montpellier,fr Ligue 1,19,8,3,401,4.5,0,0,0,0.0,0.0,0.0,0,0,,,,0.0,79.5,1,7,5,6,5,7,11,251,119,12.5,22,0.0,0.0,0.0,0.0,0.0,0.0,0.0,0.22443890274314213,2.693266832917706,1.346633416458853,1.5710723192019949,4.9376558603491265,2.4688279301745633
Tanguy Ndombele,fr FRA,MF,Nice,fr Ligue 1,27,18,12,1131,12.6,1,2,3,2.4,2.4,2.4,11,2,18.2,0.09,0.5,-1.4,87.2,18,61,22,35,23,14,9,611,366,53.2,67,0.07957559681697612,0.15915119363395225,0.23872679045092837,0.1909814323607427,0.1909814323607427,0.8753315649867375,0.15915119363395225,1.4323607427055702,6.604774535809018,2.7851458885941645,1.1140583554376657,5.3315649867374,0.7161803713527851
Cher Ndour,it ITA,"MF,DF",Fiorentina,it Serie A,20,9,4,406,4.5,0,0,0,0.1,0.1,0.0,4,0,0.0,0.0,,-0.1,81.1,1,17,12,4,1,2,7,265,155,50.0,20,0.0,0.0,0.0,0.022167487684729068,0.0,0.8866995073891626,0.0,0.22167487684729065,6.428571428571428,0.8866995073891626,0.4433497536945813,4.433497536945813,1.5517241379310345
Dan Ndoye,ch SUI,FW,Bologna,it Serie A,23,30,26,2143,23.8,8,4,12,7.0,5.4,3.8,50,17,34.0,0.12,0.35,1.0,73.7,27,74,132,26,19,9,4,1021,755,38.5,89,0.3359776014932338,0.1679888007466169,0.5039664022398507,0.29398040130657954,0.15958936070928603,2.099860009332711,0.7139524031731218,1.133924405039664,8.65142323845077,1.0919272048530098,0.377974801679888,3.737750816612226,0.1679888007466169
Paul Nebel,de GER,MF,Mainz 05,de Bundesliga,21,31,26,2345,26.1,10,4,14,5.8,5.8,4.1,44,18,40.9,0.23,0.56,4.2,73.1,35,91,67,38,24,13,30,1516,894,39.1,124,0.3837953091684435,0.15351812366737738,0.5373134328358209,0.22260127931769721,0.15735607675906182,1.6886993603411513,0.6908315565031983,1.3432835820895521,6.063965884861407,1.4584221748400852,0.4989339019189766,4.759061833688699,1.1513859275053304
Kosta Nedeljković,rs SRB,DF,Aston Villa,eng Premier League,18,5,0,126,1.4,0,0,0,0.0,0.0,0.0,0,0,,,,0.0,88.7,0,6,1,7,5,0,3,66,27,50.0,4,0.0,0.0,0.0,0.0,0.0,0.0,0.0,0.0,5.0,5.0,0.0,2.8571428571428568,2.142857142857143
Kosta Nedeljković,rs SRB,DF,RB Leipzig,de Bundesliga,18,10,6,479,5.3,0,0,0,0.5,0.5,0.3,4,0,0.0,0.0,,-0.5,81.5,3,16,10,11,8,2,14,283,120,25.0,11,0.0,0.0,0.0,0.0939457202505219,0.05636743215031315,0.7515657620041752,0.0,0.5636743215031316,4.88517745302714,2.066805845511482,0.3757828810020876,2.066805845511482,2.6304801670146136
Loïc Nego,hu HUN,"DF,FW",Le Havre,fr Ligue 1,33,31,28,2459,27.3,0,0,0,0.8,0.8,0.7,11,2,18.2,0.0,0.0,-0.8,75.1,13,102,64,58,35,29,82,1469,742,53.1,111,0.0,0.0,0.0,0.029280195201301346,0.025620170801138674,0.4026026840178934,0.07320048800325335,0.4758031720211468,6.075640504270028,2.1228141520943473,1.0614070760471737,4.062627084180561,3.0012200081333873
Ivan Nekić,hr CRO,DF,Holstein Kiel,de Bundesliga,23,1,1,71,0.8,0,0,0,0.0,0.0,0.0,0,0,,,,0.0,76.2,0,2,0,1,1,3,2,50,19,0.0,1,0.0,0.0,0.0,0.0,0.0,0.0,0.0,0.0,2.535211267605634,1.267605633802817,3.8028169014084505,1.267605633802817,2.535211267605634
Reiss Nelson,eng ENG,FW,Arsenal,eng Premier League,24,1,0,3,0.0,0,0,0,0.0,0.0,0.0,0,0,,,,0.0,,0,0,0,1,0,0,1,2,1,,0,0.0,0.0,0.0,0.0,0.0,0.0,0.0,0.0,0.0,30.0,0.0,0.0,30.0
Reiss Nelson,eng ENG,FW,Fulham,eng Premier League,24,11,5,487,5.4,1,1,2,1.1,1.1,1.0,12,6,50.0,0.08,0.17,-0.1,86.6,13,35,45,8,6,5,2,347,259,37.1,29,0.18480492813141686,0.18480492813141686,0.3696098562628337,0.20328542094455856,0.18480492813141686,2.217659137577002,1.108829568788501,2.402464065708419,14.784394250513346,1.4784394250513349,0.9240246406570841,5.359342915811088,0.3696098562628337
Victor Nelsson,dk DEN,DF,Roma,it Serie A,25,4,1,187,2.1,0,0,0,0.0,0.0,0.0,1,0,0.0,0.0,,0.0,88.3,0,4,0,5,4,2,9,141,66,100.0,4,0.0,0.0,0.0,0.0,0.0,0.48128342245989303,0.0,0.0,1.9251336898395721,2.406417112299465,0.9625668449197861,1.9251336898395721,4.331550802139037
David Nemeth,at AUT,DF,St. Pauli,de Bundesliga,23,24,24,2137,23.7,0,1,1,0.2,0.2,0.1,5,1,20.0,0.0,0.0,-0.2,86.4,3,65,14,43,29,18,94,1338,697,44.4,87,0.0,0.04211511464670099,0.04211511464670099,0.008423022929340197,0.004211511464670099,0.21057557323350493,0.04211511464670099,0.12634534394010294,3.327094057089378,1.8109499298081424,0.7580720636406177,3.6640149742629857,3.958820776789892
David Neres,br BRA,FW,Napoli,it Serie A,27,28,13,1283,14.3,2,4,6,2.7,2.7,3.5,29,7,24.1,0.07,0.29,-0.7,75.7,26,32,73,21,11,7,4,724,443,44.0,52,0.1402961808261886,0.2805923616523772,0.4208885424785659,0.18939984411535465,0.24551831644583008,2.034294621979735,0.49103663289166016,1.8238503507404522,7.365549493374902,1.4731098986749804,0.49103663289166016,3.6477007014809044,0.2805923616523772
Pedro Neto,pt POR,FW,Chelsea,eng Premier League,24,35,24,2269,25.2,4,6,10,3.5,3.5,6.7,59,17,28.8,0.07,0.24,0.5,78.4,46,60,126,23,9,9,6,1153,746,32.7,81,0.15866020273248127,0.2379903040987219,0.3966505068312032,0.1388276773909211,0.2657558395769061,2.340237990304099,0.6743058616130454,1.8245923314235346,7.37769942706038,0.9122961657117673,0.35698545614808286,3.2128691053327456,0.2379903040987219
Luca Netz,de GER,DF,Gladbach,de Bundesliga,21,24,8,969,10.8,0,2,2,0.2,0.2,1.9,3,0,0.0,0.0,,-0.2,81.1,16,28,16,24,14,10,36,666,288,28.6,42,0.0,0.18575851393188852,0.18575851393188852,0.018575851393188857,0.1764705882352941,0.2786377708978328,0.0,1.4860681114551082,4.086687306501548,2.2291021671826625,0.9287925696594427,3.9009287925696596,3.343653250773994
Florian Neuhaus,de GER,MF,Gladbach,de Bundesliga,27,18,2,382,4.2,0,1,1,0.6,0.6,0.3,9,3,33.3,0.0,0.0,-0.6,83.3,6,27,10,10,3,6,5,292,159,55.6,24,0.0,0.23560209424083772,0.23560209424083772,0.1413612565445026,0.0706806282722513,2.1204188481675392,0.706806282722513,1.413612565445026,8.717277486910994,2.356020942408377,1.413612565445026,5.654450261780104,1.1780104712041886
João Neves,pt POR,"MF,DF",Paris S-G,fr Ligue 1,19,29,22,1844,20.5,3,8,11,3.0,3.0,4.0,28,11,39.3,0.11,0.27,0.0,91.2,33,144,35,63,31,23,22,1851,1018,53.3,123,0.14642082429501085,0.39045553145336226,0.5368763557483731,0.14642082429501085,0.19522776572668113,1.3665943600867678,0.5368763557483731,1.6106290672451193,8.73644251626898,3.0748373101952273,1.1225596529284165,6.003253796095445,1.0737527114967462
Yvan Neyou,cm CMR,MF,Leganés,es La Liga,27,30,27,2312,25.7,1,1,2,0.6,0.6,0.6,16,3,18.8,0.06,0.33,0.4,86.4,13,96,24,53,33,26,38,1379,806,45.2,121,0.03892733564013841,0.03892733564013841,0.07785467128027682,0.023356401384083042,0.023356401384083042,0.6228373702422145,0.11678200692041522,0.5060553633217993,4.671280276816609,2.063148788927336,1.0121107266435987,4.710207612456747,1.4792387543252594
Cyril Ngonge,be BEL,FW,Napoli,it Serie A,24,18,1,216,2.4,0,0,0,0.7,0.7,0.4,13,6,46.2,0.0,0.0,-0.7,78.2,3,8,7,8,5,2,4,145,93,33.3,8,0.0,0.0,0.0,0.2916666666666667,0.16666666666666669,5.416666666666666,2.5,1.25,6.25,3.333333333333333,0.8333333333333333,3.333333333333333,1.6666666666666665
Mikayil Ngor Faye,sn SEN,DF,Rennes,fr Ligue 1,20,11,7,688,7.6,0,0,0,0.4,0.4,0.0,6,3,50.0,0.0,0.0,-0.4,88.6,1,35,12,15,12,12,30,617,386,33.3,41,0.0,0.0,0.0,0.05232558139534883,0.0,0.7848837209302325,0.39244186046511625,0.1308139534883721,6.148255813953488,1.9622093023255816,1.569767441860465,5.363372093023256,3.924418604651163
Steve Ngoura,fr FRA,FW,Le Havre,fr Ligue 1,19,8,2,289,3.2,0,0,0,1.3,1.3,0.4,10,2,20.0,0.0,0.0,-1.3,64.9,2,8,3,4,2,0,2,106,54,58.3,7,0.0,0.0,0.0,0.4048442906574395,0.12456747404844293,3.114186851211073,0.6228373702422145,0.6228373702422145,3.42560553633218,1.245674740484429,0.0,2.179930795847751,0.6228373702422145
Bernard Nguene,cm CMR,FW,Nice,fr Ligue 1,17,1,0,13,0.1,0,0,0,0.0,0.0,0.0,0,0,,,,0.0,100.0,0,0,0,0,0,0,0,5,4,0.0,0,0.0,0.0,0.0,0.0,0.0,0.0,0.0,0.0,0.0,0.0,0.0,0.0,0.0
Moussa Niakhate,sn SEN,DF,Lyon,fr Ligue 1,28,31,30,2726,30.3,0,0,0,0.1,0.1,1.0,2,1,50.0,0.0,0.0,-0.1,90.3,7,111,34,47,27,25,143,2133,1331,100.0,119,0.0,0.0,0.0,0.003301540719002201,0.03301540719002201,0.06603081438004402,0.03301540719002201,0.23110785033015405,4.787234042553192,1.5517241379310345,0.8253851797505503,3.928833455612619,4.721203228173147
Abdoulaye Niakhate Ndiaye,sn SEN,DF,Brest,fr Ligue 1,22,22,19,1707,19.0,1,0,1,1.0,1.0,0.0,11,2,18.2,0.09,0.5,0.0,86.4,1,39,5,49,33,11,144,1203,598,25.0,72,0.05272407732864675,0.0,0.05272407732864675,0.05272407732864675,0.0,0.5799648506151143,0.1054481546572935,0.05272407732864675,2.319859402460457,2.583479789103691,0.5799648506151143,3.796133567662566,7.592267135325132
Ibrahima Niane,sn SEN,FW,Angers,fr Ligue 1,25,24,8,943,10.5,3,1,4,5.7,4.9,1.0,29,10,34.5,0.07,0.2,-2.7,68.4,9,9,19,7,3,2,6,312,182,31.6,32,0.2863202545068929,0.09544008483563098,0.3817603393425239,0.5440084835630965,0.09544008483563098,2.767762460233298,0.9544008483563097,0.8589607635206787,2.672322375397667,0.6680805938494168,0.19088016967126195,3.054082714740191,0.5726405090137858
Tanguy Nianzou,fr FRA,DF,Sevilla,es La Liga,22,6,6,518,5.8,0,0,0,0.2,0.2,0.0,2,0,0.0,0.0,,-0.2,90.8,0,10,4,7,5,8,27,376,207,100.0,9,0.0,0.0,0.0,0.03474903474903475,0.0,0.3474903474903475,0.0,0.0,2.4324324324324325,1.2162162162162162,1.38996138996139,1.5637065637065637,4.691119691119691
Rasmus Nicolaisen,dk DEN,DF,Toulouse,fr Ligue 1,27,7,7,623,6.9,0,1,1,0.4,0.4,0.2,5,0,0.0,0.0,,-0.4,88.1,2,27,3,6,3,10,25,445,268,50.0,29,0.0,0.14446227929373998,0.14446227929373998,0.05778491171749599,0.028892455858747994,0.7223113964686998,0.0,0.28892455858747995,4.333868378812199,0.8667736757624398,1.4446227929373996,4.189406099518459,3.611556982343499
Hans Nicolussi Caviglia,it ITA,MF,Venezia,it Serie A,24,35,33,2861,31.8,4,2,6,2.4,2.4,2.1,53,20,37.7,0.08,0.2,1.6,79.3,29,140,20,47,28,28,55,1739,901,34.0,147,0.12583012932541068,0.06291506466270534,0.18874519398811607,0.07549807759524642,0.06606081789584062,1.6672492135616919,0.6291506466270534,0.9122684376092275,5.033205173016428,1.478504019573576,0.8808109052778749,4.624257252708842,1.7301642782243971
Julian Niehues,de GER,MF,Heidenheim,de Bundesliga,23,8,0,154,1.7,0,0,0,0.2,0.2,0.1,2,1,50.0,0.0,0.0,-0.2,78.6,3,6,0,3,1,0,8,106,43,50.0,4,0.0,0.0,0.0,0.11688311688311688,0.05844155844155844,1.168831168831169,0.5844155844155845,1.7532467532467533,3.5064935064935066,1.7532467532467533,0.0,2.337662337662338,4.675324675324676
Oliver Nielsen,dk DEN,DF,Lazio,it Serie A,21,2,0,35,0.4,0,0,0,0.0,0.0,0.0,0,0,,,,0.0,90.0,0,0,0,0,0,1,2,23,10,,1,0.0,0.0,0.0,0.0,0.0,0.0,0.0,0.0,0.0,0.0,2.571428571428571,2.571428571428571,5.142857142857142
Saúl Ñíguez,es ESP,MF,Sevilla,es La Liga,29,24,17,1553,17.3,1,6,7,2.8,2.8,2.5,42,9,21.4,0.02,0.11,-1.8,78.3,22,66,13,47,32,22,34,904,386,42.9,86,0.05795235028976175,0.34771410173857054,0.40566645202833224,0.16226658081133288,0.14488087572440436,2.4339987121699935,0.5215711526078557,1.2749517063747586,4.578235672891179,2.7237604636188024,1.2749517063747586,4.983902124919511,1.9703799098518997
Eybi Nije,se SWE,"FW,MF",Torino,it Serie A,19,16,0,394,4.4,1,0,1,1.5,1.5,0.4,9,5,55.6,0.11,0.2,-0.5,66.3,4,7,10,5,1,0,1,167,108,36.8,12,0.22842639593908629,0.0,0.22842639593908629,0.34263959390862947,0.09137055837563453,2.0558375634517767,1.1421319796954315,0.9137055837563451,3.8832487309644668,1.1421319796954315,0.0,2.7411167512690358,0.22842639593908629
Tamás Nikitscher,hu HUN,"MF,DF",Valladolid,es La Liga,24,13,9,858,9.5,0,0,0,0.1,0.1,0.0,2,1,50.0,0.0,0.0,-0.1,91.3,2,13,2,17,8,11,16,401,189,71.4,34,0.0,0.0,0.0,0.01048951048951049,0.0,0.2097902097902098,0.1048951048951049,0.2097902097902098,1.5734265734265735,1.7832167832167831,1.1538461538461537,3.5664335664335662,1.6783216783216783
Adrian Niño,es ESP,FW,Atlético Madrid,es La Liga,20,1,0,12,0.1,0,0,0,0.2,0.2,0.0,2,0,0.0,0.0,,-0.2,,0,0,0,0,0,0,0,2,1,,0,0.0,0.0,0.0,1.5,0.0,15.0,0.0,0.0,0.0,0.0,0.0,0.0,0.0
Justin Njinmah,de GER,"FW,MF",Werder Bremen,de Bundesliga,23,26,10,952,10.6,3,2,5,3.7,3.7,1.6,31,8,25.8,0.1,0.38,-0.7,61.7,12,23,33,6,2,3,1,349,230,40.7,20,0.28361344537815125,0.18907563025210083,0.47268907563025214,0.34978991596638653,0.1512605042016807,2.9306722689075633,0.7563025210084033,1.134453781512605,5.294117647058823,0.5672268907563025,0.28361344537815125,1.8907563025210086,0.09453781512605042
Eddie Nketiah,eng ENG,"FW,MF",Crystal Palace,eng Premier League,25,29,9,1034,11.5,3,1,4,5.8,5.8,1.7,43,16,37.2,0.07,0.19,-2.8,74.3,13,19,41,15,8,3,12,412,246,35.5,26,0.2611218568665377,0.08704061895551257,0.3481624758220503,0.5048355899419729,0.14796905222437137,3.7427466150870403,1.3926499032882012,1.1315280464216635,5.222437137330754,1.3056092843326885,0.2611218568665377,2.263056092843327,1.0444874274661509
Niels Nkounkou,fr FRA,"DF,MF",Eint Frankfurt,de Bundesliga,23,12,4,382,4.2,0,0,0,0.2,0.2,1.3,4,0,0.0,0.0,,-0.2,68.9,9,15,17,13,10,7,15,295,178,43.8,24,0.0,0.0,0.0,0.04712041884816755,0.306282722513089,0.9424083769633509,0.0,2.1204188481675392,7.539267015706807,3.0628272251308903,1.6492146596858637,5.654450261780104,3.5340314136125652
Christopher Nkunku,fr FRA,FW,Chelsea,eng Premier League,26,27,9,921,10.2,3,2,5,4.8,4.8,2.1,25,11,44.0,0.12,0.27,-1.8,89.5,14,25,17,12,8,7,10,448,280,37.0,29,0.2931596091205212,0.19543973941368079,0.48859934853420195,0.4690553745928339,0.2052117263843648,2.44299674267101,1.0749185667752443,1.3680781758957654,4.1042345276872965,1.1726384364820848,0.6840390879478827,2.8338762214983713,0.9771986970684039
Felix Nmecha,de GER,MF,Dortmund,de Bundesliga,23,26,19,1509,16.8,4,1,5,1.3,1.3,1.1,18,6,33.3,0.22,0.67,2.7,87.9,14,85,21,34,22,23,30,1083,632,65.4,85,0.23856858846918488,0.05964214711729622,0.2982107355864811,0.0775347912524851,0.06560636182902585,1.073558648111332,0.3578528827037773,0.8349900596421471,6.322067594433399,2.0278330019880717,1.371769383697813,5.069582504970179,1.7892644135188867
Lukas Nmecha,de GER,"FW,MF",Wolfsburg,de Bundesliga,25,19,3,467,5.2,3,0,3,4.5,4.5,0.3,20,9,45.0,0.15,0.33,-1.5,63.9,3,6,8,2,0,2,4,183,109,50.0,15,0.5781584582441114,0.0,0.5781584582441114,0.867237687366167,0.057815845824411134,3.854389721627409,1.734475374732334,0.5781584582441114,2.6980728051391862,0.3854389721627409,0.3854389721627409,2.890792291220557,0.7708779443254818
Arnaud Nordin,fr FRA,FW,Montpellier,fr Ligue 1,26,16,14,1166,13.0,4,1,5,4.1,2.5,0.9,26,11,42.3,0.12,0.27,-0.1,69.9,15,23,51,24,15,5,7,499,323,45.1,47,0.30874785591766724,0.07718696397941681,0.38593481989708406,0.3164665523156089,0.06946826758147513,2.006861063464837,0.8490566037735848,1.1578044596912522,5.711835334476843,1.8524871355060035,0.38593481989708406,3.62778730703259,0.5403087478559176
Arnaud Nordin,fr FRA,"DF,MF",Mainz 05,de Bundesliga,26,6,0,80,0.9,0,0,0,0.0,0.0,0.5,1,0,0.0,0.0,,0.0,70.8,3,1,3,2,0,0,2,68,34,20.0,5,0.0,0.0,0.0,0.0,0.5625,1.125,0.0,3.375,4.5,2.25,0.0,5.625,2.25
Brooke Norton-Cuffy,eng ENG,"DF,FW",Genoa,it Serie A,20,14,8,719,8.0,0,0,0,0.3,0.3,0.2,5,2,40.0,0.0,0.0,-0.3,75.2,2,18,12,12,7,3,12,344,190,35.0,26,0.0,0.0,0.0,0.037552155771905425,0.025034770514603618,0.6258692628650905,0.25034770514603616,0.25034770514603616,3.7552155771905427,1.502086230876217,0.37552155771905427,3.2545201668984705,1.502086230876217
Tijjani Noslin,nl NED,"FW,MF",Lazio,it Serie A,25,30,8,861,9.6,2,2,4,2.0,2.0,1.6,19,6,31.6,0.11,0.33,0.0,75.0,12,16,13,6,5,1,7,347,194,42.1,22,0.20905923344947736,0.20905923344947736,0.4181184668989547,0.20905923344947736,0.1672473867595819,1.9860627177700347,0.627177700348432,1.254355400696864,3.0313588850174216,0.627177700348432,0.10452961672473868,2.299651567944251,0.7317073170731708
Hugo Novoa,es ESP,"DF,MF",Alavés,es La Liga,21,5,2,237,2.6,0,0,0,0.5,0.5,0.2,1,0,0.0,0.0,,-0.5,76.8,2,2,7,8,5,0,6,100,50,30.0,9,0.0,0.0,0.0,0.18987341772151897,0.0759493670886076,0.37974683544303794,0.0,0.7594936708860759,3.4177215189873418,3.0379746835443036,0.0,3.4177215189873418,2.278481012658228
Randy Nteka,ao ANG,FW,Rayo Vallecano,es La Liga,26,24,16,1129,12.5,3,0,3,2.6,2.6,0.5,16,8,50.0,0.19,0.38,0.4,64.6,9,8,10,16,5,4,20,366,159,33.3,26,0.23914968999114258,0.0,0.23914968999114258,0.20726306465899028,0.03985828166519043,1.2754650132860939,0.6377325066430469,0.7174490699734278,1.4348981399468557,1.2754650132860939,0.31886625332152346,2.0726306465899027,1.5943312666076175
Ernest Nuamah,gh GHA,"FW,MF",Lyon,fr Ligue 1,20,23,13,1052,11.7,3,1,4,2.2,2.2,1.5,28,13,46.4,0.11,0.23,0.8,79.9,18,33,44,21,11,8,8,597,388,51.2,60,0.2566539923954373,0.08555133079847908,0.34220532319391633,0.18821292775665402,0.12832699619771865,2.3954372623574143,1.1121673003802282,1.5399239543726235,6.58745247148289,1.796577946768061,0.6844106463878327,5.133079847908745,0.6844106463878327
Gustavo Nunes,br BRA,"FW,MF",Brentford,eng Premier League,18,3,0,12,0.1,0,0,0,0.0,0.0,0.0,0,0,,,,0.0,100.0,0,0,1,3,2,0,2,7,1,,0,0.0,0.0,0.0,0.0,0.0,0.0,0.0,0.0,7.5,22.5,0.0,0.0,15.0
Matheus Nunes,pt POR,"DF,MF",Manchester City,eng Premier League,25,26,19,1674,18.6,1,6,7,1.2,1.2,4.4,9,4,44.4,0.11,0.25,-0.2,86.3,23,79,63,35,22,15,38,1416,866,46.3,70,0.05376344086021505,0.3225806451612903,0.3763440860215054,0.06451612903225806,0.23655913978494625,0.4838709677419355,0.2150537634408602,1.2365591397849462,7.634408602150538,1.8817204301075268,0.8064516129032258,3.7634408602150535,2.043010752688172
Darwin Núñez,uy URU,FW,Liverpool,eng Premier League,25,30,8,1133,12.6,5,2,7,5.8,5.8,1.3,34,13,38.2,0.15,0.38,-0.8,70.9,11,27,23,21,18,4,12,366,201,34.8,41,0.39717563989408644,0.1588702559576346,0.5560458958517212,0.4607237422771403,0.1032656663724625,2.700794351279788,1.032656663724625,0.8737864077669902,3.9717563989408653,1.6681376875551632,0.3177405119152692,3.2568402471315094,0.9532215357458077
Unai Núñez,es ESP,DF,Athletic Club,es La Liga,27,10,7,645,7.2,0,0,0,0.2,0.2,0.1,1,0,0.0,0.0,,-0.2,87.1,1,26,2,10,5,17,46,415,225,66.7,28,0.0,0.0,0.0,0.02790697674418605,0.013953488372093025,0.13953488372093023,0.0,0.13953488372093023,3.9069767441860463,1.3953488372093024,2.3720930232558137,3.9069767441860463,6.4186046511627906
Antonio Nusa,no NOR,"MF,DF",RB Leipzig,de Bundesliga,19,25,16,1558,17.3,3,3,6,1.6,1.6,2.8,24,7,29.2,0.13,0.43,1.4,74.2,20,52,57,30,17,8,11,802,480,45.3,78,0.17329910141206675,0.17329910141206675,0.3465982028241335,0.09242618741976893,0.1617458279845956,1.386392811296534,0.4043645699614891,1.1553273427471118,6.296534017971759,1.7329910141206677,0.4621309370988446,4.505776636713736,0.6354300385109114
Ethan Nwaneri,eng ENG,"FW,MF",Arsenal,eng Premier League,17,26,11,895,9.9,4,2,6,1.2,1.2,1.2,24,9,37.5,0.17,0.44,2.8,80.5,16,33,46,11,7,2,4,544,365,59.7,34,0.40223463687150834,0.20111731843575417,0.6033519553072626,0.12067039106145251,0.12067039106145251,2.4134078212290504,0.9050279329608938,1.6089385474860334,7.944134078212291,1.1061452513966479,0.20111731843575417,3.4189944134078214,0.40223463687150834
Allan Nyom,cm CMR,"DF,MF",Getafe,es La Liga,36,20,10,887,9.9,1,2,3,0.5,0.5,0.3,9,4,44.4,0.11,0.25,0.5,79.5,5,22,5,18,11,4,23,443,206,44.4,32,0.10146561443066515,0.2029312288613303,0.30439684329199546,0.050732807215332576,0.03043968432919955,0.9131905298759865,0.4058624577226606,0.5073280721533258,2.739571589627959,1.826381059751973,0.4058624577226606,3.246899661781285,2.3337091319052985
Rabby Nzingoula,cg CGO,MF,Montpellier,fr Ligue 1,18,27,20,1689,18.8,1,0,1,1.0,1.0,1.6,19,6,31.6,0.05,0.17,0.0,76.7,8,40,25,64,42,29,23,850,454,48.1,99,0.05328596802841918,0.0,0.05328596802841918,0.05328596802841918,0.0852575488454707,1.0124333925399644,0.3197158081705151,0.42628774422735344,3.4635879218472474,3.4103019538188275,1.5452930728241563,5.275310834813499,1.2255772646536414
M'Bala Nzola,ao ANG,FW,Lens,fr Ligue 1,27,21,16,1460,16.2,6,1,7,8.6,8.6,1.3,47,18,38.3,0.13,0.33,-2.6,75.2,20,22,26,5,4,5,7,490,284,36.8,36,0.3698630136986301,0.06164383561643836,0.4315068493150685,0.5301369863013699,0.08013698630136987,2.8972602739726026,1.1095890410958904,1.2328767123287672,2.958904109589041,0.3082191780821918,0.3082191780821918,2.219178082191781,0.4315068493150685
Marwann Nzuzi,fr FRA,DF,Saint-Étienne,fr Ligue 1,20,2,2,125,1.4,0,0,0,0.0,0.0,0.1,2,1,50.0,0.0,0.0,0.0,83.6,1,2,2,2,2,2,6,72,34,0.0,3,0.0,0.0,0.0,0.0,0.07200000000000001,1.44,0.72,0.72,2.88,1.44,1.44,2.16,4.32
Christian Nørgaard,dk DEN,MF,Brentford,eng Premier League,30,34,34,2819,31.3,5,4,9,4.3,4.3,1.3,39,15,38.5,0.13,0.33,0.7,81.6,18,154,14,79,49,49,70,1802,826,50.0,193,0.1596310748492373,0.12770485987938984,0.2873359347286272,0.13728272437034408,0.04150407946080171,1.245122383824051,0.478893224547712,0.5746718694572543,5.363604114934374,2.5221709826179497,1.5643845335225257,6.161759489180561,2.2348350478893226
Jake O'Brien,ie IRL,DF,Everton,eng Premier League,23,20,17,1571,17.5,2,0,2,0.8,0.8,0.6,6,3,50.0,0.33,0.67,1.2,79.6,6,50,7,26,17,4,93,900,391,40.0,52,0.11457670273711011,0.0,0.11457670273711011,0.04583068109484405,0.03437301082113304,0.3437301082113304,0.1718650541056652,0.3437301082113304,3.2654360280076387,1.4894971355824314,0.22915340547422022,2.9789942711648627,5.327816677275621
Matt O'Riley,dk DEN,MF,Brighton,eng Premier League,23,21,11,938,10.4,2,2,4,2.8,2.0,2.4,21,6,28.6,0.05,0.17,-0.8,76.5,21,38,22,16,9,13,9,525,275,61.5,29,0.19189765458422176,0.19189765458422176,0.3837953091684435,0.2686567164179104,0.23027718550106607,2.014925373134328,0.5756929637526652,2.014925373134328,5.756929637526652,1.535181236673774,1.2473347547974414,2.7825159914712154,0.863539445628998
Dara O'Shea,ie IRL,DF,Ipswich Town,eng Premier League,25,35,35,3122,34.7,0,2,2,1.3,1.3,0.5,22,2,9.1,0.0,0.0,-1.3,78.2,3,80,3,49,31,33,225,2022,897,50.0,110,0.0,0.05765534913516976,0.05765534913516976,0.037475976937860346,0.01441383728379244,0.6342088404868673,0.05765534913516976,0.08648302370275465,2.392696989109545,1.4125560538116593,0.9513132607303011,3.171044202434337,6.486226777706598
Adam Obert,sk SVK,DF,Cagliari,it Serie A,21,21,13,1077,12.0,1,1,2,0.9,0.9,0.4,9,2,22.2,0.11,0.5,0.1,76.9,10,50,12,31,18,23,48,710,298,35.7,59,0.08356545961002786,0.08356545961002786,0.1671309192200557,0.07520891364902507,0.033426183844011144,0.7520891364902508,0.1671309192200557,0.8356545961002785,5.181058495821727,2.5905292479108635,1.9220055710306407,4.930362116991644,4.011142061281337
Chidozie Obi-Martin,dk DEN,FW,Manchester Utd,eng Premier League,16,7,1,165,1.8,0,0,0,0.7,0.7,0.0,5,1,20.0,0.0,0.0,-0.7,83.3,0,1,2,2,1,0,1,47,22,33.3,9,0.0,0.0,0.0,0.3818181818181818,0.0,2.7272727272727275,0.5454545454545454,0.0,1.6363636363636362,1.0909090909090908,0.0,4.909090909090909,0.5454545454545454
Lucas Ocampos,ar ARG,FW,Sevilla,es La Liga,30,2,2,175,1.9,0,1,1,0.2,0.2,0.3,4,2,50.0,0.0,0.0,-0.2,71.4,3,7,5,3,2,0,2,115,63,25.0,6,0.0,0.5142857142857142,0.5142857142857142,0.10285714285714287,0.15428571428571428,2.057142857142857,1.0285714285714285,1.542857142857143,6.171428571428572,1.542857142857143,0.0,3.085714285714286,1.0285714285714285
Jens Odgaard,dk DEN,"MF,FW",Bologna,it Serie A,25,29,24,1952,21.7,6,1,7,3.6,3.6,1.8,49,22,44.9,0.12,0.27,2.4,74.8,16,50,35,20,14,9,12,759,454,28.3,70,0.2766393442622951,0.04610655737704918,0.32274590163934425,0.16598360655737707,0.08299180327868853,2.25922131147541,1.014344262295082,0.7377049180327869,3.9190573770491803,0.9221311475409836,0.4149590163934426,3.2274590163934427,0.5532786885245902
Wilson Odobert,fr FRA,"FW,MF",Tottenham,eng Premier League,19,16,9,850,9.4,1,0,1,1.6,1.6,1.0,13,4,30.8,0.08,0.25,-0.6,77.4,6,27,45,14,5,4,5,381,265,37.5,34,0.10588235294117646,0.0,0.10588235294117646,0.16941176470588235,0.10588235294117646,1.3764705882352941,0.4235294117647058,0.6352941176470589,7.623529411764705,1.4823529411764707,0.4235294117647058,3.6,0.5294117647058824
David Odogu,de GER,DF,Wolfsburg,de Bundesliga,18,3,2,195,2.2,0,0,0,0.2,0.2,0.0,2,0,0.0,0.0,,-0.2,87.9,0,8,1,6,4,2,25,143,78,,4,0.0,0.0,0.0,0.09230769230769231,0.0,0.9230769230769231,0.0,0.0,4.153846153846154,2.769230769230769,0.9230769230769231,1.8461538461538463,11.538461538461537
Álvaro Odriozola,es ESP,DF,Real Sociedad,es La Liga,28,2,0,43,0.5,0,0,0,0.0,0.0,0.0,0,0,,,,0.0,73.3,0,3,0,1,1,0,1,35,21,,2,0.0,0.0,0.0,0.0,0.0,0.0,0.0,0.0,6.27906976744186,2.0930232558139537,0.0,4.186046511627907,2.0930232558139537
Tim Oermann,de GER,DF,Bochum,de Bundesliga,20,29,26,2213,24.6,0,2,2,0.2,0.2,0.6,9,0,0.0,0.0,,-0.2,82.4,7,61,15,50,31,22,64,1172,605,42.9,99,0.0,0.08133755083596927,0.08133755083596927,0.008133755083596927,0.024401265250790782,0.36601897876186174,0.0,0.28468142792589246,3.0908269317668324,2.033438770899232,0.894713059195662,4.0262087663804795,2.602801626751017
Chiedozie Ogbene,ie IRL,FW,Ipswich Town,eng Premier League,27,5,3,238,2.6,0,0,0,0.0,0.0,0.1,0,0,,,,0.0,74.4,2,0,7,7,3,1,3,70,41,14.3,6,0.0,0.0,0.0,0.0,0.03781512605042017,0.0,0.0,0.7563025210084033,2.6470588235294117,2.6470588235294117,0.37815126050420167,2.26890756302521,1.134453781512605
Ifechukwu Ogbus,ch SUI,DF,Freiburg,de Bundesliga,18,2,0,19,0.2,0,0,0,0.0,0.0,0.0,0,0,,,,0.0,60.0,0,0,0,1,1,1,2,15,4,,1,0.0,0.0,0.0,0.0,0.0,0.0,0.0,0.0,0.0,4.7368421052631575,4.7368421052631575,4.7368421052631575,9.473684210526315
Thiago Ojeda,ar ARG,MF,Villarreal,es La Liga,21,1,0,8,0.1,0,0,0,0.0,0.0,0.0,1,0,0.0,0.0,,0.0,87.5,0,2,1,0,0,0,1,11,5,,0,0.0,0.0,0.0,0.0,0.0,11.25,0.0,0.0,33.75,0.0,0.0,0.0,11.25
Hamzat Ojediran,ng NGA,"MF,FW",Lens,fr Ligue 1,20,17,1,416,4.6,1,0,1,0.6,0.6,0.4,10,3,30.0,0.1,0.33,0.4,79.9,2,22,4,28,15,10,7,343,151,54.5,26,0.21634615384615385,0.0,0.21634615384615385,0.1298076923076923,0.08653846153846154,2.1634615384615388,0.6490384615384616,0.4326923076923077,5.625,6.0576923076923075,2.1634615384615388,5.625,1.5144230769230769
Noah Okafor,ch SUI,FW,Milan,it Serie A,24,11,5,414,4.6,1,0,1,1.5,1.5,0.3,13,7,53.8,0.08,0.14,-0.5,73.3,4,12,21,2,1,2,1,163,111,48.0,8,0.21739130434782608,0.0,0.21739130434782608,0.32608695652173914,0.06521739130434782,2.8260869565217392,1.5217391304347825,0.8695652173913043,7.17391304347826,0.43478260869565216,0.43478260869565216,1.7391304347826086,0.21739130434782608
Noah Okafor,ch SUI,"FW,MF",Napoli,it Serie A,24,4,0,40,0.4,0,0,0,0.0,0.0,0.6,1,0,0.0,0.0,,0.0,64.7,3,1,7,3,2,0,1,29,15,28.6,3,0.0,0.0,0.0,0.0,1.3499999999999999,2.25,0.0,6.75,18.0,6.75,0.0,6.75,2.25
Caleb Okoli,it ITA,DF,Leicester City,eng Premier League,23,19,12,1125,12.5,1,0,1,0.6,0.6,0.0,4,2,50.0,0.25,0.5,0.4,86.3,0,32,3,25,14,15,79,806,468,,44,0.08,0.0,0.08,0.048,0.0,0.32,0.16,0.0,2.8,2.0,1.2000000000000002,3.52,6.32
Yllan Okou,fr FRA,DF,Hellas Verona,it Serie A,21,1,0,2,0.0,0,0,0,0.0,0.0,0.0,0,0,,,,0.0,0.0,0,0,0,0,0,0,0,3,1,,0,0.0,0.0,0.0,0.0,0.0,0.0,0.0,0.0,0.0,0.0,0.0,0.0,0.0
Joseph Okumu,ke KEN,DF,Reims,fr Ligue 1,27,22,20,1695,18.8,1,0,1,1.0,1.0,0.1,12,2,16.7,0.08,0.5,0.0,81.5,4,116,18,30,15,25,137,1348,710,77.8,94,0.05309734513274336,0.0,0.05309734513274336,0.05309734513274336,0.005309734513274336,0.6371681415929203,0.10619469026548672,0.21238938053097345,7.11504424778761,1.592920353982301,1.3274336283185841,4.991150442477876,7.274336283185841
Aingeru Olabarrieta,es ESP,FW,Athletic Club,es La Liga,18,1,1,54,0.6,0,0,0,0.0,0.0,0.0,0,0,,,,0.0,50.0,0,1,2,0,0,1,1,25,15,25.0,4,0.0,0.0,0.0,0.0,0.0,0.0,0.0,0.0,5.0,0.0,1.6666666666666665,6.666666666666666,1.6666666666666665
Kazeem Olaigbe,be BEL,"MF,FW",Rennes,fr Ligue 1,21,10,3,299,3.3,0,2,2,0.3,0.3,1.9,6,2,33.3,0.0,0.0,-0.3,87.9,15,18,17,6,4,0,0,176,111,59.1,13,0.0,0.6020066889632107,0.6020066889632107,0.0903010033444816,0.5719063545150501,1.8060200668896322,0.6020066889632107,4.51505016722408,10.535117056856187,1.8060200668896322,0.0,3.9130434782608696,0.0
Olasagasti,es ESP,MF,Real Sociedad,es La Liga,23,22,7,857,9.5,1,1,2,0.9,0.9,0.8,13,2,15.4,0.08,0.5,0.1,77.1,6,38,11,21,10,15,10,512,258,23.1,42,0.10501750291715285,0.10501750291715285,0.2100350058343057,0.09451575262543759,0.08401400233372229,1.3652275379229872,0.2100350058343057,0.6301050175029171,5.1458576429404905,2.20536756126021,1.5752625437572927,4.41073512252042,1.0501750291715286
Ben Old,nz NZL,"FW,MF",Saint-Étienne,fr Ligue 1,21,13,4,528,5.9,0,0,0,1.0,1.0,0.8,11,2,18.2,0.0,0.0,-1.0,74.0,9,14,16,7,5,2,2,218,134,40.9,24,0.0,0.0,0.0,0.17045454545454547,0.13636363636363635,1.875,0.34090909090909094,1.534090909090909,5.113636363636363,1.1931818181818181,0.34090909090909094,4.090909090909091,0.34090909090909094
Finn Ole Becker,de GER,MF,Hoffenheim,de Bundesliga,24,13,7,670,7.4,0,1,1,0.1,0.1,0.3,4,2,50.0,0.0,0.0,-0.1,82.5,8,45,3,11,5,10,20,461,256,42.9,50,0.0,0.13432835820895522,0.13432835820895522,0.013432835820895522,0.04029850746268657,0.5373134328358209,0.26865671641791045,1.0746268656716418,6.447761194029851,1.4776119402985075,1.3432835820895521,6.716417910447761,2.6865671641791042
Michael Olise,fr FRA,"FW,MF",Bayern Munich,de Bundesliga,22,34,28,2334,25.9,12,15,27,9.7,9.7,12.0,86,36,41.9,0.14,0.33,2.3,81.4,90,184,119,36,23,8,16,1957,1305,47.7,105,0.4627249357326478,0.5784061696658098,1.0411311053984575,0.37403598971722357,0.4627249357326478,3.3161953727506424,1.3881748071979434,3.4704370179948585,11.683804627249359,1.3881748071979434,0.30848329048843187,4.048843187660668,0.6169665809768637
Brian Oliván,es ESP,DF,Espanyol,es La Liga,30,17,12,1017,11.3,0,1,1,0.4,0.4,1.1,6,1,16.7,0.0,0.0,-0.4,69.2,15,40,21,13,10,10,23,540,248,25.0,28,0.0,0.08849557522123894,0.08849557522123894,0.035398230088495575,0.09734513274336284,0.5309734513274336,0.08849557522123894,1.3274336283185841,5.398230088495575,1.1504424778761062,0.8849557522123893,2.47787610619469,2.0353982300884956
Lucas Oliveira Rosa,br BRA,DF,Valladolid,es La Liga,24,21,21,1890,21.0,0,1,1,0.9,0.9,2.0,8,3,37.5,0.0,0.0,-0.9,76.5,13,50,31,53,33,28,69,1076,447,45.2,87,0.0,0.04761904761904762,0.04761904761904762,0.04285714285714286,0.09523809523809525,0.380952380952381,0.14285714285714285,0.6190476190476191,3.857142857142857,2.5238095238095237,1.3333333333333335,4.142857142857143,3.285714285714286
Mathías Olivera,uy URU,DF,Napoli,it Serie A,26,32,26,2370,26.3,0,2,2,1.1,1.1,1.7,16,2,12.5,0.0,0.0,-1.1,85.4,25,126,46,63,35,28,74,1884,957,31.3,93,0.0,0.0759493670886076,0.0759493670886076,0.04177215189873418,0.06455696202531645,0.6075949367088608,0.0759493670886076,0.9493670886075949,6.5316455696202524,2.392405063291139,1.0632911392405062,3.5316455696202533,2.810126582278481
Dani Olmo,es ESP,"MF,FW",Barcelona,es La Liga,26,25,13,1212,13.5,10,3,13,6.5,4.9,3.0,40,15,37.5,0.2,0.53,3.5,81.1,26,81,33,16,11,3,11,797,505,51.1,46,0.7425742574257425,0.22277227722772278,0.9653465346534653,0.48267326732673266,0.22277227722772278,2.97029702970297,1.113861386138614,1.9306930693069306,8.465346534653465,1.188118811881188,0.22277227722772278,3.4158415841584158,0.8168316831683169
Warmed Omari,km COM,DF,Lyon,fr Ligue 1,24,1,0,8,0.1,0,0,0,0.0,0.0,0.0,0,0,,,,0.0,100.0,0,0,0,0,0,0,1,7,3,,0,0.0,0.0,0.0,0.0,0.0,0.0,0.0,0.0,0.0,0.0,0.0,0.0,11.25
Becir Omeragic,ch SUI,DF,Montpellier,fr Ligue 1,22,22,21,1799,20.0,0,0,0,0.3,0.3,0.1,7,3,42.9,0.0,0.0,-0.3,92.1,3,51,21,32,16,13,78,1084,609,78.6,75,0.0,0.0,0.0,0.01500833796553641,0.00500277932184547,0.35019455252918286,0.15008337965536409,0.15008337965536409,3.602001111728738,1.6008893829905502,0.6503613118399111,3.7520844913841023,3.9021678710394663
Andrew Omobamidele,ie IRL,DF,Strasbourg,fr Ligue 1,22,10,6,539,6.0,0,0,0,0.0,0.0,0.0,0,0,,,,0.0,94.1,0,9,0,7,4,8,41,468,258,50.0,25,0.0,0.0,0.0,0.0,0.0,0.0,0.0,0.0,1.50278293135436,1.168831168831169,1.3358070500927643,4.174397031539888,6.846011131725417
Ado Onaiwu,jp JPN,"MF,FW",Auxerre,fr Ligue 1,28,31,9,957,10.6,4,1,5,4.0,4.0,1.1,23,14,60.9,0.17,0.29,0.0,73.3,10,33,17,11,7,3,12,458,268,44.0,45,0.3761755485893417,0.09404388714733543,0.4702194357366771,0.3761755485893417,0.10344827586206898,2.1630094043887147,1.316614420062696,0.9404388714733543,4.702194357366771,1.0344827586206897,0.28213166144200624,4.231974921630094,1.128526645768025
Amadou Onana,be BEL,MF,Aston Villa,eng Premier League,22,26,20,1617,18.0,3,0,3,2.1,2.1,0.7,17,6,35.3,0.18,0.5,0.9,87.7,10,75,29,55,30,26,41,998,553,70.0,72,0.16697588126159554,0.0,0.16697588126159554,0.11688311688311688,0.03896103896103896,0.9461966604823747,0.3339517625231911,0.5565862708719852,5.788497217068645,3.0612244897959187,1.4471243042671613,4.007421150278293,2.282003710575139
Jean Onana,cm CMR,MF,Genoa,it Serie A,24,9,2,304,3.4,0,0,0,0.0,0.0,0.1,1,0,0.0,0.0,,0.0,80.6,2,11,1,12,6,4,8,183,82,50.0,13,0.0,0.0,0.0,0.0,0.029605263157894735,0.29605263157894735,0.0,0.5921052631578947,3.552631578947368,3.552631578947368,1.1842105263157894,3.848684210526316,2.3684210526315788
Jacob Ondrejka,se SWE,"MF,FW",Parma,it Serie A,21,12,3,422,4.7,5,0,5,1.3,1.3,0.6,14,10,71.4,0.36,0.5,3.7,74.8,7,11,13,12,6,7,2,192,107,75.0,18,1.066350710900474,0.0,1.066350710900474,0.27725118483412325,0.12796208530805686,2.9857819905213274,2.132701421800948,1.4928909952606637,5.118483412322274,2.559241706161137,1.4928909952606637,3.8388625592417065,0.4265402843601896
Karim Onisiwo,at AUT,"MF,FW",Mainz 05,de Bundesliga,32,6,1,110,1.2,0,0,0,0.1,0.1,0.3,3,0,0.0,0.0,,-0.1,62.5,1,0,1,1,1,0,0,45,23,50.0,4,0.0,0.0,0.0,0.08181818181818182,0.24545454545454543,2.4545454545454546,0.0,0.8181818181818181,0.8181818181818181,0.8181818181818181,0.0,3.2727272727272725,0.0
Paul Onuachu,ng NGA,FW,Southampton,eng Premier League,30,25,11,1050,11.7,4,1,5,3.6,3.6,0.5,34,15,44.1,0.12,0.27,0.4,60.8,8,13,7,7,2,1,16,440,214,30.8,19,0.34285714285714286,0.08571428571428572,0.4285714285714286,0.3085714285714286,0.04285714285714286,2.914285714285714,1.2857142857142856,0.6857142857142857,1.7142857142857144,0.6000000000000001,0.08571428571428572,1.6285714285714286,1.3714285714285714
Frank Onyeka,ng NGA,MF,Brentford,eng Premier League,26,2,0,25,0.3,0,0,0,0.0,0.0,0.0,0,0,,,,0.0,85.7,0,1,0,0,0,0,0,10,6,,2,0.0,0.0,0.0,0.0,0.0,0.0,0.0,0.0,3.6,0.0,0.0,7.2,0.0
Frank Onyeka,ng NGA,MF,Augsburg,de Bundesliga,26,31,30,2586,28.7,0,1,1,1.4,1.4,1.3,24,6,25.0,0.0,0.0,-1.4,83.6,17,106,46,58,45,36,36,1339,754,33.3,147,0.0,0.03480278422273782,0.03480278422273782,0.048723897911832945,0.04524361948955916,0.8352668213457076,0.2088167053364269,0.5916473317865429,5.290023201856148,2.0185614849187936,1.2529002320185614,5.1160092807424595,1.2529002320185614
Loïs Openda,be BEL,"FW,MF",RB Leipzig,de Bundesliga,24,33,28,2453,27.3,9,5,14,9.0,8.2,3.4,77,31,40.3,0.12,0.29,0.0,63.8,28,47,58,9,4,5,12,904,521,29.7,54,0.330207908683245,0.18344883815735835,0.5136567468406034,0.330207908683245,0.12474520994700367,2.8251121076233185,1.1373827965756216,1.0273134936812067,3.852425601304525,0.330207908683245,0.18344883815735835,1.98124745209947,0.44027721157766
Christopher Operi,ci CIV,"DF,FW",Le Havre,fr Ligue 1,27,13,13,1169,13.0,0,2,2,0.3,0.3,2.2,7,1,14.3,0.0,0.0,-0.3,71.4,24,52,28,13,9,14,30,878,418,51.9,51,0.0,0.15397775876817793,0.15397775876817793,0.023096663815226688,0.16937553464499575,0.5389221556886228,0.07698887938408897,1.8477331052181352,6.159110350727117,1.0008554319931564,1.0778443113772456,3.9264328485885374,2.309666381522669
Fredrik Oppegard,no NOR,DF,Auxerre,fr Ligue 1,21,9,2,273,3.0,0,0,0,0.1,0.1,0.1,3,1,33.3,0.0,0.0,-0.1,81.2,2,7,5,6,4,2,12,184,99,33.3,14,0.0,0.0,0.0,0.03296703296703297,0.03296703296703297,0.989010989010989,0.32967032967032966,0.6593406593406593,3.956043956043956,1.978021978021978,0.6593406593406593,4.615384615384615,3.956043956043956
Victor Orakpo,ng NGA,FW,Nice,fr Ligue 1,18,4,0,36,0.4,0,0,0,0.3,0.3,0.0,2,0,0.0,0.0,,-0.3,88.2,0,1,2,0,0,0,0,21,14,100.0,3,0.0,0.0,0.0,0.75,0.0,5.0,0.0,0.0,7.5,0.0,0.0,7.5,0.0
Ike Orazi,ie IRL,MF,Reims,fr Ligue 1,17,1,0,3,0.0,0,0,0,0.0,0.0,0.0,0,0,,,,0.0,100.0,0,0,1,0,0,0,0,2,2,0.0,0,0.0,0.0,0.0,0.0,0.0,0.0,0.0,0.0,30.0,0.0,0.0,0.0,0.0
Gift Orban,ng NGA,"FW,DF",Lyon,fr Ligue 1,22,3,2,186,2.1,2,0,2,1.2,1.2,0.0,4,3,75.0,0.5,0.67,0.8,66.7,1,2,1,0,0,0,0,49,26,40.0,5,0.967741935483871,0.0,0.967741935483871,0.5806451612903226,0.0,1.935483870967742,1.4516129032258065,0.4838709677419355,1.4516129032258065,0.0,0.0,2.4193548387096775,0.0
Gift Orban,ng NGA,FW,Hoffenheim,de Bundesliga,22,13,7,687,7.6,4,0,4,3.4,3.4,0.2,11,4,36.4,0.36,1.0,0.6,70.8,2,7,8,3,1,0,3,208,108,36.4,18,0.5240174672489083,0.0,0.5240174672489083,0.4454148471615721,0.026200873362445417,1.4410480349344978,0.5240174672489083,0.26200873362445415,1.965065502183406,0.3930131004366812,0.0,2.358078602620087,0.3930131004366812
Willi Orban,hu HUN,DF,RB Leipzig,de Bundesliga,31,25,25,2222,24.7,5,0,5,4.0,4.0,1.0,22,7,31.8,0.23,0.71,1.0,87.4,8,106,15,38,21,21,169,2101,1083,75.0,122,0.20252025202520252,0.0,0.20252025202520252,0.162016201620162,0.0405040504050405,0.8910891089108911,0.28352835283528355,0.324032403240324,4.900990099009901,1.5391539153915392,0.8505850585058506,4.941494149414941,6.845184518451846
Ivan Ordets,ua UKR,DF,Bochum,de Bundesliga,32,22,21,1861,20.7,0,0,0,0.7,0.7,0.7,11,0,0.0,0.0,,-0.7,80.0,7,48,2,18,8,41,139,1156,510,100.0,77,0.0,0.0,0.0,0.0338527673293928,0.0338527673293928,0.5319720580333154,0.0,0.338527673293928,2.418054809242343,0.8704997313272433,1.9828049435787212,3.7238044062332083,6.722192369693714
Lewis Orford,eng ENG,MF,West Ham,eng Premier League,18,2,0,49,0.5,0,0,0,0.0,0.0,0.0,1,0,0.0,0.0,,0.0,86.8,2,0,0,0,0,1,0,42,22,,7,0.0,0.0,0.0,0.0,0.0,1.8367346938775508,0.0,3.6734693877551017,0.0,0.0,1.8367346938775508,12.857142857142856,0.0
Gaetano Oristanio,it ITA,"FW,MF",Venezia,it Serie A,21,37,29,2315,25.7,3,3,6,4.1,4.1,2.6,44,12,27.3,0.07,0.25,-1.1,69.3,33,64,72,17,13,6,6,758,543,44.7,84,0.11663066954643629,0.11663066954643629,0.23326133909287258,0.15939524838012958,0.10107991360691145,1.7105831533477323,0.46652267818574517,1.2829373650107991,5.287257019438445,0.6609071274298056,0.23326133909287258,3.2656587473002157,0.23326133909287258
Aimar Oroz,es ESP,MF,Osasuna,es La Liga,22,37,35,2966,33.0,5,4,9,4.2,3.5,2.9,47,15,31.9,0.09,0.27,0.8,81.9,41,163,74,35,19,20,10,1432,913,48.5,164,0.15171948752528658,0.12137559002022927,0.2730950775455158,0.12744436952124072,0.08799730276466622,1.4261631827376937,0.4551584625758598,1.24409979770735,7.191503708698584,1.062036412677006,0.6068779501011463,4.9763991908294,0.30343897505057316
Riccardo Orsolini,it ITA,FW,Bologna,it Serie A,27,30,23,1878,20.9,15,4,19,10.1,7.8,3.7,72,25,34.7,0.17,0.48,4.9,65.8,30,69,61,16,13,8,10,916,589,45.2,65,0.7188498402555911,0.1916932907348243,0.9105431309904154,0.48402555910543127,0.17731629392971246,3.450479233226837,1.1980830670926519,1.4376996805111821,6.2300319488817895,0.7667731629392972,0.3833865814696486,3.1150159744408947,0.4792332268370607
Ángel Ortíz,es ESP,DF,Betis,es La Liga,20,5,4,353,3.9,0,1,1,0.0,0.0,0.1,2,0,0.0,0.0,,0.0,74.2,3,15,4,12,8,5,7,272,133,50.0,16,0.0,0.254957507082153,0.254957507082153,0.0,0.0254957507082153,0.509915014164306,0.0,0.764872521246459,4.8441926345609065,3.059490084985836,1.274787535410765,4.079320113314448,1.7847025495750708
Gabriel Osei Misehouy,nl NED,"FW,MF",Girona,es La Liga,19,9,1,257,2.9,1,0,1,0.9,0.9,0.3,6,2,33.3,0.17,0.5,0.1,87.4,4,15,5,1,1,0,0,128,100,63.6,11,0.35019455252918286,0.0,0.35019455252918286,0.3151750972762646,0.10505836575875487,2.1011673151750974,0.7003891050583657,1.4007782101167314,7.003891050583658,0.35019455252918286,0.0,3.8521400778210118,0.0
Gabriel Osho,ng NGA,DF,Auxerre,fr Ligue 1,25,20,20,1654,18.4,1,0,1,1.0,1.0,0.1,7,3,42.9,0.14,0.33,0.0,88.8,1,43,12,23,15,12,87,944,539,57.1,52,0.054413542926239414,0.0,0.054413542926239414,0.054413542926239414,0.005441354292623942,0.38089480048367597,0.16324062877871826,0.054413542926239414,2.992744860943168,1.2515114873035067,0.652962515114873,2.82950423216445,4.73397823458283
Yordan Osorio,ve VEN,DF,Parma,it Serie A,30,3,2,172,1.9,0,0,0,0.0,0.0,0.1,1,0,0.0,0.0,,0.0,87.4,1,3,1,5,3,4,6,141,88,,6,0.0,0.0,0.0,0.0,0.05232558139534883,0.5232558139534884,0.0,0.5232558139534884,2.0930232558139537,2.6162790697674416,2.0930232558139537,3.13953488372093,3.13953488372093
Patrick Osterhage,de GER,MF,Freiburg,de Bundesliga,24,30,27,2267,25.2,1,0,1,1.7,1.7,1.4,21,3,14.3,0.05,0.33,-0.7,83.7,16,73,26,45,29,18,37,1259,636,40.7,106,0.03970004411116012,0.0,0.03970004411116012,0.0674900749889722,0.05558006175562417,0.8337009263343627,0.11910013233348038,0.6352007057785619,3.9303043670048523,1.7865019850022057,0.7146007940008822,4.208204675782973,1.4689016321129247
William Osula,dk DEN,FW,Newcastle Utd,eng Premier League,20,14,0,134,1.5,1,0,1,0.2,0.2,0.1,4,1,25.0,0.25,1.0,0.8,62.1,2,4,5,2,0,4,2,56,37,50.0,2,0.6716417910447761,0.0,0.6716417910447761,0.13432835820895522,0.06716417910447761,2.6865671641791042,0.6716417910447761,1.3432835820895521,6.044776119402985,1.3432835820895521,2.6865671641791042,1.3432835820895521,1.3432835820895521
Jibril Othman,tn TUN,FW,Saint-Étienne,fr Ligue 1,20,1,0,5,0.1,0,0,0,0.0,0.0,0.0,0,0,,,,0.0,100.0,0,0,0,0,0,0,0,1,1,,1,0.0,0.0,0.0,0.0,0.0,0.0,0.0,0.0,0.0,0.0,0.0,18.0,0.0
Sebastian Otoa,dk DEN,DF,Genoa,it Serie A,20,3,3,179,2.0,0,0,0,0.0,0.0,0.0,0,0,,,,0.0,87.5,0,0,0,1,0,3,14,88,49,,5,0.0,0.0,0.0,0.0,0.0,0.0,0.0,0.0,0.0,0.5027932960893855,1.5083798882681565,2.513966480446927,7.039106145251397
David Otorbi,es ESP,MF,Valencia,es La Liga,16,1,0,14,0.2,0,0,0,0.0,0.0,0.0,0,0,,,,0.0,50.0,0,0,1,0,0,0,0,6,3,0.0,0,0.0,0.0,0.0,0.0,0.0,0.0,0.0,0.0,6.428571428571428,0.0,0.0,0.0,0.0
Dango Ouattara,bf BFA,FW,Bournemouth,eng Premier League,22,32,21,2005,22.3,7,4,11,8.4,8.4,5.5,62,20,32.3,0.11,0.35,-1.4,60.0,35,43,79,35,26,11,51,959,492,47.6,92,0.314214463840399,0.1795511221945137,0.4937655860349128,0.3770573566084788,0.2468827930174564,2.7830423940149625,0.8977556109725685,1.5710723192019949,5.476309226932669,1.5710723192019949,0.4937655860349128,4.129675810473815,2.28927680798005
Guimissongui Ouattara,fr FRA,"DF,FW",Strasbourg,fr Ligue 1,18,17,3,471,5.2,1,1,2,0.3,0.3,0.5,5,2,40.0,0.2,0.5,0.7,85.6,3,18,7,6,4,9,12,251,119,50.0,26,0.19108280254777069,0.19108280254777069,0.38216560509554137,0.057324840764331204,0.09554140127388534,0.9554140127388534,0.38216560509554137,0.5732484076433121,4.777070063694268,1.1464968152866242,1.7197452229299361,4.968152866242038,2.2929936305732483
Kassoum Ouattara,fr FRA,"DF,FW",Monaco,fr Ligue 1,19,12,5,391,4.3,0,1,1,0.2,0.2,1.2,2,1,50.0,0.0,0.0,-0.2,79.3,6,16,15,9,7,5,2,274,137,33.3,27,0.0,0.23017902813299235,0.23017902813299235,0.046035805626598474,0.27621483375959077,0.4603580562659847,0.23017902813299235,1.381074168797954,7.135549872122763,2.071611253196931,1.1508951406649617,6.2148337595907925,0.4603580562659847
Remi Oudin,fr FRA,"MF,FW",Lecce,it Serie A,27,11,3,299,3.3,0,0,0,0.1,0.1,0.6,3,1,33.3,0.0,0.0,-0.1,67.1,6,13,2,3,1,2,1,168,94,50.0,18,0.0,0.0,0.0,0.03010033444816054,0.1806020066889632,0.9030100334448161,0.3010033444816054,1.8060200668896322,4.51505016722408,0.9030100334448161,0.6020066889632107,5.418060200668896,0.3010033444816054
Assan Ouedraogo,de GER,MF,RB Leipzig,de Bundesliga,18,3,0,50,0.6,0,0,0,0.1,0.1,0.0,1,0,0.0,0.0,,-0.1,75.0,0,1,2,0,0,0,0,30,23,0.0,6,0.0,0.0,0.0,0.18,0.0,1.8,0.0,0.0,5.3999999999999995,0.0,0.0,10.799999999999999,0.0
Zinédine Ould Khaled,fr FRA,MF,Angers,fr Ligue 1,24,10,4,343,3.8,0,0,0,0.0,0.0,0.0,1,1,100.0,0.0,0.0,0.0,91.1,0,11,2,9,7,2,12,167,82,0.0,17,0.0,0.0,0.0,0.0,0.0,0.26239067055393583,0.26239067055393583,0.0,3.4110787172011663,2.361516034985423,0.5247813411078717,4.46064139941691,3.1486880466472305
Cheick Oumar Conde,gn GUI,MF,Venezia,it Serie A,24,9,1,151,1.7,0,0,0,0.0,0.0,0.0,1,0,0.0,0.0,,0.0,66.7,1,8,2,6,5,4,3,80,31,40.0,13,0.0,0.0,0.0,0.0,0.0,0.5960264900662252,0.0,0.5960264900662252,5.960264900662252,3.576158940397351,2.384105960264901,7.748344370860927,1.7880794701986755
Beres Owusu,fr FRA,DF,Saint-Étienne,fr Ligue 1,20,1,1,90,1.0,0,0,0,0.0,0.0,0.0,0,0,,,,0.0,62.5,1,3,0,2,2,0,5,44,19,,2,0.0,0.0,0.0,0.0,0.0,0.0,0.0,1.0,3.0,2.0,0.0,2.0,5.0
Elisha Owusu,gh GHA,MF,Auxerre,fr Ligue 1,26,28,28,2344,26.0,1,3,4,0.4,0.4,1.0,7,3,42.9,0.14,0.33,0.6,81.8,14,78,8,73,41,42,35,1097,521,39.1,154,0.03839590443686007,0.1151877133105802,0.15358361774744028,0.015358361774744027,0.03839590443686007,0.2687713310580205,0.1151877133105802,0.537542662116041,3.3020477815699656,2.8029010238907848,1.6126279863481228,5.912969283276451,1.3438566552901023
Mikel Oyarzabal,es ESP,FW,Real Sociedad,es La Liga,27,35,28,2250,25.0,9,3,12,9.9,6.8,2.4,39,13,33.3,0.13,0.38,-0.9,73.5,15,28,31,25,16,4,15,729,393,45.0,48,0.36,0.12,0.48,0.396,0.096,1.5599999999999998,0.52,0.6000000000000001,2.36,1.0,0.16,1.92,0.6000000000000001
Daniel Oyegoke,eng ENG,DF,Hellas Verona,it Serie A,21,5,0,103,1.1,0,0,0,0.0,0.0,0.0,1,0,0.0,0.0,,0.0,69.6,0,2,2,2,2,1,7,65,32,66.7,5,0.0,0.0,0.0,0.0,0.0,0.8737864077669902,0.0,0.0,3.495145631067961,1.7475728155339805,0.8737864077669902,4.368932038834951,6.116504854368932
Salih Özcan,tr TUR,MF,Wolfsburg,de Bundesliga,26,11,3,353,3.9,0,0,0,0.1,0.1,0.8,2,0,0.0,0.0,,-0.1,75.9,5,22,6,2,2,7,5,252,128,66.7,27,0.0,0.0,0.0,0.0254957507082153,0.2039660056657224,0.509915014164306,0.0,1.274787535410765,7.138810198300283,0.509915014164306,1.7847025495750708,6.883852691218131,1.274787535410765
Salih Özcan,tr TUR,MF,Dortmund,de Bundesliga,26,11,3,391,4.3,0,0,0,0.3,0.3,0.4,4,0,0.0,0.0,,-0.3,77.6,5,31,4,11,7,11,10,307,127,100.0,33,0.0,0.0,0.0,0.06905370843989769,0.09207161125319695,0.9207161125319694,0.0,1.1508951406649617,8.05626598465473,2.5319693094629154,2.5319693094629154,7.595907928388747,2.3017902813299234
Cenk Özkacar,tr TUR,DF,Valladolid,es La Liga,23,11,8,757,8.4,0,0,0,0.1,0.1,0.0,2,0,0.0,0.0,,-0.1,84.4,1,15,2,9,5,18,69,507,244,,30,0.0,0.0,0.0,0.011889035667107,0.0,0.23778071334214002,0.0,0.11889035667107001,2.0211360634081905,1.07001321003963,2.14002642007926,3.5667107001321003,8.20343461030383
Nico O’Reilly,eng ENG,DF,Manchester City,eng Premier League,19,9,6,528,5.9,2,0,2,1.3,1.3,0.4,8,3,37.5,0.25,0.67,0.7,86.4,4,17,16,9,4,4,12,419,249,60.0,31,0.34090909090909094,0.0,0.34090909090909094,0.22159090909090912,0.06818181818181818,1.3636363636363638,0.5113636363636364,0.6818181818181819,5.625,1.534090909090909,0.6818181818181819,5.284090909090909,2.0454545454545454
Jon Pacheco,es ESP,DF,Real Sociedad,es La Liga,23,14,9,854,9.5,0,0,0,0.1,0.1,0.1,1,0,0.0,0.0,,-0.1,83.2,1,27,12,15,9,9,49,585,313,50.0,35,0.0,0.0,0.0,0.01053864168618267,0.01053864168618267,0.1053864168618267,0.0,0.1053864168618267,4.110070257611241,1.5807962529274004,0.9484777517564402,3.6885245901639343,5.163934426229508
Willian Pacho,ec ECU,DF,Paris S-G,fr Ligue 1,22,28,23,2132,23.7,0,1,1,0.3,0.3,0.3,4,1,25.0,0.0,0.0,-0.3,94.8,3,53,3,56,32,40,91,2223,1399,28.6,119,0.0,0.04221388367729831,0.04221388367729831,0.012664165103189493,0.012664165103189493,0.16885553470919323,0.04221388367729831,0.12664165103189493,2.3639774859287055,2.3639774859287055,1.6885553470919326,5.023452157598499,3.8414634146341466
Simone Pafundi,it ITA,"MF,DF",Udinese,it Serie A,18,9,0,116,1.3,0,0,0,0.1,0.1,0.7,2,1,50.0,0.0,0.0,-0.1,74.0,3,0,3,3,3,0,1,95,56,14.3,3,0.0,0.0,0.0,0.07758620689655173,0.5431034482758621,1.5517241379310345,0.7758620689655172,2.3275862068965516,2.3275862068965516,2.3275862068965516,0.0,2.3275862068965516,0.7758620689655172
Exequiel Palacios,ar ARG,MF,Leverkusen,de Bundesliga,25,24,11,1155,12.8,1,6,7,1.5,1.5,2.3,13,8,61.5,0.08,0.13,-0.5,90.1,28,97,15,22,15,13,15,1144,660,66.7,76,0.07792207792207792,0.4675324675324675,0.5454545454545454,0.11688311688311688,0.17922077922077922,1.012987012987013,0.6233766233766234,2.1818181818181817,8.727272727272727,1.7142857142857144,1.012987012987013,5.922077922077922,1.168831168831169
Tomás Palacios,ar ARG,DF,Monza,it Serie A,21,8,5,446,5.0,0,0,0,0.0,0.0,0.0,1,0,0.0,0.0,,0.0,88.7,0,21,3,11,5,8,17,417,293,88.9,29,0.0,0.0,0.0,0.0,0.0,0.20179372197309417,0.0,0.0,4.843049327354261,2.219730941704036,1.6143497757847534,5.85201793721973,3.430493273542601
Tomás Palacios,ar ARG,DF,Inter,it Serie A,21,2,0,11,0.1,0,0,0,0.0,0.0,0.0,0,0,,,,0.0,100.0,0,3,0,0,0,1,0,15,14,,2,0.0,0.0,0.0,0.0,0.0,0.0,0.0,0.0,24.545454545454543,0.0,8.181818181818182,16.363636363636363,0.0
Isaac Palazón Camacho,es ESP,"MF,FW",Rayo Vallecano,es La Liga,29,35,25,2162,24.0,4,4,8,4.7,4.7,4.4,61,18,29.5,0.07,0.22,-0.7,77.1,48,117,30,22,17,8,13,1285,716,37.9,102,0.16651248843663274,0.16651248843663274,0.3330249768732655,0.1956521739130435,0.18316373728029603,2.5393154486586496,0.7493061979648474,1.998149861239593,6.119333950046254,0.9158186864014801,0.3330249768732655,4.246068455134135,0.5411655874190564
Marco Palestra,it ITA,DF,Atalanta,it Serie A,19,9,2,222,2.5,0,0,0,0.0,0.0,0.2,0,0,,,,0.0,78.0,3,6,13,6,4,2,4,137,89,33.3,7,0.0,0.0,0.0,0.0,0.08108108108108109,0.0,0.0,1.2162162162162162,7.702702702702703,2.4324324324324325,0.8108108108108109,2.8378378378378377,1.6216216216216217
João Palhinha,pt POR,MF,Bayern Munich,de Bundesliga,29,17,6,673,7.5,0,0,0,0.7,0.7,0.2,10,3,30.0,0.0,0.0,-0.7,92.4,4,32,3,20,14,4,9,631,330,50.0,17,0.0,0.0,0.0,0.09361069836552749,0.026745913818722142,1.337295690936107,0.40118870728083206,0.5349182763744428,4.680534918276375,2.674591381872214,0.5349182763744428,2.273402674591382,1.2035661218424962
Nicolas Pallois,fr FRA,DF,Nantes,fr Ligue 1,36,26,23,2017,22.4,0,2,2,0.4,0.4,0.4,3,1,33.3,0.0,0.0,-0.4,83.6,3,52,6,61,27,28,164,1192,570,42.9,96,0.0,0.08924144769459592,0.08924144769459592,0.01784828953891919,0.01784828953891919,0.1338621715418939,0.04462072384729796,0.1338621715418939,2.588001983143282,2.721864154685176,1.249380267724343,4.283589489340605,7.3177987109568665
Matteo Palma,de GER,DF,Udinese,it Serie A,16,1,0,5,0.1,0,0,0,0.0,0.0,0.0,0,0,,,,0.0,71.4,0,1,0,0,0,0,1,9,5,,1,0.0,0.0,0.0,0.0,0.0,0.0,0.0,0.0,18.0,0.0,0.0,18.0,18.0
Cole Palmer,eng ENG,"MF,FW",Chelsea,eng Premier League,22,37,36,3191,35.5,15,8,23,17.3,13.3,10.9,121,44,36.4,0.09,0.25,-2.3,77.0,87,214,120,34,20,11,20,1851,1173,45.1,106,0.42306486994672515,0.22563459730492008,0.6486994672516453,0.48793481667188976,0.30742713882795364,3.4127232842369164,1.2409902851770604,2.4537762456910057,9.420244437480413,0.9589470385459103,0.3102475712942651,2.989658414290191,0.5640864932623002
Emerson Palmieri,it ITA,DF,West Ham,eng Premier League,29,31,26,2113,23.5,2,1,3,2.0,2.0,1.5,16,7,43.8,0.13,0.29,0.0,79.9,16,66,47,60,31,21,59,1325,555,33.3,84,0.08518693800283957,0.04259346900141978,0.12778040700425936,0.08518693800283957,0.06389020350212968,0.6814955040227165,0.29815428300993846,0.6814955040227165,4.813061997160435,2.555608140085187,0.8944628490298154,3.5778513961192617,2.513014671083767
Mats Pannewig,de GER,MF,Bochum,de Bundesliga,19,14,2,267,3.0,0,0,0,0.8,0.8,0.1,9,3,33.3,0.0,0.0,-0.8,75.2,1,10,3,10,6,2,8,182,97,33.3,24,0.0,0.0,0.0,0.2696629213483146,0.033707865168539325,3.033707865168539,1.0112359550561798,0.33707865168539325,4.382022471910113,3.370786516853933,0.6741573033707865,8.089887640449438,2.696629213483146
Lucas Paquetá,br BRA,"MF,FW",West Ham,eng Premier League,26,33,27,2380,26.4,4,0,4,5.3,3.7,3.1,39,3,7.7,0.05,0.67,-1.3,77.3,36,155,26,66,37,18,37,1796,921,44.7,149,0.1512605042016807,0.0,0.1512605042016807,0.2004201680672269,0.11722689075630252,1.4747899159663866,0.11344537815126052,1.361344537815126,6.84453781512605,2.495798319327731,0.680672268907563,5.634453781512605,1.3991596638655461
Aitor Paredes,es ESP,DF,Athletic Club,es La Liga,24,23,21,1812,20.1,3,0,3,2.3,2.3,0.1,6,3,50.0,0.5,1.0,0.7,83.3,2,46,4,15,13,22,114,1154,596,0.0,62,0.1490066225165563,0.0,0.1490066225165563,0.11423841059602648,0.004966887417218543,0.2980132450331126,0.1490066225165563,0.09933774834437085,2.4834437086092715,0.7450331125827815,1.0927152317880795,3.0794701986754967,5.662251655629139
Kevin Paredes,us USA,DF,Wolfsburg,de Bundesliga,21,2,2,123,1.4,0,1,1,0.4,0.4,0.1,4,0,0.0,0.0,,-0.4,78.7,2,7,1,3,1,1,0,64,39,0.0,7,0.0,0.7317073170731708,0.7317073170731708,0.2926829268292683,0.07317073170731707,2.9268292682926833,0.0,1.4634146341463417,5.853658536585367,2.1951219512195124,0.7317073170731708,5.121951219512195,0.0
Leandro Paredes,ar ARG,MF,Roma,it Serie A,30,22,15,1373,15.3,3,1,4,2.3,0.7,1.5,24,7,29.2,0.04,0.14,0.7,88.0,21,106,17,26,14,19,33,1381,826,100.0,83,0.19664967225054625,0.06554989075018208,0.26219956300072833,0.15076474872541878,0.09832483612527312,1.57319737800437,0.4588492352512745,1.3765477057538238,8.062636562272397,1.7042971595047343,1.2454479242534595,5.440640932265112,2.1631463947560086
Daniel Parejo,es ESP,MF,Villarreal,es La Liga,35,36,26,2273,25.3,3,3,6,2.5,0.8,1.8,12,2,16.7,0.17,1.0,0.5,87.5,23,176,19,52,40,24,40,1732,898,66.7,142,0.11878574571051473,0.11878574571051473,0.23757149142102946,0.09898812142542895,0.07127144742630885,0.4751429828420589,0.07919049714034317,0.9106907171139462,7.721073471183458,2.058952925648922,0.9502859656841178,5.622525296964365,1.5838099428068633
Iago Parente,es ESP,DF,Valladolid,es La Liga,18,1,1,71,0.8,0,0,0,0.0,0.0,0.0,0,0,,,,0.0,73.0,1,4,0,0,0,0,2,40,32,,1,0.0,0.0,0.0,0.0,0.0,0.0,0.0,1.267605633802817,5.070422535211268,0.0,0.0,1.267605633802817,2.535211267605634
Fabiano Parisi,it ITA,"DF,MF",Fiorentina,it Serie A,23,25,11,1049,11.7,2,0,2,0.5,0.5,0.8,8,4,50.0,0.25,0.5,1.5,80.5,4,40,25,27,17,17,17,607,341,38.5,64,0.17159199237368922,0.0,0.17159199237368922,0.042897998093422304,0.06863679694947569,0.6863679694947569,0.34318398474737843,0.34318398474737843,5.5767397521449,2.3164918970448047,1.4585319351763584,5.490943755958055,1.4585319351763584
Thomas Partey,gh GHA,"MF,DF",Arsenal,eng Premier League,31,35,31,2797,31.1,4,2,6,2.3,2.3,2.1,26,9,34.6,0.15,0.44,1.7,87.4,20,185,36,89,53,35,49,2193,1256,68.6,138,0.1287093314265284,0.0643546657132642,0.19306399713979264,0.07400786557025384,0.06757239899892743,0.8366106542724348,0.28959599570968897,0.6435466571326421,7.111190561315695,2.8637826242402573,1.1262066499821237,4.440471934215231,1.5766893099749733
Mario Pašalić,hr CRO,MF,Atalanta,it Serie A,29,34,23,1967,21.9,3,4,7,6.6,5.8,3.3,45,11,24.4,0.07,0.27,-3.6,87.3,32,149,44,26,16,12,28,1580,1048,27.8,112,0.13726487036095578,0.18301982714794102,0.32028469750889677,0.3019827147941027,0.15099135739705136,2.0589730554143366,0.5033045246568378,1.4641586171835281,8.830706659888154,1.1896288764616167,0.5490594814438231,5.124555160142348,1.281138790035587
Álvaro Pascual,es ESP,FW,Sevilla,es La Liga,22,8,4,408,4.5,1,0,1,1.1,1.1,0.0,11,4,36.4,0.09,0.25,-0.1,64.9,2,3,4,5,3,2,9,132,67,50.0,12,0.22058823529411764,0.0,0.22058823529411764,0.24264705882352944,0.0,2.4264705882352944,0.8823529411764706,0.4411764705882353,1.5441176470588236,1.1029411764705883,0.4411764705882353,2.6470588235294117,1.9852941176470589
Felix Passlack,de GER,"DF,MF",Bochum,de Bundesliga,26,31,30,2334,25.9,1,6,7,1.3,1.3,3.9,26,6,23.1,0.04,0.17,-0.3,66.2,25,65,43,53,23,18,63,1290,588,38.7,114,0.038560411311053984,0.2313624678663239,0.2699228791773779,0.05012853470437019,0.15038560411311053,1.0025706940874035,0.2313624678663239,0.9640102827763496,4.16452442159383,2.0437017994858615,0.6940874035989717,4.395886889460154,2.429305912596401
Patric,es ESP,DF,Lazio,it Serie A,31,10,5,607,6.7,1,0,1,1.1,1.1,0.0,2,1,50.0,0.5,1.0,-0.1,88.3,1,30,4,9,6,3,22,449,276,,29,0.14827018121911037,0.0,0.14827018121911037,0.16309719934102143,0.0,0.29654036243822074,0.14827018121911037,0.14827018121911037,5.041186161449753,1.3344316309719935,0.4448105436573311,4.299835255354201,3.261943986820428
Nathan Patterson,sct SCO,DF,Everton,eng Premier League,22,10,3,347,3.9,0,1,1,0.1,0.1,0.4,1,0,0.0,0.0,,-0.1,73.9,4,13,6,11,6,2,7,215,95,75.0,12,0.0,0.25936599423631124,0.25936599423631124,0.025936599423631124,0.1037463976945245,0.25936599423631124,0.0,1.037463976945245,4.927953890489913,2.8530259365994235,0.5187319884726225,3.1123919308357353,1.8155619596541788
Benjamin Pavard,fr FRA,DF,Inter,it Serie A,28,23,18,1584,17.6,0,1,1,0.5,0.5,0.8,8,1,12.5,0.0,0.0,-0.5,91.3,8,92,13,29,16,16,52,1291,855,0.0,46,0.0,0.05681818181818182,0.05681818181818182,0.02840909090909091,0.045454545454545456,0.4545454545454546,0.05681818181818182,0.4545454545454546,5.965909090909091,1.6477272727272727,0.9090909090909092,2.6136363636363638,2.954545454545455
Aleksandar Pavlovic,de GER,MF,Bayern Munich,de Bundesliga,20,21,18,1451,16.1,1,0,1,0.6,0.6,0.2,9,4,44.4,0.11,0.25,0.4,93.3,7,128,15,38,21,5,14,1648,1035,100.0,72,0.06202618883528601,0.0,0.06202618883528601,0.0372157133011716,0.012405237767057204,0.5582356995175741,0.24810475534114404,0.43418332184700204,8.8697450034459,2.356995175740868,0.31013094417643006,4.465885596140593,0.8683666436940041
Strahinja Pavlović,rs SRB,DF,Milan,it Serie A,23,24,21,1864,20.7,2,1,3,1.8,1.8,1.1,17,8,47.1,0.12,0.25,0.2,88.2,6,94,40,52,31,16,82,1589,1036,33.3,67,0.09656652360515021,0.048283261802575105,0.14484978540772533,0.08690987124463519,0.05311158798283262,0.8208154506437768,0.38626609442060084,0.28969957081545067,6.469957081545064,2.510729613733906,0.7725321888412017,3.234978540772532,3.959227467811159
Leonardo Pavoletti,it ITA,"FW,MF",Cagliari,it Serie A,35,26,1,445,4.9,2,0,2,2.7,2.7,1.0,18,7,38.9,0.11,0.29,-0.7,58.2,9,17,1,1,0,0,3,225,86,0.0,9,0.40449438202247195,0.0,0.40449438202247195,0.5460674157303371,0.20224719101123598,3.6404494382022468,1.4157303370786518,1.8202247191011234,3.6404494382022468,0.20224719101123598,0.0,1.8202247191011234,0.6067415730337079
Martín Payero,ar ARG,MF,Udinese,it Serie A,25,25,16,1381,15.3,1,1,2,1.2,1.2,1.3,31,5,16.1,0.03,0.2,-0.2,77.8,15,51,33,24,16,13,13,649,368,42.9,75,0.06517016654598116,0.06517016654598116,0.13034033309196233,0.0782041998551774,0.08472121650977553,2.0202751629254165,0.32585083272990584,0.9775524981897177,5.474293989862419,1.5640839971035483,0.8472121650977553,4.887762490948588,0.8472121650977553
Nicolas Pays,fr FRA,"FW,MF",Montpellier,fr Ligue 1,20,9,4,447,5.0,0,0,0,1.3,1.3,0.1,11,1,9.1,0.0,0.0,-1.3,77.7,3,14,21,13,6,4,2,247,170,38.5,20,0.0,0.0,0.0,0.26174496644295303,0.020134228187919465,2.214765100671141,0.20134228187919462,0.6040268456375839,7.046979865771812,2.61744966442953,0.8053691275167785,4.026845637583893,0.40268456375838924
Nicolás Paz,ar ARG,"MF,FW",Como,it Serie A,19,35,30,2687,29.9,6,8,14,9.3,8.5,6.0,109,37,33.9,0.06,0.16,-3.3,80.6,54,163,77,51,33,21,16,1683,1093,51.1,118,0.20096762188314105,0.2679568291775214,0.46892445106066244,0.31149981391886866,0.20096762188314105,3.6509117975437286,1.2393003349460365,1.8087085969482695,8.038704875325642,1.708224786006699,0.7033866765909937,3.9523632303684404,0.5359136583550428
Mads Pedersen,dk DEN,DF,Augsburg,de Bundesliga,27,7,2,235,2.6,0,0,0,0.1,0.1,0.0,2,0,0.0,0.0,,-0.1,77.8,0,11,1,8,7,2,6,123,53,25.0,11,0.0,0.0,0.0,0.03829787234042554,0.0,0.7659574468085106,0.0,0.0,4.595744680851063,3.0638297872340425,0.7659574468085106,4.212765957446808,2.2978723404255317
Marcus Pedersen,no NOR,DF,Torino,it Serie A,24,29,15,1362,15.1,0,0,0,0.6,0.6,0.4,8,3,37.5,0.0,0.0,-0.6,72.9,7,19,44,13,8,13,34,655,365,28.0,43,0.0,0.0,0.0,0.03964757709251101,0.02643171806167401,0.5286343612334802,0.19823788546255508,0.46255506607929514,4.1629955947136565,0.8590308370044053,0.8590308370044053,2.841409691629956,2.246696035242291
Alfonso Pedraza,es ESP,"DF,MF",Villarreal,es La Liga,28,12,4,460,5.1,0,2,2,0.5,0.5,1.4,5,2,40.0,0.0,0.0,-0.5,73.7,9,9,21,3,2,6,16,274,155,47.4,18,0.0,0.391304347826087,0.391304347826087,0.09782608695652174,0.27391304347826084,0.9782608695652174,0.391304347826087,1.7608695652173914,5.869565217391304,0.5869565217391304,1.1739130434782608,3.5217391304347827,3.130434782608696
Pedri,es ESP,MF,Barcelona,es La Liga,21,37,35,2879,32.0,4,5,9,2.2,2.2,7.4,25,11,44.0,0.16,0.36,1.8,87.4,70,360,92,61,34,26,21,3060,2012,65.6,254,0.12504341785342132,0.15630427231677665,0.28134769017019795,0.06877387981938174,0.23133032302882947,0.7815213615838833,0.3438693990969086,2.1882598124348736,14.12990621743661,1.9069121222646752,0.8127822160472387,7.940257033692255,0.656477943730462
Pedro,es ESP,"FW,MF",Lazio,it Serie A,37,30,6,1102,12.2,10,1,11,5.3,3.8,1.7,37,16,43.2,0.22,0.5,4.7,79.8,22,76,48,19,14,3,3,722,435,50.0,59,0.8166969147005445,0.08166969147005444,0.8983666061705989,0.43284936479128855,0.13883847549909253,3.0217785843920146,1.306715063520871,1.7967332123411979,10.127041742286751,1.5517241379310345,0.24500907441016334,4.818511796733213,0.24500907441016334
Kévin Pedro,fr FRA,DF,Saint-Étienne,fr Ligue 1,18,1,0,10,0.1,0,0,0,0.0,0.0,0.0,0,0,,,,0.0,54.5,0,0,2,3,0,2,1,17,8,100.0,2,0.0,0.0,0.0,0.0,0.0,0.0,0.0,0.0,18.0,27.0,18.0,18.0,9.0
Adrià Pedrosa,es ESP,DF,Sevilla,es La Liga,26,31,27,2298,25.5,1,1,2,0.9,0.9,1.6,24,7,29.2,0.04,0.14,0.1,74.1,20,79,41,56,32,24,85,1526,617,45.9,100,0.0391644908616188,0.0391644908616188,0.0783289817232376,0.03524804177545692,0.06266318537859009,0.9399477806788512,0.27415143603133163,0.7832898172323759,4.699738903394255,2.193211488250653,0.9399477806788512,3.9164490861618795,3.328981723237598
Jordan Pefok,us USA,FW,Reims,fr Ligue 1,28,7,6,380,4.2,1,0,1,0.9,0.9,0.7,11,2,18.2,0.09,0.5,0.1,78.0,3,4,3,3,2,2,5,90,52,50.0,7,0.23684210526315788,0.0,0.23684210526315788,0.21315789473684213,0.16578947368421051,2.6052631578947367,0.47368421052631576,0.7105263157894737,1.657894736842105,0.7105263157894737,0.47368421052631576,1.657894736842105,1.1842105263157894
Jordan Pefok,us USA,FW,Union Berlin,de Bundesliga,28,18,10,908,10.1,0,1,1,3.2,3.2,0.9,23,7,30.4,0.0,0.0,-3.2,69.1,14,12,3,11,6,4,18,326,158,53.8,31,0.0,0.09911894273127754,0.09911894273127754,0.31718061674008813,0.08920704845814978,2.2797356828193833,0.6938325991189427,1.3876651982378854,1.486784140969163,1.090308370044053,0.39647577092511016,3.0726872246696035,1.7841409691629957
Pejiño,es ESP,FW,Las Palmas,es La Liga,28,1,0,16,0.2,0,0,0,0.0,0.0,0.0,1,0,0.0,0.0,,0.0,85.7,0,1,1,1,1,0,0,9,9,,2,0.0,0.0,0.0,0.0,0.0,5.625,0.0,0.0,11.25,5.625,0.0,11.25,0.0
Pietro Pellegri,it ITA,FW,Empoli,it Serie A,23,11,5,414,4.6,3,0,3,0.3,0.3,0.6,8,4,50.0,0.38,0.75,2.7,69.4,7,8,12,7,2,0,3,128,80,35.7,15,0.6521739130434783,0.0,0.6521739130434783,0.06521739130434782,0.13043478260869565,1.7391304347826086,0.8695652173913043,1.5217391304347825,4.3478260869565215,1.5217391304347825,0.0,3.2608695652173916,0.6521739130434783
Lorenzo Pellegrini,it ITA,MF,Roma,it Serie A,28,25,20,1626,18.1,2,1,3,4.7,3.9,2.5,41,13,31.7,0.02,0.08,-2.7,79.5,27,61,27,24,16,6,22,825,463,40.7,61,0.11070110701107011,0.055350553505535055,0.16605166051660517,0.2601476014760148,0.13837638376383765,2.269372693726937,0.7195571955719556,1.4944649446494465,4.8708487084870855,1.3284132841328413,0.33210332103321033,3.376383763837638,1.2177121771217714
Luca Pellegrini,it ITA,DF,Lazio,it Serie A,25,22,10,1067,11.9,0,4,4,0.7,0.7,1.8,13,4,30.8,0.0,0.0,-0.7,75.5,20,72,21,23,11,19,32,851,420,39.3,41,0.0,0.3373945641986879,0.3373945641986879,0.05904404873477038,0.15182755388940955,1.0965323336457358,0.3373945641986879,1.6869728209934394,7.844423617619494,1.9400187441424555,1.6026241799437677,3.458294283036551,2.6991565135895033
Mateo Pellegrino,ar ARG,FW,Parma,it Serie A,23,13,8,737,8.2,3,1,4,3.3,3.3,0.7,22,9,40.9,0.14,0.33,-0.3,54.3,5,15,6,3,2,1,6,263,164,33.3,20,0.36635006784260515,0.12211668928086837,0.4884667571234735,0.4029850746268656,0.08548168249660787,2.6865671641791042,1.0990502035278156,0.6105834464043419,2.564450474898236,0.36635006784260515,0.12211668928086837,2.4423337856173677,0.7327001356852103
Théo Pellenard,fr FRA,DF,Auxerre,fr Ligue 1,30,2,0,45,0.5,0,0,0,0.0,0.0,0.0,0,0,,,,0.0,75.0,0,1,1,3,2,0,3,28,7,,0,0.0,0.0,0.0,0.0,0.0,0.0,0.0,0.0,4.0,6.0,0.0,0.0,6.0
Andy Pelmard,fr FRA,DF,Lecce,it Serie A,24,3,1,129,1.4,0,0,0,0.0,0.0,0.0,0,0,,,,0.0,79.4,0,1,1,6,6,0,5,48,19,100.0,4,0.0,0.0,0.0,0.0,0.0,0.0,0.0,0.0,1.3953488372093024,4.186046511627907,0.0,2.7906976744186047,3.488372093023256
Andy Pelmard,fr FRA,DF,Las Palmas,es La Liga,24,4,2,205,2.3,0,0,0,0.0,0.0,0.0,1,0,0.0,0.0,,0.0,85.2,1,13,1,5,0,2,20,152,71,50.0,4,0.0,0.0,0.0,0.0,0.0,0.43902439024390244,0.0,0.43902439024390244,6.146341463414634,2.1951219512195124,0.8780487804878049,1.7560975609756098,8.78048780487805
Timothee Pembele,fr FRA,DF,Le Havre,fr Ligue 1,21,20,12,1113,12.4,1,0,1,1.3,1.3,0.1,8,3,37.5,0.13,0.33,-0.3,81.5,3,43,27,30,22,11,42,680,368,51.7,46,0.08086253369272238,0.0,0.08086253369272238,0.10512129380053908,0.008086253369272238,0.646900269541779,0.24258760107816713,0.24258760107816713,5.660377358490566,2.4258760107816713,0.8894878706199462,3.719676549865229,3.3962264150943393
Faris Pemi Moumbagna,cm CMR,FW,Marseille,fr Ligue 1,24,1,0,8,0.1,0,0,0,0.0,0.0,0.0,0,0,,,,0.0,,0,0,0,0,0,0,0,0,1,,0,0.0,0.0,0.0,0.0,0.0,0.0,0.0,0.0,0.0,0.0,0.0,0.0,0.0
Rubén Peña,es ESP,"FW,DF",Osasuna,es La Liga,33,25,7,775,8.6,0,0,0,0.7,0.7,0.6,10,3,30.0,0.0,0.0,-0.7,59.2,13,27,18,12,5,6,12,418,219,37.0,33,0.0,0.0,0.0,0.08129032258064516,0.0696774193548387,1.1612903225806452,0.34838709677419355,1.5096774193548386,5.225806451612903,1.3935483870967742,0.6967741935483871,3.832258064516129,1.3935483870967742
Nicolas Pépé,ci CIV,"FW,MF",Villarreal,es La Liga,29,28,15,1500,16.7,3,6,9,3.8,3.8,4.8,38,17,44.7,0.08,0.18,-0.8,79.1,33,60,76,22,9,5,12,842,518,42.2,53,0.18,0.36,0.54,0.22799999999999998,0.288,2.28,1.02,1.98,8.16,1.32,0.30000000000000004,3.18,0.72
Peque,es ESP,"MF,FW",Sevilla,es La Liga,21,26,14,1134,12.6,1,1,2,2.5,2.5,1.2,19,4,21.1,0.05,0.25,-1.5,79.9,12,35,14,16,5,8,5,485,266,42.3,41,0.07936507936507936,0.07936507936507936,0.15873015873015872,0.1984126984126984,0.09523809523809522,1.507936507936508,0.31746031746031744,0.9523809523809523,3.888888888888889,1.2698412698412698,0.6349206349206349,3.253968253968254,0.3968253968253968
Sergiu Perciun,md MDA,"FW,MF",Torino,it Serie A,18,5,0,152,1.7,0,0,0,0.0,0.0,0.1,2,1,50.0,0.0,0.0,0.0,65.4,2,4,2,2,2,1,2,72,48,40.0,10,0.0,0.0,0.0,0.0,0.05921052631578947,1.1842105263157894,0.5921052631578947,1.1842105263157894,3.552631578947368,1.1842105263157894,0.5921052631578947,5.921052631578947,1.1842105263157894
Óscar Perea,co COL,"MF,DF",Strasbourg,fr Ligue 1,18,2,0,14,0.2,0,0,0,0.0,0.0,0.0,1,0,0.0,0.0,,0.0,100.0,0,2,1,0,0,0,0,13,8,100.0,1,0.0,0.0,0.0,0.0,0.0,6.428571428571428,0.0,0.0,19.285714285714285,0.0,0.0,6.428571428571428,0.0
Andreas Pereira,br BRA,MF,Fulham,eng Premier League,28,33,25,2013,22.4,2,4,6,3.8,3.0,4.6,38,8,21.1,0.05,0.25,-1.8,69.1,57,104,29,24,13,8,17,1148,578,46.7,100,0.08941877794336811,0.17883755588673622,0.26825633383010433,0.16989567809239942,0.20566318926974664,1.6989567809239943,0.35767511177347244,2.548435171385991,5.946348733233979,1.0730253353204173,0.35767511177347244,4.470938897168406,0.760059612518629
Mathias Pereira Lage,pt POR,"FW,MF",Brest,fr Ligue 1,27,29,18,1571,17.5,2,7,9,3.3,3.3,3.5,36,15,41.7,0.06,0.13,-1.3,62.9,22,41,32,37,24,20,20,714,317,35.7,77,0.11457670273711011,0.40101845957988547,0.5155951623169955,0.1890515595162317,0.20050922978994273,2.062380649267982,0.8593252705283259,1.2603437301082114,4.18204964990452,2.119669000636537,1.1457670273711011,4.41120305537874,1.1457670273711011
Pedro Pereira,pt POR,DF,Monza,it Serie A,26,35,32,2665,29.6,1,3,4,1.2,1.2,1.6,13,6,46.2,0.08,0.17,-0.2,80.7,14,66,52,53,32,21,85,1409,798,56.0,88,0.03377110694183865,0.10131332082551595,0.1350844277673546,0.040525328330206375,0.05403377110694184,0.43902439024390244,0.2026266416510319,0.4727954971857411,3.9849906191369606,1.7898686679174485,0.7091932457786118,2.971857410881801,2.870544090056285
Ricardo Pereira,pt POR,DF,Leicester City,eng Premier League,30,10,4,388,4.3,0,0,0,0.1,0.1,0.0,2,1,50.0,0.0,0.0,-0.1,83.5,0,18,3,13,8,4,11,296,151,66.7,19,0.0,0.0,0.0,0.023195876288659795,0.0,0.4639175257731959,0.23195876288659795,0.0,4.871134020618557,3.015463917525773,0.9278350515463918,4.407216494845361,2.551546391752577
Gastón Pereiro,uy URU,MF,Genoa,it Serie A,29,2,0,31,0.3,0,0,0,0.0,0.0,0.0,0,0,,,,0.0,73.3,0,2,0,1,0,0,1,17,7,,0,0.0,0.0,0.0,0.0,0.0,0.0,0.0,0.0,5.806451612903226,2.903225806451613,0.0,0.0,2.903225806451613
Ayoze Pérez,es ESP,FW,Villarreal,es La Liga,31,30,22,1970,21.9,19,2,21,12.7,12.7,3.0,75,31,41.3,0.25,0.61,6.3,75.8,32,73,59,27,14,8,15,705,429,43.6,56,0.868020304568528,0.09137055837563453,0.9593908629441624,0.5802030456852791,0.13705583756345177,3.426395939086295,1.4162436548223352,1.4619289340101524,6.030456852791879,1.233502538071066,0.3654822335025381,2.5583756345177666,0.6852791878172589
Carles Pérez,es ESP,"MF,FW",Getafe,es La Liga,26,27,15,1431,15.9,3,0,3,2.4,2.4,1.5,34,9,26.5,0.09,0.33,0.6,67.3,17,20,31,33,23,6,22,551,298,42.0,50,0.18867924528301888,0.0,0.18867924528301888,0.1509433962264151,0.09433962264150944,2.138364779874214,0.5660377358490566,1.069182389937107,3.2075471698113205,2.0754716981132075,0.37735849056603776,3.1446540880503147,1.3836477987421383
Francisco Perez,es ESP,"FW,MF",Valencia,es La Liga,21,26,4,570,6.3,0,0,0,0.3,0.3,2.6,6,1,16.7,0.0,0.0,-0.3,73.5,7,13,24,17,12,3,6,327,198,36.4,27,0.0,0.0,0.0,0.04736842105263158,0.41052631578947374,0.9473684210526315,0.15789473684210525,1.105263157894737,5.842105263157894,2.6842105263157894,0.47368421052631576,4.2631578947368425,0.9473684210526315
Kike Pérez,es ESP,MF,Venezia,it Serie A,27,16,13,1114,12.4,1,0,1,0.9,0.9,1.2,13,7,53.8,0.08,0.14,0.1,74.8,16,60,18,41,25,10,15,793,443,46.4,71,0.08078994614003591,0.0,0.08078994614003591,0.07271095152603231,0.09694793536804308,1.0502692998204668,0.5655296229802513,1.2926391382405746,6.301615798922801,3.312387791741472,0.8078994614003591,5.73608617594255,1.2118491921005385
Kike Pérez,es ESP,MF,Valladolid,es La Liga,27,19,14,1191,13.2,2,0,2,2.1,2.1,1.0,20,4,20.0,0.1,0.5,-0.1,78.0,17,67,19,37,26,7,18,723,344,36.4,60,0.15113350125944583,0.0,0.15113350125944583,0.15869017632241816,0.07556675062972291,1.5113350125944585,0.30226700251889166,1.2846347607052897,6.498740554156171,2.795969773299748,0.5289672544080605,4.534005037783375,1.3602015113350125
Luis Pérez,es ESP,DF,Valladolid,es La Liga,29,30,28,2558,28.4,0,0,0,0.2,0.2,2.1,5,2,40.0,0.0,0.0,-0.2,75.7,27,89,41,41,30,29,86,1444,585,57.1,77,0.0,0.0,0.0,0.007036747458952307,0.07388584831899922,0.17591868647380765,0.07036747458952307,0.9499609069585613,4.573885848318999,1.4425332290852229,1.0203283815480844,2.709147771696638,3.025801407349492
Nehuén Pérez,ar ARG,DF,Udinese,it Serie A,24,2,2,180,2.0,0,0,0,0.0,0.0,0.0,0,0,,,,0.0,81.7,0,4,2,1,1,1,7,74,28,100.0,6,0.0,0.0,0.0,0.0,0.0,0.0,0.0,0.0,3.0,0.5,0.5,3.0,3.5
Romain Perraud,fr FRA,DF,Betis,es La Liga,26,28,22,2002,22.2,2,2,4,0.6,0.6,1.6,20,5,25.0,0.1,0.4,1.4,79.6,16,62,51,36,22,22,71,1419,766,31.4,95,0.0899100899100899,0.0899100899100899,0.1798201798201798,0.026973026973026972,0.07192807192807193,0.8991008991008991,0.22477522477522477,0.7192807192807192,5.07992007992008,1.6183816183816186,0.989010989010989,4.270729270729271,3.191808191808192
Gaëtan Perrin,fr FRA,"MF,FW",Auxerre,fr Ligue 1,28,34,31,2691,29.9,10,11,21,6.1,6.1,7.8,59,26,44.1,0.17,0.38,3.9,70.6,73,142,83,49,26,12,4,1327,798,47.2,124,0.33444816053511706,0.3678929765886288,0.7023411371237458,0.20401337792642138,0.2608695652173913,1.9732441471571904,0.8695652173913043,2.441471571906354,7.525083612040134,1.6387959866220734,0.4013377926421405,4.147157190635451,0.13377926421404682
Máximo Perrone,ar ARG,MF,Como,it Serie A,21,26,20,1857,20.6,0,3,3,0.9,0.9,2.2,10,2,20.0,0.0,0.0,-0.9,90.4,30,98,16,38,27,20,43,1502,934,37.5,96,0.0,0.14539579967689822,0.14539579967689822,0.04361873990306947,0.10662358642972537,0.48465266558966075,0.09693053311793215,1.4539579967689822,5.525040387722132,1.8416801292407108,0.9693053311793215,4.652665589660743,2.0840064620355414
Noah Pesch,hr CRO,FW,Gladbach,de Bundesliga,19,1,0,6,0.1,0,0,0,0.0,0.0,0.0,0,0,,,,0.0,50.0,0,1,0,1,0,0,0,5,2,,1,0.0,0.0,0.0,0.0,0.0,0.0,0.0,0.0,15.0,15.0,0.0,15.0,0.0
Matteo Pessina,it ITA,MF,Monza,it Serie A,27,11,10,854,9.5,0,0,0,0.2,0.2,0.1,3,0,0.0,0.0,,-0.2,86.5,4,28,8,15,4,12,7,559,333,50.0,58,0.0,0.0,0.0,0.02107728337236534,0.01053864168618267,0.3161592505854801,0.0,0.4215456674473068,3.793911007025761,1.5807962529274004,1.2646370023419204,6.112412177985949,0.7377049180327869
Andrea Petagna,it ITA,FW,Monza,it Serie A,29,13,2,335,3.7,0,0,0,0.2,0.2,0.0,4,0,0.0,0.0,,-0.2,64.3,1,1,2,2,1,1,2,100,66,50.0,7,0.0,0.0,0.0,0.05373134328358209,0.0,1.0746268656716418,0.0,0.26865671641791045,0.8059701492537313,0.5373134328358209,0.26865671641791045,1.8805970149253732,0.5373134328358209
Prosper Peter,ng NGA,"MF,FW",Angers,fr Ligue 1,16,2,0,27,0.3,0,0,0,0.0,0.0,0.0,0,0,,,,0.0,50.0,0,0,0,2,1,0,0,4,2,0.0,1,0.0,0.0,0.0,0.0,0.0,0.0,0.0,0.0,0.0,6.666666666666666,0.0,3.333333333333333,0.0
Léo Pétrot,fr FRA,DF,Saint-Étienne,fr Ligue 1,27,31,29,2634,29.3,0,3,3,0.6,0.6,1.6,7,3,42.9,0.0,0.0,-0.6,80.4,16,93,28,62,39,42,103,1708,766,50.0,115,0.0,0.10250569476082004,0.10250569476082004,0.020501138952164006,0.05466970387243736,0.23917995444191342,0.10250569476082004,0.5466970387243736,4.134396355353076,2.1184510250569475,1.4350797266514808,3.9293849658314355,3.519362186788155
Giuseppe Pezzella,it ITA,"DF,FW",Empoli,it Serie A,26,35,34,2878,32.0,0,3,3,0.6,0.6,4.6,15,3,20.0,0.0,0.0,-0.6,66.5,36,80,77,55,31,15,110,1579,673,33.3,88,0.0,0.09381514940931202,0.09381514940931202,0.018763029881862403,0.1438498957609451,0.4690757470465601,0.09381514940931202,1.1257817929117444,4.909659485753996,1.719944405837387,0.4690757470465601,2.751911049339819,3.439888811674774
Valentín Pezzolesi,es ESP,DF,Las Palmas,es La Liga,17,1,0,6,0.1,0,0,0,0.0,0.0,0.0,0,0,,,,0.0,40.0,0,0,0,0,0,0,1,6,2,,1,0.0,0.0,0.0,0.0,0.0,0.0,0.0,0.0,0.0,0.0,0.0,15.0,15.0
Maximilian Philipp,de GER,"MF,FW",Freiburg,de Bundesliga,30,2,0,17,0.2,0,0,0,0.0,0.0,0.0,1,0,0.0,0.0,,0.0,42.9,0,0,0,0,0,0,0,9,3,,0,0.0,0.0,0.0,0.0,0.0,5.294117647058823,0.0,0.0,0.0,0.0,0.0,0.0,0.0
Kalvin Phillips,eng ENG,MF,Ipswich Town,eng Premier League,28,19,14,1237,13.7,0,0,0,0.4,0.4,0.2,11,2,18.2,0.0,0.0,-0.4,79.1,5,51,4,35,19,19,37,739,310,41.7,68,0.0,0.0,0.0,0.029102667744543252,0.014551333872271626,0.8003233629749394,0.14551333872271624,0.36378334680679064,4.001616814874697,2.5464834276475345,1.3823767178658044,4.947453516572352,2.691996766370251
Jaden Philogene Bidace,eng ENG,"FW,MF",Aston Villa,eng Premier League,22,11,2,332,3.7,0,0,0,0.5,0.5,0.3,7,0,0.0,0.0,,-0.5,73.3,1,4,7,11,5,3,2,145,75,26.7,21,0.0,0.0,0.0,0.13554216867469882,0.08132530120481928,1.897590361445783,0.0,0.27108433734939763,2.9819277108433737,2.9819277108433737,0.8132530120481928,5.692771084337349,0.5421686746987953
Jaden Philogene Bidace,eng ENG,"FW,DF",Ipswich Town,eng Premier League,22,10,5,474,5.3,2,0,2,2.0,2.0,0.2,12,5,41.7,0.17,0.4,0.0,72.5,5,10,13,14,7,10,9,220,127,27.8,23,0.37974683544303794,0.0,0.37974683544303794,0.37974683544303794,0.0379746835443038,2.278481012658228,0.9493670886075949,0.9493670886075949,4.367088607594937,2.6582278481012658,1.8987341772151898,4.367088607594937,1.7088607594936709
Pica,es ESP,DF,Alavés,es La Liga,22,9,5,499,5.5,0,0,0,0.3,0.3,0.0,4,1,25.0,0.0,0.0,-0.3,77.1,1,15,3,9,7,9,26,263,124,100.0,13,0.0,0.0,0.0,0.05410821643286573,0.0,0.721442885771543,0.18036072144288576,0.18036072144288576,3.246492985971944,1.623246492985972,1.623246492985972,2.344689378757515,4.68937875751503
Roberto Piccoli,it ITA,FW,Cagliari,it Serie A,23,37,37,3127,34.7,10,1,11,12.7,12.0,0.9,97,28,28.9,0.09,0.32,-2.7,66.3,13,37,30,13,9,3,31,919,511,22.2,54,0.2878157978893508,0.028781579788935082,0.3165973776782859,0.3655260633194755,0.02590342181004157,2.791813239526703,0.8058842340901823,0.37416053725615606,1.9283658458586506,0.37416053725615606,0.08634473936680524,1.5542053086024945,0.8922289734569875
Benedikt Pichler,at AUT,FW,Holstein Kiel,de Bundesliga,27,18,7,785,8.7,1,2,3,2.3,2.3,1.1,20,9,45.0,0.05,0.11,-1.3,63.2,12,19,18,5,2,2,11,310,152,44.4,15,0.11464968152866241,0.22929936305732482,0.34394904458598724,0.26369426751592356,0.1261146496815287,2.2929936305732483,1.0318471337579618,1.375796178343949,4.24203821656051,0.5732484076433121,0.22929936305732482,1.7197452229299361,1.2611464968152866
Amos Pieper,de GER,DF,Werder Bremen,de Bundesliga,26,23,16,1498,16.6,0,0,0,0.4,0.4,0.6,7,1,14.3,0.0,0.0,-0.4,84.8,4,62,11,32,17,24,98,1136,570,66.7,56,0.0,0.0,0.0,0.02403204272363151,0.03604806408544726,0.4205607476635514,0.06008010680907877,0.24032042723631508,4.38584779706275,1.9225634178905207,1.4419225634178907,3.364485981308411,5.887850467289719
Marvin Pieringer,de GER,"FW,MF",Heidenheim,de Bundesliga,24,31,26,2206,24.5,7,4,11,8.9,6.6,4.0,57,17,29.8,0.07,0.24,-1.9,65.8,30,59,23,23,13,8,32,849,467,45.7,63,0.28558476881233,0.16319129646418856,0.4487760652765186,0.3631006346328196,0.16319129646418856,2.3254759746146876,0.6935630099728014,1.2239347234814144,3.345421577515866,0.9383499546690843,0.3263825929283771,2.57026291931097,1.3055303717135085
Nicholas Pierini,it ITA,MF,Venezia,it Serie A,25,2,0,83,0.9,0,0,0,0.0,0.0,0.1,1,0,0.0,0.0,,0.0,75.0,2,2,1,0,0,0,0,28,16,0.0,2,0.0,0.0,0.0,0.0,0.10843373493975905,1.0843373493975905,0.0,2.168674698795181,3.253012048192771,0.0,0.0,2.168674698795181,0.0
Santiago Pierotti,ar ARG,FW,Lecce,it Serie A,23,36,22,1937,21.5,4,2,6,3.1,3.1,2.4,32,7,21.9,0.13,0.57,0.9,71.3,25,38,43,46,24,14,32,730,353,44.9,111,0.18585441404233352,0.09292720702116676,0.27878162106350024,0.14403717088280849,0.11151264842540011,1.4868353123386682,0.3252452245740836,1.1615900877645844,3.7635518843572533,2.137325761486835,0.6504904491481672,5.157459989674755,1.4868353123386682
Balthazar Pierret,fr FRA,MF,Lecce,it Serie A,24,30,21,1723,19.1,0,0,0,0.2,0.2,0.4,6,0,0.0,0.0,,-0.2,83.6,10,82,13,51,31,19,31,1020,512,54.2,93,0.0,0.0,0.0,0.01044689495066744,0.02089378990133488,0.3134068485200232,0.0,0.522344747533372,4.962275101567034,2.6639582124201975,0.9924550203134068,4.85780615206036,1.6192687173534535
Andrea Pinamonti,it ITA,FW,Genoa,it Serie A,25,36,33,2850,31.7,10,1,11,7.7,7.0,1.7,78,29,37.2,0.13,0.34,2.3,62.8,15,46,20,10,6,1,28,952,491,47.8,53,0.3157894736842105,0.031578947368421054,0.3473684210526316,0.2431578947368421,0.05368421052631579,2.463157894736842,0.9157894736842105,0.47368421052631576,2.0842105263157897,0.3157894736842105,0.031578947368421054,1.6736842105263159,0.8842105263157896
Ethan Pinnock,jm JAM,DF,Brentford,eng Premier League,31,22,21,1913,21.3,2,0,2,1.1,1.1,1.2,10,6,60.0,0.2,0.33,0.9,85.6,8,41,3,35,19,24,142,1348,633,33.3,50,0.09409304756926293,0.0,0.09409304756926293,0.051751176163094624,0.05645582854155776,0.47046523784631467,0.2822791427077888,0.3763721902770517,2.0700470465237846,1.6466283324621014,1.1291165708311552,2.352326189231573,6.680606377417669
Yeremi Pino,es ESP,"MF,FW",Villarreal,es La Liga,21,34,25,1934,21.5,4,7,11,3.9,3.9,5.3,29,8,27.6,0.14,0.5,0.1,73.9,37,66,42,60,32,8,18,986,565,43.1,93,0.1861427094105481,0.32574974146845914,0.5118924508790073,0.18148914167528438,0.2466390899689762,1.3495346432264737,0.3722854188210962,1.7218200620475699,5.025853154084798,2.7921406411582215,0.3722854188210962,4.327817993795243,0.8376421923474664
Nicola Pintus,it ITA,DF,Cagliari,it Serie A,19,1,0,4,0.0,0,0,0,0.0,0.0,0.0,0,0,,,,0.0,100.0,0,0,0,0,0,0,2,3,1,,0,0.0,0.0,0.0,0.0,0.0,0.0,0.0,0.0,0.0,0.0,0.0,0.0,45.0
Niccolò Pisilli,it ITA,MF,Roma,it Serie A,19,28,11,1227,13.6,2,1,3,2.7,2.7,0.7,27,7,25.9,0.07,0.29,-0.7,83.5,10,63,22,24,11,11,16,718,389,35.7,58,0.14669926650366746,0.07334963325183373,0.2200488997555012,0.19804400977995112,0.05134474327628362,1.9804400977995111,0.5134474327628362,0.7334963325183373,6.234718826405868,1.7603911980440097,0.8068459657701711,4.254278728606357,1.1735941320293397
Damián Pizarro,cl CHI,"FW,MF",Udinese,it Serie A,19,2,0,16,0.2,0,0,0,0.0,0.0,0.0,0,0,,,,0.0,66.7,0,0,0,0,0,0,0,3,0,,0,0.0,0.0,0.0,0.0,0.0,0.0,0.0,0.0,0.0,0.0,0.0,0.0,0.0
Alassane Pléa,fr FRA,"MF,FW",Gladbach,de Bundesliga,31,30,24,1902,21.1,11,4,15,7.4,6.6,3.1,41,12,29.3,0.24,0.83,3.6,72.1,25,116,51,7,3,2,7,979,601,39.5,66,0.5205047318611987,0.1892744479495268,0.7097791798107255,0.3501577287066246,0.14668769716088328,1.94006309148265,0.5678233438485805,1.1829652996845426,7.902208201892744,0.3312302839116719,0.0946372239747634,3.1230283911671926,0.3312302839116719
Tommaso Pobega,it ITA,MF,Bologna,it Serie A,25,21,13,1178,13.1,2,2,4,2.1,2.0,1.4,24,8,33.3,0.08,0.25,-0.1,82.1,12,42,12,33,19,14,16,608,293,37.5,45,0.15280135823429541,0.15280135823429541,0.30560271646859083,0.1604414261460102,0.10696095076400679,1.8336162988115452,0.6112054329371817,0.9168081494057726,4.125636672325976,2.5212224108658745,1.0696095076400678,3.4380305602716468,1.2224108658743633
Daniel Podence,pt POR,"MF,FW",Wolves,eng Premier League,28,2,0,48,0.5,0,0,0,0.0,0.0,0.0,1,0,0.0,0.0,,0.0,68.8,0,2,1,0,0,0,0,20,13,100.0,1,0.0,0.0,0.0,0.0,0.0,1.875,0.0,0.0,5.625,0.0,0.0,1.875,0.0
Joel Pohjanpalo,fi FIN,FW,Venezia,it Serie A,29,20,19,1603,17.8,6,0,6,7.5,4.3,1.7,34,13,38.2,0.09,0.23,-1.5,60.3,15,29,9,3,3,4,24,491,249,30.0,20,0.3368683718028696,0.0,0.3368683718028696,0.421085464753587,0.09544603867747974,1.9089207735495946,0.7298814722395508,0.842170929507174,2.133499688084841,0.1684341859014348,0.22457891453524642,1.122894572676232,1.3474734872114784
Matteo Politano,it ITA,"FW,MF",Napoli,it Serie A,30,37,34,2804,31.2,3,4,7,3.1,3.1,4.8,56,14,25.0,0.05,0.21,-0.1,69.2,56,129,135,29,15,13,50,1561,920,40.0,95,0.09629101283880172,0.12838801711840228,0.22467902995720399,0.09950071326676177,0.15406562054208273,1.7974322396576319,0.44935805991440797,1.7974322396576319,8.473609129814552,0.9308131241084165,0.4172610556348075,3.0492154065620545,1.6048502139800287
Alfie Pond,eng ENG,DF,Wolves,eng Premier League,20,1,0,1,0.0,0,0,0,0.0,0.0,0.0,0,0,,,,0.0,100.0,0,0,0,0,0,0,0,1,1,,0,0.0,0.0,0.0,0.0,0.0,0.0,0.0,0.0,0.0,0.0,0.0,0.0,0.0
Marin Pongračić,hr CRO,DF,Fiorentina,it Serie A,26,19,14,1292,14.4,0,0,0,0.2,0.2,0.2,2,1,50.0,0.0,0.0,-0.2,89.2,5,34,7,18,13,12,69,922,560,64.3,73,0.0,0.0,0.0,0.013931888544891642,0.013931888544891642,0.1393188854489164,0.0696594427244582,0.34829721362229105,2.856037151702786,1.2538699690402477,0.8359133126934984,5.085139318885449,4.806501547987616
Finn Porath,de GER,"DF,MF",Holstein Kiel,de Bundesliga,27,31,20,1970,21.9,2,3,5,1.9,1.8,2.0,29,12,41.4,0.07,0.17,0.1,66.9,22,58,42,45,26,21,67,999,418,44.4,79,0.09137055837563453,0.13705583756345177,0.22842639593908629,0.0868020304568528,0.09137055837563453,1.3248730964467006,0.5482233502538071,1.0050761421319796,4.568527918781726,2.0558375634517767,0.9593908629441624,3.609137055837563,3.0609137055837565
Pedro Porro,es ESP,DF,Tottenham,eng Premier League,24,33,28,2610,29.0,2,6,8,1.6,1.6,5.0,39,8,20.5,0.05,0.25,0.4,73.2,57,154,65,66,49,36,84,2237,1187,35.0,152,0.06896551724137931,0.20689655172413793,0.27586206896551724,0.055172413793103454,0.17241379310344826,1.3448275862068966,0.27586206896551724,1.9655172413793103,7.551724137931035,2.2758620689655173,1.2413793103448276,5.241379310344827,2.896551724137931
Portu,es ESP,"FW,MF",Girona,es La Liga,32,27,6,779,8.7,1,2,3,1.6,1.6,1.7,8,3,37.5,0.13,0.33,-0.6,71.3,14,16,20,13,7,0,2,301,168,40.0,24,0.11553273427471115,0.2310654685494223,0.3465982028241335,0.18485237483953787,0.196405648267009,0.9242618741976892,0.3465982028241335,1.6174582798459565,4.159178433889602,1.5019255455712452,0.0,2.772785622593068,0.2310654685494223
Stefan Posch,at AUT,DF,Bologna,it Serie A,27,14,7,714,7.9,0,0,0,0.3,0.3,0.7,2,0,0.0,0.0,,-0.3,78.4,10,36,11,26,15,5,22,602,295,27.3,43,0.0,0.0,0.0,0.037815126050420166,0.08823529411764705,0.25210084033613445,0.0,1.2605042016806722,5.92436974789916,3.2773109243697482,0.6302521008403361,5.420168067226891,2.773109243697479
Stefan Posch,at AUT,DF,Atalanta,it Serie A,27,5,4,387,4.3,0,0,0,0.2,0.2,0.0,3,2,66.7,0.0,0.0,-0.2,83.7,0,23,5,18,11,4,13,299,202,50.0,22,0.0,0.0,0.0,0.04651162790697675,0.0,0.6976744186046512,0.46511627906976744,0.0,6.511627906976743,4.186046511627907,0.9302325581395349,5.116279069767442,3.0232558139534884
Tom Pouilly,fr FRA,"DF,MF",Lens,fr Ligue 1,21,10,2,273,3.0,0,0,0,0.4,0.4,0.4,5,2,40.0,0.0,0.0,-0.4,78.4,3,11,12,9,6,4,11,257,152,66.7,16,0.0,0.0,0.0,0.13186813186813187,0.13186813186813187,1.6483516483516485,0.6593406593406593,0.989010989010989,7.582417582417583,2.967032967032967,1.3186813186813187,5.274725274725275,3.626373626373627
Yussuf Poulsen,dk DEN,"FW,MF",RB Leipzig,de Bundesliga,30,22,2,378,4.2,2,0,2,3.3,3.3,0.6,15,8,53.3,0.13,0.25,-1.3,59.6,7,12,2,10,5,0,14,221,89,16.7,16,0.47619047619047616,0.0,0.47619047619047616,0.7857142857142857,0.14285714285714285,3.571428571428571,1.9047619047619047,1.6666666666666665,3.333333333333333,2.380952380952381,0.0,3.8095238095238093,3.333333333333333
Beñat Prados,es ESP,MF,Athletic Club,es La Liga,23,30,21,1715,19.1,1,0,1,1.0,1.0,1.1,16,5,31.3,0.06,0.2,0.0,82.0,11,78,20,55,36,28,26,991,480,50.0,91,0.052478134110787174,0.0,0.052478134110787174,0.052478134110787174,0.0577259475218659,0.8396501457725948,0.26239067055393583,0.577259475218659,5.142857142857142,2.8862973760932946,1.469387755102041,4.775510204081632,1.3644314868804666
Alexander Prass,at AUT,DF,Hoffenheim,de Bundesliga,23,23,19,1566,17.4,0,1,1,0.9,0.9,2.8,12,1,8.3,0.0,0.0,-0.9,72.7,18,63,28,42,23,9,53,1199,605,47.6,92,0.0,0.0574712643678161,0.0574712643678161,0.05172413793103448,0.16091954022988503,0.689655172413793,0.0574712643678161,1.0344827586206897,5.2298850574712645,2.413793103448276,0.5172413793103449,5.287356321839081,3.0459770114942533
Matteo Prati,it ITA,MF,Cagliari,it Serie A,20,12,8,570,6.3,0,0,0,0.1,0.1,0.7,4,0,0.0,0.0,,-0.1,72.0,6,23,2,10,4,7,10,313,155,27.3,24,0.0,0.0,0.0,0.015789473684210527,0.11052631578947367,0.631578947368421,0.0,0.9473684210526315,3.9473684210526314,1.5789473684210527,1.105263157894737,3.789473684210526,1.5789473684210527
Abdón Prats,es ESP,"FW,MF",Mallorca,es La Liga,31,24,3,456,5.1,2,0,2,2.2,1.5,0.1,13,4,30.8,0.08,0.25,-0.2,66.7,3,7,0,2,1,1,5,146,77,33.3,13,0.39473684210526316,0.0,0.39473684210526316,0.4342105263157895,0.019736842105263157,2.56578947368421,0.7894736842105263,0.5921052631578947,1.381578947368421,0.39473684210526316,0.19736842105263158,2.56578947368421,0.9868421052631579
David Preu,de GER,"MF,DF",Union Berlin,de Bundesliga,19,5,1,121,1.3,0,0,0,0.1,0.1,0.0,2,0,0.0,0.0,,-0.1,54.1,0,3,1,1,1,0,2,63,31,28.6,4,0.0,0.0,0.0,0.0743801652892562,0.0,1.487603305785124,0.0,0.0,2.975206611570248,0.743801652892562,0.0,2.975206611570248,1.487603305785124
Grischa Prömel,de GER,MF,Hoffenheim,de Bundesliga,29,2,2,174,1.9,0,0,0,0.0,0.0,0.0,0,0,,,,0.0,84.2,0,5,2,0,0,2,4,106,70,0.0,7,0.0,0.0,0.0,0.0,0.0,0.0,0.0,0.0,3.6206896551724137,0.0,1.0344827586206897,3.6206896551724137,2.0689655172413794
Ivan Prtajin,hr CRO,FW,Union Berlin,de Bundesliga,28,5,2,161,1.8,0,0,0,0.5,0.5,0.1,8,2,25.0,0.0,0.0,-0.5,37.5,1,1,1,3,2,0,3,78,38,100.0,4,0.0,0.0,0.0,0.2795031055900621,0.055900621118012424,4.472049689440993,1.1180124223602483,0.5590062111801242,1.1180124223602483,1.6770186335403727,0.0,2.2360248447204967,1.6770186335403727
Javi Puado,es ESP,"FW,MF",Espanyol,es La Liga,26,35,35,2974,33.0,12,4,16,11.6,7.7,3.0,66,19,28.8,0.11,0.37,0.4,76.8,22,75,73,22,17,5,19,985,623,34.4,105,0.36314727639542704,0.121049092131809,0.484196368527236,0.35104236718224613,0.09078681909885676,1.9973100201748488,0.5749831876260928,0.6657700067249496,4.478816408876933,0.6657700067249496,0.15131136516476126,3.1775386684599867,0.5749831876260928
Tymoteusz Puchacz,pl POL,DF,Holstein Kiel,de Bundesliga,25,10,5,396,4.4,0,1,1,0.1,0.1,0.6,4,1,25.0,0.0,0.0,-0.1,70.3,8,8,13,9,4,3,11,247,109,47.4,32,0.0,0.2272727272727273,0.2272727272727273,0.022727272727272728,0.13636363636363635,0.9090909090909092,0.2272727272727273,1.8181818181818183,4.7727272727272725,2.0454545454545454,0.6818181818181819,7.272727272727273,2.5
Diego Pugno,it ITA,FW,Juventus,it Serie A,18,1,0,7,0.1,0,0,0,0.0,0.0,0.1,0,0,,,,0.0,100.0,1,0,0,0,0,0,0,4,2,0.0,1,0.0,0.0,0.0,0.0,1.2857142857142858,0.0,0.0,12.857142857142856,0.0,0.0,0.0,12.857142857142856,0.0
Christian Pulisic,us USA,"FW,MF",Milan,it Serie A,25,34,29,2478,27.5,11,9,20,12.0,8.9,6.4,53,20,37.7,0.15,0.4,-1.0,76.5,69,105,121,43,29,5,13,1367,859,44.8,94,0.39951573849878935,0.3268765133171913,0.7263922518159805,0.4358353510895884,0.2324455205811138,1.9249394673123488,0.7263922518159805,2.506053268765133,8.208232445520581,1.5617433414043584,0.18159806295399514,3.414043583535109,0.4721549636803874
Jarell Quansah,eng ENG,DF,Liverpool,eng Premier League,21,13,4,495,5.5,0,0,0,0.1,0.1,0.1,1,0,0.0,0.0,,-0.1,90.8,2,19,3,12,8,7,28,464,268,33.3,19,0.0,0.0,0.0,0.01818181818181818,0.01818181818181818,0.18181818181818182,0.0,0.36363636363636365,4.0,2.1818181818181817,1.2727272727272727,3.454545454545454,5.090909090909091
Leopold Querfeld,at AUT,DF,Union Berlin,de Bundesliga,20,27,17,1747,19.4,2,2,4,1.1,1.1,1.0,16,4,25.0,0.13,0.5,0.9,80.8,10,49,3,25,12,19,144,1066,531,33.3,66,0.1030337721808815,0.1030337721808815,0.206067544361763,0.05666857469948484,0.05151688609044075,0.824270177447052,0.206067544361763,0.5151688609044075,2.678878076702919,1.287922152261019,0.9788208357183743,3.40011448196909,7.418431597023469
Dani Raba,es ESP,"FW,MF",Leganés,es La Liga,28,29,24,1879,20.9,8,6,14,7.5,3.6,5.3,39,12,30.8,0.1,0.33,0.5,67.1,47,69,42,37,23,14,19,930,523,50.5,90,0.3831825439063331,0.28738690792974986,0.670569451836083,0.3592336349121873,0.2538584353379457,1.8680149015433742,0.5747738158594997,2.2511974454497072,5.3166577967003725,1.772219265566791,0.670569451836083,4.310803618946248,0.9100585417775412
Adrien Rabiot,fr FRA,MF,Marseille,fr Ligue 1,29,29,27,2485,27.6,9,4,13,7.3,7.3,3.8,48,22,45.8,0.19,0.41,1.7,84.8,28,168,79,49,31,21,32,1822,1096,52.0,124,0.32595573440643866,0.1448692152917505,0.47082494969818917,0.26438631790744466,0.13762575452716297,1.738430583501006,0.7967806841046277,1.0140845070422535,8.945674044265594,1.7746478873239437,0.76056338028169,4.490945674044266,1.158953722334004
Hamza Rafia,tn TUN,MF,Lecce,it Serie A,25,18,14,1058,11.8,0,0,0,0.5,0.5,1.4,10,2,20.0,0.0,0.0,-0.5,77.6,16,51,13,44,27,4,18,651,317,45.5,62,0.0,0.0,0.0,0.04253308128544424,0.11909262759924384,0.8506616257088847,0.17013232514177695,1.3610586011342156,5.4442344045368625,3.742911153119093,0.3402646502835539,5.274102079395085,1.5311909262759924
Antonio Raillo,es ESP,DF,Mallorca,es La Liga,32,36,36,3207,35.6,2,0,2,2.0,2.0,1.6,35,8,22.9,0.06,0.25,0.0,88.7,13,108,31,31,18,29,222,2185,1108,66.7,104,0.05612722170252572,0.0,0.05612722170252572,0.05612722170252572,0.04490177736202058,0.9822263797942002,0.2245088868101029,0.3648269410664172,3.9008419083255377,0.8699719363891488,0.8138447146866231,2.9186155285313378,6.230121608980355
Antonio Raimondo,it ITA,"FW,DF",Venezia,it Serie A,20,9,0,94,1.0,0,0,0,0.3,0.3,0.1,1,1,100.0,0.0,0.0,-0.3,65.4,1,2,2,2,1,0,0,34,21,,4,0.0,0.0,0.0,0.28723404255319146,0.09574468085106383,0.9574468085106382,0.9574468085106382,0.9574468085106382,3.829787234042553,1.9148936170212765,0.0,3.829787234042553,0.0
Ylber Ramadani,al ALB,MF,Lecce,it Serie A,28,29,21,1807,20.1,1,1,2,0.6,0.6,1.1,17,6,35.3,0.06,0.17,0.4,82.1,16,60,9,51,28,24,26,1038,537,54.2,117,0.04980630879911455,0.04980630879911455,0.0996126175982291,0.029883785279468732,0.054786939679026016,0.8467072495849475,0.29883785279468733,0.7969009407858328,3.4366353071389044,2.540121748754842,1.1953514111787493,5.827338129496403,1.2949640287769786
Benito Ramírez,es ESP,"DF,FW",Las Palmas,es La Liga,29,19,2,478,5.3,0,0,0,0.3,0.3,0.9,10,1,10.0,0.0,0.0,-0.3,79.4,13,16,14,10,5,1,14,406,211,20.0,32,0.0,0.0,0.0,0.056485355648535567,0.1694560669456067,1.8828451882845187,0.18828451882845187,2.4476987447698746,5.648535564853557,1.8828451882845187,0.18828451882845187,6.02510460251046,2.6359832635983262
Sandro Ramírez,es ESP,"FW,MF",Las Palmas,es La Liga,29,31,25,2034,22.6,9,3,12,4.1,3.3,3.4,51,20,39.2,0.16,0.4,4.9,64.2,28,52,52,27,15,16,22,930,469,34.0,93,0.39823008849557523,0.1327433628318584,0.5309734513274336,0.1814159292035398,0.15044247787610618,2.256637168141593,0.8849557522123893,1.238938053097345,4.601769911504425,1.1946902654867257,0.7079646017699115,4.11504424778761,0.9734513274336284
Jacobo Ramón,es ESP,DF,Real Madrid,es La Liga,19,3,2,204,2.3,1,0,1,0.2,0.2,0.2,2,1,50.0,0.5,1.0,0.8,93.3,1,1,0,7,3,3,8,117,59,,5,0.4411764705882353,0.0,0.4411764705882353,0.08823529411764705,0.08823529411764705,0.8823529411764706,0.4411764705882353,0.4411764705882353,0.4411764705882353,3.088235294117647,1.3235294117647058,2.2058823529411766,3.5294117647058822
Gonçalo Ramos,pt POR,FW,Paris S-G,fr Ligue 1,23,22,12,1066,11.8,10,3,13,13.6,11.3,2.2,52,29,55.8,0.15,0.28,-3.6,80.1,15,24,11,11,6,0,5,353,155,9.1,18,0.8442776735459663,0.25328330206378985,1.0975609756097562,1.148217636022514,0.18574108818011256,4.390243902439025,2.448405253283302,1.2664165103189493,2.954971857410882,0.9287054409005628,0.0,1.5196998123827392,0.42213883677298314
Jacob Ramsey,eng ENG,"FW,MF",Aston Villa,eng Premier League,23,29,19,1623,18.0,1,3,4,1.6,1.6,2.3,19,4,21.1,0.05,0.25,-0.6,84.8,21,68,61,30,15,8,8,762,496,54.3,83,0.05545286506469501,0.16635859519408502,0.22181146025878004,0.08872458410351201,0.12754158964879853,1.0536044362292052,0.22181146025878004,1.1645101663585953,7.153419593345657,1.6635859519408505,0.4436229205175601,4.602587800369686,0.4436229205175601
Luca Ranieri,it ITA,DF,Fiorentina,it Serie A,25,35,34,2981,33.1,0,3,3,1.1,1.1,1.7,10,4,40.0,0.0,0.0,-0.1,85.4,16,80,25,42,24,27,154,2124,1234,47.4,95,0.0,0.09057363300905735,0.09057363300905735,0.033210332103321034,0.05132505870513251,0.3019121100301912,0.12076484401207649,0.48305937604830596,3.1700771553170073,1.268030862126803,0.8151626970815163,2.8681650452868164,4.649446494464945
Grant Ranos,am ARM,FW,Gladbach,de Bundesliga,21,2,0,20,0.2,0,0,0,0.0,0.0,0.0,0,0,,,,0.0,66.7,0,1,1,1,0,0,0,17,10,,0,0.0,0.0,0.0,0.0,0.0,0.0,0.0,0.0,9.0,4.5,0.0,0.0,0.0
Lilian Raolisoa,fr FRA,"DF,FW",Angers,fr Ligue 1,24,29,14,1318,14.6,0,3,3,0.7,0.7,2.0,14,1,7.1,0.0,0.0,-0.7,69.5,14,47,33,41,24,15,45,751,404,43.4,76,0.0,0.20485584218512898,0.20485584218512898,0.047799696509863425,0.13657056145675267,0.9559939301972686,0.06828528072837634,0.9559939301972686,5.462822458270106,2.7996965098634297,1.024279210925645,5.1896813353566005,3.0728376327769347
Raphinha,br BRA,"FW,MF",Barcelona,es La Liga,27,36,32,2839,31.5,18,9,27,19.2,17.6,12.7,112,40,35.7,0.14,0.4,-1.2,71.1,91,135,94,36,22,11,26,1863,1016,50.5,94,0.5706234589644241,0.28531172948221206,0.8559351884466362,0.6086650228953857,0.40260655160267694,3.55054596688975,1.2680521310320534,2.884818598097922,7.259598450158507,1.1412469179288482,0.34871433603381474,2.979922507925326,0.8242338851708347
Marcus Rashford,eng ENG,"FW,MF",Manchester Utd,eng Premier League,26,15,12,978,10.9,4,1,5,1.7,1.7,2.1,16,9,56.3,0.25,0.44,2.3,73.8,15,21,20,7,4,4,7,440,293,23.1,24,0.3680981595092025,0.09202453987730062,0.4601226993865031,0.15644171779141106,0.1932515337423313,1.47239263803681,0.8282208588957056,1.3803680981595092,3.773006134969325,0.6441717791411044,0.3680981595092025,2.208588957055215,0.6441717791411044
Marcus Rashford,eng ENG,FW,Aston Villa,eng Premier League,26,10,4,444,4.9,2,2,4,3.1,2.3,2.3,18,5,27.8,0.06,0.2,-1.1,71.3,13,13,22,10,7,1,3,227,127,40.9,14,0.40540540540540543,0.40540540540540543,0.8108108108108109,0.6283783783783784,0.46621621621621623,3.6486486486486487,1.0135135135135134,2.635135135135135,7.094594594594595,2.0270270270270268,0.20270270270270271,2.8378378378378377,0.6081081081081081
Giacomo Raspadori,it ITA,"FW,MF",Napoli,it Serie A,24,26,11,1103,12.3,6,1,7,4.0,4.0,2.4,42,14,33.3,0.14,0.43,2.0,68.3,28,42,18,18,9,3,13,549,263,64.3,43,0.48957388939256574,0.08159564823209428,0.57116953762466,0.3263825929283771,0.1958295557570263,3.42701722574796,1.14233907524932,2.28467815049864,4.895738893925658,1.4687216681776971,0.24478694469628287,3.508612873980055,1.0607434270172258
Andrei Ratiu,ro ROU,DF,Rayo Vallecano,es La Liga,26,35,34,3065,34.1,2,3,5,1.8,1.8,5.7,31,7,22.6,0.06,0.29,0.2,81.6,36,145,122,71,41,27,73,2193,1190,51.7,169,0.05872756933115824,0.08809135399673736,0.1468189233278956,0.05285481239804241,0.16737357259380098,0.9102773246329527,0.20554649265905384,1.0570962479608483,7.8401305057096256,2.0848287112561175,0.7928221859706363,4.962479608482871,2.1435562805872754
Raúl,es ESP,"FW,MF",Osasuna,es La Liga,23,32,5,750,8.3,4,0,4,3.5,3.5,0.7,25,12,48.0,0.16,0.33,0.5,69.0,3,16,10,13,8,0,6,266,153,55.0,14,0.48,0.0,0.48,0.42000000000000004,0.084,3.0,1.44,0.36,3.1199999999999997,1.5599999999999998,0.0,1.6800000000000002,0.72
David Raum,de GER,DF,RB Leipzig,de Bundesliga,26,22,21,1783,19.8,1,5,6,0.5,0.5,6.5,9,4,44.4,0.11,0.25,0.5,69.4,48,71,36,38,28,9,47,1389,593,39.3,92,0.050476724621424565,0.2523836231071228,0.30286034772854736,0.025238362310712283,0.32809871003925967,0.45429052159282113,0.20190689848569826,2.422882781828379,5.401009534492428,1.9181155356141335,0.45429052159282113,4.643858665171059,2.3724060572069545
Rayan Raveloson,mg MAD,"MF,DF",Auxerre,fr Ligue 1,27,13,7,724,8.0,1,0,1,0.8,0.8,0.2,16,5,31.3,0.06,0.2,0.2,86.6,3,31,5,6,5,5,22,401,216,53.8,44,0.12430939226519336,0.0,0.12430939226519336,0.0994475138121547,0.024861878453038676,1.9889502762430937,0.6215469613259669,0.3729281767955801,4.475138121546961,0.7458563535911602,0.6215469613259669,5.469613259668508,2.734806629834254
Abderrahman Rebbach,dz ALG,"FW,MF",Alavés,es La Liga,25,8,4,385,4.3,0,0,0,0.2,0.2,0.3,6,1,16.7,0.0,0.0,-0.2,62.7,6,5,16,3,2,0,6,173,103,21.4,16,0.0,0.0,0.0,0.046753246753246755,0.07012987012987013,1.4025974025974026,0.23376623376623376,1.4025974025974026,4.909090909090909,0.7012987012987013,0.0,3.74025974025974,1.4025974025974026
Ante Rebić,hr CRO,"FW,MF",Lecce,it Serie A,30,27,7,788,8.8,1,0,1,2.1,2.1,2.1,13,5,38.5,0.08,0.2,-1.1,61.1,18,36,17,12,9,2,4,429,223,26.7,33,0.11421319796954314,0.0,0.11421319796954314,0.23984771573604063,0.23984771573604063,1.484771573604061,0.5710659898477157,2.0558375634517767,6.053299492385786,1.3705583756345179,0.22842639593908629,3.769035532994924,0.45685279187817257
Harrison Reed,eng ENG,MF,Fulham,eng Premier League,29,12,0,108,1.2,0,0,0,0.2,0.2,0.1,3,2,66.7,0.0,0.0,-0.2,70.9,1,4,1,6,3,1,3,78,31,0.0,10,0.0,0.0,0.0,0.16666666666666669,0.08333333333333334,2.5,1.6666666666666665,0.8333333333333333,4.166666666666666,5.0,0.8333333333333333,8.333333333333332,2.5
Remy Rees-Dottin,eng ENG,FW,Bournemouth,eng Premier League,18,1,0,1,0.0,0,0,0,0.0,0.0,0.0,0,0,,,,0.0,,0,0,0,0,0,0,0,0,0,,0,0.0,0.0,0.0,0.0,0.0,0.0,0.0,0.0,0.0,0.0,0.0,0.0,0.0
Sergio Reguilón,es ESP,DF,Tottenham,eng Premier League,27,4,1,196,2.2,0,0,0,0.1,0.1,0.0,2,0,0.0,0.0,,-0.1,68.4,1,13,5,4,3,4,8,167,88,33.3,14,0.0,0.0,0.0,0.04591836734693878,0.0,0.9183673469387754,0.0,0.4591836734693877,8.26530612244898,1.8367346938775508,1.8367346938775508,6.428571428571428,3.6734693877551017
Tijjani Reijnders,nl NED,MF,Milan,it Serie A,26,37,36,3128,34.8,10,4,14,7.5,7.5,3.5,77,28,36.4,0.13,0.36,2.5,87.5,47,230,111,26,13,38,28,1863,1214,50.7,125,0.2877237851662404,0.11508951406649617,0.40281329923273657,0.21579283887468031,0.10070332480818414,2.2154731457800514,0.8056265984654731,1.35230179028133,9.811381074168798,0.7480818414322251,1.0933503836317136,3.596547314578005,0.8056265984654731
Vitor Reis,br BRA,DF,Manchester City,eng Premier League,18,1,0,1,0.0,0,0,0,0.0,0.0,0.0,0,0,,,,0.0,100.0,0,0,0,0,0,0,1,3,2,100.0,0,0.0,0.0,0.0,0.0,0.0,0.0,0.0,0.0,0.0,0.0,0.0,0.0,90.0
Rocco Reitz,de GER,MF,Gladbach,de Bundesliga,22,27,21,1830,20.3,2,1,3,1.7,1.7,2.1,23,7,30.4,0.09,0.29,0.3,77.9,16,91,18,52,24,53,59,1199,614,47.2,94,0.09836065573770492,0.04918032786885246,0.14754098360655737,0.08360655737704918,0.10327868852459017,1.1311475409836067,0.3442622950819672,0.7868852459016393,5.360655737704918,2.557377049180328,2.6065573770491803,4.6229508196721305,2.901639344262295
Nicolai Remberg,de GER,MF,Holstein Kiel,de Bundesliga,24,32,26,2417,26.9,0,1,1,1.5,1.5,0.8,24,2,8.3,0.0,0.0,-1.5,77.9,9,80,25,45,25,29,100,1316,552,28.0,101,0.0,0.037236243276789406,0.037236243276789406,0.05585436491518412,0.02978899462143153,0.8936698386429459,0.07447248655357881,0.3351261894911047,3.909805544062888,1.6756309474555233,1.079851055026893,3.7608605709557303,3.7236243276789405
Devyne Rensch,nl NED,DF,Roma,it Serie A,21,14,5,469,5.2,0,1,1,0.3,0.3,0.8,3,2,66.7,0.0,0.0,-0.3,81.9,2,14,2,17,13,7,12,319,161,0.0,13,0.0,0.19189765458422176,0.19189765458422176,0.05756929637526652,0.1535181236673774,0.5756929637526652,0.3837953091684435,0.3837953091684435,3.070362473347548,3.2622601279317696,1.3432835820895521,2.4946695095948828,2.302771855010661
Daniel Requena,es ESP,MF,Villarreal,es La Liga,20,1,0,10,0.1,0,0,0,0.0,0.0,0.0,0,0,,,,0.0,80.0,0,0,0,0,0,0,0,5,2,,0,0.0,0.0,0.0,0.0,0.0,0.0,0.0,0.0,0.0,0.0,0.0,0.0,0.0
Mateo Retegui,it ITA,FW,Atalanta,it Serie A,25,36,32,2383,26.5,25,8,33,18.9,14.9,4.9,99,32,32.3,0.21,0.66,6.1,76.5,38,46,21,14,9,4,17,874,557,40.0,69,0.9441879983214435,0.30214015946286193,1.2463281577843055,0.7138061267310113,0.18506084767100298,3.7389844733529163,1.2085606378514477,1.435165757448594,2.5304238355014688,0.5287452790600085,0.15107007973143097,2.6059588753671843,0.6420478388585816
Elvis Rexhbeçaj,xk KVX,MF,Augsburg,de Bundesliga,26,27,22,1785,19.8,1,1,2,1.4,1.4,1.1,29,5,17.2,0.03,0.2,-0.4,70.0,16,94,31,27,19,16,22,887,463,31.3,85,0.050420168067226885,0.050420168067226885,0.10084033613445377,0.07058823529411765,0.055462184873949584,1.46218487394958,0.25210084033613445,0.8067226890756302,6.302521008403361,1.361344537815126,0.8067226890756302,4.285714285714286,1.1092436974789917
Gio Reyna,us USA,MF,Dortmund,de Bundesliga,21,16,3,350,3.9,2,0,2,0.2,0.2,0.2,3,2,66.7,0.67,1.0,1.8,78.8,2,22,5,7,0,0,9,262,150,57.1,19,0.5142857142857142,0.0,0.5142857142857142,0.051428571428571435,0.051428571428571435,0.7714285714285715,0.5142857142857142,0.5142857142857142,6.942857142857142,1.8,0.0,4.885714285714285,2.314285714285714
Chadi Riad,ma MAR,DF,Crystal Palace,eng Premier League,21,1,1,90,1.0,0,0,0,0.0,0.0,0.0,0,0,,,,0.0,85.4,0,7,2,5,2,2,0,90,58,,4,0.0,0.0,0.0,0.0,0.0,0.0,0.0,0.0,9.0,5.0,2.0,4.0,0.0
Alexsandro Ribeiro,br BRA,DF,Lille,fr Ligue 1,24,30,30,2700,30.0,1,1,2,1.6,1.6,0.4,21,4,19.0,0.05,0.25,-0.6,91.2,9,178,25,32,19,27,143,2712,1737,62.5,175,0.03333333333333333,0.03333333333333333,0.06666666666666667,0.05333333333333333,0.013333333333333332,0.7,0.13333333333333333,0.30000000000000004,6.766666666666667,1.0666666666666667,0.9,5.833333333333333,4.766666666666667
Samuele Ricci,it ITA,MF,Torino,it Serie A,22,34,34,2825,31.4,1,1,2,1.3,1.3,0.6,22,7,31.8,0.05,0.14,-0.3,88.0,15,116,43,35,21,25,51,1589,960,27.3,130,0.03185840707964602,0.03185840707964602,0.06371681415929203,0.04141592920353983,0.019115044247787608,0.7008849557522124,0.22300884955752212,0.47787610619469023,5.0654867256637175,1.1150442477876106,0.7964601769911505,4.1415929203539825,1.6247787610619469
Declan Rice,eng ENG,MF,Arsenal,eng Premier League,25,35,33,2825,31.4,4,7,11,3.5,3.5,6.6,48,14,29.2,0.08,0.29,0.5,83.4,59,192,90,53,25,25,51,1948,1031,48.3,156,0.12743362831858407,0.22300884955752212,0.3504424778761062,0.11150442477876106,0.21026548672566372,1.529203539823009,0.44601769911504424,1.879646017699115,8.984070796460177,1.688495575221239,0.7964601769911505,4.969911504424779,1.6247787610619469
Chris Richards,us USA,DF,Crystal Palace,eng Premier League,24,24,22,1922,21.4,1,0,1,1.4,1.4,0.1,12,6,50.0,0.08,0.17,-0.4,79.8,2,39,6,47,30,19,121,1118,517,16.7,51,0.04682622268470344,0.0,0.04682622268470344,0.06555671175858481,0.004682622268470343,0.5619146722164412,0.2809573361082206,0.09365244536940688,2.1071800208116547,2.2008324661810614,0.8896982310093652,2.3881373569198754,5.665972944849115
Amir Richardson,ma MAR,MF,Fiorentina,it Serie A,22,26,10,1024,11.4,1,1,2,0.9,0.9,0.6,11,5,45.5,0.09,0.2,0.1,87.6,8,47,19,30,13,6,29,748,451,57.9,51,0.087890625,0.087890625,0.17578125,0.0791015625,0.052734375,0.966796875,0.439453125,0.703125,5.80078125,2.63671875,0.52734375,4.482421875,2.548828125
Richarlison,br BRA,FW,Tottenham,eng Premier League,27,15,4,504,5.6,4,1,5,3.7,3.7,0.9,17,7,41.2,0.24,0.57,0.3,60.2,4,11,8,5,3,0,8,173,89,6.3,11,0.7142857142857142,0.17857142857142855,0.8928571428571428,0.6607142857142857,0.1607142857142857,3.0357142857142856,1.25,0.7142857142857142,3.392857142857143,0.8928571428571428,0.0,1.9642857142857142,1.4285714285714284
Diego Rico,es ESP,DF,Getafe,es La Liga,31,33,32,2819,31.3,0,3,3,0.4,0.4,2.7,16,3,18.8,0.0,0.0,-0.4,67.6,36,136,27,81,49,34,102,1929,694,42.9,132,0.0,0.09577864490954238,0.09577864490954238,0.012770485987938986,0.08620078041858815,0.5108194395175594,0.09577864490954238,1.1493437389145087,5.2039730400851365,2.5860234125576445,1.0854913089748137,4.214260376019865,3.2564739269244414
Fabian Rieder,ch SUI,"MF,FW",Stuttgart,de Bundesliga,22,21,8,867,9.6,1,3,4,1.4,1.4,2.0,20,7,35.0,0.05,0.14,-0.4,70.6,12,38,20,17,14,10,7,492,253,47.4,45,0.10380622837370243,0.31141868512110726,0.4152249134948097,0.14532871972318337,0.20761245674740486,2.0761245674740487,0.7266435986159169,1.245674740484429,6.0207612456747395,1.7647058823529411,1.0380622837370244,4.671280276816609,0.7266435986159169
Luis Rioja,es ESP,FW,Alavés,es La Liga,30,1,0,23,0.3,0,0,0,0.0,0.0,0.1,0,0,,,,0.0,45.5,1,1,4,2,1,0,0,15,8,,1,0.0,0.0,0.0,0.0,0.391304347826087,0.0,0.0,3.9130434782608696,19.565217391304348,7.826086956521739,0.0,3.9130434782608696,0.0
Luis Rioja,es ESP,"MF,FW",Valencia,es La Liga,30,36,33,2831,31.5,5,3,8,3.3,1.7,4.5,28,12,42.9,0.11,0.25,1.7,67.7,35,103,93,33,21,22,44,1505,816,47.3,111,0.15895443306252208,0.09537265983751325,0.2543270929000353,0.10490992582126456,0.14305898975626988,0.8901448251501237,0.381490639350053,1.1126810314376545,6.231013776050866,1.0490992582126457,0.6993995054750971,3.52878841398799,1.3987990109501942
Rodrigo Riquelme,es ESP,"MF,DF",Atlético Madrid,es La Liga,24,16,4,516,5.7,0,1,1,0.9,0.9,0.8,14,4,28.6,0.0,0.0,-0.9,78.1,15,24,43,11,5,2,3,354,246,25.0,21,0.0,0.1744186046511628,0.1744186046511628,0.1569767441860465,0.13953488372093023,2.441860465116279,0.6976744186046512,2.6162790697674416,11.686046511627907,1.9186046511627908,0.3488372093023256,3.662790697674419,0.5232558139534884
Alberto Risco,es ESP,"MF,FW",Getafe,es La Liga,18,5,0,69,0.8,0,0,0,0.2,0.2,0.1,4,1,25.0,0.0,0.0,-0.2,73.5,4,3,3,4,4,0,0,57,32,16.7,5,0.0,0.0,0.0,0.2608695652173913,0.13043478260869565,5.217391304347826,1.3043478260869565,5.217391304347826,7.826086956521739,5.217391304347826,0.0,6.521739130434783,0.0
Mihailo Ristić,rs SRB,"DF,MF",Celta Vigo,es La Liga,28,10,6,429,4.8,0,1,1,0.0,0.0,0.2,2,0,0.0,0.0,,0.0,77.6,4,10,8,7,7,2,18,302,153,15.4,17,0.0,0.2097902097902098,0.2097902097902098,0.0,0.04195804195804196,0.4195804195804196,0.0,0.8391608391608392,3.7762237762237763,1.4685314685314685,0.4195804195804196,3.5664335664335662,3.7762237762237763
Lars Ritzka,de GER,"DF,MF",St. Pauli,de Bundesliga,26,21,11,922,10.2,1,0,1,0.4,0.4,0.2,8,1,12.5,0.13,1.0,0.6,71.5,5,21,8,49,29,11,41,567,161,0.0,35,0.09761388286334056,0.0,0.09761388286334056,0.039045553145336226,0.019522776572668113,0.7809110629067245,0.09761388286334056,0.4880694143167028,2.8308026030368767,4.783080260303688,1.0737527114967462,3.4164859002169194,4.002169197396963
Gorka Rivera Alonso,es ESP,"DF,MF",Getafe,es La Liga,19,1,0,20,0.2,0,0,0,0.0,0.0,0.0,0,0,,,,0.0,45.5,0,1,0,2,0,0,0,17,5,0.0,1,0.0,0.0,0.0,0.0,0.0,0.0,0.0,0.0,4.5,9.0,0.0,4.5,0.0
Sergi Roberto,es ESP,MF,Como,it Serie A,32,13,8,696,7.7,0,1,1,0.7,0.7,0.7,6,1,16.7,0.0,0.0,-0.7,90.3,15,36,10,14,8,9,14,582,340,30.0,48,0.0,0.12931034482758622,0.12931034482758622,0.09051724137931035,0.09051724137931035,0.7758620689655172,0.12931034482758622,1.9396551724137931,5.948275862068966,1.8103448275862069,1.1637931034482758,6.206896551724138,1.8103448275862069
Andrew Robertson,sct SCO,DF,Liverpool,eng Premier League,30,33,29,2482,27.6,0,1,1,1.2,1.2,4.6,15,2,13.3,0.0,0.0,-1.2,82.7,40,176,64,39,22,21,54,2084,1107,38.9,105,0.0,0.0362610797743755,0.0362610797743755,0.0435132957292506,0.16680096696212732,0.5439161966156325,0.072522159548751,1.45044319097502,8.70265914585012,1.4141821112006447,0.7614826752618856,3.807413376309428,1.9580983078162773
Antonee Robinson,us USA,DF,Fulham,eng Premier League,26,36,35,3167,35.2,0,10,10,0.7,0.7,4.2,16,2,12.5,0.0,0.0,-0.7,76.8,43,131,118,95,61,62,133,2523,1343,45.8,157,0.0,0.2841806125670982,0.2841806125670982,0.019892642879696873,0.11935585727818125,0.4546889801073571,0.056836122513419636,1.2219766340385223,7.076097252920745,2.699715819387433,1.7619197979160086,4.461635617303442,3.779602147142406
Jay Robinson,eng ENG,"MF,FW",Southampton,eng Premier League,17,4,1,137,1.5,0,0,0,0.0,0.0,0.7,1,1,100.0,0.0,0.0,0.0,67.6,3,1,3,4,1,0,1,54,33,54.5,12,0.0,0.0,0.0,0.0,0.45985401459854014,0.656934306569343,0.656934306569343,1.9708029197080292,2.627737226277372,2.627737226277372,0.0,7.883211678832117,0.656934306569343
Marc Roca,es ESP,MF,Betis,es La Liga,27,14,11,906,10.1,2,2,4,1.1,1.1,1.0,12,4,33.3,0.17,0.5,0.9,86.4,12,59,11,20,14,14,14,632,385,80.0,51,0.1986754966887417,0.1986754966887417,0.3973509933774834,0.10927152317880795,0.09933774834437085,1.1920529801324504,0.3973509933774834,1.1920529801324504,6.953642384105961,1.9867549668874174,1.390728476821192,5.066225165562914,1.390728476821192
Rodri,es ESP,MF,Manchester City,eng Premier League,28,3,1,73,0.8,0,0,0,0.0,0.0,0.0,0,0,,,,0.0,94.1,1,4,1,2,1,1,1,74,39,0.0,7,0.0,0.0,0.0,0.0,0.0,0.0,0.0,1.2328767123287672,6.164383561643835,2.4657534246575343,1.2328767123287672,8.63013698630137,1.2328767123287672
Rodri,es ESP,FW,Betis,es La Liga,24,3,1,118,1.3,0,0,0,0.2,0.2,0.1,2,2,100.0,0.0,0.0,-0.2,84.8,2,8,4,2,1,1,1,86,57,33.3,10,0.0,0.0,0.0,0.15254237288135594,0.07627118644067797,1.5254237288135593,1.5254237288135593,1.5254237288135593,9.152542372881356,1.5254237288135593,0.7627118644067796,7.627118644067796,0.7627118644067796
Alejandro Rodriguez,pt POR,MF,Lyon,fr Ligue 1,16,1,0,20,0.2,0,0,0,0.0,0.0,0.0,0,0,,,,0.0,50.0,0,0,0,0,0,0,0,8,1,,1,0.0,0.0,0.0,0.0,0.0,0.0,0.0,0.0,0.0,0.0,0.0,4.5,0.0
Álvaro Rodríguez,uy URU,FW,Getafe,es La Liga,20,22,7,852,9.5,2,0,2,1.2,1.2,0.3,25,10,40.0,0.08,0.2,0.8,46.0,5,13,6,10,7,3,12,415,186,48.5,31,0.2112676056338028,0.0,0.2112676056338028,0.1267605633802817,0.03169014084507042,2.640845070422535,1.056338028169014,0.528169014084507,2.0070422535211265,1.056338028169014,0.31690140845070425,3.2746478873239435,1.267605633802817
Óscar Rodríguez Arnaiz,es ESP,"MF,FW",Leganés,es La Liga,26,29,12,1330,14.8,1,4,5,2.1,2.1,2.2,33,6,18.2,0.03,0.17,-1.1,72.1,19,60,24,32,17,20,20,749,381,40.4,56,0.06766917293233084,0.27067669172932335,0.3383458646616541,0.14210526315789473,0.14887218045112782,2.2330827067669174,0.406015037593985,1.2857142857142856,5.684210526315789,2.165413533834587,1.3533834586466165,3.789473684210526,1.3533834586466165
Arturo Rodríguez,es ESP,FW,Las Palmas,es La Liga,17,1,0,21,0.2,0,0,0,0.0,0.0,0.0,0,0,,,,0.0,71.4,0,0,1,0,0,0,0,11,7,0.0,1,0.0,0.0,0.0,0.0,0.0,0.0,0.0,0.0,4.285714285714286,0.0,0.0,4.285714285714286,0.0
Damián Rodríguez,es ESP,MF,Celta Vigo,es La Liga,21,17,10,927,10.3,0,0,0,0.1,0.1,0.8,4,0,0.0,0.0,,-0.1,89.2,17,71,8,14,9,7,13,876,529,0.0,49,0.0,0.0,0.0,0.00970873786407767,0.07766990291262137,0.38834951456310673,0.0,1.6504854368932038,7.6699029126213585,1.3592233009708738,0.6796116504854369,4.757281553398058,1.2621359223300972
Dani Rodríguez,es ESP,"MF,FW",Mallorca,es La Liga,36,37,26,2162,24.0,4,7,11,2.8,2.8,3.1,31,10,32.3,0.13,0.4,1.2,69.7,33,78,37,49,29,12,30,971,512,47.1,70,0.16651248843663274,0.2913968547641073,0.45790934320074006,0.11655874190564292,0.12904717853839037,1.2904717853839038,0.4162812210915819,1.3737280296022203,4.787234042553192,2.0397779833487513,0.49953746530989823,2.913968547641073,1.2488436632747455
Daniel Rodriguez,es ESP,FW,Barcelona,es La Liga,18,1,1,37,0.4,0,0,0,0.0,0.0,0.0,2,0,0.0,0.0,,0.0,75.0,0,2,4,0,0,0,0,25,20,0.0,0,0.0,0.0,0.0,0.0,0.0,4.864864864864865,0.0,0.0,14.594594594594595,0.0,0.0,0.0,0.0
Guido Rodríguez,ar ARG,MF,West Ham,eng Premier League,30,23,16,1149,12.8,0,1,1,0.2,0.2,0.2,8,1,12.5,0.0,0.0,-0.2,84.4,4,33,4,36,19,13,35,709,327,50.0,53,0.0,0.0783289817232376,0.0783289817232376,0.01566579634464752,0.01566579634464752,0.6266318537859008,0.0783289817232376,0.3133159268929504,2.898172323759791,2.8198433420365534,1.0182767624020888,4.151436031331593,2.7415143603133156
James Rodríguez,co COL,"MF,FW",Rayo Vallecano,es La Liga,33,6,1,140,1.6,0,0,0,0.3,0.3,0.2,4,2,50.0,0.0,0.0,-0.3,79.6,2,13,3,3,2,1,0,116,71,71.4,8,0.0,0.0,0.0,0.19285714285714287,0.12857142857142856,2.571428571428571,1.2857142857142856,1.2857142857142856,10.285714285714285,1.9285714285714286,0.6428571428571428,5.142857142857142,0.0
Javi Rodríguez,es ESP,DF,Celta Vigo,es La Liga,21,36,26,2514,27.9,3,2,5,2.3,2.3,1.0,12,5,41.7,0.25,0.6,0.7,86.7,13,114,29,53,38,33,96,1994,1187,45.5,87,0.10739856801909309,0.07159904534606205,0.17899761336515513,0.08233890214797135,0.03579952267303103,0.42959427207637235,0.17899761336515513,0.46539379474940334,5.119331742243437,1.8973747016706444,1.1813842482100239,3.114558472553699,3.436754176610979
Jesus Rodríguez,es ESP,FW,Betis,es La Liga,18,21,15,1111,12.3,2,0,2,2.3,2.3,0.2,23,8,34.8,0.09,0.25,-0.3,72.8,8,35,53,16,14,6,3,532,361,35.7,58,0.162016201620162,0.0,0.162016201620162,0.18631863186318628,0.016201620162016202,1.8631863186318631,0.648064806480648,0.648064806480648,7.128712871287129,1.296129612961296,0.48604860486048607,4.698469846984699,0.24302430243024303
Kirian Rodríguez,es ESP,MF,Las Palmas,es La Liga,28,21,21,1758,19.5,0,3,3,1.6,1.6,1.5,21,8,38.1,0.0,0.0,-1.6,85.2,16,128,25,33,17,10,21,1357,763,68.8,100,0.0,0.15358361774744028,0.15358361774744028,0.08191126279863482,0.07679180887372014,1.075085324232082,0.40955631399317405,0.8191126279863481,7.832764505119454,1.689419795221843,0.5119453924914675,5.1194539249146755,1.075085324232082
Ricardo Rodríguez,ch SUI,DF,Betis,es La Liga,31,18,15,1274,14.2,0,1,1,0.2,0.2,0.4,5,1,20.0,0.0,0.0,-0.2,82.0,7,63,19,28,15,8,51,866,434,57.1,55,0.0,0.0706436420722135,0.0706436420722135,0.0141287284144427,0.0282574568288854,0.3532182103610675,0.0706436420722135,0.4945054945054945,5.792778649921508,1.978021978021978,0.565149136577708,3.8854003139717426,3.6028257456828885
Rodrygo,br BRA,"FW,MF",Real Madrid,es La Liga,23,30,22,1928,21.4,6,5,11,4.0,3.9,3.0,54,20,37.0,0.11,0.3,2.0,85.9,49,108,113,21,14,11,9,1340,889,44.1,71,0.2800829875518672,0.23340248962655602,0.5134854771784232,0.18672199170124482,0.1400414937759336,2.520746887966805,0.9336099585062241,2.287344398340249,10.316390041493776,0.9802904564315352,0.5134854771784232,3.3143153526970957,0.42012448132780084
Mads Roerslev,dk DEN,DF,Brentford,eng Premier League,25,19,11,1101,12.2,0,2,2,0.2,0.2,3.0,5,2,40.0,0.0,0.0,-0.2,78.7,14,51,17,18,8,4,35,645,352,36.8,39,0.0,0.16348773841961853,0.16348773841961853,0.01634877384196185,0.24523160762942778,0.40871934604904636,0.16348773841961853,1.1444141689373297,5.55858310626703,1.4713896457765667,0.32697547683923706,3.1880108991825615,2.861035422343324
Mads Roerslev,dk DEN,DF,Wolfsburg,de Bundesliga,25,7,2,298,3.3,0,0,0,0.0,0.0,0.0,0,0,,,,0.0,83.9,1,13,7,10,9,5,16,215,102,33.3,8,0.0,0.0,0.0,0.0,0.0,0.0,0.0,0.30201342281879195,6.040268456375839,3.0201342281879193,1.5100671140939597,2.4161073825503356,4.832214765100671
Morgan Rogers,eng ENG,"FW,MF",Aston Villa,eng Premier League,22,37,37,3114,34.6,8,10,18,6.6,6.6,7.8,55,20,36.4,0.15,0.4,1.4,73.2,51,123,114,43,22,6,20,1362,794,41.3,119,0.23121387283236994,0.2890173410404624,0.5202312138728323,0.1907514450867052,0.2254335260115607,1.5895953757225434,0.5780346820809248,1.4739884393063585,6.8497109826589595,1.2427745664739884,0.17341040462427745,3.439306358381503,0.5780346820809248
Merlin Röhl,de GER,"MF,FW",Freiburg,de Bundesliga,22,19,11,965,10.7,0,1,1,0.8,0.8,1.7,12,3,25.0,0.0,0.0,-0.8,76.0,9,22,20,16,10,6,2,403,217,30.0,49,0.0,0.09326424870466321,0.09326424870466321,0.07461139896373058,0.15854922279792744,1.1191709844559585,0.27979274611398963,0.8393782383419688,3.917098445595855,1.4922279792746114,0.5595854922279793,4.569948186528497,0.18652849740932642
Alessio Romagnoli,it ITA,DF,Lazio,it Serie A,29,32,31,2672,29.7,2,0,2,2.4,2.4,0.3,20,7,35.0,0.1,0.29,-0.4,91.8,9,90,8,48,29,26,118,2042,1064,33.3,96,0.06736526946107785,0.0,0.06736526946107785,0.08083832335329341,0.010104790419161677,0.6736526946107785,0.23577844311377244,0.3031437125748503,3.3008982035928143,1.6167664670658681,0.875748502994012,3.2335329341317363,3.974550898203593
Carlos Romero,es ESP,DF,Espanyol,es La Liga,22,34,28,2554,28.4,2,1,3,2.0,2.0,2.1,29,6,20.7,0.07,0.33,0.0,71.4,29,64,50,73,47,30,102,1366,593,42.3,125,0.07047768206734534,0.03523884103367267,0.10571652310101802,0.07047768206734534,0.07400156617071262,1.0219263899765074,0.21143304620203604,1.0219263899765074,4.0172278778386845,2.572435395458105,1.0571652310101802,4.404855129209084,3.5943617854346126
Cristian Romero,ar ARG,DF,Tottenham,eng Premier League,26,18,18,1416,15.7,1,0,1,1.6,1.6,0.6,16,8,50.0,0.06,0.13,-0.6,89.5,7,71,12,35,29,21,57,1377,896,25.0,90,0.0635593220338983,0.0,0.0635593220338983,0.1016949152542373,0.03813559322033898,1.0169491525423728,0.5084745762711864,0.44491525423728817,5.27542372881356,2.2245762711864407,1.3347457627118644,5.720338983050847,3.6228813559322033
Isaac Romero,es ESP,FW,Sevilla,es La Liga,24,31,26,2156,24.0,4,2,6,6.8,6.0,2.1,53,17,32.1,0.08,0.24,-2.8,70.3,20,29,21,13,7,7,27,751,382,32.3,59,0.16697588126159554,0.08348794063079777,0.2504638218923933,0.28385899814471244,0.08766233766233766,2.212430426716141,0.7096474953617811,0.8348794063079777,2.087198515769944,0.5426716141001855,0.29220779220779225,2.4628942486085346,1.12708719851577
Luka Romero,ar ARG,"FW,MF",Alavés,es La Liga,19,6,2,199,2.2,0,0,0,0.8,0.0,0.2,1,0,0.0,0.0,,-0.8,69.4,4,0,3,4,4,1,0,69,42,33.3,9,0.0,0.0,0.0,0.36180904522613067,0.09045226130653267,0.45226130653266333,0.0,1.8090452261306533,1.3567839195979898,1.8090452261306533,0.45226130653266333,4.07035175879397,0.0
Oriol Romeu,es ESP,MF,Girona,es La Liga,32,25,17,1356,15.1,0,0,0,0.1,0.1,0.3,5,1,20.0,0.0,0.0,-0.1,90.4,8,73,22,38,25,12,20,1032,600,50.0,71,0.0,0.0,0.0,0.00663716814159292,0.01991150442477876,0.33185840707964603,0.0663716814159292,0.5309734513274336,6.3053097345132745,2.52212389380531,0.7964601769911505,4.712389380530974,1.3274336283185841
Valentin Rongier,fr FRA,"MF,DF",Marseille,fr Ligue 1,29,25,17,1562,17.4,3,1,4,1.0,1.0,1.1,14,7,50.0,0.21,0.43,2.0,90.3,11,110,25,50,28,33,28,1602,896,68.8,86,0.17285531370038412,0.057618437900128036,0.23047375160051214,0.057618437900128036,0.06338028169014084,0.8066581306017926,0.4033290653008963,0.6338028169014085,7.778489116517285,2.880921895006402,1.9014084507042253,4.955185659411011,1.6133162612035852
Marten de Roon,nl NED,"MF,DF",Atalanta,it Serie A,33,36,34,3058,34.0,4,4,8,0.9,0.9,2.3,14,4,28.6,0.29,1.0,3.1,86.4,25,242,37,74,48,47,67,2538,1475,46.2,140,0.11772400261608895,0.11772400261608895,0.2354480052321779,0.026487900588620012,0.06769130150425114,0.4120340091563113,0.11772400261608895,0.7357750163505559,8.211249182472203,2.1778940483976457,1.383257030739045,4.120340091563113,1.97187704381949
Vitor Roque,br BRA,FW,Betis,es La Liga,19,22,14,1235,13.7,4,0,4,6.1,6.1,1.2,41,18,43.9,0.1,0.22,-2.1,72.8,12,17,24,11,6,7,4,365,213,25.6,35,0.291497975708502,0.0,0.291497975708502,0.44453441295546553,0.0874493927125506,2.9878542510121457,1.311740890688259,0.8744939271255061,2.9878542510121457,0.8016194331983805,0.5101214574898786,2.5506072874493926,0.291497975708502
Pablo Rosario,do DOM,"MF,DF",Nice,fr Ligue 1,27,29,21,1775,19.7,3,1,4,3.8,3.0,0.6,16,7,43.8,0.13,0.29,-0.8,85.0,16,89,17,30,20,31,43,950,473,52.9,60,0.15211267605633805,0.05070422535211268,0.2028169014084507,0.19267605633802817,0.030422535211267605,0.8112676056338028,0.3549295774647887,0.8112676056338028,5.374647887323944,1.52112676056338,1.5718309859154929,3.04225352112676,2.1802816901408453
Lasse Rosenboom,de GER,DF,Holstein Kiel,de Bundesliga,22,26,21,1734,19.3,2,2,4,1.9,1.9,1.1,12,5,41.7,0.17,0.4,0.1,65.1,14,34,19,47,35,19,71,780,284,36.8,57,0.10380622837370243,0.10380622837370243,0.20761245674740486,0.0986159169550173,0.05709342560553633,0.6228373702422145,0.2595155709342561,0.7266435986159169,2.750865051903114,2.439446366782007,0.9861591695501731,2.958477508650519,3.685121107266436
Max Rosenfelder,de GER,DF,Freiburg,de Bundesliga,21,25,13,1249,13.9,1,0,1,0.4,0.4,0.7,5,1,20.0,0.2,1.0,0.6,85.3,5,29,24,27,17,7,65,826,445,56.0,60,0.07205764611689351,0.0,0.07205764611689351,0.028823058446757407,0.05044035228182546,0.3602882305844676,0.07205764611689351,0.3602882305844676,3.819055244195356,1.945556445156125,0.5044035228182546,4.323458767013611,4.683746997598078
Valentin Rosier,fr FRA,DF,Leganés,es La Liga,27,32,28,2595,28.8,1,2,3,0.9,0.9,1.1,14,4,28.6,0.07,0.25,0.1,79.3,11,74,41,72,52,52,149,1615,746,51.1,121,0.034682080924855495,0.06936416184971099,0.10404624277456648,0.03121387283236994,0.03815028901734104,0.4855491329479769,0.13872832369942198,0.3815028901734104,3.9884393063583814,2.4971098265895955,1.8034682080924855,4.196531791907514,5.167630057803468
Tom Rothe,de GER,"DF,MF",Union Berlin,de Bundesliga,19,26,19,1670,18.6,3,3,6,1.8,1.8,1.3,23,9,39.1,0.13,0.33,1.2,68.1,12,50,25,45,28,18,57,1074,456,25.0,77,0.16167664670658682,0.16167664670658682,0.32335329341317365,0.09700598802395209,0.07005988023952096,1.2395209580838322,0.48502994011976047,0.6467065868263473,4.041916167664671,2.4251497005988023,0.9700598802395209,4.149700598802395,3.07185628742515
Anthony Rouault,fr FRA,DF,Rennes,fr Ligue 1,23,11,11,972,10.8,0,0,0,0.5,0.5,0.0,7,3,42.9,0.0,0.0,-0.5,91.6,1,36,3,12,8,8,65,786,485,,48,0.0,0.0,0.0,0.0462962962962963,0.0,0.6481481481481481,0.2777777777777778,0.0925925925925926,3.6111111111111107,1.1111111111111112,0.7407407407407408,4.444444444444445,6.018518518518519
Anthony Rouault,fr FRA,DF,Stuttgart,de Bundesliga,23,18,14,1212,13.5,1,0,1,0.5,0.5,0.3,5,1,20.0,0.2,1.0,0.5,90.0,6,52,6,15,11,19,63,1014,573,40.0,63,0.07425742574257425,0.0,0.07425742574257425,0.03712871287128713,0.022277227722772276,0.37128712871287123,0.07425742574257425,0.44554455445544555,4.306930693069307,1.113861386138614,1.4108910891089108,4.678217821782178,4.678217821782178
Jonas Rouhi,se SWE,DF,Juventus,it Serie A,20,5,1,210,2.3,0,0,0,0.0,0.0,0.0,0,0,,,,0.0,79.2,0,9,1,4,1,3,2,192,84,40.0,15,0.0,0.0,0.0,0.0,0.0,0.0,0.0,0.0,4.285714285714286,1.7142857142857144,1.2857142857142856,6.428571428571428,0.8571428571428572
Jérôme Roussillon,fr FRA,"DF,MF",Union Berlin,de Bundesliga,31,7,1,136,1.5,0,0,0,0.1,0.1,0.0,2,0,0.0,0.0,,-0.1,63.4,0,11,2,0,0,2,7,96,40,33.3,2,0.0,0.0,0.0,0.0661764705882353,0.0,1.3235294117647058,0.0,0.0,8.602941176470587,0.0,1.3235294117647058,1.3235294117647058,4.63235294117647
Nicolò Rovella,it ITA,MF,Lazio,it Serie A,22,33,31,2718,30.2,0,3,3,1.5,1.5,2.2,28,8,28.6,0.0,0.0,-1.5,89.6,31,159,45,84,50,47,46,2354,1451,72.0,154,0.0,0.09933774834437085,0.09933774834437085,0.04966887417218543,0.07284768211920531,0.9271523178807947,0.26490066225165565,1.0264900662251657,6.754966887417218,2.781456953642384,1.5562913907284768,5.099337748344371,1.5231788079470199
Jon Rowe,eng ENG,"FW,MF",Marseille,fr Ligue 1,21,28,6,807,9.0,3,3,6,3.5,3.5,4.5,36,15,41.7,0.08,0.2,-0.5,80.1,18,31,30,15,11,2,4,438,294,41.7,21,0.33457249070631967,0.33457249070631967,0.6691449814126393,0.39033457249070636,0.5018587360594795,4.014869888475836,1.6728624535315986,2.007434944237918,6.802973977695167,1.6728624535315986,0.22304832713754646,2.342007434944238,0.44609665427509293
Amir Rrahmani,xk KVX,DF,Napoli,it Serie A,30,38,38,3406,37.8,1,3,4,2.9,2.9,1.1,28,3,10.7,0.04,0.33,-1.9,91.0,11,188,30,39,31,27,179,3152,1859,66.7,135,0.026423957721667644,0.07927187316500293,0.10569583088667057,0.07662947739283617,0.029066353493834414,0.739870816206694,0.07927187316500293,0.29066353493834407,5.760422783323547,1.0305343511450382,0.7134468584850264,3.567234292425132,4.729888432178509
Tommaso Rubino,it ITA,MF,Fiorentina,it Serie A,17,1,0,8,0.1,0,0,0,0.0,0.0,0.0,0,0,,,,0.0,33.3,1,1,0,0,0,0,0,3,3,,2,0.0,0.0,0.0,0.0,0.0,0.0,0.0,11.25,11.25,0.0,0.0,22.5,0.0
Antonio Rüdiger,de GER,DF,Real Madrid,es La Liga,31,29,26,2291,25.5,0,0,0,1.7,1.7,0.5,24,4,16.7,0.0,0.0,-1.7,91.8,7,94,20,20,13,9,96,2069,1373,42.9,102,0.0,0.0,0.0,0.06678306416412047,0.019642077695329548,0.9428197293758184,0.15713662156263639,0.2749890877346137,4.478393714535137,0.7856831078131821,0.35355739851593193,4.006983849847228,3.7712789175032735
Matteo Ruggeri,it ITA,DF,Atalanta,it Serie A,22,30,19,1751,19.5,0,3,3,0.2,0.2,2.0,3,2,66.7,0.0,0.0,-0.2,84.2,24,114,60,39,24,22,50,1479,785,54.5,124,0.0,0.15419760137064534,0.15419760137064534,0.010279840091376356,0.10279840091376356,0.15419760137064534,0.10279840091376356,1.2335808109651627,8.94346087949743,2.0045688178183894,1.1307824100513992,6.373500856653341,2.5699600228440893
Aitor Ruibal,es ESP,"DF,FW",Betis,es La Liga,28,29,13,1313,14.6,1,3,4,0.9,0.9,2.4,16,4,25.0,0.06,0.25,0.1,80.9,20,50,21,32,23,14,40,790,398,51.9,71,0.06854531607006854,0.20563594821020564,0.2741812642802742,0.06169078446306169,0.1645087585681645,1.0967250571210967,0.2741812642802742,1.3709063214013708,4.866717440974867,2.1934501142421934,0.9596344249809596,4.866717440974867,2.7418126428027416
Abel Ruiz,es ESP,FW,Girona,es La Liga,24,23,17,1346,15.0,4,0,4,4.6,3.0,0.5,21,7,33.3,0.14,0.43,-0.6,87.9,8,23,21,6,2,5,7,391,225,35.0,21,0.2674591381872214,0.0,0.2674591381872214,0.30757800891530457,0.033432392273402674,1.4041604754829122,0.46805349182763745,0.5349182763744428,2.9420505200594356,0.40118870728083206,0.3343239227340267,1.4041604754829122,0.46805349182763745
Ferrán Ruiz,es ESP,MF,Girona,es La Liga,21,1,0,18,0.2,0,0,0,0.0,0.0,0.0,0,0,,,,0.0,50.0,0,1,0,0,0,1,0,9,5,,1,0.0,0.0,0.0,0.0,0.0,0.0,0.0,0.0,5.0,0.0,5.0,5.0,0.0
Fabián Ruiz Peña,es ESP,MF,Paris S-G,fr Ligue 1,28,30,21,1923,21.4,4,5,9,4.3,4.3,4.7,43,12,27.9,0.09,0.33,-0.3,89.6,36,205,47,37,24,16,27,1807,1037,70.0,135,0.187207488299532,0.23400936037441497,0.421216848673947,0.20124804992199685,0.21996879875195008,2.012480499219969,0.5616224648985959,1.684867394695788,11.794071762870516,1.7316692667706708,0.748829953198128,6.318252730109204,1.263650546021841
Georginio Rutter,fr FRA,"MF,FW",Brighton,eng Premier League,22,28,19,1656,18.4,5,3,8,4.6,4.6,2.5,50,12,24.0,0.1,0.42,0.4,66.8,19,67,42,39,15,10,13,641,361,38.0,66,0.2717391304347826,0.16304347826086957,0.43478260869565216,0.24999999999999997,0.1358695652173913,2.717391304347826,0.6521739130434783,1.032608695652174,5.923913043478261,2.119565217391304,0.5434782608695652,3.58695652173913,0.7065217391304348
Julian Ryerson,no NOR,DF,Dortmund,de Bundesliga,26,29,27,2259,25.1,2,3,5,0.7,0.7,4.5,18,5,27.8,0.11,0.4,1.3,85.3,36,92,66,46,30,22,26,1684,1002,57.1,120,0.0796812749003984,0.1195219123505976,0.199203187250996,0.027888446215139442,0.17928286852589642,0.7171314741035857,0.199203187250996,1.4342629482071714,6.294820717131475,1.8326693227091635,0.8764940239043825,4.780876494023905,1.0358565737051793
Elias Saad,tn TUN,"FW,MF",St. Pauli,de Bundesliga,24,18,10,900,10.0,3,2,5,2.8,2.8,0.8,26,8,30.8,0.12,0.38,0.2,76.2,14,27,29,20,13,3,1,427,301,29.6,43,0.30000000000000004,0.2,0.5,0.27999999999999997,0.08,2.6,0.8,1.4,5.6,2.0,0.30000000000000004,4.3,0.1
Youssouf Sabaly,sn SEN,DF,Betis,es La Liga,31,22,20,1581,17.6,0,1,1,0.2,0.2,0.8,5,0,0.0,0.0,,-0.2,86.7,11,62,25,40,25,13,40,1170,620,40.0,87,0.0,0.05692599620493359,0.05692599620493359,0.011385199240986719,0.045540796963946875,0.2846299810246679,0.0,0.6261859582542695,4.9525616698292225,2.2770398481973433,0.7400379506641366,4.9525616698292225,2.2770398481973433
Emmanuel Sabbi,us USA,"FW,MF",Le Havre,fr Ligue 1,26,15,7,653,7.3,0,0,0,1.9,1.9,0.6,15,4,26.7,0.0,0.0,-1.9,71.1,4,15,11,14,7,3,4,230,130,37.9,26,0.0,0.0,0.0,0.26186830015313933,0.08269525267993874,2.0673813169984685,0.5513016845329249,0.5513016845329249,3.583460949464012,1.9295558958652372,0.41347626339969373,3.583460949464012,0.5513016845329249
Stefano Sabelli,it ITA,DF,Genoa,it Serie A,31,34,23,2058,22.9,0,2,2,0.1,0.1,1.9,6,1,16.7,0.0,0.0,-0.1,68.5,18,88,36,58,31,22,65,1428,641,30.8,92,0.0,0.08746355685131195,0.08746355685131195,0.004373177842565598,0.08309037900874634,0.26239067055393583,0.043731778425655975,0.7871720116618076,5.422740524781341,2.5364431486880465,0.9620991253644315,4.02332361516035,2.842565597667638
Marcel Sabitzer,at AUT,MF,Dortmund,de Bundesliga,30,26,18,1616,18.0,1,0,1,1.8,1.8,1.6,21,8,38.1,0.05,0.13,-0.8,84.8,12,97,24,29,19,10,29,1028,577,40.0,58,0.055693069306930694,0.0,0.055693069306930694,0.10024752475247525,0.0891089108910891,1.1695544554455446,0.44554455445544555,0.6683168316831682,6.7388613861386135,1.6150990099009899,0.556930693069307,3.2301980198019797,1.6150990099009899
Falaye Sacko,ml MLI,DF,Montpellier,fr Ligue 1,29,16,14,1233,13.7,0,1,1,0.0,0.0,0.2,0,0,,,,0.0,83.6,7,59,21,14,8,13,21,734,371,22.2,52,0.0,0.07299270072992702,0.07299270072992702,0.0,0.014598540145985401,0.0,0.0,0.510948905109489,5.839416058394161,1.021897810218978,0.948905109489051,3.795620437956204,1.532846715328467
Umar Sadiq,ng NGA,FW,Valencia,es La Liga,27,16,9,825,9.2,5,0,5,3.4,3.4,0.7,20,7,35.0,0.25,0.71,1.6,72.3,6,7,9,10,5,1,7,301,175,44.0,14,0.5454545454545454,0.0,0.5454545454545454,0.3709090909090909,0.07636363636363636,2.1818181818181817,0.7636363636363637,0.6545454545454545,1.7454545454545454,1.0909090909090908,0.10909090909090909,1.5272727272727273,0.7636363636363637
Umar Sadiq,ng NGA,FW,Real Sociedad,es La Liga,27,7,2,227,2.5,0,0,0,0.2,0.2,0.2,5,0,0.0,0.0,,-0.2,52.1,1,5,5,2,1,1,2,85,49,55.6,5,0.0,0.0,0.0,0.07929515418502203,0.07929515418502203,1.9823788546255507,0.0,0.39647577092511016,3.9647577092511015,0.7929515418502203,0.39647577092511016,1.9823788546255507,0.7929515418502203
Alexis Saelemaekers,be BEL,"DF,FW",Roma,it Serie A,25,22,17,1389,15.4,7,3,10,2.5,2.5,2.6,25,12,48.0,0.28,0.58,4.5,81.5,24,53,39,33,20,9,8,945,582,42.3,75,0.4535637149028077,0.19438444924406048,0.6479481641468683,0.16198704103671707,0.16846652267818576,1.6198704103671706,0.7775377969762419,1.5550755939524838,5.9611231101511875,2.138228941684665,0.5831533477321814,4.859611231101511,0.5183585313174945
Alexis Saelemaekers,be BEL,"DF,FW",Milan,it Serie A,25,1,1,90,1.0,0,0,0,0.0,0.0,0.1,0,0,,,,0.0,84.6,2,4,7,1,1,1,0,81,59,,4,0.0,0.0,0.0,0.0,0.1,0.0,0.0,2.0,11.0,1.0,1.0,4.0,0.0
Jorge Sáenz,es ESP,DF,Leganés,es La Liga,27,23,19,1690,18.8,1,0,1,1.3,1.3,0.1,8,3,37.5,0.13,0.33,-0.3,83.7,2,36,5,37,23,25,161,1181,579,57.1,58,0.05325443786982249,0.0,0.05325443786982249,0.06923076923076923,0.005325443786982249,0.4260355029585799,0.15976331360946744,0.10650887573964497,2.183431952662722,1.970414201183432,1.331360946745562,3.088757396449704,8.573964497041421
Modibo Sagnan,ml MLI,DF,Montpellier,fr Ligue 1,25,27,24,2141,23.8,2,0,2,0.7,0.7,0.6,11,3,27.3,0.18,0.67,1.3,88.6,6,51,13,57,35,29,110,1224,657,65.0,90,0.08407286314806164,0.0,0.08407286314806164,0.029425502101821578,0.025221858944418498,0.46240074731433906,0.12610929472209248,0.25221858944418496,2.6903316207379726,2.396076599719757,1.219056515646894,3.7832788416627747,4.624007473143391
Richie Sagrado,be BEL,DF,Venezia,it Serie A,20,3,3,140,1.6,0,0,0,0.1,0.1,0.0,1,0,0.0,0.0,,-0.1,77.4,0,2,0,2,2,3,4,46,21,,6,0.0,0.0,0.0,0.06428571428571428,0.0,0.6428571428571428,0.0,0.0,1.2857142857142856,1.2857142857142856,1.9285714285714286,3.857142857142857,2.571428571428571
Osame Sahraoui,ma MAR,"FW,MF",Lille,fr Ligue 1,23,30,10,1293,14.4,3,3,6,2.9,2.9,3.6,23,8,34.8,0.13,0.38,0.1,83.9,29,89,69,13,9,7,8,804,535,44.3,58,0.2088167053364269,0.2088167053364269,0.4176334106728538,0.20185614849187936,0.25058004640371234,1.6009280742459397,0.5568445475638051,2.0185614849187936,10.997679814385151,0.9048723897911833,0.4872389791183295,4.037122969837587,0.5568445475638051
Wesley Saïd,fr FRA,FW,Lens,fr Ligue 1,29,24,11,905,10.1,3,0,3,3.2,3.2,1.0,17,7,41.2,0.18,0.43,-0.2,77.8,9,24,16,16,11,2,2,325,185,47.4,17,0.2983425414364641,0.0,0.2983425414364641,0.318232044198895,0.0994475138121547,1.6906077348066297,0.6961325966850829,0.8950276243093922,3.9779005524861875,1.5911602209944753,0.1988950276243094,1.6906077348066297,0.1988950276243094
Théo Sainte-Luce,fr FRA,DF,Montpellier,fr Ligue 1,25,16,11,1018,11.3,1,0,1,1.0,1.0,0.8,8,4,50.0,0.13,0.25,0.0,74.1,8,22,19,24,11,12,33,490,199,60.0,38,0.08840864440078584,0.0,0.08840864440078584,0.08840864440078584,0.0707269155206287,0.7072691552062867,0.3536345776031434,0.7072691552062867,3.62475442043222,2.1218074656188604,1.0609037328094302,3.3595284872298627,2.9174852652259333
Bukayo Saka,eng ENG,"FW,MF",Arsenal,eng Premier League,22,25,20,1729,19.2,6,10,16,6.8,6.0,7.6,66,22,33.3,0.08,0.23,-0.8,75.5,58,70,96,29,15,3,8,979,628,45.6,70,0.31231925968768076,0.5205320994794679,0.8328513591671486,0.3539618276460382,0.3956043956043956,3.435511856564488,1.1451706188548294,3.019086176980914,8.640832851359168,1.509543088490457,0.15615962984384038,3.6437246963562755,0.4164256795835743
Faik Sakar,de GER,MF,RB Leipzig,de Bundesliga,16,1,0,1,0.0,0,0,0,0.0,0.0,0.0,0,0,,,,0.0,,0,0,0,0,0,0,0,0,0,,0,0.0,0.0,0.0,0.0,0.0,0.0,0.0,0.0,0.0,0.0,0.0,0.0,0.0
Marco Sala,it ITA,DF,Como,it Serie A,25,8,3,261,2.9,0,0,0,0.0,0.0,0.1,0,0,,,,0.0,75.7,1,16,10,9,6,1,9,173,113,50.0,11,0.0,0.0,0.0,0.0,0.034482758620689655,0.0,0.0,0.3448275862068965,8.96551724137931,3.103448275862069,0.3448275862068965,3.793103448275862,3.103448275862069
Marco Sala,it ITA,DF,Lecce,it Serie A,25,2,0,72,0.8,0,0,0,0.0,0.0,0.4,0,0,,,,0.0,72.0,1,6,5,1,0,0,0,52,32,,1,0.0,0.0,0.0,0.0,0.5,0.0,0.0,1.25,13.750000000000002,1.25,0.0,1.25,0.0
Ibrahim Salah,ma MAR,FW,Brest,fr Ligue 1,22,12,4,358,4.0,1,1,2,0.6,0.6,0.6,13,4,30.8,0.08,0.25,0.4,68.2,6,7,15,4,2,2,0,186,124,36.0,20,0.25139664804469275,0.25139664804469275,0.5027932960893855,0.15083798882681565,0.15083798882681565,3.2681564245810057,1.005586592178771,1.5083798882681565,5.53072625698324,1.005586592178771,0.5027932960893855,5.027932960893854,0.0
Mohamed Salah,eg EGY,FW,Liverpool,eng Premier League,32,38,38,3371,37.5,29,18,47,25.2,18.2,14.2,121,50,41.3,0.17,0.4,3.8,70.6,88,144,154,21,11,9,5,1695,1149,42.3,101,0.7742509641056067,0.4805695639276179,1.2548205280332245,0.6727973894986651,0.3791159893206763,3.230495401957876,1.3349154553544942,2.3494512014239097,7.9560961139127855,0.5606644912488876,0.24028478196380895,2.696529219816078,0.13349154553544942
Anass Salah-Eddine,nl NED,DF,Roma,it Serie A,22,3,2,152,1.7,0,1,1,0.3,0.3,0.1,2,1,50.0,0.0,0.0,-0.3,83.5,2,2,8,1,1,1,2,117,61,0.0,6,0.0,0.5921052631578947,0.5921052631578947,0.17763157894736842,0.05921052631578947,1.1842105263157894,0.5921052631578947,1.1842105263157894,5.921052631578947,0.5921052631578947,0.5921052631578947,3.552631578947368,1.1842105263157894
Amine Salama,fr FRA,FW,Reims,fr Ligue 1,24,17,2,373,4.1,0,0,0,0.7,0.7,0.3,9,3,33.3,0.0,0.0,-0.7,75.6,5,9,12,3,2,1,0,132,81,41.2,11,0.0,0.0,0.0,0.16890080428954424,0.07238605898123324,2.171581769436997,0.7238605898123325,1.2064343163538873,5.067024128686327,0.7238605898123325,0.24128686327077747,2.6541554959785523,0.0
Jan Salas,es ESP,"MF,FW",Mallorca,es La Liga,18,4,0,43,0.5,0,0,0,0.1,0.1,0.0,2,0,0.0,0.0,,-0.1,76.9,0,4,1,3,1,0,0,32,13,,2,0.0,0.0,0.0,0.20930232558139533,0.0,4.186046511627907,0.0,0.0,10.465116279069766,6.27906976744186,0.0,4.186046511627907,0.0
Kike Salas,es ESP,DF,Sevilla,es La Liga,22,31,25,2238,24.9,3,2,5,1.9,1.9,0.6,23,6,26.1,0.13,0.5,1.1,78.5,6,59,7,47,28,32,146,1710,717,60.0,95,0.12064343163538874,0.08042895442359249,0.20107238605898123,0.07640750670241286,0.024128686327077747,0.9249329758713137,0.24128686327077747,0.24128686327077747,2.6541554959785523,1.8900804289544235,1.2868632707774799,3.8203753351206435,5.871313672922252
Manolis Saliakas,gr GRE,"MF,DF",St. Pauli,de Bundesliga,27,30,26,2314,25.7,2,1,3,1.5,1.5,2.6,29,6,20.7,0.07,0.33,0.5,71.8,26,93,28,46,22,20,62,1560,653,33.3,84,0.07778738115816768,0.03889369057908384,0.11668107173725151,0.058340535868625754,0.10112359550561799,1.1279170267934313,0.23336214347450301,1.0112359550561798,4.706136560069144,1.7891097666378564,0.7778738115816768,3.2670700086430426,2.411408815903198
William Saliba,fr FRA,DF,Arsenal,eng Premier League,23,35,35,3039,33.8,2,0,2,2.3,2.3,0.9,6,2,33.3,0.33,1.0,-0.3,94.3,7,138,16,62,37,21,119,2824,1756,63.2,154,0.059230009871668314,0.0,0.059230009871668314,0.06811451135241856,0.026653504442250744,0.17769002961500494,0.059230009871668314,0.2073050345508391,4.56071076011846,1.8361303060217176,0.6219151036525173,4.56071076011846,3.5241855873642645
Mohammed Salisu,gh GHA,DF,Monaco,fr Ligue 1,25,15,11,1023,11.4,1,0,1,0.8,0.8,0.1,8,4,50.0,0.13,0.25,0.2,85.4,3,68,8,28,18,16,54,905,545,0.0,55,0.08797653958944282,0.0,0.08797653958944282,0.07038123167155425,0.00879765395894428,0.7038123167155426,0.3519061583577713,0.26392961876832843,6.686217008797654,2.463343108504399,1.4076246334310851,4.838709677419355,4.750733137829912
Roland Sallai,hu HUN,"FW,MF",Freiburg,de Bundesliga,27,2,0,46,0.5,0,0,0,0.1,0.1,0.1,3,1,33.3,0.0,0.0,-0.1,64.7,1,3,4,2,1,1,0,25,16,0.0,0,0.0,0.0,0.0,0.1956521739130435,0.1956521739130435,5.869565217391304,1.9565217391304348,1.9565217391304348,13.695652173913045,3.9130434782608696,1.9565217391304348,0.0,0.0
Yoann Salmier,gf GUF,DF,Le Havre,fr Ligue 1,31,13,9,797,8.9,0,0,0,0.8,0.8,0.2,5,2,40.0,0.0,0.0,-0.8,81.8,2,24,7,14,7,10,59,462,205,80.0,22,0.0,0.0,0.0,0.09033877038895861,0.022584692597239654,0.5646173149309912,0.22584692597239647,0.22584692597239647,3.5006273525721454,1.5809284818067753,1.1292346298619824,2.484316185696361,6.662484316185696
Lazar Samardzic,rs SRB,MF,Atalanta,it Serie A,22,31,7,1169,13.0,2,1,3,2.0,2.0,2.9,33,12,36.4,0.06,0.17,0.0,77.9,35,92,54,21,15,2,6,867,573,45.0,50,0.15397775876817793,0.07698887938408897,0.2309666381522669,0.15397775876817793,0.22326775021385797,2.540633019674936,0.9238665526090676,2.694610778443114,11.240376390076989,1.6167664670658681,0.15397775876817793,3.849443969204448,0.4619332763045338
Diadie Samassékou,ml MLI,MF,Hoffenheim,de Bundesliga,28,8,6,290,3.2,0,0,0,0.1,0.1,0.0,3,1,33.3,0.0,0.0,-0.1,92.3,0,11,3,5,5,5,5,190,92,80.0,18,0.0,0.0,0.0,0.031034482758620693,0.0,0.9310344827586207,0.3103448275862069,0.0,4.344827586206897,1.5517241379310345,1.5517241379310345,5.586206896551724,1.5517241379310345
Mama Samba Baldé,gw GNB,FW,Lyon,fr Ligue 1,28,2,0,33,0.4,0,0,0,0.1,0.1,0.0,1,0,0.0,0.0,,-0.1,66.7,0,1,1,2,2,1,1,15,7,0.0,1,0.0,0.0,0.0,0.2727272727272727,0.0,2.7272727272727275,0.0,0.0,5.454545454545455,5.454545454545455,2.7272727272727275,2.7272727272727275,2.7272727272727275
Mama Samba Baldé,gw GNB,FW,Brest,fr Ligue 1,28,27,12,1149,12.8,2,3,5,3.0,3.0,2.1,29,8,27.6,0.07,0.25,-1.0,72.3,16,22,35,13,9,6,14,434,257,30.9,37,0.1566579634464752,0.2349869451697128,0.39164490861618795,0.2349869451697128,0.16449086161879897,2.2715404699738904,0.6266318537859008,1.2532637075718016,4.464751958224543,1.0182767624020888,0.4699738903394256,2.898172323759791,1.0966057441253265
Albert Sambi Lokonga,be BEL,MF,Sevilla,es La Liga,24,22,16,1471,16.3,0,2,2,0.9,0.9,1.0,13,5,38.5,0.0,0.0,-0.9,89.4,19,93,24,22,15,9,24,1018,533,40.0,69,0.0,0.12236573759347381,0.12236573759347381,0.055064581917063225,0.06118286879673691,0.7953772943575799,0.30591434398368456,1.1624745071380014,7.158395649218219,1.3460231135282121,0.5506458191706322,4.221617946974847,1.468388851121686
Junior Sambia,fr FRA,"DF,FW",Empoli,it Serie A,27,17,2,387,4.3,0,0,0,0.4,0.4,0.3,10,1,10.0,0.0,0.0,-0.4,68.1,6,21,5,14,10,2,5,244,105,36.8,18,0.0,0.0,0.0,0.0930232558139535,0.06976744186046512,2.325581395348837,0.23255813953488372,1.3953488372093024,6.046511627906977,3.2558139534883717,0.46511627906976744,4.186046511627907,1.1627906976744184
Chuky san jose,es ESP,MF,Valladolid,es La Liga,20,18,9,728,8.1,2,0,2,2.2,2.2,1.2,16,7,43.8,0.13,0.29,-0.2,68.7,8,15,6,8,2,0,4,232,107,44.4,20,0.24725274725274726,0.0,0.24725274725274726,0.271978021978022,0.14835164835164835,1.978021978021978,0.8653846153846154,0.989010989010989,2.5961538461538463,0.989010989010989,0.0,2.4725274725274726,0.4945054945054945
Antonio Sanabria,py PAR,FW,Torino,it Serie A,28,26,16,1318,14.6,2,1,3,2.9,2.1,0.5,18,4,22.2,0.11,0.5,-0.9,78.4,9,18,6,3,3,1,13,377,227,54.5,24,0.13657056145675267,0.06828528072837634,0.20485584218512898,0.19802731411229135,0.03414264036418817,1.2291350531107739,0.27314112291350534,0.6145675265553869,1.6388467374810318,0.20485584218512898,0.06828528072837634,1.6388467374810318,0.8877086494688922
Oihan Sancet,es ESP,MF,Athletic Club,es La Liga,24,29,19,1620,18.0,15,1,16,9.7,7.3,1.9,47,17,36.2,0.26,0.71,5.3,81.0,21,90,52,13,8,5,6,767,464,48.0,77,0.8333333333333333,0.05555555555555555,0.8888888888888888,0.5388888888888889,0.10555555555555556,2.611111111111111,0.9444444444444444,1.1666666666666667,7.888888888888889,0.7222222222222223,0.2777777777777778,4.277777777777778,0.33333333333333337
Alexis Sánchez,cl CHI,FW,Udinese,it Serie A,35,13,6,437,4.9,0,0,0,0.8,0.8,0.2,7,0,0.0,0.0,,-0.8,76.7,3,19,2,3,1,4,1,211,121,57.1,17,0.0,0.0,0.0,0.16475972540045766,0.041189931350114416,1.4416475972540046,0.0,0.6178489702517163,4.324942791762013,0.6178489702517163,0.8237986270022883,3.5011441647597255,0.20594965675057209
Antonio Sánchez,es ESP,"MF,DF",Mallorca,es La Liga,27,33,12,1395,15.5,0,0,0,1.1,1.1,0.6,17,2,11.8,0.0,0.0,-1.1,72.8,5,38,18,28,16,18,36,729,367,56.0,77,0.0,0.0,0.0,0.07096774193548389,0.03870967741935484,1.0967741935483872,0.12903225806451613,0.3225806451612903,3.6129032258064515,1.8064516129032258,1.1612903225806452,4.967741935483871,2.3225806451612905
Iván Sánchez,es ESP,"MF,FW",Valladolid,es La Liga,31,32,11,1404,15.6,2,1,3,0.7,0.7,2.9,15,5,33.3,0.13,0.4,1.3,71.4,24,77,60,37,20,14,10,755,467,57.1,59,0.12820512820512822,0.06410256410256411,0.19230769230769232,0.044871794871794865,0.18589743589743588,0.9615384615384616,0.32051282051282054,1.5384615384615385,8.782051282051281,2.371794871794872,0.8974358974358975,3.782051282051282,0.6410256410256411
Javi Sánchez,es ESP,DF,Valladolid,es La Liga,27,25,25,2026,22.5,2,0,2,0.5,0.5,0.3,11,5,45.5,0.18,0.4,1.5,87.3,6,34,4,26,16,22,111,1387,720,100.0,57,0.08884501480750247,0.0,0.08884501480750247,0.022211253701875617,0.013326752221125369,0.4886475814412636,0.22211253701875616,0.2665350444225074,1.688055281342547,1.154985192497532,0.9772951628825272,2.5320829220138203,4.930898321816387
Juanlu Sánchez,es ESP,"MF,DF",Sevilla,es La Liga,20,32,18,1722,19.1,4,4,8,2.1,2.1,2.8,13,6,46.2,0.31,0.67,1.9,81.5,24,68,44,50,34,17,19,884,427,39.3,66,0.20905923344947736,0.20905923344947736,0.4181184668989547,0.10975609756097561,0.14634146341463414,0.6794425087108015,0.313588850174216,1.254355400696864,5.853658536585367,2.613240418118467,0.8885017421602788,3.449477351916376,0.9930313588850174
Manu Sánchez,es ESP,DF,Alavés,es La Liga,23,33,30,2634,29.3,1,0,1,1.7,1.7,1.2,12,2,16.7,0.08,0.5,-0.7,72.2,16,78,47,83,56,30,76,1477,562,21.6,105,0.03416856492027335,0.0,0.03416856492027335,0.05808656036446469,0.04100227790432801,0.41002277904328016,0.0683371298405467,0.5466970387243736,4.271070615034169,2.8359908883826876,1.0250569476082005,3.5876993166287017,2.5968109339407746
Jadon Sancho,eng ENG,FW,Chelsea,eng Premier League,24,31,19,1764,19.6,3,4,7,2.2,2.2,3.7,24,8,33.3,0.13,0.38,0.8,82.6,38,90,102,13,7,2,8,975,653,46.4,99,0.15306122448979592,0.20408163265306123,0.3571428571428571,0.11224489795918369,0.18877551020408165,1.2244897959183674,0.40816326530612246,1.9387755102040818,9.795918367346939,0.6632653061224489,0.10204081632653061,5.051020408163265,0.40816326530612246
Philipp Sander,de GER,MF,Gladbach,de Bundesliga,26,27,16,1400,15.6,1,0,1,1.2,1.2,0.6,18,7,38.9,0.06,0.14,-0.2,80.9,13,60,16,33,17,23,44,921,473,61.1,82,0.06428571428571428,0.0,0.06428571428571428,0.07714285714285714,0.03857142857142857,1.157142857142857,0.45,0.8357142857142857,4.885714285714285,2.1214285714285714,1.4785714285714284,5.271428571428571,2.8285714285714287
James Sands,us USA,"MF,DF",St. Pauli,de Bundesliga,24,7,5,453,5.0,0,0,0,0.1,0.1,0.0,1,0,0.0,0.0,,-0.1,76.0,1,16,0,15,6,5,8,259,119,100.0,21,0.0,0.0,0.0,0.019867549668874173,0.0,0.1986754966887417,0.0,0.1986754966887417,3.1788079470198674,2.980132450331126,0.9933774834437087,4.172185430463577,1.5894039735099337
Leroy Sané,de GER,FW,Bayern Munich,de Bundesliga,28,30,17,1637,18.2,11,5,16,10.2,10.2,5.5,67,29,43.3,0.16,0.38,0.8,82.5,36,64,75,23,15,7,3,1184,787,39.0,82,0.6047648136835675,0.2748930971288943,0.8796579108124618,0.5607819181429443,0.30238240684178375,3.6835675015271843,1.594379963347587,1.979230299328039,7.642028100183262,1.2645082467929138,0.38485033598045204,4.508246792913867,0.1649358582773366
Arouna Sangante,sn SEN,DF,Le Havre,fr Ligue 1,22,16,16,1244,13.8,3,0,3,1.0,1.0,0.1,7,4,57.1,0.43,0.75,2.0,87.1,3,48,11,25,16,21,65,949,546,83.3,53,0.21704180064308684,0.0,0.21704180064308684,0.07234726688102894,0.0072347266881028945,0.5064308681672026,0.28938906752411575,0.21704180064308684,4.268488745980707,1.8086816720257235,1.5192926045016077,3.8344051446945335,4.702572347266881
Ibrahim Sangaré,ci CIV,MF,Nott'ham Forest,eng Premier League,26,13,7,590,6.6,0,1,1,0.0,0.0,0.4,1,1,100.0,0.0,0.0,0.0,85.4,4,27,1,28,14,6,13,407,171,0.0,42,0.0,0.15254237288135591,0.15254237288135591,0.0,0.061016949152542375,0.15254237288135591,0.15254237288135591,0.6101694915254237,4.271186440677966,4.271186440677966,0.9152542372881355,6.406779661016949,1.9830508474576272
Nhoa Sangui,fr FRA,"DF,MF",Reims,fr Ligue 1,18,26,10,1158,12.9,0,2,2,0.1,0.1,0.5,3,0,0.0,0.0,,-0.1,83.9,5,45,21,16,9,8,23,708,362,52.6,64,0.0,0.15544041450777202,0.15544041450777202,0.007772020725388602,0.038860103626943004,0.23316062176165803,0.0,0.38860103626943004,5.129533678756477,1.2435233160621761,0.6217616580310881,4.974093264248705,1.7875647668393781
Maroan Sannadi,ma MAR,FW,Athletic Club,es La Liga,23,16,7,754,8.4,1,1,2,3.5,3.5,0.6,19,7,36.8,0.05,0.14,-2.5,72.3,7,15,21,5,0,1,2,282,198,46.7,24,0.11936339522546419,0.11936339522546419,0.23872679045092837,0.4177718832891247,0.0716180371352785,2.2679045092838197,0.8355437665782494,0.8355437665782494,4.297082228116711,0.596816976127321,0.11936339522546419,2.8647214854111405,0.23872679045092837
Kaishu Sano,jp JPN,MF,Mainz 05,de Bundesliga,23,34,34,3043,33.8,0,0,0,0.9,0.9,1.2,20,2,10.0,0.0,0.0,-0.9,80.1,19,159,53,61,36,65,56,1814,894,62.7,190,0.0,0.0,0.0,0.02661846861649688,0.0354912914886625,0.5915215248110417,0.05915215248110418,0.5619454485704897,6.270128162997043,1.8041406506736772,1.9224449556358856,5.619454485704897,1.6562602694709168
Morgan Sanson,fr FRA,MF,Nice,fr Ligue 1,29,6,3,235,2.6,3,0,3,1.5,1.5,0.1,9,4,44.4,0.33,0.75,1.5,78.3,1,13,5,6,3,4,2,145,89,40.0,10,1.1489361702127658,0.0,1.1489361702127658,0.5744680851063829,0.03829787234042554,3.4468085106382977,1.5319148936170213,0.3829787234042553,6.8936170212765955,2.2978723404255317,1.5319148936170213,3.829787234042553,0.7659574468085106
Nicola Sansone,it ITA,"MF,FW",Lecce,it Serie A,32,5,0,65,0.7,0,0,0,0.2,0.2,0.0,3,1,33.3,0.0,0.0,-0.2,81.8,1,1,0,0,0,0,0,29,20,0.0,1,0.0,0.0,0.0,0.27692307692307694,0.0,4.153846153846154,1.3846153846153846,1.3846153846153846,1.3846153846153846,0.0,0.0,1.3846153846153846,0.0
Baptiste Santamaria,fr FRA,MF,Nice,fr Ligue 1,29,13,11,927,10.3,0,0,0,0.9,0.9,1.0,16,3,18.8,0.0,0.0,-0.9,82.6,9,45,10,20,10,18,19,589,277,61.5,49,0.0,0.0,0.0,0.08737864077669903,0.09708737864077668,1.553398058252427,0.29126213592233013,0.8737864077669902,5.339805825242719,1.9417475728155342,1.7475728155339805,4.757281553398058,1.8446601941747574
Baptiste Santamaria,fr FRA,MF,Rennes,fr Ligue 1,29,10,5,482,5.4,0,1,1,0.1,0.1,0.3,4,1,25.0,0.0,0.0,-0.1,82.5,4,28,3,11,4,12,7,377,198,20.0,34,0.0,0.18672199170124482,0.18672199170124482,0.018672199170124484,0.05601659751037344,0.7468879668049793,0.18672199170124482,0.7468879668049793,5.788381742738588,2.0539419087136928,2.240663900414938,6.348547717842323,1.3070539419087137
Jesús Santiago,es ESP,MF,Getafe,es La Liga,20,19,4,372,4.1,0,0,0,0.0,0.0,0.0,1,0,0.0,0.0,,0.0,72.8,0,16,4,14,8,1,3,184,97,14.3,21,0.0,0.0,0.0,0.0,0.0,0.24193548387096775,0.0,0.0,4.838709677419355,3.3870967741935485,0.24193548387096775,5.080645161290322,0.7258064516129032
Andrey Santos,br BRA,MF,Strasbourg,fr Ligue 1,20,32,32,2855,31.7,10,3,13,5.1,5.1,3.3,46,16,34.8,0.22,0.63,4.9,88.2,27,149,29,110,74,32,67,1983,1015,48.6,188,0.3152364273204904,0.09457092819614712,0.40980735551663744,0.1607705779334501,0.1040280210157618,1.4500875656742556,0.5043782837127846,0.851138353765324,5.611208406304729,3.467600700525394,1.0087565674255692,5.926444833625219,2.1120840630472855
Tiago Santos,pt POR,DF,Lille,fr Ligue 1,22,7,4,404,4.5,0,0,0,0.4,0.4,0.6,8,4,50.0,0.0,0.0,-0.4,78.5,5,17,24,12,7,2,4,285,191,57.1,15,0.0,0.0,0.0,0.0891089108910891,0.13366336633663367,1.7821782178217822,0.8910891089108911,1.113861386138614,9.133663366336634,2.673267326732673,0.44554455445544555,3.3415841584158414,0.8910891089108911
Pablo Sarabia,es ESP,"MF,FW",Wolves,eng Premier League,32,23,7,814,9.0,3,2,5,2.9,2.9,1.8,17,8,47.1,0.18,0.38,0.1,69.2,15,60,15,16,8,4,7,552,325,40.0,34,0.3316953316953317,0.22113022113022113,0.5528255528255528,0.3206388206388206,0.19901719901719903,1.8796068796068794,0.8845208845208845,1.6584766584766584,8.292383292383292,1.769041769041769,0.44226044226044225,3.759213759213759,0.773955773955774
Jeremy Sarmiento,ec ECU,MF,Brighton,eng Premier League,22,1,0,9,0.1,0,0,0,0.0,0.0,0.0,0,0,,,,0.0,100.0,0,0,0,0,0,0,0,8,6,,1,0.0,0.0,0.0,0.0,0.0,0.0,0.0,0.0,0.0,0.0,0.0,10.0,0.0
Amin Sarr,se SWE,FW,Hellas Verona,it Serie A,23,32,25,1907,21.2,4,1,5,3.2,3.2,2.1,23,7,30.4,0.17,0.57,0.8,70.0,22,41,31,22,12,3,14,681,345,42.4,42,0.18877818563188253,0.04719454640797063,0.23597273203985317,0.15102254850550603,0.09910854745673833,1.0854745673833246,0.33036182485579446,1.038280020975354,3.398007341373886,1.038280020975354,0.1415836392239119,1.9821709491347665,0.6607236497115889
Ismaila Sarr,sn SEN,MF,Crystal Palace,eng Premier League,26,38,30,2711,30.1,8,6,14,10.7,10.7,8.5,59,29,49.2,0.14,0.28,-2.7,66.0,44,85,75,22,10,9,40,1091,607,27.9,113,0.26558465510881596,0.19918849133161193,0.46477314644042783,0.3552194762080413,0.28218369605311694,1.9586868314275174,0.9627443747694577,1.4607156030984878,5.311693102176319,0.7303578015492439,0.2987827369974179,3.7513832534120253,1.3279232755440797
Malang Sarr,fr FRA,DF,Lens,fr Ligue 1,25,21,15,1385,15.4,0,0,0,0.3,0.3,0.3,6,1,16.7,0.0,0.0,-0.3,89.4,5,54,4,21,13,22,63,1105,665,50.0,69,0.0,0.0,0.0,0.019494584837545126,0.019494584837545126,0.3898916967509025,0.06498194945848375,0.3249097472924188,3.7689530685920576,1.364620938628159,1.4296028880866427,4.483754512635379,4.093862815884477
Mamadou Sarr,fr FRA,DF,Strasbourg,fr Ligue 1,18,27,27,2365,26.3,0,1,1,0.8,0.8,0.3,5,0,0.0,0.0,,-0.8,93.8,5,52,7,37,21,25,117,1953,1241,52.6,98,0.0,0.03805496828752643,0.03805496828752643,0.030443974630021145,0.011416490486257928,0.19027484143763215,0.0,0.19027484143763215,2.245243128964059,1.4080338266384778,0.9513742071881607,3.72938689217759,4.452431289640591
Martin Satriano,uy URU,"FW,DF",Lens,fr Ligue 1,23,7,0,88,1.0,0,0,0,0.4,0.4,0.1,5,0,0.0,0.0,,-0.4,60.0,2,2,2,3,1,0,2,52,24,50.0,6,0.0,0.0,0.0,0.40909090909090917,0.10227272727272729,5.113636363636363,0.0,2.0454545454545454,4.090909090909091,3.068181818181818,0.0,6.136363636363636,2.0454545454545454
Téji Savanier,fr FRA,MF,Montpellier,fr Ligue 1,32,31,27,2363,26.3,2,5,7,3.8,2.3,6.9,45,14,31.1,0.0,0.0,-1.8,69.6,67,183,26,29,25,15,21,1748,909,40.3,117,0.07617435463393991,0.19043588658484978,0.2666102412187897,0.14473127380448583,0.2628015234870927,1.7139229792636477,0.5332204824375794,2.5518408802369867,7.960220059246721,1.1045281421921287,0.5713076597545493,4.456199746085484,0.799830723656369
Sávio,br BRA,"FW,MF",Manchester City,eng Premier League,20,29,21,1766,19.6,1,8,9,5.0,5.0,6.9,55,21,38.2,0.02,0.05,-4.0,80.8,46,67,137,23,17,6,9,1095,783,46.0,79,0.05096262740656852,0.40770101925254815,0.45866364665911663,0.2548131370328426,0.3516421291053228,2.8029445073612687,1.0702151755379388,2.3442808607021517,10.396375990939976,1.1721404303510758,0.3057757644394111,4.026047565118913,0.45866364665911663
Nicolò Savona,it ITA,DF,Juventus,it Serie A,21,28,19,1724,19.2,2,1,3,0.5,0.5,1.2,6,4,66.7,0.33,0.5,1.5,89.5,16,59,35,29,13,11,38,1227,778,54.5,72,0.10440835266821345,0.052204176334106726,0.15661252900232017,0.026102088167053363,0.06264501160092807,0.31322505800464034,0.2088167053364269,0.8352668213457076,4.907192575406032,1.513921113689095,0.574245939675174,3.7587006960556844,1.9837587006960555
Saba Sazonov,ge GEO,DF,Torino,it Serie A,22,1,0,3,0.0,0,0,0,0.0,0.0,0.0,0,0,,,,0.0,,0,0,0,0,0,0,0,1,0,,0,0.0,0.0,0.0,0.0,0.0,0.0,0.0,0.0,0.0,0.0,0.0,0.0,0.0
Joe Scally,us USA,DF,Gladbach,de Bundesliga,21,32,30,2578,28.6,0,0,0,0.4,0.4,1.1,6,1,16.7,0.0,0.0,-0.4,83.4,11,68,52,45,32,16,86,1850,980,52.5,97,0.0,0.0,0.0,0.013964313421256789,0.038401861908456174,0.2094647013188518,0.03491078355314197,0.38401861908456164,4.189294026377036,1.5709852598913887,0.5585725368502715,3.386346004654771,3.0023273855702097
Giorgio Scalvini,it ITA,DF,Atalanta,it Serie A,20,6,4,272,3.0,0,0,0,0.1,0.1,0.0,4,0,0.0,0.0,,-0.1,84.6,0,20,5,8,4,4,7,228,158,71.4,13,0.0,0.0,0.0,0.03308823529411765,0.0,1.3235294117647058,0.0,0.0,8.272058823529413,2.6470588235294117,1.3235294117647058,4.3014705882352935,2.316176470588235
Gianluca Scamacca,it ITA,FW,Atalanta,it Serie A,25,1,0,6,0.1,0,0,0,0.1,0.1,0.0,1,1,100.0,0.0,0.0,-0.1,100.0,0,0,0,0,0,0,0,2,2,,0,0.0,0.0,0.0,1.5,0.0,15.0,15.0,0.0,0.0,0.0,0.0,0.0,0.0
Oliver Scarles,eng ENG,"DF,FW",West Ham,eng Premier League,18,15,7,665,7.4,0,0,0,0.1,0.1,0.1,3,0,0.0,0.0,,-0.1,78.8,2,22,12,21,11,11,26,466,219,28.6,34,0.0,0.0,0.0,0.013533834586466167,0.013533834586466167,0.406015037593985,0.0,0.27067669172932335,4.601503759398496,2.8421052631578947,1.488721804511278,4.601503759398496,3.518796992481203
Dane Scarlett,eng ENG,"FW,MF",Tottenham,eng Premier League,20,3,0,34,0.4,0,1,1,0.0,0.0,0.0,1,1,100.0,0.0,0.0,0.0,60.0,1,1,1,1,0,0,1,9,5,,3,0.0,2.6470588235294117,2.6470588235294117,0.0,0.0,2.6470588235294117,2.6470588235294117,2.6470588235294117,5.294117647058823,2.6470588235294117,0.0,7.9411764705882355,2.6470588235294117
Kevin Schade,de GER,FW,Brentford,eng Premier League,22,38,26,2293,25.5,11,2,13,8.2,8.2,3.7,55,27,49.1,0.2,0.41,2.8,59.7,23,38,61,39,25,5,34,883,434,33.7,83,0.4317488006977759,0.07849978194505015,0.510248582642826,0.3218491059747056,0.1452245965983428,2.1587440034888794,1.059747056258177,0.9027474923680767,3.8857392062799825,1.530745747928478,0.19624945486262538,3.257740950719581,1.3344962930658526
András Schäfer,hu HUN,MF,Union Berlin,de Bundesliga,25,26,17,1534,17.0,1,1,2,0.6,0.6,0.9,12,1,8.3,0.08,1.0,0.4,73.5,10,55,23,52,26,22,36,799,362,44.8,72,0.05867014341590612,0.05867014341590612,0.11734028683181225,0.035202086049543675,0.052803129074315516,0.7040417209908736,0.05867014341590612,0.5867014341590613,4.576271186440678,3.0508474576271185,1.2907431551499347,4.224250325945241,2.1121251629726205
Fabian Schär,ch SUI,DF,Newcastle Utd,eng Premier League,32,34,33,2934,32.6,4,0,4,3.7,3.7,0.4,40,11,27.5,0.1,0.36,0.3,83.7,5,118,18,36,21,45,138,2319,1438,61.5,134,0.12269938650306748,0.0,0.12269938650306748,0.11349693251533743,0.012269938650306749,1.2269938650306749,0.3374233128834356,0.15337423312883436,4.171779141104294,1.1042944785276074,1.3803680981595092,4.110429447852761,4.233128834355829
Patrik Schick,cz CZE,FW,Leverkusen,de Bundesliga,28,31,19,1684,18.7,21,0,21,12.7,11.9,0.6,68,32,47.1,0.29,0.63,8.3,78.0,11,21,7,6,5,4,17,578,312,38.5,29,1.1223277909738718,0.0,1.1223277909738718,0.6787410926365796,0.03206650831353919,3.634204275534442,1.7102137767220904,0.5878859857482185,1.496437054631829,0.32066508313539194,0.2137767220902613,1.5498812351543942,0.9085510688836105
Stefan Schimmer,de GER,"FW,MF",Heidenheim,de Bundesliga,30,13,0,247,2.7,0,0,0,1.1,1.1,0.3,10,2,20.0,0.0,0.0,-1.1,60.4,4,3,0,2,0,0,4,84,38,0.0,9,0.0,0.0,0.0,0.40080971659919035,0.10931174089068826,3.6437246963562755,0.728744939271255,1.45748987854251,1.0931174089068827,0.728744939271255,0.0,3.2793522267206474,1.45748987854251
Joël Schingtienne,be BEL,DF,Venezia,it Serie A,21,16,12,1122,12.5,0,0,0,0.0,0.0,0.1,0,0,,,,0.0,86.2,3,28,5,27,16,14,25,611,299,55.6,49,0.0,0.0,0.0,0.0,0.008021390374331552,0.0,0.0,0.24064171122994651,2.6470588235294117,2.1657754010695185,1.1229946524064172,3.9304812834224596,2.0053475935828877
Xaver Schlager,at AUT,MF,RB Leipzig,de Bundesliga,26,4,2,181,2.0,0,0,0,0.1,0.1,0.7,1,0,0.0,0.0,,-0.1,86.7,1,6,5,4,2,0,3,123,56,100.0,8,0.0,0.0,0.0,0.04972375690607735,0.34806629834254144,0.49723756906077343,0.0,0.49723756906077343,5.469613259668508,1.9889502762430937,0.0,3.9779005524861875,1.4917127071823204
Keven Schlotterbeck,de GER,DF,Augsburg,de Bundesliga,27,18,15,1297,14.4,3,1,4,0.8,0.8,0.6,12,4,33.3,0.25,0.75,2.2,84.5,7,59,3,19,17,15,73,845,424,100.0,55,0.2081727062451812,0.06939090208172706,0.27756360832690824,0.055512721665381654,0.04163454124903623,0.8326908249807248,0.27756360832690824,0.48573631457208943,4.302235929067078,1.3184271395528142,1.0408635312259058,3.8164996144949885,5.065535851966076
Nico Schlotterbeck,de GER,DF,Dortmund,de Bundesliga,24,23,23,1982,22.0,0,4,4,1.3,1.3,2.1,17,4,23.5,0.0,0.0,-1.3,89.2,18,195,37,38,24,22,79,2297,1467,63.6,157,0.0,0.18163471241170534,0.18163471241170534,0.05903128153380424,0.09535822401614531,0.7719475277497476,0.18163471241170534,0.8173562058526741,10.53481331987891,1.7255297679112007,0.9989909182643795,7.129162462159435,3.5872855701311805
Jeffrey Schlupp,gh GHA,"MF,DF",Crystal Palace,eng Premier League,31,12,0,103,1.1,0,0,0,0.2,0.2,0.2,4,2,50.0,0.0,0.0,-0.2,78.0,3,5,4,2,0,0,2,79,30,100.0,6,0.0,0.0,0.0,0.17475728155339806,0.17475728155339806,3.495145631067961,1.7475728155339805,2.621359223300971,7.864077669902913,1.7475728155339805,0.0,5.242718446601942,1.7475728155339805
Romano Schmid,at AUT,MF,Werder Bremen,de Bundesliga,24,32,32,2834,31.5,5,4,9,4.3,3.5,6.2,47,13,27.7,0.09,0.31,0.7,74.5,68,279,107,43,25,11,9,1988,1315,47.4,167,0.1587861679604799,0.12702893436838392,0.2858151023288638,0.13655610444601268,0.19689484827099507,1.492589978828511,0.41284403669724773,2.1594918842625264,12.258292166549047,1.3655610444601272,0.34932956951305577,5.303458009880028,0.2858151023288638
Niklas Schmidt,de GER,MF,Toulouse,fr Ligue 1,26,9,2,205,2.3,0,1,1,0.1,0.1,0.7,3,1,33.3,0.0,0.0,-0.1,78.9,5,23,2,6,4,1,4,194,109,0.0,24,0.0,0.43902439024390244,0.43902439024390244,0.04390243902439025,0.3073170731707317,1.3170731707317074,0.43902439024390244,2.1951219512195124,10.97560975609756,2.6341463414634148,0.43902439024390244,10.536585365853659,1.7560975609756098
Jan Schöppner,de GER,MF,Heidenheim,de Bundesliga,25,33,32,2681,29.8,4,3,7,3.9,3.9,3.4,41,13,31.7,0.1,0.31,0.1,74.7,25,107,35,56,30,43,95,1440,704,43.8,130,0.13427825438269303,0.10070869078701976,0.2349869451697128,0.1309212980231257,0.11413651622528906,1.3763521074226035,0.43640432674375235,0.8392390898918314,4.766878030585603,1.8798955613577024,1.4434912346139501,4.364043267437523,3.189108541588959
Marvin Schulz,de GER,"MF,DF",Holstein Kiel,de Bundesliga,29,12,3,306,3.4,0,0,0,0.0,0.0,0.7,3,1,33.3,0.0,0.0,0.0,78.0,4,11,5,6,5,0,17,220,95,25.0,18,0.0,0.0,0.0,0.0,0.20588235294117643,0.8823529411764706,0.29411764705882354,1.1764705882352942,4.705882352941177,1.7647058823529411,0.0,5.294117647058823,5.0
Léo Scienza,br BRA,"FW,MF",Heidenheim,de Bundesliga,25,25,13,1153,12.8,3,3,6,2.0,2.0,3.7,38,15,39.5,0.08,0.2,1.0,66.3,34,30,70,17,12,5,9,584,368,44.6,53,0.2341717259323504,0.2341717259323504,0.4683434518647008,0.15611448395490027,0.2888117953165655,2.966175195143105,1.170858629661752,2.6539462272333045,7.805724197745013,1.3269731136166523,0.3902862098872506,4.137033824804857,0.7025151777970512
Alex Scott,eng ENG,MF,Bournemouth,eng Premier League,20,20,8,755,8.4,0,0,0,0.7,0.7,0.9,15,6,40.0,0.0,0.0,-0.7,83.6,12,52,15,27,14,10,15,485,247,23.1,52,0.0,0.0,0.0,0.08344370860927151,0.10728476821192053,1.7880794701986755,0.7152317880794702,1.4304635761589404,7.986754966887418,3.218543046357616,1.1920529801324504,6.198675496688741,1.7880794701986755
Jérémy Sebas,mq MTQ,"FW,MF",Strasbourg,fr Ligue 1,21,13,1,190,2.1,0,0,0,0.7,0.7,0.0,6,2,33.3,0.0,0.0,-0.7,65.9,1,3,6,3,2,0,4,70,41,75.0,10,0.0,0.0,0.0,0.33157894736842103,0.0,2.8421052631578947,0.9473684210526315,0.47368421052631576,4.2631578947368425,1.4210526315789473,0.0,4.7368421052631575,1.894736842105263
Aleksandar Sedlar,rs SRB,DF,Alavés,es La Liga,32,9,7,594,6.6,0,0,0,0.0,0.0,0.0,1,0,0.0,0.0,,0.0,82.6,0,12,2,18,10,10,24,296,141,0.0,18,0.0,0.0,0.0,0.0,0.0,0.15151515151515152,0.0,0.0,2.121212121212121,2.7272727272727275,1.5151515151515151,2.7272727272727275,3.6363636363636367
Alidu Seidu,gh GHA,DF,Rennes,fr Ligue 1,24,11,10,803,8.9,0,0,0,0.1,0.1,0.3,3,0,0.0,0.0,,-0.1,82.2,5,41,23,22,18,14,17,616,338,50.0,67,0.0,0.0,0.0,0.0112079701120797,0.033623910336239106,0.33623910336239105,0.0,0.5603985056039851,7.173100871731009,2.4657534246575343,1.5691158156911582,7.5093399750934,1.9053549190535493
Nicolas Seiwald,at AUT,"MF,DF",RB Leipzig,de Bundesliga,23,30,20,2084,23.2,0,0,0,0.2,0.2,1.7,5,0,0.0,0.0,,-0.2,82.7,20,140,17,53,31,31,76,1607,760,40.0,125,0.0,0.0,0.0,0.008637236084452975,0.07341650671785029,0.21593090211132435,0.0,0.8637236084452974,6.780230326295585,2.2888675623800387,1.338771593090211,5.3982725527831095,3.2821497120921306
Hiroki Sekine,jp JPN,DF,Reims,fr Ligue 1,21,15,9,887,9.9,0,0,0,0.1,0.1,0.2,5,0,0.0,0.0,,-0.1,80.8,3,39,22,9,7,5,51,628,328,50.0,21,0.0,0.0,0.0,0.010146561443066518,0.020293122886133035,0.5073280721533258,0.0,0.30439684329199546,6.189402480270575,0.9131905298759865,0.5073280721533258,2.130777903043968,5.174746335963923
Nélson Semedo,pt POR,DF,Wolves,eng Premier League,30,34,32,2886,32.1,0,4,4,0.9,0.9,2.8,18,7,38.9,0.0,0.0,-0.9,80.8,25,80,67,62,36,23,104,1717,901,45.1,139,0.0,0.12474012474012475,0.12474012474012475,0.028066528066528068,0.08731808731808732,0.5613305613305614,0.21829521829521828,0.7796257796257796,4.584199584199585,1.9334719334719335,0.7172557172557172,4.334719334719335,3.2432432432432434
Antoine Semenyo,gh GHA,FW,Bournemouth,eng Premier League,24,37,36,3203,35.6,11,5,16,10.0,10.0,5.8,125,40,32.0,0.09,0.28,1.0,73.4,46,109,140,55,35,11,39,1653,979,51.1,158,0.3090852325944427,0.1404932875429285,0.44957852013737126,0.280986575085857,0.16297221354979707,3.5123321885732124,1.123946300343428,1.2925382453949423,6.996565719637839,1.5454261629722135,0.3090852325944427,4.439587886356541,1.0958476428348423
Marvin Senaya,tg TOG,DF,Strasbourg,fr Ligue 1,23,10,1,227,2.5,0,0,0,0.0,0.0,0.1,1,0,0.0,0.0,,0.0,79.7,2,5,1,8,3,7,12,173,72,0.0,13,0.0,0.0,0.0,0.0,0.039647577092511016,0.39647577092511016,0.0,0.7929515418502203,2.378854625550661,3.1718061674008813,2.7753303964757707,5.154185022026432,4.757709251101322
Marcos Senesi,ar ARG,DF,Bournemouth,eng Premier League,27,17,13,1106,12.3,0,0,0,0.8,0.8,0.2,3,0,0.0,0.0,,-0.8,76.3,3,62,12,39,21,14,58,889,554,60.0,71,0.0,0.0,0.0,0.0650994575045208,0.0162748643761302,0.244122965641953,0.0,0.244122965641953,6.021699819168174,3.1735985533453888,1.139240506329114,5.77757685352622,4.719710669077758
Stefano Sensi,it ITA,MF,Monza,it Serie A,28,12,2,274,3.0,1,0,1,0.9,0.2,0.2,6,1,16.7,0.0,0.0,0.1,86.0,3,38,4,8,5,3,3,329,245,71.4,16,0.3284671532846715,0.0,0.3284671532846715,0.2956204379562044,0.06569343065693431,1.9708029197080292,0.3284671532846715,0.9854014598540146,13.795620437956204,2.627737226277372,0.9854014598540146,5.255474452554744,0.9854014598540146
Suat Serdar,de GER,MF,Hellas Verona,it Serie A,27,22,16,1376,15.3,2,1,3,1.9,1.9,1.0,30,8,26.7,0.07,0.25,0.1,74.8,10,56,18,35,22,8,21,660,370,51.4,74,0.1308139534883721,0.06540697674418605,0.19622093023255813,0.12427325581395349,0.06540697674418605,1.9622093023255816,0.5232558139534884,0.6540697674418604,4.840116279069767,2.2892441860465116,0.5232558139534884,4.840116279069767,1.3735465116279069
Sergi,es ESP,DF,Leganés,es La Liga,32,36,33,2957,32.9,2,0,2,1.5,1.5,0.4,13,5,38.5,0.15,0.4,0.5,83.7,5,77,3,40,29,39,185,1875,977,80.0,80,0.0608725059181603,0.0,0.0608725059181603,0.04565437943862022,0.01217450118363206,0.3956712884680419,0.15218126479540073,0.15218126479540073,2.4349002367264116,1.2174501183632058,1.1870138654041258,2.4349002367264116,5.630706797429828
Nicolás Serrano,es ESP,FW,Athletic Club,es La Liga,21,4,1,112,1.2,0,0,0,0.2,0.2,0.0,5,1,20.0,0.0,0.0,-0.2,56.8,1,4,2,1,1,1,1,68,27,33.3,3,0.0,0.0,0.0,0.16071428571428573,0.0,4.017857142857143,0.8035714285714285,0.8035714285714285,4.821428571428571,0.8035714285714285,0.8035714285714285,2.4107142857142856,0.8035714285714285
Benjamin Šeško,si SVN,"FW,MF",RB Leipzig,de Bundesliga,21,33,30,2380,26.4,13,5,18,10.0,8.4,2.1,66,29,43.9,0.17,0.38,3.0,67.6,19,46,47,7,3,5,20,901,444,52.0,62,0.49159663865546216,0.18907563025210083,0.680672268907563,0.37815126050420167,0.07941176470588236,2.495798319327731,1.096638655462185,0.7184873949579831,3.5168067226890756,0.2647058823529412,0.18907563025210083,2.3445378151260505,0.7563025210084033
Ryan Sessegnon,eng ENG,"FW,DF",Fulham,eng Premier League,24,16,7,580,6.4,4,2,6,1.6,1.6,1.1,14,8,57.1,0.29,0.5,2.4,78.4,12,22,18,27,13,3,18,363,180,38.1,30,0.6206896551724138,0.3103448275862069,0.9310344827586207,0.24827586206896554,0.1706896551724138,2.1724137931034484,1.2413793103448276,1.8620689655172413,6.206896551724138,4.189655172413794,0.46551724137931033,4.655172413793103,2.793103448275862
Stephan El Shaarawy,it ITA,"DF,MF",Roma,it Serie A,31,31,12,1098,12.2,3,4,7,2.7,2.7,1.2,28,12,42.9,0.11,0.25,0.3,79.2,15,49,42,16,12,10,13,635,381,44.7,48,0.2459016393442623,0.32786885245901637,0.5737704918032788,0.2213114754098361,0.09836065573770492,2.295081967213115,0.9836065573770492,1.2295081967213115,7.459016393442623,1.3114754098360655,0.819672131147541,3.9344262295081966,1.0655737704918034
Luke Shaw,eng ENG,DF,Manchester Utd,eng Premier League,29,7,4,349,3.9,0,0,0,0.0,0.0,0.7,1,0,0.0,0.0,,0.0,85.9,5,24,7,4,3,2,7,317,226,0.0,9,0.0,0.0,0.0,0.0,0.1805157593123209,0.25787965616045844,0.0,1.2893982808022924,7.9942693409742125,1.0315186246418337,0.5157593123209169,2.3209169054441263,1.8051575931232093
Eldor Shomurodov,uz UZB,"FW,MF",Roma,it Serie A,29,27,11,1097,12.2,4,4,8,4.7,4.7,1.3,29,13,44.8,0.14,0.31,-0.7,75.2,17,21,19,14,6,3,5,446,246,28.6,36,0.3281677301731996,0.3281677301731996,0.6563354603463992,0.3855970829535096,0.10665451230628989,2.3792160437556973,1.0665451230628988,1.3947128532360984,3.281677301731996,1.1485870556061988,0.24612579762989975,2.9535095715587967,0.4102096627164995
Djibril Sidibé,fr FRA,DF,Toulouse,fr Ligue 1,32,28,24,2101,23.3,0,3,3,0.4,0.4,2.9,5,1,20.0,0.0,0.0,-0.4,79.7,18,121,16,65,36,20,64,1475,817,57.9,99,0.0,0.12851023322227512,0.12851023322227512,0.017134697762970014,0.1242265587815326,0.21418372203712516,0.042836744407425034,0.7710613993336507,5.86863398381723,2.7843883864826275,0.8567348881485006,4.2408376963350785,2.741551642075202
Armindo Sieb,de GER,"FW,MF",Mainz 05,de Bundesliga,21,27,5,762,8.5,2,2,4,2.8,2.8,1.1,29,7,24.1,0.07,0.29,-0.8,69.7,8,18,28,10,4,1,7,333,184,30.6,29,0.23622047244094488,0.23622047244094488,0.47244094488188976,0.3307086614173228,0.1299212598425197,3.425196850393701,0.8267716535433071,0.9448818897637795,5.433070866141732,1.1811023622047243,0.11811023622047244,3.425196850393701,0.8267716535433071
Vincent Sierro,ch SUI,MF,Toulouse,fr Ligue 1,28,29,27,2402,26.7,5,1,6,4.2,2.7,3.6,30,7,23.3,0.1,0.43,0.8,78.4,30,147,15,44,27,16,44,1646,914,42.9,125,0.18734388009991673,0.03746877601998335,0.2248126561199001,0.15736885928393007,0.13488759367194006,1.1240632805995003,0.2622814321398834,1.1240632805995003,6.069941715237302,1.6486261448792674,0.5995004163197336,4.683597002497918,1.6486261448792674
Tim Siersleben,de GER,DF,Heidenheim,de Bundesliga,24,16,14,1182,13.1,0,0,0,0.6,0.6,0.5,4,2,50.0,0.0,0.0,-0.6,80.8,6,31,8,21,14,20,66,869,472,50.0,37,0.0,0.0,0.0,0.045685279187817264,0.03807106598984771,0.3045685279187817,0.15228426395939085,0.45685279187817257,2.969543147208122,1.598984771573604,1.5228426395939085,2.817258883248731,5.025380710659898
Zain Silcott-Duberry,ms MSR,FW,Bournemouth,eng Premier League,19,1,0,1,0.0,0,0,0,0.0,0.0,0.0,0,0,,,,0.0,50.0,0,0,0,1,1,0,0,3,1,,0,0.0,0.0,0.0,0.0,0.0,0.0,0.0,0.0,0.0,90.0,0.0,0.0,0.0
Kiliann Sildillia,fr FRA,DF,Freiburg,de Bundesliga,22,21,8,801,8.9,2,0,2,0.5,0.5,0.7,7,2,28.6,0.29,1.0,1.5,73.2,7,29,11,17,10,11,38,576,253,66.7,33,0.2247191011235955,0.0,0.2247191011235955,0.056179775280898875,0.07865168539325842,0.7865168539325843,0.2247191011235955,0.7865168539325843,4.4943820224719095,1.9101123595505618,1.2359550561797754,3.7078651685393256,4.269662921348314
André Silva,pt POR,FW,Werder Bremen,de Bundesliga,28,7,4,375,4.2,1,0,1,2.6,1.0,0.4,12,5,41.7,0.0,0.0,-1.6,70.7,5,10,6,2,2,0,3,176,103,6.3,10,0.24,0.0,0.24,0.624,0.096,2.88,1.2000000000000002,1.2000000000000002,3.84,0.48,0.0,2.4000000000000004,0.72
André Silva,pt POR,"FW,MF",RB Leipzig,de Bundesliga,28,8,0,132,1.5,1,2,3,1.3,0.5,0.6,7,2,28.6,0.0,0.0,-0.3,71.4,3,4,6,1,1,1,2,65,35,,7,0.6818181818181819,1.3636363636363638,2.0454545454545454,0.8863636363636365,0.40909090909090906,4.7727272727272725,1.3636363636363638,2.0454545454545454,6.818181818181818,0.6818181818181819,0.6818181818181819,4.7727272727272725,1.3636363636363638
Bernardo Silva,pt POR,"MF,FW",Manchester City,eng Premier League,29,33,29,2670,29.7,4,4,8,3.9,3.9,5.1,32,11,34.4,0.13,0.36,0.1,86.8,53,134,101,56,37,23,32,2054,1288,45.9,107,0.1348314606741573,0.1348314606741573,0.2696629213483146,0.13146067415730336,0.17191011235955056,1.0786516853932584,0.3707865168539326,1.7865168539325842,7.9213483146067425,1.8876404494382024,0.7752808988764045,3.6067415730337076,1.0786516853932584
Caio Henrique Oliveira Silva,br BRA,DF,Monaco,fr Ligue 1,27,27,21,1929,21.4,0,6,6,0.2,0.2,5.0,4,1,25.0,0.0,0.0,-0.2,74.1,35,102,57,37,26,22,59,1571,787,73.7,110,0.0,0.27993779160186627,0.27993779160186627,0.00933125972006221,0.2332814930015552,0.18662519440124417,0.04665629860031104,1.6329704510108864,7.4183514774494554,1.7262830482115086,1.026438569206843,5.132192846034215,2.7527216174183513
Fábio Silva,pt POR,FW,Las Palmas,es La Liga,22,24,22,1866,20.7,10,3,13,8.8,6.4,2.0,46,20,43.5,0.17,0.4,1.2,66.3,16,26,30,12,7,4,27,706,330,39.6,48,0.48231511254019294,0.14469453376205788,0.6270096463022509,0.4244372990353698,0.09646302250803858,2.2186495176848875,0.9646302250803859,0.7717041800643086,2.7009646302250805,0.5787781350482315,0.19292604501607716,2.315112540192926,1.3022508038585208
Jota Silva,pt POR,"FW,MF",Nott'ham Forest,eng Premier League,24,31,5,854,9.5,3,1,4,2.1,2.1,2.9,23,7,30.4,0.13,0.43,0.9,60.2,14,18,21,27,14,12,17,357,175,29.4,43,0.3161592505854801,0.1053864168618267,0.4215456674473068,0.2213114754098361,0.30562060889929743,2.423887587822014,0.7377049180327869,1.4754098360655739,4.110070257611241,2.8454332552693207,1.2646370023419204,4.531615925058548,1.791569086651054
Eric da Silva Moreira,de GER,"MF,DF",Nott'ham Forest,eng Premier League,18,2,0,30,0.3,0,0,0,0.0,0.0,0.0,0,0,,,,0.0,87.5,0,0,1,2,2,1,0,13,4,0.0,2,0.0,0.0,0.0,0.0,0.0,0.0,0.0,0.0,3.0,6.0,3.0,6.0,0.0
Abdallah Sima,sn SEN,"FW,MF",Brest,fr Ligue 1,23,27,14,1238,13.8,7,2,9,5.9,5.9,1.0,37,18,48.6,0.19,0.39,1.1,69.6,13,24,36,15,11,1,9,510,299,26.1,61,0.5088852988691438,0.14539579967689822,0.654281098546042,0.4289176090468498,0.07269789983844911,2.6898222940226173,1.308562197092084,0.9450726978998385,4.361873990306947,1.0904684975767367,0.07269789983844911,4.434571890145396,0.654281098546042
Mohamed Simakan,fr FRA,DF,RB Leipzig,de Bundesliga,24,1,1,54,0.6,0,0,0,0.0,0.0,0.3,0,0,,,,0.0,84.0,3,7,3,0,0,2,0,52,27,0.0,3,0.0,0.0,0.0,0.0,0.5,0.0,0.0,5.0,16.666666666666664,0.0,3.333333333333333,5.0,0.0
Giovanni Simeone,ar ARG,FW,Napoli,it Serie A,29,30,1,419,4.7,1,1,2,2.6,2.6,0.8,13,3,23.1,0.08,0.33,-1.6,69.9,8,7,11,2,0,1,6,194,110,50.0,25,0.21479713603818618,0.21479713603818618,0.42959427207637235,0.5584725536992841,0.17183770883054894,2.79236276849642,0.6443914081145585,1.7183770883054894,3.8663484486873507,0.42959427207637235,0.21479713603818618,5.369928400954653,1.288782816229117
Giuliano Simeone,ar ARG,MF,Atlético Madrid,es La Liga,21,33,26,1926,21.4,2,6,8,2.2,2.2,5.2,22,7,31.8,0.09,0.29,-0.2,75.5,24,49,69,27,13,14,22,1034,652,44.1,72,0.09345794392523364,0.2803738317757009,0.37383177570093457,0.102803738317757,0.2429906542056075,1.0280373831775702,0.3271028037383178,1.1214953271028036,5.514018691588785,1.2616822429906542,0.6542056074766356,3.364485981308411,1.0280373831775702
Moses Simon,ng NGA,"FW,MF",Nantes,fr Ligue 1,29,32,31,2609,29.0,8,10,18,5.8,2.7,6.7,40,13,32.5,0.1,0.31,2.2,62.0,56,59,147,20,14,12,13,1131,731,44.2,118,0.2759678037562285,0.34495975469528556,0.6209275584515139,0.2000766577232656,0.23112303564584133,1.3798390187811422,0.44844768110387123,1.931774626293599,7.106170946722882,0.6899195093905711,0.41395170563434264,4.07052510540437,0.44844768110387123
Xavi Simons,nl NED,MF,RB Leipzig,de Bundesliga,21,25,25,2150,23.9,10,6,16,5.1,5.1,6.3,50,23,46.0,0.2,0.43,4.9,78.6,51,140,85,28,21,12,19,1557,869,33.0,128,0.41860465116279066,0.25116279069767444,0.6697674418604651,0.21348837209302327,0.2637209302325581,2.0930232558139537,0.9627906976744186,2.1348837209302327,9.418604651162791,1.172093023255814,0.5023255813953489,5.358139534883721,0.7953488372093024
Jahmai Simpson-Pusey,eng ENG,DF,Manchester City,eng Premier League,18,2,1,96,1.1,0,0,0,0.0,0.0,0.0,0,0,,,,0.0,93.0,0,3,1,1,0,0,2,123,79,0.0,3,0.0,0.0,0.0,0.0,0.0,0.0,0.0,0.0,3.75,0.9375,0.0,2.8125,1.875
Danel Sinani,lu LUX,"FW,MF",St. Pauli,de Bundesliga,27,26,14,1250,13.9,2,2,4,1.7,1.7,3.0,35,12,34.3,0.06,0.17,0.3,71.4,24,60,16,14,11,1,13,693,297,45.5,52,0.14400000000000002,0.14400000000000002,0.28800000000000003,0.1224,0.21599999999999997,2.52,0.8639999999999999,1.7279999999999998,5.472,1.008,0.07200000000000001,3.7439999999999998,0.9359999999999999
Lassine Sinayoko,ml MLI,"FW,MF",Auxerre,fr Ligue 1,24,34,25,2299,25.5,5,8,13,6.5,5.7,5.5,60,16,26.7,0.07,0.25,-1.5,76.7,37,62,53,33,20,13,38,993,576,38.4,76,0.19573727707699,0.313179643323184,0.508916920400174,0.254458460200087,0.21531100478468898,2.34884732492388,0.626359286646368,1.448455850369726,4.50195737277077,1.291866028708134,0.508916920400174,2.975206611570248,1.487603305785124
Wilfried Singo,ci CIV,DF,Monaco,fr Ligue 1,23,27,23,2096,23.3,1,2,3,1.9,1.9,1.5,17,5,29.4,0.06,0.2,-0.9,86.2,7,118,35,37,23,43,110,1703,951,46.2,138,0.04293893129770992,0.08587786259541984,0.12881679389312978,0.08158396946564886,0.06440839694656489,0.7299618320610687,0.21469465648854963,0.3005725190839695,6.569656488549619,1.5887404580152673,1.8463740458015268,5.925572519083969,4.723282442748092
Luis Sinisterra,co COL,"FW,MF",Bournemouth,eng Premier League,25,12,1,236,2.6,1,1,2,1.2,1.2,1.4,13,6,46.2,0.08,0.17,-0.2,78.5,9,6,19,7,2,1,8,155,95,40.0,17,0.3813559322033898,0.3813559322033898,0.7627118644067796,0.45762711864406774,0.5338983050847457,4.9576271186440675,2.288135593220339,3.4322033898305087,9.533898305084746,2.669491525423729,0.3813559322033898,6.483050847457627,3.0508474576271185
Daley Sinkgraven,nl NED,DF,Las Palmas,es La Liga,29,2,1,91,1.0,0,0,0,0.0,0.0,0.0,0,0,,,,0.0,75.8,1,3,2,5,1,1,2,77,46,100.0,6,0.0,0.0,0.0,0.0,0.0,0.0,0.0,0.989010989010989,4.945054945054945,4.945054945054945,0.989010989010989,5.934065934065934,1.978021978021978
Jailson Siqueira,br BRA,"DF,MF",Celta Vigo,es La Liga,28,13,6,614,6.8,0,0,0,0.1,0.1,0.0,4,2,50.0,0.0,0.0,-0.1,90.4,1,43,10,13,11,9,28,551,369,75.0,32,0.0,0.0,0.0,0.01465798045602606,0.0,0.5863192182410424,0.2931596091205212,0.1465798045602606,7.7687296416938105,1.9055374592833876,1.3192182410423452,4.690553745928339,4.1042345276872965
Ayanda Sishuba,be BEL,FW,Rennes,fr Ligue 1,19,1,0,3,0.0,0,0,0,0.0,0.0,0.0,0,0,,,,0.0,,0,0,0,1,0,0,0,1,1,,0,0.0,0.0,0.0,0.0,0.0,0.0,0.0,0.0,0.0,30.0,0.0,0.0,0.0
Ibrahim Sissoko,ml MLI,FW,Saint-Étienne,fr Ligue 1,28,20,8,819,9.1,3,1,4,4.3,3.5,0.6,21,4,19.0,0.1,0.5,-1.3,66.3,7,12,14,11,9,2,13,297,149,27.3,23,0.32967032967032966,0.10989010989010989,0.43956043956043955,0.4725274725274725,0.06593406593406594,2.3076923076923075,0.43956043956043955,0.7692307692307693,2.8571428571428568,1.208791208791209,0.21978021978021978,2.5274725274725274,1.4285714285714284
Ibrahima Sissoko,ml MLI,MF,Bochum,de Bundesliga,26,32,30,2610,29.0,2,1,3,1.7,1.7,1.6,25,8,32.0,0.08,0.25,0.3,75.0,27,105,35,66,44,36,61,1429,691,52.5,154,0.06896551724137931,0.034482758620689655,0.10344827586206896,0.05862068965517241,0.055172413793103454,0.8620689655172413,0.27586206896551724,0.9310344827586207,4.827586206896552,2.2758620689655173,1.2413793103448276,5.310344827586206,2.103448275862069
Niama Sissoko,ml MLI,"FW,MF",Reims,fr Ligue 1,18,4,0,47,0.5,0,0,0,0.3,0.3,0.0,3,0,0.0,0.0,,-0.3,63.6,0,1,1,0,0,0,0,24,14,0.0,2,0.0,0.0,0.0,0.5744680851063829,0.0,5.744680851063829,0.0,0.0,3.829787234042553,0.0,0.0,3.829787234042553,0.0
Tim Skarke,de GER,"FW,MF",Union Berlin,de Bundesliga,27,33,11,1164,12.9,0,2,2,2.1,2.1,1.2,20,9,45.0,0.0,0.0,-2.1,70.0,16,25,26,14,11,5,17,487,293,41.7,56,0.0,0.15463917525773196,0.15463917525773196,0.16237113402061856,0.09278350515463918,1.5463917525773196,0.6958762886597938,1.2371134020618557,3.9432989690721647,1.0824742268041239,0.3865979381443299,4.3298969072164954,1.3144329896907216
Ellyes Skhiri,tn TUN,MF,Eint Frankfurt,de Bundesliga,29,30,26,2231,24.8,1,2,3,1.4,1.4,1.4,13,2,15.4,0.08,0.5,-0.4,88.5,22,105,17,40,22,31,45,1544,823,73.3,105,0.04034065441506051,0.08068130883012102,0.12102196324518152,0.05647691618108471,0.05647691618108471,0.5244285073957866,0.08068130883012102,0.8874943971313313,4.921559838637382,1.6136261766024205,1.250560286866876,4.235768713581353,1.815329448677723
Oliver Skipp,eng ENG,MF,Leicester City,eng Premier League,23,24,10,1129,12.5,0,0,0,0.4,0.4,0.3,5,1,20.0,0.0,0.0,-0.4,83.5,9,35,16,21,4,11,11,612,347,58.3,46,0.0,0.0,0.0,0.03188662533215235,0.02391496899911426,0.39858281665190437,0.07971656333038087,0.7174490699734278,4.065544729849424,1.6740478299379982,0.8768821966341894,3.66696191319752,0.8768821966341894
Leo Skiri Østigård,no NOR,DF,Rennes,fr Ligue 1,24,16,14,1227,13.6,1,0,1,0.7,0.7,0.2,6,2,33.3,0.17,0.5,0.3,84.8,2,50,3,20,18,15,81,948,490,50.0,51,0.07334963325183373,0.0,0.07334963325183373,0.05134474327628362,0.014669926650366748,0.4400977995110024,0.14669926650366746,0.14669926650366746,3.887530562347188,1.4669926650366747,1.1002444987775062,3.7408312958435204,5.941320293398533
Leo Skiri Østigård,no NOR,DF,Hoffenheim,de Bundesliga,24,11,11,927,10.3,0,0,0,0.3,0.3,0.1,5,0,0.0,0.0,,-0.3,83.9,3,51,0,9,7,9,111,747,344,66.7,44,0.0,0.0,0.0,0.02912621359223301,0.00970873786407767,0.48543689320388356,0.0,0.29126213592233013,4.951456310679611,0.8737864077669902,0.8737864077669902,4.271844660194175,10.776699029126213
Andreas Skov Olsen,dk DEN,"FW,MF",Wolfsburg,de Bundesliga,24,12,4,535,5.9,1,1,2,0.8,0.8,1.9,7,1,14.3,0.14,1.0,0.2,80.4,18,22,22,8,6,2,12,329,188,28.6,18,0.16822429906542058,0.16822429906542058,0.33644859813084116,0.13457943925233645,0.319626168224299,1.177570093457944,0.16822429906542058,3.02803738317757,7.401869158878505,1.3457943925233646,0.33644859813084116,3.02803738317757,2.0186915887850465
Robert Skov,dk DEN,"DF,MF",Union Berlin,de Bundesliga,28,15,11,852,9.5,2,2,4,1.7,0.9,2.4,16,5,31.3,0.06,0.2,0.3,65.9,19,36,25,15,11,8,9,564,263,29.4,43,0.2112676056338028,0.2112676056338028,0.4225352112676056,0.1795774647887324,0.2535211267605634,1.6901408450704225,0.528169014084507,2.0070422535211265,6.443661971830987,1.5845070422535212,0.8450704225352113,4.542253521126761,0.9507042253521126
Milan Škriniar,sk SVK,DF,Paris S-G,fr Ligue 1,29,5,4,382,4.2,0,0,0,0.2,0.2,0.1,3,0,0.0,0.0,,-0.2,96.5,1,20,3,7,5,3,16,417,244,0.0,25,0.0,0.0,0.0,0.04712041884816755,0.023560209424083774,0.706806282722513,0.0,0.23560209424083772,5.4188481675392675,1.6492146596858637,0.706806282722513,5.890052356020942,3.7696335078534036
Steven Skrzybski,de GER,"MF,FW",Holstein Kiel,de Bundesliga,31,24,15,1323,14.7,6,3,9,3.5,2.7,2.9,32,12,37.5,0.16,0.42,2.5,70.0,22,64,17,19,6,11,11,619,313,59.1,58,0.40816326530612246,0.20408163265306123,0.6122448979591837,0.23809523809523808,0.19727891156462585,2.17687074829932,0.8163265306122449,1.4965986394557822,5.5102040816326525,1.2925170068027212,0.7482993197278911,3.945578231292517,0.7482993197278911
Naatan Skyttä,fi FIN,FW,Toulouse,fr Ligue 1,22,1,0,5,0.1,0,0,0,0.0,0.0,0.0,0,0,,,,0.0,100.0,0,0,0,1,0,0,0,5,4,,1,0.0,0.0,0.0,0.0,0.0,0.0,0.0,0.0,0.0,18.0,0.0,18.0,0.0
William Smallbone,ie IRL,MF,Southampton,eng Premier League,24,18,6,690,7.7,1,0,1,0.6,0.6,0.7,7,1,14.3,0.14,1.0,0.4,75.8,10,27,5,20,13,2,14,431,193,66.7,23,0.13043478260869565,0.0,0.13043478260869565,0.07826086956521738,0.09130434782608694,0.9130434782608695,0.13043478260869565,1.3043478260869565,4.173913043478261,2.608695652173913,0.2608695652173913,3.0,1.826086956521739
Adam Smith,eng ENG,DF,Bournemouth,eng Premier League,33,25,19,1590,17.7,0,0,0,0.7,0.7,0.4,3,0,0.0,0.0,,-0.7,75.7,8,49,15,24,12,15,49,825,366,37.5,50,0.0,0.0,0.0,0.03962264150943396,0.022641509433962263,0.16981132075471697,0.0,0.45283018867924524,3.622641509433962,1.3584905660377358,0.8490566037735848,2.830188679245283,2.7735849056603774
Eric Smith,se SWE,"DF,MF",St. Pauli,de Bundesliga,27,32,32,2827,31.4,1,1,2,1.4,1.4,1.5,24,9,37.5,0.04,0.11,-0.4,80.8,28,118,16,46,29,37,104,1956,838,60.0,139,0.0318358684117439,0.0318358684117439,0.0636717368234878,0.044570215776441456,0.04775380261761585,0.7640608418818536,0.28652281570569504,0.8914043155288291,4.2660063671736825,1.4644499469402195,1.1779271312345243,4.425185709232402,3.3109303148213654
Justin Smith,ca CAN,MF,Espanyol,es La Liga,21,5,3,209,2.3,0,0,0,0.0,0.0,0.0,0,0,,,,0.0,65.6,1,6,4,9,3,4,3,95,41,33.3,8,0.0,0.0,0.0,0.0,0.0,0.0,0.0,0.43062200956937796,4.30622009569378,3.875598086124402,1.7224880382775118,3.4449760765550237,1.291866028708134
Emile Smith Rowe,eng ENG,MF,Fulham,eng Premier League,24,34,25,2043,22.7,6,3,9,4.5,4.5,1.4,37,11,29.7,0.16,0.55,1.5,90.1,24,126,53,31,18,11,16,1223,779,45.7,75,0.2643171806167401,0.13215859030837004,0.39647577092511016,0.19823788546255508,0.06167400881057268,1.6299559471365639,0.4845814977973568,1.0572687224669604,7.88546255506608,1.3656387665198237,0.4845814977973568,3.303964757709251,0.7048458149779736
Ivan Smolčić,hr CRO,DF,Como,it Serie A,23,9,7,630,7.0,0,0,0,0.4,0.4,0.1,7,3,42.9,0.0,0.0,-0.4,83.0,2,23,3,16,9,10,24,475,231,0.0,27,0.0,0.0,0.0,0.05714285714285714,0.014285714285714285,1.0,0.4285714285714286,0.2857142857142857,3.7142857142857144,2.2857142857142856,1.4285714285714284,3.857142857142857,3.428571428571429
Eduard Sobol,ua UKR,DF,Strasbourg,fr Ligue 1,29,10,0,95,1.1,0,0,0,0.0,0.0,0.0,0,0,,,,0.0,64.7,0,3,0,0,0,2,14,53,19,,4,0.0,0.0,0.0,0.0,0.0,0.0,0.0,0.0,2.8421052631578947,0.0,1.894736842105263,3.789473684210526,13.26315789473684
Simon Sohm,ch SUI,MF,Parma,it Serie A,23,37,36,2989,33.2,4,0,4,3.1,3.1,2.1,34,13,38.2,0.12,0.31,0.9,85.2,20,140,69,28,17,26,36,1467,876,42.9,127,0.12044161927065908,0.0,0.12044161927065908,0.09334225493476078,0.06323185011709602,1.0237537638006022,0.391435262629642,0.6022080963532954,6.2930746068919365,0.8430913348946136,0.782870525259284,3.8240214118434257,1.0839745734359316
Alex Sola,es ESP,"MF,FW",Getafe,es La Liga,25,19,13,1029,11.4,0,1,1,1.0,1.0,0.7,15,2,13.3,0.0,0.0,-1.0,64.0,9,23,24,21,14,7,11,446,265,34.4,47,0.0,0.08746355685131195,0.08746355685131195,0.08746355685131195,0.061224489795918366,1.3119533527696792,0.1749271137026239,0.7871720116618076,4.110787172011662,1.8367346938775508,0.6122448979591837,4.110787172011662,0.9620991253644315
Arnau Solà,es ESP,MF,Villarreal,es La Liga,21,1,0,13,0.1,0,0,0,0.0,0.0,0.0,0,0,,,,0.0,50.0,0,0,0,0,0,0,0,3,1,,0,0.0,0.0,0.0,0.0,0.0,0.0,0.0,0.0,0.0,0.0,0.0,0.0,0.0
Dominic Solanke,eng ENG,FW,Tottenham,eng Premier League,26,27,25,2201,24.5,9,3,12,10.9,10.1,2.9,59,24,40.7,0.14,0.33,-1.9,70.6,14,47,31,18,11,1,23,655,385,33.3,38,0.3680145388459791,0.1226715129486597,0.4906860517946388,0.44570649704679693,0.1185824625170377,2.412539754656974,0.9813721035892776,0.5724670604270786,3.1894593366651525,0.7360290776919582,0.0408905043162199,1.553839164016356,0.9404815992730576
Ola Solbakken,no NOR,"MF,FW",Empoli,it Serie A,25,21,8,760,8.4,0,0,0,0.8,0.8,0.4,4,3,75.0,0.0,0.0,-0.8,70.9,9,20,18,7,4,2,8,263,150,46.7,19,0.0,0.0,0.0,0.09473684210526316,0.04736842105263158,0.47368421052631576,0.35526315789473684,1.0657894736842106,4.5,0.8289473684210525,0.23684210526315788,2.25,0.9473684210526315
Carlos Soler,es ESP,"MF,FW",West Ham,eng Premier League,27,31,14,1409,15.7,1,1,2,1.8,1.8,1.4,25,8,32.0,0.04,0.13,-0.8,85.2,18,56,17,16,11,8,21,794,367,44.4,64,0.063875088715401,0.063875088715401,0.127750177430802,0.11497515968772179,0.08942512420156139,1.5968772178850248,0.511000709723208,1.1497515968772178,4.662881476224272,1.022001419446416,0.511000709723208,4.088005677785664,1.3413768630234209
Julio Soler,ar ARG,"DF,FW",Bournemouth,eng Premier League,19,3,0,11,0.1,0,0,0,0.0,0.0,0.0,0,0,,,,0.0,78.6,0,0,0,1,1,0,0,17,12,,0,0.0,0.0,0.0,0.0,0.0,0.0,0.0,0.0,0.0,8.181818181818182,0.0,0.0,0.0
Oumar Solet,fr FRA,DF,Udinese,it Serie A,24,19,19,1672,18.6,1,2,3,0.8,0.8,1.2,12,7,58.3,0.08,0.14,0.2,88.5,17,65,20,33,19,17,78,1325,806,80.6,92,0.053827751196172245,0.10765550239234449,0.16148325358851676,0.0430622009569378,0.0645933014354067,0.645933014354067,0.37679425837320574,0.9150717703349281,4.5753588516746415,1.776315789473684,0.9150717703349281,4.952153110047847,4.198564593301436
Jhon Solis,co COL,MF,Girona,es La Liga,19,19,3,535,5.9,1,0,1,0.7,0.7,0.1,4,1,25.0,0.25,1.0,0.3,89.5,2,29,9,13,7,4,6,364,229,41.7,27,0.16822429906542058,0.0,0.16822429906542058,0.11775700934579438,0.016822429906542057,0.6728971962616823,0.16822429906542058,0.33644859813084116,6.392523364485982,2.1869158878504673,0.6728971962616823,4.542056074766355,1.0093457943925233
Borna Sosa,hr CRO,DF,Torino,it Serie A,26,19,14,1181,13.1,0,0,0,0.3,0.3,0.7,4,1,25.0,0.0,0.0,-0.3,79.6,11,51,13,26,19,14,33,781,417,42.9,53,0.0,0.0,0.0,0.02286198137171888,0.05334462320067739,0.30482641828958507,0.07620660457239627,0.838272650296359,4.877222692633361,1.9813717188823032,1.0668924640135478,4.038950042337002,2.514817950889077
Ramón Sosa,py PAR,"FW,MF",Nott'ham Forest,eng Premier League,24,19,1,295,3.3,1,0,1,1.0,1.0,0.5,11,5,45.5,0.09,0.2,0.0,68.0,8,6,12,5,3,4,5,154,75,61.5,25,0.30508474576271183,0.0,0.30508474576271183,0.30508474576271183,0.15254237288135591,3.355932203389831,1.5254237288135593,2.4406779661016946,5.491525423728814,1.5254237288135593,1.2203389830508473,7.627118644067796,1.5254237288135593
Hugo Sotelo,es ESP,MF,Celta Vigo,es La Liga,20,24,15,1254,13.9,0,0,0,0.2,0.2,1.7,4,0,0.0,0.0,,-0.2,85.8,19,83,21,28,17,5,9,1097,656,40.0,71,0.0,0.0,0.0,0.014354066985645933,0.12200956937799043,0.28708133971291866,0.0,1.3636363636363638,7.464114832535885,2.0095693779904304,0.3588516746411483,5.095693779904306,0.645933014354067
Florian Sotoca,fr FRA,"FW,MF",Lens,fr Ligue 1,33,31,22,1794,19.9,1,1,2,4.6,4.6,1.5,47,18,38.3,0.02,0.06,-3.6,73.5,18,105,44,22,13,14,25,1186,679,41.0,79,0.05016722408026756,0.05016722408026756,0.10033444816053512,0.23076923076923078,0.07525083612040134,2.3578595317725752,0.9030100334448161,0.9030100334448161,7.474916387959866,1.1036789297658862,0.7023411371237458,3.9632107023411374,1.254180602006689
Riccardo Sottil,it ITA,"FW,MF",Fiorentina,it Serie A,25,18,8,833,9.3,1,1,2,0.9,0.9,0.9,22,6,27.3,0.05,0.17,0.1,70.5,12,18,71,5,4,4,3,356,272,40.7,44,0.10804321728691475,0.10804321728691475,0.2160864345738295,0.09723889555822329,0.09723889555822329,2.376950780312125,0.6482593037214885,1.296518607442977,9.615846338535414,0.5402160864345739,0.432172869147659,4.75390156062425,0.3241296518607443
Riccardo Sottil,it ITA,"FW,MF",Milan,it Serie A,25,6,1,123,1.4,0,0,0,0.2,0.2,0.3,2,0,0.0,0.0,,-0.2,74.5,3,3,11,1,1,0,0,63,47,25.0,5,0.0,0.0,0.0,0.14634146341463414,0.21951219512195122,1.4634146341463417,0.0,2.1951219512195124,10.24390243902439,0.7317073170731708,0.0,3.6585365853658534,0.0
Tomáš Souček,cz CZE,MF,West Ham,eng Premier League,29,35,30,2567,28.5,9,1,10,6.7,6.7,1.0,55,17,30.9,0.16,0.53,2.3,73.8,14,74,9,46,21,20,85,1280,506,50.0,63,0.3155434359174133,0.03506038176860148,0.3506038176860148,0.23490455784962994,0.03506038176860148,1.9283209972730815,0.5960264900662252,0.49084534476042074,2.910011686793923,1.6127775613556683,0.7012076353720296,2.208804051421893,2.980132450331126
Matìas Soulé,ar ARG,"MF,DF",Roma,it Serie A,21,27,22,1781,19.8,5,5,10,3.0,3.0,5.2,42,13,31.0,0.12,0.38,2.0,82.2,51,89,84,26,16,9,25,1271,794,32.4,105,0.25266704098820886,0.25266704098820886,0.5053340819764177,0.15160022459292533,0.26277372262773724,2.1224031443009546,0.656934306569343,2.5772038180797305,8.742279618192027,1.313868613138686,0.454800673778776,5.306007860752386,1.2633352049410442
Boubakary Soumaré,fr FRA,MF,Leicester City,eng Premier League,25,31,25,2171,24.1,0,0,0,0.3,0.3,0.4,7,0,0.0,0.0,,-0.3,87.0,11,105,34,37,20,27,34,1441,847,60.0,140,0.0,0.0,0.0,0.012436665131275908,0.016582220175034548,0.29018885306310455,0.0,0.45601105481345,5.7623215108245045,1.5338553661906955,1.119299861814832,5.803777061262091,1.4094887148779363
Issa Soumaré,sn SEN,"FW,MF",Le Havre,fr Ligue 1,23,29,21,1902,21.1,5,4,9,3.8,3.8,3.1,43,19,44.2,0.12,0.26,1.2,61.2,28,45,61,25,14,16,32,839,495,28.1,98,0.23659305993690852,0.1892744479495268,0.42586750788643535,0.17981072555205047,0.14668769716088328,2.0347003154574135,0.8990536277602524,1.3249211356466877,5.0157728706624605,1.1829652996845426,0.7570977917981072,4.6372239747634065,1.5141955835962144
Djibril Sow,ch SUI,MF,Sevilla,es La Liga,27,30,24,2062,22.9,2,1,3,2.4,2.4,1.6,22,6,27.3,0.09,0.33,-0.4,88.8,21,100,23,25,14,28,26,1197,604,40.0,110,0.08729388942774007,0.04364694471387003,0.1309408341416101,0.10475266731328807,0.06983511154219206,0.9602327837051406,0.2618816682832202,0.9165858389912706,5.368574199806013,1.0911736178467506,1.2221144519883609,4.801163918525703,1.1348205625606207
Saidou Sow,gn GUI,DF,Strasbourg,fr Ligue 1,22,12,11,1018,11.3,0,1,1,0.3,0.3,0.2,4,1,25.0,0.0,0.0,-0.3,90.7,2,16,0,9,5,15,37,735,465,50.0,36,0.0,0.08840864440078584,0.08840864440078584,0.026522593320235755,0.017681728880157174,0.3536345776031434,0.08840864440078584,0.1768172888015717,1.4145383104125735,0.7956777996070726,1.3261296660117878,3.1827111984282905,3.2711198428290764
Saidou Sow,gn GUI,DF,Nantes,fr Ligue 1,22,9,9,799,8.9,1,0,1,0.6,0.6,0.4,5,2,40.0,0.2,0.5,0.4,83.2,2,15,2,17,11,13,46,511,288,66.7,32,0.11264080100125157,0.0,0.11264080100125157,0.06758448060075094,0.04505632040050063,0.5632040050062578,0.22528160200250313,0.22528160200250313,1.9148936170212765,1.9148936170212765,1.4643304130162704,3.60450563204005,5.181476846057572
Djed Spence,eng ENG,DF,Tottenham,eng Premier League,23,25,19,1792,19.9,1,2,3,0.6,0.6,1.8,10,3,30.0,0.1,0.33,0.4,85.4,11,105,59,47,34,21,74,1428,794,50.0,109,0.05022321428571428,0.10044642857142856,0.15066964285714285,0.030133928571428572,0.09040178571428573,0.5022321428571429,0.15066964285714285,0.5524553571428571,8.236607142857142,2.3604910714285716,1.0546875,5.474330357142857,3.716517857142857
Leonardo Spinazzola,it ITA,"DF,FW",Napoli,it Serie A,31,27,17,1517,16.9,1,1,2,0.8,0.8,3.5,12,4,33.3,0.08,0.25,0.2,79.3,26,88,83,17,10,9,31,1051,603,43.8,62,0.05932762030323006,0.05932762030323006,0.11865524060646011,0.047462096242584045,0.20764667106130522,0.7119314436387607,0.23731048121292023,1.5425181278839817,10.14502307185234,1.008569545154911,0.5339485827290705,3.6783124588002636,1.8391562294001318
Anton Stach,de GER,"MF,DF",Hoffenheim,de Bundesliga,25,30,29,2585,28.7,1,2,3,2.0,2.0,2.2,35,10,28.6,0.03,0.1,-1.0,82.6,26,152,33,66,46,46,101,1925,1002,42.9,171,0.03481624758220503,0.06963249516441006,0.10444874274661509,0.06963249516441006,0.07659574468085108,1.2185686653771761,0.3481624758220503,0.9052224371373307,6.441005802707931,2.2978723404255317,1.6015473887814313,5.95357833655706,3.516441005802708
Jens Stage,dk DEN,MF,Werder Bremen,de Bundesliga,27,28,26,2204,24.5,10,5,15,7.2,7.2,2.8,44,15,34.1,0.23,0.67,2.8,77.0,23,104,28,49,30,18,42,1271,668,47.1,114,0.40834845735027225,0.20417422867513613,0.6125226860254084,0.294010889292196,0.11433756805807622,1.7967332123411979,0.6125226860254084,0.9392014519056262,5.390199637023594,2.000907441016334,0.73502722323049,4.655172413793103,1.7150635208711433
Josip Stanišić,hr CRO,DF,Bayern Munich,de Bundesliga,24,14,9,876,9.7,0,2,2,0.3,0.3,1.5,2,0,0.0,0.0,,-0.3,91.6,14,76,20,13,11,6,29,876,533,71.4,64,0.0,0.2054794520547945,0.2054794520547945,0.03082191780821918,0.1541095890410959,0.2054794520547945,0.0,1.4383561643835616,9.863013698630137,1.3356164383561644,0.6164383561643836,6.575342465753424,2.9794520547945202
Jay Stansfield,eng ENG,MF,Fulham,eng Premier League,21,1,0,1,0.0,0,0,0,0.0,0.0,0.0,0,0,,,,0.0,,0,0,0,0,0,0,0,0,0,,0,0.0,0.0,0.0,0.0,0.0,0.0,0.0,0.0,0.0,0.0,0.0,0.0,0.0
Carl Starfelt,se SWE,DF,Celta Vigo,es La Liga,29,28,26,2270,25.2,1,0,1,0.5,0.5,0.2,5,1,20.0,0.2,1.0,0.5,93.7,6,66,11,40,20,31,129,1901,1104,100.0,77,0.039647577092511016,0.0,0.039647577092511016,0.019823788546255508,0.007929515418502203,0.19823788546255508,0.039647577092511016,0.23788546255506607,3.052863436123348,1.5859030837004406,1.2290748898678414,3.052863436123348,5.114537444933921
Niklas Stark,de GER,DF,Werder Bremen,de Bundesliga,29,26,25,2106,23.4,0,1,1,1.1,1.1,0.1,12,3,25.0,0.0,0.0,-1.1,85.6,1,62,7,33,21,36,129,1558,882,100.0,73,0.0,0.042735042735042736,0.042735042735042736,0.047008547008547015,0.004273504273504274,0.5128205128205129,0.12820512820512822,0.042735042735042736,2.9487179487179485,1.4102564102564104,1.5384615384615385,3.1196581196581197,5.512820512820513
Lucas Stassin,be BEL,FW,Saint-Étienne,fr Ligue 1,19,28,23,1887,21.0,12,4,16,7.0,7.0,3.4,44,23,52.3,0.27,0.52,3.0,74.0,18,35,26,16,11,3,8,655,326,41.7,34,0.5723370429252782,0.1907790143084261,0.7631160572337043,0.3338632750397456,0.16216216216216217,2.098569157392687,1.0969793322734498,0.8585055643879173,2.9093799682034973,0.7631160572337043,0.14308426073131955,1.6216216216216217,0.3815580286168522
Orri Steinn Óskarsson,is ISL,FW,Real Sociedad,es La Liga,19,23,9,944,10.5,3,0,3,5.2,5.2,0.2,19,7,36.8,0.16,0.43,-2.2,52.8,5,9,6,6,6,2,11,285,122,25.0,15,0.2860169491525424,0.0,0.2860169491525424,0.4957627118644068,0.019067796610169493,1.8114406779661016,0.6673728813559322,0.47669491525423724,1.4300847457627117,0.5720338983050848,0.1906779661016949,1.4300847457627117,1.048728813559322
Pascal Stenzel,de GER,DF,Stuttgart,de Bundesliga,28,10,4,290,3.2,0,0,0,0.3,0.3,0.6,8,2,25.0,0.0,0.0,-0.3,83.0,5,12,2,3,2,2,6,246,136,,11,0.0,0.0,0.0,0.09310344827586207,0.18620689655172415,2.4827586206896552,0.6206896551724138,1.5517241379310345,4.344827586206897,0.9310344827586207,0.6206896551724138,3.413793103448276,1.8620689655172413
Jack Stephens,eng ENG,DF,Southampton,eng Premier League,30,19,17,1389,15.4,1,0,1,0.6,0.6,0.2,4,2,50.0,0.25,0.5,0.4,92.0,3,63,14,34,20,13,53,1097,631,0.0,44,0.06479481641468682,0.0,0.06479481641468682,0.038876889848812095,0.012958963282937367,0.25917926565874727,0.12958963282937364,0.19438444924406048,4.989200863930885,2.203023758099352,0.8423326133909288,2.85097192224622,3.4341252699784017
Leonidas Stergiou,ch SUI,DF,Stuttgart,de Bundesliga,22,12,11,852,9.5,1,2,3,1.1,1.1,0.9,3,1,33.3,0.33,1.0,-0.1,82.4,4,39,11,24,13,14,39,642,339,66.7,35,0.1056338028169014,0.2112676056338028,0.31690140845070425,0.11619718309859156,0.09507042253521128,0.31690140845070425,0.1056338028169014,0.4225352112676056,5.28169014084507,2.535211267605634,1.4788732394366197,3.6971830985915495,4.119718309859155
Raheem Sterling,eng ENG,"FW,MF",Arsenal,eng Premier League,29,17,7,499,5.5,0,2,2,1.4,1.4,0.5,11,0,0.0,0.0,,-1.4,78.6,8,18,27,9,4,1,4,274,201,33.3,16,0.0,0.3607214428857715,0.3607214428857715,0.25250501002004005,0.09018036072144288,1.9839679358717437,0.0,1.442885771543086,8.11623246492986,1.623246492985972,0.18036072144288576,2.885771543086172,0.721442885771543
Enzo Sternal,fr FRA,"FW,MF",Marseille,fr Ligue 1,17,2,0,24,0.3,0,0,0,0.0,0.0,0.0,0,0,,,,0.0,87.5,1,0,0,0,0,0,0,13,10,33.3,0,0.0,0.0,0.0,0.0,0.0,0.0,0.0,3.75,0.0,0.0,0.0,0.0,0.0
Finley Stevens,wls WAL,DF,St. Pauli,de Bundesliga,21,1,0,1,0.0,0,0,0,0.0,0.0,0.0,0,0,,,,0.0,50.0,0,0,0,0,0,0,0,2,1,,0,0.0,0.0,0.0,0.0,0.0,0.0,0.0,0.0,0.0,0.0,0.0,0.0,0.0
Ross Stewart,sct SCO,FW,Southampton,eng Premier League,28,12,4,389,4.3,1,0,1,1.1,1.1,0.0,9,2,22.2,0.11,0.5,-0.1,70.5,0,2,3,6,4,1,7,140,64,60.0,6,0.2313624678663239,0.0,0.2313624678663239,0.2544987146529563,0.0,2.082262210796915,0.4627249357326478,0.0,1.1568123393316196,1.3881748071979434,0.2313624678663239,1.3881748071979434,1.6195372750642674
Angelo Stiller,de GER,MF,Stuttgart,de Bundesliga,23,32,31,2741,30.5,1,8,9,1.8,1.8,7.2,21,4,19.0,0.05,0.25,-0.8,87.4,59,289,39,49,27,26,50,2781,1588,66.7,140,0.032834731849689894,0.26267785479751915,0.29551258664720903,0.05910251732944181,0.23641006931776723,0.6895293688434878,0.13133892739875958,1.9372491791317037,10.769792046698285,1.608901860634805,0.8537030280919372,4.596862458956585,1.6417365924844947
Kevin Stöger,at AUT,MF,Gladbach,de Bundesliga,30,31,16,1551,17.2,3,3,6,3.9,2.3,5.3,24,9,37.5,0.04,0.11,-0.9,75.8,54,121,40,37,21,16,26,1318,699,47.2,75,0.17408123791102514,0.17408123791102514,0.3481624758220503,0.2263056092843327,0.30754352030947774,1.3926499032882012,0.5222437137330754,3.133462282398453,9.342359767891683,2.147001934235977,0.9284332688588007,4.352030947775629,1.5087040618955514
Stoichkov,es ESP,"MF,FW",Alavés,es La Liga,30,16,6,699,7.8,0,1,1,1.1,1.1,1.2,18,3,16.7,0.0,0.0,-1.1,61.7,7,26,9,14,9,1,7,304,179,33.3,44,0.0,0.12875536480686695,0.12875536480686695,0.14163090128755365,0.15450643776824033,2.3175965665236054,0.38626609442060084,0.9012875536480687,4.506437768240343,1.8025751072961373,0.12875536480686695,5.665236051502146,0.9012875536480687
Petar Stojanović,si SVN,MF,Empoli,it Serie A,28,1,0,3,0.0,0,0,0,0.0,0.0,0.0,0,0,,,,0.0,33.3,0,0,0,0,0,0,0,3,2,,1,0.0,0.0,0.0,0.0,0.0,0.0,0.0,0.0,0.0,0.0,0.0,30.0,0.0
John Stones,eng ENG,"DF,MF",Manchester City,eng Premier League,30,11,6,548,6.1,2,0,2,0.4,0.4,0.1,2,2,100.0,1.0,1.0,1.6,91.1,2,21,10,6,2,4,19,442,292,100.0,22,0.3284671532846715,0.0,0.3284671532846715,0.06569343065693431,0.016423357664233577,0.3284671532846715,0.3284671532846715,0.3284671532846715,5.091240875912408,0.9854014598540146,0.656934306569343,3.613138686131387,3.1204379562043796
Jørgen Strand Larsen,no NOR,FW,Wolves,eng Premier League,24,35,30,2587,28.7,14,4,18,10.3,10.3,3.0,54,33,61.1,0.26,0.42,3.7,64.6,21,29,17,10,6,6,29,736,345,40.0,42,0.48705063780440666,0.13915732508697332,0.6262079628913799,0.3583301120989564,0.10436799381523,1.8786238886741398,1.14804793196753,0.73057595670661,1.6003092385001934,0.34789331271743335,0.20873598763046,1.46115191341322,1.0088906068805565
Gabriel Strefezza,br BRA,"FW,MF",Como,it Serie A,27,37,32,2619,29.1,6,4,10,3.7,3.7,3.9,58,21,36.2,0.1,0.29,2.3,75.6,57,106,80,57,39,13,26,1483,1033,43.9,108,0.2061855670103093,0.13745704467353953,0.3436426116838488,0.12714776632302405,0.13402061855670103,1.9931271477663228,0.7216494845360824,1.958762886597938,6.391752577319587,1.958762886597938,0.44673539518900346,3.711340206185567,0.8934707903780069
Cristhian Stuani,uy URU,FW,Girona,es La Liga,37,32,6,1078,12.0,11,2,13,8.1,5.8,0.6,31,16,51.6,0.26,0.5,2.9,69.5,6,10,2,9,7,7,11,256,96,40.0,14,0.9183673469387754,0.16697588126159554,1.085343228200371,0.6762523191094619,0.05009276437847867,2.588126159554731,1.3358070500927643,0.5009276437847866,1.0018552875695732,0.75139146567718,0.5844155844155845,1.168831168831169,0.9183673469387754
Álex Suárez,es ESP,DF,Las Palmas,es La Liga,31,30,30,2460,27.3,0,0,0,0.5,0.5,0.1,6,3,50.0,0.0,0.0,-0.5,85.9,3,53,6,40,23,13,107,1609,816,0.0,68,0.0,0.0,0.0,0.018292682926829267,0.0036585365853658534,0.21951219512195122,0.10975609756097561,0.10975609756097561,2.158536585365854,1.4634146341463417,0.47560975609756095,2.4878048780487805,3.9146341463414633
Denis Suárez,es ESP,MF,Villarreal,es La Liga,30,21,7,608,6.8,1,1,2,0.9,0.9,1.5,10,3,30.0,0.1,0.33,0.1,78.4,14,35,27,12,8,3,3,358,197,58.8,25,0.14802631578947367,0.14802631578947367,0.29605263157894735,0.13322368421052633,0.2220394736842105,1.4802631578947367,0.444078947368421,2.0723684210526314,9.177631578947368,1.776315789473684,0.444078947368421,3.7006578947368425,0.444078947368421
Gabriel Suazo,cl CHI,DF,Toulouse,fr Ligue 1,26,30,23,2163,24.0,0,6,6,0.8,0.8,3.8,7,4,57.1,0.0,0.0,-0.8,79.6,40,109,42,59,39,36,40,1484,782,64.1,125,0.0,0.24965325936199723,0.24965325936199723,0.033287101248266296,0.1581137309292649,0.29126213592233013,0.16643550624133147,1.6643550624133148,6.282940360610263,2.4549237170596396,1.4979195561719834,5.201109570041608,1.6643550624133148
Luka Sučić,hr CRO,MF,Real Sociedad,es La Liga,21,29,21,1792,19.9,1,1,2,3.3,3.3,2.6,43,11,25.6,0.02,0.09,-2.3,82.4,25,79,30,25,18,15,16,1094,666,47.2,109,0.05022321428571428,0.05022321428571428,0.10044642857142856,0.16573660714285715,0.13058035714285715,2.1595982142857144,0.5524553571428571,1.2555803571428572,5.474330357142857,1.2555803571428572,0.7533482142857143,5.474330357142857,0.8035714285714285
Yukinari Sugawara,jp JPN,"DF,MF",Southampton,eng Premier League,24,30,16,1557,17.3,1,1,2,0.5,0.5,2.2,14,5,35.7,0.07,0.2,0.5,80.0,17,72,33,31,18,11,53,1066,564,45.0,44,0.057803468208092484,0.057803468208092484,0.11560693641618497,0.028901734104046242,0.1271676300578035,0.8092485549132947,0.2890173410404624,0.9826589595375722,6.069364161849712,1.791907514450867,0.6358381502890174,2.5433526011560694,3.0635838150289016
Niklas Süle,de GER,DF,Dortmund,de Bundesliga,28,15,12,1053,11.7,0,0,0,0.6,0.6,0.1,9,2,22.2,0.0,0.0,-0.6,92.8,3,47,15,14,12,4,46,1038,668,42.9,53,0.0,0.0,0.0,0.05128205128205128,0.008547008547008548,0.7692307692307693,0.17094017094017094,0.25641025641025644,5.299145299145299,1.1965811965811965,0.3418803418803419,4.52991452991453,3.931623931623932
Ibrahim Sulemana,gh GHA,MF,Atalanta,it Serie A,21,9,3,283,3.1,2,0,2,0.6,0.6,0.0,5,2,40.0,0.4,1.0,1.4,88.3,1,12,2,9,4,0,1,209,135,25.0,13,0.6360424028268551,0.0,0.6360424028268551,0.1908127208480565,0.0,1.5901060070671378,0.6360424028268551,0.31802120141342755,4.4522968197879855,2.862190812720848,0.0,4.134275618374558,0.31802120141342755
Kamaldeen Sulemana,gh GHA,"FW,MF",Southampton,eng Premier League,22,26,17,1402,15.6,1,1,2,1.5,1.5,1.0,29,8,27.6,0.03,0.13,-0.5,79.8,10,27,63,22,17,6,9,587,380,37.9,63,0.06419400855920114,0.06419400855920114,0.12838801711840228,0.09629101283880172,0.06419400855920114,1.861626248216833,0.5135520684736091,0.6419400855920114,5.777460770328102,1.412268188302425,0.38516405135520687,4.044222539229672,0.5777460770328102
Crysencio Summerville,nl NED,"FW,MF",West Ham,eng Premier League,22,19,7,786,8.7,1,1,2,1.6,1.6,1.7,14,4,28.6,0.07,0.25,-0.6,76.4,17,18,29,13,7,0,7,372,207,33.3,38,0.11450381679389314,0.11450381679389314,0.22900763358778628,0.183206106870229,0.1946564885496183,1.6030534351145038,0.45801526717557256,1.946564885496183,5.3816793893129775,1.4885496183206106,0.0,4.351145038167939,0.8015267175572519
Tomáš Suslov,sk SVK,"MF,FW",Hellas Verona,it Serie A,22,31,27,2080,23.1,0,1,1,1.6,1.6,1.9,32,7,21.9,0.0,0.0,-1.6,73.2,27,82,39,54,38,18,17,811,462,46.8,88,0.0,0.04326923076923077,0.04326923076923077,0.06923076923076923,0.08221153846153846,1.3846153846153846,0.3028846153846154,1.1682692307692308,5.235576923076923,2.3365384615384617,0.7788461538461539,3.807692307692308,0.7355769230769231
Suso,es ESP,"FW,MF",Sevilla,es La Liga,30,16,4,606,6.7,0,2,2,0.7,0.7,1.6,16,4,25.0,0.0,0.0,-0.7,74.0,22,43,20,10,7,4,2,463,280,43.8,31,0.0,0.297029702970297,0.297029702970297,0.10396039603960396,0.2376237623762376,2.376237623762376,0.594059405940594,3.2673267326732676,9.356435643564357,1.485148514851485,0.594059405940594,4.6039603960396045,0.297029702970297
Mattias Svanberg,se SWE,MF,Wolfsburg,de Bundesliga,25,20,14,1219,13.5,3,1,4,3.6,3.6,1.7,21,7,33.3,0.14,0.43,-0.6,68.7,13,36,11,20,10,15,26,520,235,40.0,48,0.22149302707136997,0.07383100902379,0.29532403609516,0.26579163248564397,0.12551271534044298,1.5504511894995898,0.51681706316653,0.9598031173092698,3.4700574241181297,1.4766201804758,1.1074651353568499,3.5438884331419196,1.9196062346185396
Daniel Svensson,se SWE,"DF,FW",Dortmund,de Bundesliga,22,12,8,781,8.7,1,3,4,0.8,0.8,1.2,6,2,33.3,0.17,0.5,0.2,79.3,10,41,11,15,11,5,30,580,303,20.0,31,0.11523687580025607,0.34571062740076824,0.4609475032010243,0.09218950064020488,0.1382842509603073,0.6914212548015365,0.23047375160051214,1.1523687580025608,5.992317541613317,1.7285531370038412,0.5761843790012804,3.5723431498079385,3.4571062740076823
Marin Šverko,hr CRO,DF,Venezia,it Serie A,26,16,12,1117,12.4,1,0,1,0.3,0.3,0.3,3,1,33.3,0.33,1.0,0.7,82.2,2,38,8,20,9,16,45,711,356,60.0,44,0.08057296329453895,0.0,0.08057296329453895,0.02417188898836168,0.02417188898836168,0.24171888988361684,0.08057296329453895,0.1611459265890779,3.7063563115487916,1.6114592658907787,1.2891674127126231,3.5452103849597134,3.6257833482542527
Michael Svoboda,at AUT,DF,Venezia,it Serie A,25,16,15,1314,14.6,1,0,1,0.2,0.2,0.6,4,4,100.0,0.25,0.25,0.8,84.8,5,43,13,26,14,22,66,984,509,66.7,71,0.0684931506849315,0.0,0.0684931506849315,0.013698630136986302,0.0410958904109589,0.273972602739726,0.273972602739726,0.3424657534246575,3.835616438356164,1.7808219178082192,1.506849315068493,4.863013698630136,4.520547945205479
Williot Swedberg,se SWE,"FW,MF",Celta Vigo,es La Liga,20,32,15,1348,15.0,4,5,9,5.2,5.2,2.6,32,15,46.9,0.13,0.27,-1.2,73.3,16,28,34,23,16,3,10,562,351,22.7,46,0.26706231454005935,0.3338278931750742,0.6008902077151335,0.34718100890207715,0.17359050445103857,2.136498516320475,1.0014836795252227,1.0682492581602374,4.13946587537092,1.5356083086053411,0.20029673590504452,3.0712166172106823,0.6676557863501484
Abakar Sylla,ci CIV,DF,Strasbourg,fr Ligue 1,21,21,10,950,10.6,1,0,1,0.4,0.4,0.1,5,1,20.0,0.2,1.0,0.6,88.6,1,21,0,27,15,11,63,791,425,50.0,39,0.09473684210526316,0.0,0.09473684210526316,0.037894736842105266,0.009473684210526316,0.47368421052631576,0.09473684210526316,0.09473684210526316,1.9894736842105263,2.557894736842105,1.0421052631578949,3.694736842105263,5.968421052631579
Issiaga Sylla,gn GUI,DF,Montpellier,fr Ligue 1,30,19,15,1156,12.8,1,0,1,1.8,1.8,0.6,11,2,18.2,0.09,0.5,-0.8,77.3,7,53,33,25,10,10,34,683,335,60.0,51,0.07785467128027682,0.0,0.07785467128027682,0.14013840830449828,0.046712802768166084,0.856401384083045,0.15570934256055363,0.5449826989619377,6.695501730103806,1.9463667820069204,0.7785467128027682,3.9705882352941178,2.6470588235294117
Mamadou Sylla,sn SEN,"FW,MF",Valladolid,es La Liga,30,29,17,1583,17.6,5,1,6,5.1,2.0,1.7,18,3,16.7,0.06,0.33,-0.1,62.8,14,22,15,8,4,3,14,431,188,29.4,35,0.28427037271004424,0.05685407454200884,0.34112444725205304,0.28995578016424506,0.09665192672141504,1.0233733417561592,0.17056222362602652,0.7959570435881238,2.103600758054327,0.4548325963360707,0.17056222362602652,1.9898926089703097,0.7959570435881238
Sammie Szmodics,ie IRL,"FW,MF",Ipswich Town,eng Premier League,28,20,13,992,11.0,4,0,4,3.4,3.4,0.2,21,12,57.1,0.19,0.33,0.6,74.1,5,19,16,16,10,6,14,318,179,33.3,42,0.3629032258064516,0.0,0.3629032258064516,0.3084677419354839,0.018145161290322582,1.9052419354838708,1.0887096774193548,0.4536290322580645,3.175403225806452,1.4516129032258065,0.5443548387096774,3.8104838709677415,1.2701612903225805
Dominik Szoboszlai,hu HUN,MF,Liverpool,eng Premier League,23,36,29,2491,27.7,6,6,12,7.3,7.3,7.4,67,22,32.8,0.09,0.27,-1.3,84.3,56,131,72,38,20,9,19,1584,805,51.2,133,0.21678040947410682,0.21678040947410682,0.43356081894821363,0.2637494981934966,0.267362505018065,2.4207145724608594,0.7948615014050582,2.02328382175833,7.334403853873947,1.3729425933360098,0.32517061421116017,4.805299076676034,0.6864712966680049
Alexander Sørloth,no NOR,FW,Atlético Madrid,es La Liga,28,35,15,1566,17.4,20,2,22,16.8,16.0,1.6,78,40,51.3,0.24,0.48,3.2,63.8,13,31,32,9,5,1,28,602,323,37.8,41,1.149425287356322,0.1149425287356322,1.264367816091954,0.9655172413793104,0.09195402298850576,4.482758620689655,2.298850574712644,0.7471264367816092,3.6206896551724137,0.5172413793103449,0.0574712643678161,2.3563218390804597,1.6091954022988506
Musa Al-Taamari,jo JOR,"FW,MF",Montpellier,fr Ligue 1,27,15,12,1116,12.4,2,1,3,2.6,2.6,1.5,27,11,40.7,0.07,0.18,-0.6,77.3,12,30,55,14,10,3,3,470,316,32.4,49,0.16129032258064516,0.08064516129032258,0.24193548387096775,0.20967741935483872,0.12096774193548387,2.1774193548387095,0.8870967741935484,0.967741935483871,6.854838709677419,1.1290322580645162,0.24193548387096775,3.951612903225806,0.24193548387096775
Musa Al-Taamari,jo JOR,"FW,MF",Rennes,fr Ligue 1,27,11,7,567,6.3,1,0,1,2.4,2.4,1.3,14,3,21.4,0.07,0.33,-1.4,81.8,10,8,21,4,1,2,2,206,114,35.0,17,0.15873015873015872,0.0,0.15873015873015872,0.3809523809523809,0.20634920634920637,2.2222222222222223,0.47619047619047616,1.5873015873015872,4.603174603174603,0.6349206349206349,0.31746031746031744,2.698412698412698,0.31746031746031744
Haris Tabakovic,ba BIH,FW,Hoffenheim,de Bundesliga,30,22,6,821,9.1,3,1,4,3.3,3.3,1.2,30,10,33.3,0.1,0.3,-0.3,62.9,9,7,4,3,1,1,16,334,165,33.3,13,0.3288672350791717,0.10962241169305724,0.43848964677222896,0.3617539585870889,0.1315468940316687,3.2886723507917175,1.0962241169305724,0.9866017052375152,1.2058465286236297,0.3288672350791717,0.10962241169305724,1.4250913520097441,1.7539585870889158
Nicolás Tagliafico,ar ARG,DF,Lyon,fr Ligue 1,31,24,22,1902,21.1,3,1,4,3.0,3.0,0.8,28,7,25.0,0.11,0.43,0.0,86.6,5,97,31,57,37,36,55,1582,822,12.5,102,0.14195583596214512,0.0473186119873817,0.1892744479495268,0.14195583596214512,0.03785488958990536,1.3249211356466877,0.3312302839116719,0.23659305993690852,6.056782334384858,2.697160883280757,1.7034700315457414,4.826498422712934,2.602523659305994
Jonathan Tah,de GER,DF,Leverkusen,de Bundesliga,28,33,33,2970,33.0,3,0,3,1.1,1.1,0.4,24,7,29.2,0.13,0.43,1.9,92.9,4,169,15,19,12,36,157,2626,1551,60.0,165,0.09090909090909091,0.0,0.09090909090909091,0.03333333333333334,0.012121212121212123,0.7272727272727273,0.2121212121212121,0.12121212121212122,5.575757575757576,0.5757575757575757,1.0909090909090908,5.0,4.757575757575758
Adrien Tameze,cm CMR,"MF,DF",Torino,it Serie A,30,20,9,649,7.2,0,0,0,0.4,0.4,0.8,7,3,42.9,0.0,0.0,-0.4,86.0,6,23,16,5,2,10,8,368,214,26.7,25,0.0,0.0,0.0,0.05546995377503852,0.11093990755007704,0.9707241910631742,0.41602465331278893,0.8320493066255779,5.408320493066256,0.6933744221879815,1.386748844375963,3.4668721109399074,1.1093990755007705
Axel Tapé,fr FRA,"DF,MF",Paris S-G,fr Ligue 1,16,2,2,180,2.0,0,0,0,0.0,0.0,0.0,1,0,0.0,0.0,,0.0,94.0,1,5,1,3,1,1,5,174,129,33.3,11,0.0,0.0,0.0,0.0,0.0,0.5,0.0,0.5,3.0,1.5,0.5,5.5,2.5
Renato Tapia,pe PER,"MF,DF",Leganés,es La Liga,29,34,28,2424,26.9,1,0,1,0.6,0.6,0.4,14,6,42.9,0.07,0.17,0.4,78.3,8,83,17,61,35,27,86,1397,663,51.4,155,0.03712871287128713,0.0,0.03712871287128713,0.022277227722772276,0.01485148514851485,0.5198019801980198,0.22277227722772278,0.297029702970297,3.7128712871287126,2.264851485148515,1.0024752475247525,5.7549504950495045,3.193069306930693
Edmond Tapsoba,bf BFA,DF,Leverkusen,de Bundesliga,25,29,29,2507,27.9,0,0,0,1.1,1.1,0.2,21,2,9.5,0.0,0.0,-1.1,86.4,4,164,52,39,24,24,89,2214,1326,57.9,124,0.0,0.0,0.0,0.03948942959712804,0.0071798962903869175,0.7538891104906262,0.07179896290386917,0.14359792580773834,7.7542879936178695,1.4000797766254487,0.8615875548464299,4.451535700039888,3.195053849222178
Florian Tardieu,fr FRA,MF,Saint-Étienne,fr Ligue 1,32,24,13,1252,13.9,2,4,6,0.6,0.6,1.3,16,3,18.8,0.13,0.67,1.4,85.8,19,139,11,18,14,15,21,1141,598,23.1,83,0.1437699680511182,0.2875399361022364,0.43130990415335463,0.04313099041533546,0.09345047923322684,1.1501597444089455,0.21565495207667731,1.365814696485623,10.782747603833865,1.293929712460064,1.0782747603833864,5.966453674121405,1.5095846645367412
Mehdi Taremi,ir IRN,FW,Inter,it Serie A,32,25,7,807,9.0,1,2,3,3.5,2.7,1.6,13,5,38.5,0.0,0.0,-2.5,80.1,15,25,10,7,1,0,11,318,186,54.5,29,0.11152416356877323,0.22304832713754646,0.33457249070631967,0.39033457249070636,0.1784386617100372,1.4498141263940518,0.5576208178438662,1.6728624535315986,3.903345724907063,0.7806691449814127,0.0,3.234200743494424,1.2267657992565055
Matt Targett,eng ENG,DF,Newcastle Utd,eng Premier League,28,2,0,21,0.2,0,0,0,0.0,0.0,0.0,0,0,,,,0.0,93.3,0,0,0,0,0,1,1,17,4,,2,0.0,0.0,0.0,0.0,0.0,0.0,0.0,0.0,0.0,0.0,4.285714285714286,8.571428571428571,4.285714285714286
Oussama Targhalline,ma MAR,MF,Le Havre,fr Ligue 1,22,14,12,990,11.0,0,0,0,0.1,0.1,0.7,5,0,0.0,0.0,,-0.1,79.6,6,66,25,19,14,19,14,551,330,38.5,43,0.0,0.0,0.0,0.00909090909090909,0.06363636363636363,0.4545454545454546,0.0,0.5454545454545454,8.272727272727272,1.727272727272727,1.727272727272727,3.909090909090909,1.2727272727272727
James Tarkowski,eng ENG,DF,Everton,eng Premier League,31,33,33,2922,32.5,1,1,2,1.3,1.3,2.9,15,4,26.7,0.07,0.25,-0.3,81.0,16,75,9,64,40,41,213,1706,727,71.4,98,0.030800821355236138,0.030800821355236138,0.061601642710472276,0.040041067761806985,0.08932238193018481,0.46201232032854206,0.12320328542094455,0.4928131416837782,2.5872689938398357,1.9712525667351128,1.2628336755646818,3.0184804928131417,6.560574948665297
César Tárrega,es ESP,DF,Valencia,es La Liga,22,34,34,3026,33.6,2,0,2,1.9,1.9,0.1,20,6,30.0,0.1,0.33,0.1,84.4,3,79,20,49,37,22,222,2096,1134,73.3,104,0.05948446794448116,0.0,0.05948446794448116,0.0565102445472571,0.0029742233972240586,0.5948446794448117,0.1784534038334435,0.08922670191672175,2.9444811632518175,1.4573694646397883,0.6543291473892928,3.093192333113021,6.602775941837409
Nuno Tavares,pt POR,DF,Lazio,it Serie A,24,23,22,1686,18.7,0,8,8,1.1,1.1,4.8,28,5,17.9,0.0,0.0,-1.1,78.7,33,111,98,28,21,21,44,1302,736,46.7,104,0.0,0.42704626334519574,0.42704626334519574,0.05871886120996442,0.2562277580071174,1.494661921708185,0.2669039145907473,1.7615658362989324,11.15658362989324,1.494661921708185,1.1209964412811388,5.551601423487544,2.3487544483985765
Marcus Tavernier,eng ENG,"FW,MF",Bournemouth,eng Premier League,25,29,20,1939,21.5,3,5,8,5.5,5.5,4.0,57,17,29.8,0.05,0.18,-2.5,73.8,43,128,53,43,24,5,11,1196,705,43.1,119,0.13924703455389376,0.23207839092315627,0.37132542547705005,0.2552862300154719,0.18566271273852503,2.6456936565239815,0.7890665291387312,1.9958741619391438,8.401237751418257,1.9958741619391438,0.23207839092315627,5.523465703971119,0.5105724600309438
Charlie Taylor,eng ENG,DF,Southampton,eng Premier League,30,8,3,356,4.0,0,0,0,0.0,0.0,0.1,0,0,,,,0.0,87.9,1,9,3,7,5,5,31,279,116,100.0,10,0.0,0.0,0.0,0.0,0.025280898876404497,0.0,0.0,0.25280898876404495,3.033707865168539,1.7696629213483146,1.2640449438202246,2.528089887640449,7.837078651685394
Jack Taylor,ie IRL,MF,Ipswich Town,eng Premier League,26,32,4,860,9.6,1,0,1,0.7,0.7,0.5,19,4,21.1,0.05,0.25,0.3,82.9,5,43,11,20,10,9,24,534,254,36.4,53,0.10465116279069767,0.0,0.10465116279069767,0.07325581395348836,0.05232558139534883,1.9883720930232558,0.41860465116279066,0.5232558139534884,5.651162790697675,2.0930232558139537,0.9418604651162791,5.546511627906977,2.511627906976744
Loum Tchaouna,fr FRA,"FW,MF",Lazio,it Serie A,20,24,6,660,7.3,1,0,1,2.5,2.5,0.6,23,8,34.8,0.04,0.13,-1.5,69.6,10,20,22,8,4,4,14,341,188,50.0,18,0.13636363636363635,0.0,0.13636363636363635,0.34090909090909094,0.08181818181818182,3.1363636363636367,1.0909090909090908,1.3636363636363638,5.727272727272727,1.0909090909090908,0.5454545454545454,2.4545454545454546,1.9090909090909092
Jackson Tchatchoua,cm CMR,"DF,MF",Hellas Verona,it Serie A,22,36,36,3167,35.2,2,3,5,1.6,1.6,2.8,18,3,16.7,0.11,0.67,0.4,74.3,34,72,88,50,31,14,75,1403,685,52.5,121,0.056836122513419636,0.08525418377012946,0.1420903062835491,0.04546889801073572,0.07957057151878749,0.5115251026207768,0.08525418377012946,0.9662140827281339,4.546889801073571,1.420903062835491,0.39785285759393746,3.438585412061888,2.131354594253237
Enzo Tchato,cm CMR,DF,Montpellier,fr Ligue 1,21,27,21,1899,21.1,0,0,0,0.1,0.1,1.5,4,2,50.0,0.0,0.0,-0.1,75.0,14,62,44,48,26,22,59,1204,532,42.9,60,0.0,0.0,0.0,0.004739336492890996,0.07109004739336493,0.1895734597156398,0.0947867298578199,0.6635071090047393,5.023696682464455,2.2748815165876777,1.042654028436019,2.8436018957345968,2.796208530805687
Aurélien Tchouaméni,fr FRA,"DF,MF",Real Madrid,es La Liga,24,32,31,2689,29.9,0,0,0,1.7,1.7,0.6,19,3,15.8,0.0,0.0,-1.7,92.3,5,154,19,47,23,46,92,2324,1440,62.5,143,0.0,0.0,0.0,0.05689847526961696,0.02008181480104128,0.6359241353663072,0.10040907400520639,0.16734845667534398,5.790256600966903,1.5730754927482336,1.5396058014131648,4.7861658609148385,3.0792116028263297
Álvaro Tejero,es ESP,"MF,DF",Espanyol,es La Liga,28,28,13,1238,13.8,1,4,5,0.6,0.6,2.9,17,4,23.5,0.06,0.25,0.4,72.4,33,46,27,14,4,13,34,757,336,21.4,64,0.07269789983844911,0.29079159935379645,0.36348949919224555,0.04361873990306946,0.21082390953150243,1.235864297253635,0.29079159935379645,2.3990306946688205,5.306946688206785,1.0177705977382876,0.9450726978998385,4.652665589660743,2.47172859450727
Martín Tejón,es ESP,"MF,DF",Valencia,es La Liga,20,4,0,49,0.5,0,0,0,0.1,0.1,0.0,1,0,0.0,0.0,,-0.1,76.9,1,4,0,2,0,0,0,34,17,50.0,4,0.0,0.0,0.0,0.1836734693877551,0.0,1.8367346938775508,0.0,1.8367346938775508,7.346938775510203,3.6734693877551017,0.0,7.346938775510203,0.0
Mathys Tel,fr FRA,FW,Tottenham,eng Premier League,19,13,11,911,10.1,2,1,3,3.0,2.2,2.6,22,8,36.4,0.05,0.13,-1.0,69.5,14,21,28,16,6,2,8,414,266,28.3,38,0.19758507135016465,0.09879253567508232,0.29637760702524696,0.29637760702524696,0.25686059275521406,2.173435784851811,0.7903402854006586,1.3830954994511526,4.840834248079035,1.5806805708013172,0.19758507135016465,3.7541163556531285,0.7903402854006586
Mathys Tel,fr FRA,"FW,MF",Bayern Munich,de Bundesliga,19,8,2,256,2.8,0,1,1,0.7,0.7,0.3,10,3,30.0,0.0,0.0,-0.7,84.4,1,9,6,2,2,1,1,157,109,50.0,10,0.0,0.3515625,0.3515625,0.24609374999999997,0.10546875,3.515625,1.0546875,0.3515625,5.2734375,0.703125,0.3515625,3.515625,0.3515625
Nathan Tella,ng NGA,"MF,FW",Leverkusen,de Bundesliga,25,27,17,1359,15.1,2,4,6,3.1,3.1,1.5,28,10,35.7,0.07,0.2,-1.1,74.6,18,22,38,16,11,4,10,529,308,37.3,37,0.13245033112582782,0.26490066225165565,0.3973509933774834,0.2052980132450331,0.09933774834437085,1.8543046357615893,0.6622516556291391,1.1920529801324504,3.9735099337748347,1.0596026490066226,0.26490066225165565,2.4503311258278146,0.6622516556291391
Nahuel Tenaglia,ar ARG,DF,Alavés,es La Liga,28,34,33,2922,32.5,2,1,3,2.2,2.2,1.6,27,8,29.6,0.07,0.25,-0.2,72.1,19,103,42,96,61,47,123,1835,757,48.6,117,0.061601642710472276,0.030800821355236138,0.09240246406570843,0.06776180698151951,0.049281314168377825,0.8316221765913757,0.2464065708418891,0.5852156057494867,4.46611909650924,2.9568788501026697,1.4476386036960986,3.603696098562628,3.7885010266940453
Casper Tengstedt,dk DEN,FW,Hellas Verona,it Serie A,24,25,20,1517,16.9,6,1,7,5.3,4.5,0.9,37,10,27.0,0.14,0.5,0.7,67.4,12,29,29,7,5,4,29,458,238,33.3,37,0.35596572181938035,0.05932762030323006,0.41529334212261043,0.3144363876071193,0.053394858272907054,2.1951219512195124,0.5932762030323006,0.7119314436387607,3.4410019775873435,0.41529334212261043,0.23731048121292023,2.1951219512195124,1.7205009887936717
Filippo Terracciano,it ITA,"DF,MF",Milan,it Serie A,21,13,6,539,6.0,0,0,0,0.2,0.2,0.1,3,1,33.3,0.0,0.0,-0.2,87.9,2,14,5,9,6,6,11,303,162,0.0,21,0.0,0.0,0.0,0.033395176252319116,0.016697588126159558,0.5009276437847866,0.16697588126159554,0.3339517625231911,3.172541743970315,1.50278293135436,1.0018552875695732,3.5064935064935066,1.8367346938775508
Ramón Terrats,es ESP,"MF,FW",Villarreal,es La Liga,23,11,1,131,1.5,0,0,0,0.1,0.1,0.3,2,0,0.0,0.0,,-0.1,81.0,1,7,1,3,3,2,3,106,64,16.7,11,0.0,0.0,0.0,0.06870229007633588,0.20610687022900764,1.3740458015267174,0.0,0.6870229007633587,5.49618320610687,2.0610687022900764,1.3740458015267174,7.557251908396947,2.0610687022900764
Ramón Terrats,es ESP,"MF,FW",Getafe,es La Liga,23,15,15,1219,13.5,4,1,5,2.2,2.2,2.5,19,8,42.1,0.21,0.5,1.8,64.8,16,36,8,20,10,8,16,493,256,50.0,53,0.29532403609516,0.07383100902379,0.36915504511895,0.162428219852338,0.184577522559475,1.40278917145201,0.59064807219032,1.18129614438064,3.24856439704676,1.4766201804758,0.59064807219032,3.9130434782608696,1.18129614438064
Martin Terrier,fr FRA,"MF,FW",Leverkusen,de Bundesliga,27,15,7,584,6.5,2,1,3,2.4,2.4,0.9,16,6,37.5,0.13,0.33,-0.4,81.9,8,14,11,4,2,1,1,250,129,50.0,8,0.3082191780821918,0.1541095890410959,0.46232876712328763,0.3698630136986301,0.1386986301369863,2.4657534246575343,0.9246575342465753,1.2328767123287672,3.852739726027397,0.6164383561643836,0.1541095890410959,1.2328767123287672,0.1541095890410959
Tanner Tessmann,us USA,MF,Lyon,fr Ligue 1,22,25,13,1234,13.7,1,0,1,1.0,1.0,0.6,18,10,55.6,0.06,0.1,0.0,89.4,7,56,11,25,15,19,29,915,575,50.0,63,0.07293354943273905,0.0,0.07293354943273905,0.07293354943273905,0.04376012965964343,1.312803889789303,0.7293354943273905,0.5105348460291734,4.886547811993517,1.8233387358184765,1.385737439222042,4.594813614262561,2.1150729335494325
Kenny Tete,nl NED,DF,Fulham,eng Premier League,28,22,21,1774,19.7,0,2,2,1.4,1.4,0.9,24,2,8.3,0.0,0.0,-1.4,80.8,9,63,34,56,38,32,67,1205,611,45.0,74,0.0,0.10146561443066515,0.10146561443066515,0.07102593010146561,0.04565952649379933,1.2175873731679818,0.10146561443066515,0.45659526493799324,4.921082299887261,2.8410372040586243,1.6234498308906424,3.754227733934611,3.399098083427283
Teddy Teuma,mt MLT,MF,Reims,fr Ligue 1,30,17,9,750,8.3,1,0,1,1.4,0.6,1.1,13,2,15.4,0.0,0.0,-0.4,79.2,13,47,9,18,10,12,8,722,350,25.0,42,0.12,0.0,0.12,0.168,0.132,1.5599999999999998,0.24,1.5599999999999998,6.720000000000001,2.16,1.44,5.04,0.96
Jordan Teze,nl NED,DF,Monaco,fr Ligue 1,24,16,8,569,6.3,1,0,1,1.2,1.2,1.5,5,2,40.0,0.2,0.5,-0.2,79.1,13,31,9,18,9,6,15,434,171,50.0,29,0.15817223198594024,0.0,0.15817223198594024,0.1898066783831283,0.23725834797891038,0.7908611599297013,0.3163444639718805,2.0562390158172232,6.32688927943761,2.8471001757469243,0.9490333919156415,4.586994727592267,2.3725834797891037
Florian Thauvin,fr FRA,"FW,MF",Udinese,it Serie A,31,25,24,1956,21.7,8,3,11,8.1,5.7,3.8,51,23,45.1,0.14,0.3,-0.1,66.4,39,90,92,20,14,7,10,1062,682,42.4,68,0.3680981595092025,0.13803680981595093,0.5061349693251533,0.37269938650306744,0.17484662576687116,2.3466257668711656,1.0582822085889572,1.7944785276073618,8.374233128834355,0.9202453987730062,0.3220858895705522,3.128834355828221,0.4601226993865031
Arthur Theate,be BEL,DF,Eint Frankfurt,de Bundesliga,24,31,31,2704,30.0,0,0,0,2.4,2.4,1.0,36,9,25.0,0.0,0.0,-2.4,82.6,13,171,50,36,25,39,170,2230,1321,76.9,123,0.0,0.0,0.0,0.07988165680473372,0.03328402366863905,1.198224852071006,0.2995562130177515,0.4326923076923077,7.355769230769231,1.198224852071006,1.2980769230769231,4.093934911242604,5.65828402366864
Norman Theuerkauf,de GER,MF,Heidenheim,de Bundesliga,37,1,0,22,0.2,0,0,0,0.0,0.0,0.0,1,0,0.0,0.0,,0.0,85.0,0,2,0,0,0,0,0,21,8,,0,0.0,0.0,0.0,0.0,0.0,4.090909090909091,0.0,0.0,8.181818181818182,0.0,0.0,0.0,0.0
Thiago,br BRA,"FW,MF",Brentford,eng Premier League,23,8,1,175,1.9,0,0,0,0.1,0.1,0.1,2,0,0.0,0.0,,-0.1,71.4,2,4,3,5,3,2,3,83,45,60.0,12,0.0,0.0,0.0,0.051428571428571435,0.051428571428571435,1.0285714285714285,0.0,1.0285714285714285,3.6,2.571428571428571,1.0285714285714285,6.171428571428572,1.542857142857143
Malick Thiaw,de GER,DF,Milan,it Serie A,22,22,19,1806,20.1,0,0,0,0.6,0.6,0.1,7,0,0.0,0.0,,-0.6,93.1,4,89,12,24,17,15,76,1432,905,75.0,65,0.0,0.0,0.0,0.02990033222591362,0.004983388704318937,0.3488372093023256,0.0,0.19933554817275748,5.033222591362127,1.196013289036545,0.7475083056478405,3.2392026578073088,3.787375415282392
Denis Thomalla,de GER,MF,Heidenheim,de Bundesliga,31,1,0,4,0.0,0,0,0,0.0,0.0,0.0,0,0,,,,0.0,100.0,0,0,0,0,0,0,0,1,1,,1,0.0,0.0,0.0,0.0,0.0,0.0,0.0,0.0,0.0,0.0,0.0,22.5,0.0
Luke Thomas,eng ENG,DF,Leicester City,eng Premier League,23,14,13,1110,12.3,0,0,0,0.4,0.4,0.5,5,0,0.0,0.0,,-0.4,78.4,9,37,5,31,25,21,49,775,371,50.0,42,0.0,0.0,0.0,0.032432432432432434,0.04054054054054054,0.40540540540540543,0.0,0.7297297297297298,3.4054054054054057,2.5135135135135136,1.7027027027027029,3.4054054054054057,3.972972972972973
Sorba Thomas,wls WAL,"FW,MF",Nantes,fr Ligue 1,24,25,15,1321,14.7,1,3,4,1.5,1.5,3.7,9,1,11.1,0.11,1.0,-0.5,65.5,36,34,41,14,6,9,27,674,372,37.5,66,0.06813020439061317,0.2043906131718395,0.27252081756245267,0.10219530658591976,0.25208175624526874,0.6131718395155186,0.06813020439061317,2.4526873580620743,5.109765329295988,0.9538228614685844,0.6131718395155186,4.496593489780469,1.8395155185465555
Adrien Thomasson,fr FRA,MF,Lens,fr Ligue 1,30,33,31,2615,29.1,3,7,10,5.9,5.9,6.0,41,11,26.8,0.07,0.27,-2.9,81.8,56,149,30,90,47,19,28,1995,1056,43.3,206,0.10325047801147227,0.2409177820267686,0.3441682600382409,0.20305927342256216,0.20650095602294455,1.4110898661567879,0.378585086042065,1.927342256214149,6.160611854684512,3.0975143403441683,0.6539196940726577,7.089866156787763,0.9636711281070744
Morten Thorsby,no NOR,"MF,FW",Genoa,it Serie A,28,30,22,1898,21.1,0,1,1,2.8,2.8,2.1,15,6,40.0,0.0,0.0,-2.8,66.6,27,58,24,49,30,5,28,753,295,40.9,51,0.0,0.04741833508956796,0.04741833508956796,0.1327713382507903,0.09957850368809272,0.7112750263435196,0.2845100105374078,1.280295047418335,3.8883034773445733,2.32349841938883,0.23709167544783982,2.4183350895679663,1.327713382507903
Khéphren Thuram,fr FRA,MF,Juventus,it Serie A,23,35,26,2326,25.8,4,5,9,3.5,3.5,3.6,36,10,27.8,0.11,0.4,0.5,88.4,25,123,74,44,21,14,39,1661,1067,55.7,110,0.15477214101461736,0.1934651762682717,0.34823731728288904,0.13542562338779018,0.13929492691315562,1.3929492691315561,0.3869303525365434,0.9673258813413586,7.622527944969906,1.702493551160791,0.5417024935511607,4.256233877901978,1.5090283748925193
Marcus Thuram,fr FRA,FW,Inter,it Serie A,26,31,26,2200,24.4,14,4,18,9.9,9.9,4.4,64,27,42.2,0.22,0.52,4.1,73.7,39,53,62,18,8,3,15,830,453,45.3,71,0.5727272727272728,0.16363636363636364,0.7363636363636364,0.405,0.18,2.618181818181818,1.1045454545454545,1.5954545454545455,4.704545454545454,0.7363636363636364,0.12272727272727274,2.9045454545454543,0.6136363636363636
Cheikh Tidiane Niasse,sn SEN,MF,Hellas Verona,it Serie A,24,11,8,755,8.4,0,0,0,0.4,0.4,0.1,3,1,33.3,0.0,0.0,-0.4,80.0,4,25,5,18,15,17,17,353,160,14.3,26,0.0,0.0,0.0,0.04768211920529801,0.011920529801324502,0.3576158940397351,0.11920529801324503,0.4768211920529801,3.576158940397351,2.145695364238411,2.0264900662251657,3.0993377483443707,2.0264900662251657
Youri Tielemans,be BEL,MF,Aston Villa,eng Premier League,27,36,35,3026,33.6,3,7,10,3.3,2.5,7.0,40,12,30.0,0.08,0.25,-0.3,82.2,60,235,39,84,58,23,47,2385,1288,50.8,145,0.08922670191672175,0.2081956378056841,0.29742233972240584,0.0981493721083939,0.2081956378056841,1.1896893588896233,0.356906807666887,1.7845340383344348,8.14937210839392,2.4983476536682088,0.6840713813615334,4.312623925974884,1.3978849966953073
Kieran Tierney,sct SCO,"DF,FW",Arsenal,eng Premier League,27,13,2,259,2.9,1,0,1,0.4,0.4,1.4,2,1,50.0,0.5,1.0,0.6,83.8,8,15,8,7,5,3,9,199,108,50.0,6,0.3474903474903475,0.0,0.3474903474903475,0.138996138996139,0.48648648648648646,0.694980694980695,0.3474903474903475,2.77992277992278,7.992277992277993,2.4324324324324325,1.0424710424710424,2.0849420849420848,3.1274131274131274
Phillip Tietz,de GER,FW,Augsburg,de Bundesliga,27,34,19,1686,18.7,7,2,9,6.1,5.3,1.2,51,19,37.3,0.12,0.32,0.9,62.4,22,29,8,11,6,5,26,677,347,48.4,48,0.3736654804270462,0.10676156583629894,0.4804270462633452,0.3256227758007117,0.06405693950177935,2.7224199288256226,1.0142348754448398,1.1743772241992882,1.9750889679715302,0.5871886120996441,0.2669039145907473,2.562277580071174,1.387900355871886
Jurriën Timber,nl NED,DF,Arsenal,eng Premier League,23,30,27,2417,26.9,1,3,4,1.2,1.2,0.8,14,4,28.6,0.07,0.25,-0.2,85.6,17,146,57,58,38,22,44,1661,890,45.3,94,0.037236243276789406,0.11170872983036824,0.14894497310715762,0.044683491932147296,0.02978899462143153,0.5213074058750518,0.14894497310715762,0.6330161357054199,7.55895738518825,2.159702110053786,0.819197352089367,3.5002068680182044,1.638394704178734
Jean-Clair Todibo,fr FRA,DF,West Ham,eng Premier League,24,27,20,1825,20.3,0,0,0,0.4,0.4,0.0,5,0,0.0,0.0,,-0.4,87.9,2,38,9,47,28,26,83,1297,760,56.3,79,0.0,0.0,0.0,0.019726027397260273,0.0,0.24657534246575344,0.0,0.09863013698630137,2.317808219178082,2.317808219178082,1.2821917808219176,3.895890410958904,4.093150684931507
Harry Toffolo,eng ENG,DF,Nott'ham Forest,eng Premier League,28,4,1,137,1.5,0,0,0,0.0,0.0,0.0,1,0,0.0,0.0,,0.0,70.1,0,2,0,5,3,2,12,88,17,,2,0.0,0.0,0.0,0.0,0.0,0.656934306569343,0.0,0.0,1.313868613138686,3.284671532846715,1.313868613138686,1.313868613138686,7.883211678832117
Umut Tohumcu,de GER,"MF,FW",Hoffenheim,de Bundesliga,19,12,3,375,4.2,0,1,1,0.1,0.1,0.4,3,1,33.3,0.0,0.0,-0.1,82.7,3,13,3,9,5,3,6,169,91,57.1,13,0.0,0.24,0.24,0.024,0.096,0.72,0.24,0.72,3.84,2.16,0.72,3.1199999999999997,1.44
Corentin Tolisso,fr FRA,MF,Lyon,fr Ligue 1,29,32,27,2329,25.9,7,4,11,5.3,5.3,4.9,51,18,35.3,0.14,0.39,1.7,84.8,31,166,31,57,25,22,41,1917,1073,52.4,128,0.270502361528553,0.15457277801631603,0.42507513954486903,0.20480893087161872,0.18935165306998714,1.9708029197080292,0.6955775010734221,1.1979390296264492,7.612709317303564,2.202662086732503,0.8501502790897381,4.946328896522113,1.5843709746672392
John Tolkin,us USA,"DF,MF",Holstein Kiel,de Bundesliga,22,11,9,737,8.2,0,2,2,0.1,0.1,0.7,3,0,0.0,0.0,,-0.1,67.9,11,17,6,18,11,8,54,479,174,50.0,21,0.0,0.24423337856173674,0.24423337856173674,0.01221166892808684,0.08548168249660787,0.36635006784260515,0.0,1.3432835820895521,2.8086838534599727,2.198100407055631,0.976933514246947,2.564450474898236,6.5943012211668925
Rafael Tolói,it ITA,DF,Atalanta,it Serie A,33,11,2,468,5.2,0,0,0,0.1,0.1,0.2,3,0,0.0,0.0,,-0.1,87.7,3,26,5,10,5,8,11,340,195,66.7,33,0.0,0.0,0.0,0.019230769230769232,0.038461538461538464,0.5769230769230769,0.0,0.5769230769230769,5.961538461538462,1.9230769230769231,1.5384615384615385,6.346153846153846,2.1153846153846154
Raúl de Tomás,es ESP,"DF,FW",Rayo Vallecano,es La Liga,29,2,0,22,0.2,0,0,0,0.0,0.0,0.0,0,0,,,,0.0,83.3,0,0,0,2,2,0,0,11,8,0.0,2,0.0,0.0,0.0,0.0,0.0,0.0,0.0,0.0,0.0,8.181818181818182,0.0,8.181818181818182,0.0
Tiago Tomás,pt POR,"FW,MF",Wolfsburg,de Bundesliga,22,32,23,1884,20.9,6,1,7,5.4,5.4,2.6,42,20,47.6,0.14,0.3,0.6,69.3,20,50,31,33,19,9,19,782,503,36.3,74,0.28662420382165604,0.04777070063694267,0.3343949044585987,0.25796178343949044,0.12420382165605097,2.006369426751592,0.9554140127388534,0.9554140127388534,3.8694267515923566,1.5764331210191083,0.42993630573248404,3.535031847133758,0.9076433121019107
Takehiro Tomiyasu,jp JPN,DF,Arsenal,eng Premier League,25,1,0,7,0.1,0,0,0,0.2,0.2,0.0,1,0,0.0,0.0,,-0.2,75.0,0,1,0,0,0,0,1,7,1,,0,0.0,0.0,0.0,2.5714285714285716,0.0,12.857142857142856,0.0,0.0,12.857142857142856,0.0,0.0,0.0,12.857142857142856
Fikayo Tomori,eng ENG,DF,Milan,it Serie A,26,22,19,1593,17.7,0,1,1,0.1,0.1,0.7,2,0,0.0,0.0,,-0.1,92.4,8,63,8,40,25,20,61,1260,721,100.0,60,0.0,0.056497175141242945,0.056497175141242945,0.005649717514124294,0.03954802259887005,0.11299435028248589,0.0,0.45197740112994356,4.011299435028248,2.2598870056497176,1.1299435028248588,3.389830508474576,3.4463276836158188
Sandro Tonali,it ITA,MF,Newcastle Utd,eng Premier League,24,36,28,2630,29.2,4,2,6,4.4,4.4,2.2,35,12,34.3,0.11,0.33,-0.4,83.7,28,128,37,51,32,34,33,1818,979,54.1,177,0.13688212927756654,0.06844106463878327,0.20532319391634982,0.1505703422053232,0.0752851711026616,1.1977186311787071,0.41064638783269963,0.9581749049429658,5.646387832699619,1.7452471482889735,1.1634980988593155,6.057034220532319,1.129277566539924
Luka Topalović,si SVN,MF,Inter,it Serie A,18,1,0,11,0.1,0,0,0,0.0,0.0,0.0,0,0,,,,0.0,55.6,0,0,0,1,1,0,0,11,5,0.0,0,0.0,0.0,0.0,0.0,0.0,0.0,0.0,0.0,0.0,8.181818181818182,0.0,0.0,0.0
Pablo Torre,es ESP,"MF,FW",Barcelona,es La Liga,21,10,4,310,3.4,3,1,4,0.4,0.4,0.8,6,4,66.7,0.5,0.75,2.6,81.8,8,17,5,5,4,3,5,254,130,33.3,15,0.8709677419354839,0.2903225806451613,1.1612903225806452,0.11612903225806452,0.23225806451612904,1.7419354838709677,1.1612903225806452,2.3225806451612905,6.387096774193548,1.4516129032258065,0.8709677419354839,4.354838709677419,1.4516129032258065
David Torres,es ESP,DF,Valladolid,es La Liga,21,18,15,1387,15.4,0,0,0,0.3,0.3,0.0,3,1,33.3,0.0,0.0,-0.3,82.5,1,37,11,13,8,10,74,846,451,50.0,27,0.0,0.0,0.0,0.01946647440519106,0.0,0.1946647440519106,0.06488824801730353,0.06488824801730353,3.1146359048305694,0.8435472242249459,0.6488824801730353,1.7519826964671954,4.801730353280461
Ferrán Torres,es ESP,"FW,MF",Barcelona,es La Liga,24,27,12,1106,12.3,10,6,16,8.0,8.0,3.1,48,22,45.8,0.21,0.45,2.0,74.2,19,35,23,8,4,4,5,498,291,52.4,27,0.81374321880651,0.488245931283906,1.301989150090416,0.650994575045208,0.2522603978300181,3.905967450271248,1.790235081374322,1.546112115732369,4.719710669077758,0.650994575045208,0.325497287522604,2.1971066907775767,0.406871609403255
Pau Torres,es ESP,DF,Aston Villa,eng Premier League,27,24,23,2020,22.4,0,0,0,0.5,0.5,0.1,8,2,25.0,0.0,0.0,-0.5,88.9,3,97,40,21,15,10,75,1518,965,88.2,62,0.0,0.0,0.0,0.022277227722772276,0.004455445544554456,0.3564356435643564,0.0891089108910891,0.13366336633663367,6.1039603960396045,0.9356435643564357,0.44554455445544555,2.762376237623762,3.3415841584158414
Lucas Torró,es ESP,MF,Osasuna,es La Liga,30,35,35,2957,32.9,3,0,3,2.3,2.3,1.2,31,7,22.6,0.1,0.43,0.7,75.3,10,109,10,74,41,45,70,1706,736,66.7,172,0.09130875887724044,0.0,0.09130875887724044,0.07000338180588433,0.03652350355089618,0.9435238417314846,0.21305377071356105,0.30436252959080146,3.6219141021305377,2.252282718971931,1.3696313831586067,5.2350355089617855,2.1305377071356104
Lorenzo Tosto,it ITA,DF,Empoli,it Serie A,18,1,0,1,0.0,0,0,0,0.0,0.0,0.0,0,0,,,,0.0,100.0,0,0,0,0,0,0,0,4,3,,0,0.0,0.0,0.0,0.0,0.0,0.0,0.0,0.0,0.0,0.0,0.0,0.0,0.0
Abdoulaye Touré,gn GUI,MF,Le Havre,fr Ligue 1,30,28,26,2324,25.8,10,1,11,9.4,2.2,0.4,38,6,15.8,0.05,0.33,0.6,82.0,7,109,17,61,34,34,42,1354,714,51.5,160,0.3872633390705679,0.0387263339070568,0.4259896729776248,0.3640275387263339,0.01549053356282272,1.4716006884681585,0.2323580034423408,0.27108433734939763,4.879518072289157,2.3623063683304646,1.3166953528399312,6.196213425129087,1.6265060240963856
Bazoumana Touré,ci CIV,"FW,MF",Hoffenheim,de Bundesliga,18,13,7,609,6.8,0,3,3,1.4,1.4,1.9,19,5,26.3,0.0,0.0,-1.4,66.8,13,14,24,12,10,3,2,291,183,54.5,27,0.0,0.4433497536945813,0.4433497536945813,0.20689655172413793,0.28078817733990147,2.8078817733990147,0.7389162561576355,1.9211822660098523,5.615763546798029,1.7733990147783252,0.4433497536945813,3.9901477832512318,0.29556650246305416
Birama Touré,ml MLI,"MF,DF",Montpellier,fr Ligue 1,32,8,2,300,3.3,0,0,0,0.0,0.0,0.1,3,1,33.3,0.0,0.0,0.0,82.1,3,9,0,8,5,6,7,157,86,,14,0.0,0.0,0.0,0.0,0.030000000000000002,0.9,0.30000000000000004,0.9,2.6999999999999997,2.4000000000000004,1.8,4.2,2.1
Ousmane Toure,fr FRA,DF,Lille,fr Ligue 1,19,1,0,6,0.1,0,0,0,0.0,0.0,0.0,0,0,,,,0.0,66.7,0,2,0,0,0,1,2,8,4,,1,0.0,0.0,0.0,0.0,0.0,0.0,0.0,0.0,30.0,0.0,15.0,15.0,30.0
Souleymane Touré,fr FRA,DF,Udinese,it Serie A,21,12,11,733,8.1,1,0,1,0.4,0.4,0.0,4,2,50.0,0.25,0.5,0.6,91.7,2,26,6,7,6,9,17,585,378,50.0,23,0.12278308321964529,0.0,0.12278308321964529,0.04911323328785812,0.0,0.49113233287858116,0.24556616643929058,0.24556616643929058,3.9290586630286493,0.859481582537517,1.1050477489768076,2.824010914051842,2.0873124147339697
Lucas Tousart,fr FRA,MF,Union Berlin,de Bundesliga,27,15,6,561,6.2,0,1,1,0.4,0.4,0.5,9,5,55.6,0.0,0.0,-0.4,66.7,3,18,4,17,9,7,27,264,94,45.5,32,0.0,0.16042780748663102,0.16042780748663102,0.06417112299465241,0.08021390374331551,1.4438502673796794,0.8021390374331551,0.48128342245989303,3.5294117647058822,2.7272727272727275,1.1229946524064172,5.133689839572193,4.331550802139037
Conor Townsend,eng ENG,DF,Ipswich Town,eng Premier League,31,6,3,335,3.7,0,1,1,0.0,0.0,0.7,1,0,0.0,0.0,,0.0,63.0,4,8,2,11,8,4,16,172,53,,8,0.0,0.26865671641791045,0.26865671641791045,0.0,0.18805970149253728,0.26865671641791045,0.0,1.0746268656716418,2.6865671641791042,2.955223880597015,1.0746268656716418,2.1492537313432836,4.298507462686567
Adama Traoré,es ESP,"FW,MF",Fulham,eng Premier League,28,36,18,1772,19.7,2,7,9,4.0,4.0,4.9,39,12,30.8,0.05,0.17,-2.0,72.2,42,68,100,20,13,1,6,801,538,49.5,87,0.10158013544018057,0.3555304740406321,0.4571106094808126,0.20316027088036115,0.24887133182844245,1.9808126410835214,0.6094808126410836,2.1331828442437923,8.53273137697517,1.0158013544018059,0.05079006772009029,4.418735891647855,0.3047404063205418
Boubacar Traoré,ml MLI,MF,Wolves,eng Premier League,22,1,0,1,0.0,0,0,0,0.0,0.0,0.0,0,0,,,,0.0,,0,0,0,2,0,0,0,2,0,,0,0.0,0.0,0.0,0.0,0.0,0.0,0.0,0.0,0.0,180.0,0.0,0.0,0.0
Hamari Traoré,ml MLI,DF,Real Sociedad,es La Liga,32,11,9,700,7.8,0,1,1,0.0,0.0,0.2,1,0,0.0,0.0,,0.0,82.8,3,26,12,19,12,9,21,529,252,60.0,29,0.0,0.12857142857142856,0.12857142857142856,0.0,0.025714285714285717,0.12857142857142856,0.0,0.38571428571428573,4.885714285714285,2.4428571428571426,1.157142857142857,3.728571428571428,2.6999999999999997
Omar Traoré,de GER,DF,Heidenheim,de Bundesliga,26,30,30,2616,29.1,0,1,1,0.5,0.5,1.6,16,3,18.8,0.0,0.0,-0.5,70.7,20,117,103,50,26,21,66,1712,922,39.1,136,0.0,0.034403669724770644,0.034403669724770644,0.017201834862385322,0.05504587155963303,0.5504587155963303,0.10321100917431193,0.6880733944954128,7.568807339449541,1.720183486238532,0.7224770642201835,4.678899082568807,2.2706422018348627
Óscar Trejo,ar ARG,MF,Rayo Vallecano,es La Liga,36,19,6,496,5.5,1,0,1,0.6,0.6,1.0,5,2,40.0,0.2,0.5,0.4,83.7,9,37,15,8,5,4,5,409,227,36.4,25,0.1814516129032258,0.0,0.1814516129032258,0.10887096774193548,0.1814516129032258,0.907258064516129,0.3629032258064516,1.6330645161290325,9.435483870967742,1.4516129032258065,0.7258064516129032,4.536290322580645,0.907258064516129
Philipp Treu,de GER,"MF,DF",St. Pauli,de Bundesliga,23,33,33,2881,32.0,0,2,2,1.2,1.2,2.5,19,4,21.1,0.0,0.0,-1.2,80.0,22,105,58,61,42,19,87,1867,825,33.3,147,0.0,0.062478306143700105,0.062478306143700105,0.03748698368622006,0.07809788267962513,0.5935439083651509,0.12495661228740021,0.6872613675807012,5.091981950711558,1.9055883373828533,0.5935439083651509,4.592155501561958,2.717806317250955
Ryan Trevitt,eng ENG,MF,Brentford,eng Premier League,21,1,0,4,0.0,0,0,0,0.0,0.0,0.0,0,0,,,,0.0,57.1,0,0,0,1,1,0,0,7,4,,2,0.0,0.0,0.0,0.0,0.0,0.0,0.0,0.0,0.0,22.5,0.0,45.0,0.0
Christopher Trimmel,at AUT,"DF,MF",Union Berlin,de Bundesliga,37,26,20,1740,19.3,0,3,3,0.2,0.2,2.1,9,3,33.3,0.0,0.0,-0.2,60.5,35,73,18,38,25,18,92,979,365,25.0,63,0.0,0.15517241379310345,0.15517241379310345,0.010344827586206898,0.10862068965517242,0.46551724137931033,0.15517241379310345,1.8103448275862069,4.706896551724138,1.9655172413793103,0.9310344827586207,3.2586206896551726,4.758620689655173
Kieran Trippier,eng ENG,DF,Newcastle Utd,eng Premier League,33,25,14,1309,14.5,0,3,3,0.1,0.1,1.4,4,0,0.0,0.0,,-0.1,82.5,22,117,26,38,21,12,49,1388,609,50.0,68,0.0,0.20626432391138275,0.20626432391138275,0.006875477463712759,0.0962566844919786,0.2750190985485103,0.0,1.5126050420168067,9.831932773109244,2.6126814362108477,0.825057295645531,4.675324675324676,3.368983957219251
Leandro Trossard,be BEL,FW,Arsenal,eng Premier League,29,38,28,2546,28.3,8,7,15,7.2,7.2,6.1,72,21,29.2,0.11,0.38,0.8,74.5,41,101,80,31,20,9,18,1278,828,44.2,104,0.2827965435978005,0.2474469756480754,0.5302435192458759,0.25451688923802046,0.21563236449332285,2.5451688923802043,0.7423409269442263,1.4493322859387272,6.398271798900236,1.0958366064414768,0.31814611154752553,3.676355066771406,0.6362922230950511
Adrien Truffert,fr FRA,"DF,MF",Rennes,fr Ligue 1,22,33,31,2752,30.6,2,2,4,2.4,2.3,3.2,23,10,43.5,0.09,0.2,-0.4,78.9,39,104,69,61,36,27,56,1906,971,36.4,139,0.06540697674418605,0.06540697674418605,0.1308139534883721,0.07848837209302326,0.10465116279069767,0.7521802325581395,0.3270348837209302,1.275436046511628,5.657703488372093,1.9949127906976745,0.8829941860465116,4.5457848837209305,1.8313953488372094
Kostas Tsimikas,gr GRE,DF,Liverpool,eng Premier League,28,18,9,837,9.3,0,1,1,0.4,0.4,2.1,4,2,50.0,0.0,0.0,-0.4,84.1,16,76,17,31,20,11,20,741,368,41.7,31,0.0,0.1075268817204301,0.1075268817204301,0.043010752688172046,0.22580645161290322,0.4301075268817204,0.2150537634408602,1.7204301075268815,10.0,3.333333333333333,1.1827956989247312,3.333333333333333,2.1505376344086025
Viktor Tsyhankov,ua UKR,"FW,MF",Girona,es La Liga,26,27,23,1913,21.3,2,5,7,2.8,2.8,3.9,35,9,25.7,0.06,0.22,-0.8,74.2,33,65,62,19,12,15,16,1064,650,42.9,69,0.09409304756926293,0.23523261892315733,0.3293256664924203,0.1317302665969681,0.18348144276006273,1.6466283324621014,0.42341871406168324,1.5525352848928387,5.974908520648196,0.8938839519079979,0.7056978567694719,3.2462101411395716,0.7527443805541034
Axel Tuanzebe,cd COD,DF,Ipswich Town,eng Premier League,26,22,20,1710,19.0,0,1,1,0.2,0.2,0.3,4,0,0.0,0.0,,-0.2,83.8,5,61,10,31,19,23,56,971,402,40.0,49,0.0,0.052631578947368425,0.052631578947368425,0.010526315789473684,0.015789473684210527,0.2105263157894737,0.0,0.2631578947368421,3.736842105263158,1.631578947368421,1.2105263157894737,2.5789473684210527,2.947368421052632
Beñat Turrientes,es ESP,MF,Real Sociedad,es La Liga,22,21,11,942,10.5,0,0,0,0.6,0.6,0.2,7,1,14.3,0.0,0.0,-0.6,89.6,3,42,18,15,6,5,14,561,317,54.2,45,0.0,0.0,0.0,0.057324840764331204,0.01910828025477707,0.6687898089171974,0.09554140127388534,0.28662420382165604,5.732484076433121,1.4331210191082802,0.4777070063694267,4.299363057324841,1.3375796178343948
Tuta,br BRA,"DF,MF",Eint Frankfurt,de Bundesliga,25,30,26,2274,25.3,2,1,3,1.1,1.1,0.3,13,5,38.5,0.15,0.4,0.9,87.7,4,78,11,44,27,40,135,1772,1007,76.5,120,0.079155672823219,0.0395778364116095,0.11873350923482849,0.04353562005277045,0.011873350923482849,0.5145118733509235,0.1978891820580475,0.158311345646438,3.522427440633245,1.7414248021108178,1.58311345646438,4.74934036939314,5.3430079155672825
Christantus Uche,ng NGA,"FW,MF",Getafe,es La Liga,21,33,30,2486,27.6,4,6,10,3.8,3.8,2.9,50,14,28.0,0.08,0.29,0.2,65.4,29,49,43,35,21,10,19,971,553,35.2,110,0.14481094127111827,0.21721641190667737,0.36202735317779566,0.13757039420756234,0.10498793242156074,1.8101367658889782,0.5068382944489139,1.0498793242156075,3.3306516492357203,1.2670957361222848,0.36202735317779566,3.982300884955752,0.6878519710378117
Destiny Udogie,it ITA,DF,Tottenham,eng Premier League,21,25,24,1924,21.4,0,1,1,0.3,0.3,1.5,5,1,20.0,0.0,0.0,-0.3,87.2,16,121,54,75,47,22,36,1376,758,40.6,111,0.0,0.04677754677754678,0.04677754677754678,0.014033264033264032,0.07016632016632017,0.2338877338877339,0.04677754677754678,0.7484407484407485,8.186070686070687,3.5083160083160085,1.0291060291060292,5.1923076923076925,1.683991683991684
Manuel Ugarte Ribeiro,uy URU,MF,Manchester Utd,eng Premier League,23,29,22,1785,19.8,1,2,3,1.0,1.0,1.1,19,4,21.1,0.05,0.25,0.0,87.9,10,61,16,77,49,27,17,1161,668,56.3,122,0.050420168067226885,0.10084033613445377,0.1512605042016807,0.050420168067226885,0.055462184873949584,0.957983193277311,0.20168067226890754,0.5042016806722689,3.8823529411764706,3.8823529411764706,1.361344537815126,6.15126050420168,0.8571428571428572
Lesley Ugochukwu,fr FRA,MF,Southampton,eng Premier League,20,26,18,1655,18.4,1,1,2,0.9,0.9,1.0,10,1,10.0,0.1,1.0,0.1,85.0,14,49,29,50,24,14,23,879,479,67.9,67,0.054380664652567974,0.054380664652567974,0.10876132930513595,0.04894259818731118,0.054380664652567974,0.5438066465256798,0.054380664652567974,0.7613293051359517,4.241691842900302,2.719033232628399,0.7613293051359517,3.643504531722054,1.2507552870090635
Lukas Ullrich,de GER,DF,Gladbach,de Bundesliga,20,26,24,1903,21.1,1,2,3,0.9,0.9,1.8,8,2,25.0,0.13,0.5,0.1,76.1,8,39,31,25,16,23,74,1073,531,33.3,73,0.04729374671571203,0.09458749343142406,0.1418812401471361,0.042564372044140826,0.08512874408828165,0.37834997372569623,0.09458749343142406,0.37834997372569623,3.310562270099842,1.1823436678928008,1.0877561744613768,3.452443510246978,3.499737256962691
Enes Ünal,tr TUR,"FW,MF",Bournemouth,eng Premier League,27,17,2,345,3.8,2,1,3,2.7,2.7,0.4,20,7,35.0,0.1,0.29,-0.7,63.6,4,12,4,1,0,0,6,172,91,8.3,16,0.5217391304347826,0.2608695652173913,0.782608695652174,0.7043478260869566,0.10434782608695652,5.217391304347826,1.826086956521739,1.0434782608695652,4.173913043478261,0.2608695652173913,0.0,4.173913043478261,1.565217391304348
Deniz Undav,de GER,"FW,MF",Stuttgart,de Bundesliga,28,27,20,1726,19.2,9,3,12,11.7,11.7,3.6,75,31,41.3,0.12,0.29,-2.7,73.2,26,70,31,11,10,3,10,797,469,41.7,48,0.46929316338354576,0.1564310544611819,0.6257242178447276,0.6100811123986094,0.1877172653534183,3.910776361529548,1.6164542294322133,1.3557358053302433,5.266512166859791,0.5735805330243336,0.1564310544611819,2.5028968713789106,0.5214368482039398
Naci Ünüvar,nl NED,"MF,DF",Espanyol,es La Liga,21,2,0,31,0.3,0,0,0,0.0,0.0,0.0,1,0,0.0,0.0,,0.0,72.2,1,1,1,2,2,0,0,23,14,0.0,3,0.0,0.0,0.0,0.0,0.0,2.903225806451613,0.0,2.903225806451613,5.806451612903226,5.806451612903226,0.0,8.709677419354838,0.0
Dayot Upamecano,fr FRA,DF,Bayern Munich,de Bundesliga,25,20,20,1759,19.5,2,0,2,1.2,1.2,0.5,13,6,46.2,0.15,0.33,0.8,93.9,7,137,17,36,22,34,45,2101,1440,50.0,115,0.1023308698123934,0.0,0.1023308698123934,0.06139852188743604,0.02558271745309835,0.6651506537805572,0.3069926094371802,0.35815804434337695,7.879476975554293,1.8419556566230812,1.739624786810688,5.884025014212621,2.3024445707788517
Kacper Urbanski,pl POL,MF,Bologna,it Serie A,19,7,1,247,2.7,1,0,1,0.3,0.3,0.5,4,1,25.0,0.25,1.0,0.7,84.1,9,15,5,5,2,2,5,163,107,60.0,16,0.3643724696356275,0.0,0.3643724696356275,0.10931174089068826,0.18218623481781376,1.45748987854251,0.3643724696356275,3.2793522267206474,7.287449392712551,1.8218623481781377,0.728744939271255,5.82995951417004,1.8218623481781377
Kacper Urbanski,pl POL,MF,Monza,it Serie A,19,8,6,500,5.6,0,0,0,0.1,0.1,0.1,5,1,20.0,0.0,0.0,-0.1,86.3,4,41,10,5,3,2,9,304,187,37.5,23,0.0,0.0,0.0,0.018000000000000002,0.018000000000000002,0.9,0.18,0.72,9.18,0.9,0.36,4.14,1.6199999999999999
Can Uzun,tr TUR,"MF,FW",Eint Frankfurt,de Bundesliga,18,20,6,675,7.5,4,1,5,3.0,3.0,1.1,27,11,40.7,0.15,0.36,1.0,79.9,14,42,11,10,4,1,3,395,265,50.0,31,0.5333333333333333,0.13333333333333333,0.6666666666666667,0.4,0.14666666666666667,3.6,1.4666666666666666,1.8666666666666667,7.066666666666666,1.3333333333333335,0.13333333333333333,4.133333333333333,0.4
Josha Vagnoman,de GER,"DF,MF",Stuttgart,de Bundesliga,23,26,19,1834,20.4,1,1,2,1.5,1.5,2.1,15,6,40.0,0.07,0.17,-0.5,80.4,22,47,24,26,14,14,57,1105,541,28.6,92,0.04907306434023991,0.04907306434023991,0.09814612868047982,0.07360959651035986,0.10305343511450382,0.7360959651035988,0.29443838604143946,1.0796074154852782,3.484187568157034,1.2758996728462377,0.6870229007633587,4.514721919302072,2.797164667393675
Lautaro Valenti,ar ARG,DF,Parma,it Serie A,25,20,18,1556,17.3,1,0,1,0.2,0.2,0.2,7,2,28.6,0.14,0.5,0.8,84.5,4,28,3,17,12,13,94,1011,556,0.0,48,0.05784061696658097,0.0,0.05784061696658097,0.011568123393316197,0.011568123393316197,0.40488431876606684,0.11568123393316194,0.2313624678663239,1.7930591259640103,0.9832904884318766,0.7519280205655526,2.776349614395887,5.4370179948586115
Óscar Valentín,es ESP,MF,Rayo Vallecano,es La Liga,29,34,18,1835,20.4,0,0,0,0.4,0.4,0.9,5,1,20.0,0.0,0.0,-0.4,82.9,13,86,13,55,41,21,51,1068,509,45.5,109,0.0,0.0,0.0,0.019618528610354225,0.044141689373297,0.24523160762942778,0.04904632152588556,0.6376021798365122,4.85558583106267,2.6975476839237054,1.0299727520435968,5.346049046321526,2.501362397820164
Nicolás Valentini,ar ARG,DF,Hellas Verona,it Serie A,23,14,13,1129,12.5,0,0,0,0.3,0.3,0.8,8,0,0.0,0.0,,-0.3,67.5,6,42,4,35,23,15,97,654,268,100.0,43,0.0,0.0,0.0,0.02391496899911426,0.0637732506643047,0.6377325066430469,0.0,0.47829937998228517,3.66696191319752,2.7900797165633304,1.195748449955713,3.4278122232063777,7.732506643046944
Germán Valera,es ESP,MF,Valencia,es La Liga,22,8,1,148,1.6,0,0,0,0.1,0.1,0.0,3,2,66.7,0.0,0.0,-0.1,72.3,1,2,1,1,1,4,2,73,46,37.5,4,0.0,0.0,0.0,0.060810810810810814,0.0,1.8243243243243243,1.2162162162162162,0.6081081081081081,1.8243243243243243,0.6081081081081081,2.4324324324324325,2.4324324324324325,1.2162162162162162
Emanuele Valeri,it ITA,DF,Parma,it Serie A,25,35,34,2873,31.9,2,6,8,1.8,1.0,4.7,26,4,15.4,0.04,0.25,0.2,65.6,36,93,79,51,31,29,103,1528,740,25.5,124,0.06265227984684998,0.18795683954054995,0.25060911938739994,0.05638705186216499,0.14723285764009747,0.8144796380090499,0.12530455969369997,1.1277410372432997,5.388096066829099,1.5976331360946745,0.9084580577793249,3.884441350504699,3.226592412112774
Martin Valjent,sk SVK,DF,Mallorca,es La Liga,28,31,31,2763,30.7,3,0,3,0.8,0.8,0.1,12,5,41.7,0.25,0.6,2.2,85.9,4,91,23,30,21,18,195,1723,948,60.0,102,0.09771986970684039,0.0,0.09771986970684039,0.026058631921824105,0.003257328990228013,0.39087947882736157,0.16286644951140064,0.13029315960912052,3.7133550488599347,0.9771986970684039,0.5863192182410424,3.3224755700325734,6.351791530944626
Álex Valle,es ESP,DF,Como,it Serie A,20,15,12,1030,11.4,0,0,0,0.3,0.3,0.7,9,1,11.1,0.0,0.0,-0.3,85.0,11,44,19,26,12,8,42,799,425,50.0,51,0.0,0.0,0.0,0.026213592233009706,0.06116504854368932,0.7864077669902912,0.08737864077669903,0.9611650485436893,5.504854368932039,2.2718446601941746,0.6990291262135923,4.456310679611651,3.6699029126213594
Jesús Vallejo,es ESP,DF,Real Madrid,es La Liga,27,4,1,138,1.5,0,1,1,0.0,0.0,0.1,0,0,,,,0.0,89.6,2,5,0,0,0,2,8,78,50,,8,0.0,0.6521739130434783,0.6521739130434783,0.0,0.06521739130434782,0.0,0.0,1.3043478260869565,3.2608695652173916,0.0,1.3043478260869565,5.217391304347826,5.217391304347826
Mattia Valoti,it ITA,MF,Monza,it Serie A,30,5,0,40,0.4,0,0,0,0.0,0.0,0.0,0,0,,,,0.0,63.2,0,0,0,3,3,0,2,27,7,,3,0.0,0.0,0.0,0.0,0.0,0.0,0.0,0.0,0.0,6.75,0.0,6.75,4.5
Federico Valverde,uy URU,"MF,DF",Real Madrid,es La Liga,26,36,34,3032,33.7,6,4,10,2.7,2.7,3.1,57,22,38.6,0.11,0.27,3.3,89.9,39,226,66,50,30,55,52,2543,1525,57.1,174,0.17810026385224276,0.11873350923482849,0.29683377308707126,0.08014511873350924,0.09201846965699209,1.6919525065963061,0.6530343007915568,1.1576517150395778,8.66754617414248,1.4841688654353562,1.6325857519788918,5.16490765171504,1.5435356200527703
Ignace Van Der Brempt,be BEL,DF,Como,it Serie A,22,20,14,1257,14.0,0,1,1,0.5,0.5,0.5,7,3,42.9,0.0,0.0,-0.5,81.1,10,42,19,40,32,17,34,841,432,46.4,59,0.0,0.07159904534606205,0.07159904534606205,0.03579952267303103,0.03579952267303103,0.5011933174224343,0.21479713603818618,0.7159904534606205,4.3675417661097855,2.863961813842482,1.2171837708830548,4.2243436754176615,2.4343675417661097
Siebe Van Der Heyden,be BEL,"DF,MF",Mallorca,es La Liga,26,2,1,97,1.1,0,0,0,0.0,0.0,0.1,1,0,0.0,0.0,,0.0,89.0,1,5,1,1,1,2,3,83,57,33.3,5,0.0,0.0,0.0,0.0,0.09278350515463918,0.9278350515463918,0.0,0.9278350515463918,5.56701030927835,0.9278350515463918,1.8556701030927836,4.639175257731958,2.783505154639175
Siebe Van Der Heyden,be BEL,"DF,MF",St. Pauli,de Bundesliga,26,13,11,872,9.7,1,0,1,1.7,1.7,0.0,3,2,66.7,0.33,0.5,-0.7,79.3,2,28,10,17,10,17,43,602,265,20.0,32,0.10321100917431193,0.0,0.10321100917431193,0.17545871559633028,0.0,0.3096330275229358,0.20642201834862386,0.20642201834862386,3.9220183486238533,1.7545871559633028,1.7545871559633028,3.302752293577982,4.438073394495413
Virgil van Dijk,nl NED,DF,Liverpool,eng Premier League,33,37,37,3330,37.0,3,1,4,2.2,2.2,0.7,27,8,29.6,0.11,0.38,0.8,91.6,12,198,22,38,20,56,190,3301,1856,60.0,115,0.08108108108108109,0.027027027027027025,0.1081081081081081,0.05945945945945946,0.018918918918918916,0.7297297297297298,0.2162162162162162,0.32432432432432434,5.945945945945946,1.027027027027027,1.5135135135135136,3.108108108108108,5.135135135135135
Vanderson,br BRA,DF,Monaco,fr Ligue 1,23,29,23,2064,22.9,1,3,4,2.2,2.2,3.1,21,8,38.1,0.05,0.13,-1.2,77.7,23,102,57,76,48,39,65,1714,876,50.0,153,0.0436046511627907,0.1308139534883721,0.1744186046511628,0.09593023255813954,0.13517441860465115,0.9156976744186047,0.3488372093023256,1.002906976744186,6.933139534883721,3.313953488372093,1.7005813953488371,6.671511627906978,2.8343023255813953
Jamie Vardy,eng ENG,FW,Leicester City,eng Premier League,37,35,35,2823,31.4,9,4,13,11.2,9.6,3.0,56,23,41.1,0.14,0.35,-2.2,66.3,19,22,29,19,13,5,24,586,285,47.8,39,0.2869287991498406,0.1275239107332625,0.41445270988310307,0.35706695005313493,0.09564293304994687,1.785334750265675,0.7332624867162593,0.6057385759829969,1.6259298618490967,0.6057385759829969,0.1594048884165781,1.2433581296493093,0.7651434643995749
Ruben Vargas,ch SUI,"FW,MF",Sevilla,es La Liga,25,11,9,671,7.5,2,1,3,2.0,2.0,0.8,17,5,29.4,0.12,0.4,0.0,67.2,13,14,29,7,4,3,10,362,186,36.4,31,0.26825633383010433,0.13412816691505217,0.40238450074515647,0.26825633383010433,0.10730253353204172,2.2801788375558867,0.6706408345752608,1.743666169895678,5.767511177347243,0.9388971684053652,0.40238450074515647,4.157973174366617,1.3412816691505216
Ruben Vargas,ch SUI,"MF,FW",Augsburg,de Bundesliga,25,8,3,305,3.4,0,0,0,0.7,0.7,0.7,9,1,11.1,0.0,0.0,-0.7,83.7,6,13,9,2,1,2,1,179,109,50.0,14,0.0,0.0,0.0,0.20655737704918034,0.20655737704918034,2.655737704918033,0.29508196721311475,1.7704918032786887,6.491803278688525,0.5901639344262295,0.5901639344262295,4.131147540983607,0.29508196721311475
Johan Vásquez,mx MEX,DF,Genoa,it Serie A,25,36,34,3041,33.8,3,0,3,2.4,2.4,0.3,36,8,22.2,0.08,0.38,0.6,84.7,7,96,37,56,31,50,150,2190,1202,71.4,122,0.0887865833607366,0.0,0.0887865833607366,0.07102926668858928,0.00887865833607366,1.0654390003288392,0.23676422229529762,0.20716869450838538,3.9362051956593227,1.657349556067083,1.47977638934561,3.610654390003288,4.43932916803683
Denis Vavro,sk SVK,DF,Wolfsburg,de Bundesliga,28,29,27,2461,27.3,2,0,2,1.4,1.4,0.2,25,6,24.0,0.08,0.33,0.6,86.9,7,96,9,21,13,37,234,1901,1036,50.0,89,0.0731409995936611,0.0,0.0731409995936611,0.051198699715562776,0.007314099959366112,0.9142624949207638,0.21942299878098334,0.2559934985778139,3.839902478667208,0.7679804957334416,1.3531084924827306,3.254774481917919,8.55749695245835
José Luis García Vayá,es ESP,MF,Valencia,es La Liga,25,34,18,1742,19.4,2,2,4,2.1,0.5,2.1,12,4,33.3,0.0,0.0,-0.1,78.4,32,142,13,43,25,19,42,1406,645,61.5,99,0.10332950631458095,0.10332950631458095,0.2066590126291619,0.10849598163030999,0.10849598163030999,0.6199770378874856,0.2066590126291619,1.6532721010332951,8.008036739380023,2.22158438576349,0.981630309988519,5.114810562571757,2.1699196326061996
Robinio Vaz,fr FRA,FW,Marseille,fr Ligue 1,17,2,0,75,0.8,0,0,0,0.5,0.5,0.0,2,0,0.0,0.0,,-0.5,25.0,0,0,3,1,1,0,2,20,12,0.0,1,0.0,0.0,0.0,0.6000000000000001,0.0,2.4000000000000004,0.0,0.0,3.6,1.2000000000000002,0.0,1.2000000000000002,2.4000000000000004
Jesus Vazquez,es ESP,DF,Valencia,es La Liga,21,19,10,919,10.2,0,0,0,0.1,0.1,0.6,5,1,20.0,0.0,0.0,-0.1,77.2,3,21,32,23,18,10,30,586,250,38.9,42,0.0,0.0,0.0,0.009793253536452667,0.05875952121871599,0.4896626768226333,0.09793253536452666,0.29379760609357997,5.190424374319913,2.252448313384113,0.9793253536452666,4.11316648531012,2.9379760609358
Lucas Vázquez,es ESP,DF,Real Madrid,es La Liga,33,32,25,2189,24.3,1,5,6,1.4,1.4,4.7,15,3,20.0,0.07,0.33,-0.4,87.1,33,99,37,58,34,17,35,1850,1031,52.8,83,0.04111466423024212,0.20557332115121058,0.24668798538145273,0.05756052992233897,0.19323892188213795,0.6167199634536318,0.12334399269072636,1.3567839195979898,5.591594335312928,2.384650525354043,0.698949291914116,3.4125171311100964,1.4390132480584743
Matías Vecino,uy URU,MF,Lazio,it Serie A,32,20,7,877,9.7,2,3,5,2.3,2.3,2.4,16,4,25.0,0.13,0.5,-0.3,81.1,11,29,4,13,7,5,15,475,231,100.0,29,0.20524515393386544,0.30786773090079816,0.5131128848346637,0.23603192702394526,0.24629418472063852,1.6419612314709235,0.4104903078677309,1.12884834663626,3.3865450399087798,1.3340935005701255,0.5131128848346637,2.9760547320410486,1.5393386545039909
Danilo Veiga,pt POR,DF,Lecce,it Serie A,21,13,2,374,4.2,0,0,0,0.6,0.6,0.3,5,0,0.0,0.0,,-0.6,64.6,6,10,10,8,6,4,14,225,111,42.9,19,0.0,0.0,0.0,0.1443850267379679,0.07219251336898395,1.2032085561497325,0.0,1.4438502673796794,4.81283422459893,1.9251336898395721,0.9625668449197861,4.572192513368984,3.368983957219251
Renato Veiga,pt POR,"DF,MF",Chelsea,eng Premier League,21,7,1,181,2.0,0,0,0,0.1,0.1,0.0,3,1,33.3,0.0,0.0,-0.1,84.9,0,7,4,9,6,1,2,167,85,60.0,9,0.0,0.0,0.0,0.04972375690607735,0.0,1.4917127071823204,0.49723756906077343,0.0,5.469613259668508,4.475138121546961,0.49723756906077343,4.475138121546961,0.9944751381215469
Renato Veiga,pt POR,DF,Juventus,it Serie A,21,13,12,1093,12.1,0,1,1,1.0,1.0,0.1,12,5,41.7,0.0,0.0,-1.0,88.0,2,40,9,17,12,19,81,727,388,100.0,38,0.0,0.08234217749313816,0.08234217749313816,0.08234217749313816,0.008234217749313816,0.9881061299176578,0.4117108874656908,0.16468435498627632,4.03476669716377,1.3998170173833486,1.5645013723696248,3.1290027447392497,6.669716376944191
Alejo Véliz,ar ARG,FW,Espanyol,es La Liga,20,27,10,1127,12.5,1,0,1,2.3,2.3,0.6,19,6,31.6,0.05,0.17,-1.3,65.2,3,8,2,1,1,4,23,317,123,20.0,20,0.07985803016858918,0.0,0.07985803016858918,0.18367346938775508,0.04791481810115351,1.5173025732031942,0.479148181011535,0.2395740905057675,0.7985803016858918,0.07985803016858918,0.3194321206743567,1.5971606033717836,1.8367346938775508
Miloš Veljković,rs SRB,DF,Werder Bremen,de Bundesliga,28,14,11,1029,11.4,0,1,1,0.6,0.6,0.2,2,1,50.0,0.0,0.0,-0.6,86.7,3,64,9,10,5,2,47,738,460,,32,0.0,0.08746355685131195,0.08746355685131195,0.052478134110787174,0.01749271137026239,0.1749271137026239,0.08746355685131195,0.26239067055393583,6.384839650145772,0.8746355685131195,0.1749271137026239,2.7988338192419824,4.110787172011662
Joël Veltman,nl NED,DF,Brighton,eng Premier League,32,21,19,1697,18.9,0,0,0,0.5,0.5,0.5,6,1,16.7,0.0,0.0,-0.5,80.2,6,85,32,43,29,19,66,1133,548,26.7,68,0.0,0.0,0.0,0.026517383618149676,0.026517383618149676,0.3182086034177961,0.05303476723629935,0.3182086034177961,6.205067766647024,2.280494991160872,1.0076605774896876,3.606364172068356,3.500294637595757
Micky van de Ven,nl NED,DF,Tottenham,eng Premier League,23,13,12,1015,11.3,0,2,2,0.6,0.6,1.2,6,2,33.3,0.0,0.0,-0.6,90.9,2,51,8,10,6,10,39,895,620,50.0,63,0.0,0.1773399014778325,0.1773399014778325,0.05320197044334975,0.1064039408866995,0.5320197044334976,0.1773399014778325,0.1773399014778325,5.23152709359606,0.8866995073891626,0.8866995073891626,5.586206896551724,3.458128078817734
Lorenzo Venturino,it ITA,"FW,MF",Genoa,it Serie A,18,6,1,167,1.9,2,0,2,0.7,0.7,0.2,4,3,75.0,0.5,0.67,1.3,50.9,3,7,5,5,3,0,5,86,39,66.7,8,1.0778443113772456,0.0,1.0778443113772456,0.3772455089820359,0.10778443113772455,2.155688622754491,1.6167664670658681,1.6167664670658681,6.4670658682634725,2.694610778443114,0.0,4.311377245508982,2.694610778443114
Nikolas Veratschnig,at AUT,"DF,MF",Mainz 05,de Bundesliga,21,15,2,364,4.0,0,0,0,0.2,0.2,0.3,7,1,14.3,0.0,0.0,-0.2,72.6,5,7,7,9,6,5,8,200,99,18.2,12,0.0,0.0,0.0,0.04945054945054945,0.07417582417582418,1.7307692307692308,0.24725274725274726,1.2362637362637363,3.4615384615384617,2.2252747252747254,1.2362637362637363,2.967032967032967,1.978021978021978
Simone Verdi,it ITA,"MF,FW",Como,it Serie A,32,9,0,115,1.3,0,0,0,0.1,0.1,0.5,2,2,100.0,0.0,0.0,-0.1,51.7,6,5,3,2,2,0,2,75,44,100.0,5,0.0,0.0,0.0,0.0782608695652174,0.391304347826087,1.565217391304348,1.565217391304348,4.695652173913043,6.260869565217392,1.565217391304348,0.0,3.9130434782608696,1.565217391304348
Jordan Veretout,fr FRA,MF,Lyon,fr Ligue 1,31,27,19,1553,17.3,2,0,2,1.9,1.9,0.6,21,9,42.9,0.1,0.22,0.1,83.9,13,99,35,30,14,5,23,1085,597,55.6,88,0.1159047005795235,0.0,0.1159047005795235,0.11010946555054732,0.03477141017385705,1.2169993560849968,0.5215711526078557,0.7533805537669027,7.765614938828074,1.7385705086928527,0.2897617514488087,5.0998068254990345,1.3329040566645203
Arthur Vermeeren,be BEL,MF,RB Leipzig,de Bundesliga,19,28,18,1572,17.5,0,2,2,0.4,0.4,0.9,4,1,25.0,0.0,0.0,-0.4,86.1,12,77,14,32,19,23,25,1109,536,40.0,94,0.0,0.11450381679389314,0.11450381679389314,0.022900763358778626,0.05152671755725191,0.22900763358778628,0.05725190839694657,0.6870229007633587,5.209923664122137,1.8320610687022902,1.3167938931297711,5.3816793893129775,1.4312977099236641
Yorbe Vertessen,be BEL,"MF,FW",Union Berlin,de Bundesliga,23,17,7,718,8.0,1,0,1,1.3,1.3,1.6,27,5,18.5,0.04,0.2,-0.3,66.2,15,16,18,6,3,3,6,342,194,37.3,32,0.12534818941504178,0.0,0.12534818941504178,0.16295264623955433,0.20055710306406685,3.384401114206128,0.6267409470752089,1.8802228412256268,4.26183844011142,0.7520891364902508,0.3760445682451254,4.011142061281337,0.7520891364902508
Mikel Vesga,es ESP,MF,Athletic Club,es La Liga,31,25,10,988,11.0,0,0,0,1.2,0.4,1.0,5,2,40.0,0.0,0.0,-1.2,79.6,12,64,10,22,15,15,26,653,291,58.3,66,0.0,0.0,0.0,0.10931174089068826,0.09109311740890688,0.45546558704453444,0.18218623481781376,1.0931174089068827,6.7408906882591095,2.004048582995951,1.3663967611336032,6.012145748987855,2.3684210526315788
Jannik Vestergaard,dk DEN,DF,Leicester City,eng Premier League,31,18,16,1391,15.5,0,0,0,0.1,0.1,0.1,3,2,66.7,0.0,0.0,-0.1,90.7,3,32,3,22,10,16,74,1092,672,100.0,46,0.0,0.0,0.0,0.006470165348670022,0.006470165348670022,0.19410496046010065,0.12940330697340044,0.19410496046010065,2.2645578720345076,1.4234363767074047,1.0352264557872035,2.97627606038821,4.787922358015816
Ben Viadere,fr FRA,MF,Auxerre,fr Ligue 1,18,1,0,5,0.1,0,0,0,0.0,0.0,0.0,0,0,,,,0.0,33.3,1,0,1,0,0,0,0,7,4,50.0,0,0.0,0.0,0.0,0.0,0.0,0.0,0.0,18.0,18.0,0.0,0.0,0.0,0.0
Carlos Vicente,es ESP,"FW,MF",Alavés,es La Liga,25,37,35,3092,34.4,5,5,10,3.5,2.7,5.4,35,13,37.1,0.11,0.31,1.5,63.2,63,68,104,47,31,14,40,1551,781,32.1,133,0.14553686934023286,0.14553686934023286,0.2910737386804657,0.101875808538163,0.1571798188874515,1.01875808538163,0.3783958602846054,1.833764553686934,5.00646830530401,1.368046571798189,0.407503234152652,3.8712807244501937,1.1642949547218628
Pau Victor,es ESP,FW,Barcelona,es La Liga,22,21,2,319,3.5,2,1,3,3.0,3.0,0.9,14,8,57.1,0.14,0.25,-1.0,81.0,8,11,6,3,1,2,5,170,92,58.3,14,0.5642633228840125,0.28213166144200624,0.8463949843260189,0.8463949843260189,0.2539184952978057,3.949843260188088,2.25705329153605,2.25705329153605,4.7962382445141065,0.8463949843260189,0.5642633228840125,3.949843260188088,1.4106583072100312
Nacho Vidal,es ESP,DF,Osasuna,es La Liga,29,5,1,124,1.4,0,0,0,0.0,0.0,0.0,0,0,,,,0.0,75.5,0,1,3,2,0,0,6,65,24,100.0,5,0.0,0.0,0.0,0.0,0.0,0.0,0.0,0.0,2.903225806451613,1.4516129032258065,0.0,3.629032258064516,4.354838709677419
Gabriel Vidovic,hr CRO,MF,Mainz 05,de Bundesliga,20,1,0,4,0.0,0,0,0,0.1,0.1,0.0,1,0,0.0,0.0,,-0.1,100.0,0,0,0,0,0,0,0,8,3,,0,0.0,0.0,0.0,2.25,0.0,22.5,0.0,0.0,0.0,0.0,0.0,0.0,0.0
Gabriel Vidovic,hr CRO,MF,Bayern Munich,de Bundesliga,20,4,0,24,0.3,0,0,0,0.1,0.1,0.0,1,0,0.0,0.0,,-0.1,100.0,0,0,0,0,0,0,0,14,11,0.0,1,0.0,0.0,0.0,0.375,0.0,3.75,0.0,0.0,0.0,0.0,0.0,3.75,0.0
Sergio Viera,es ESP,MF,Las Palmas,es La Liga,19,2,1,96,1.1,0,0,0,0.0,0.0,0.0,1,0,0.0,0.0,,0.0,88.2,0,2,0,1,1,1,1,59,32,50.0,5,0.0,0.0,0.0,0.0,0.0,0.9375,0.0,0.0,1.875,0.9375,0.9375,4.6875,0.9375
Samuele Vignato,it ITA,MF,Monza,it Serie A,20,17,3,470,5.2,0,0,0,0.3,0.3,0.0,4,1,25.0,0.0,0.0,-0.3,75.4,1,17,5,6,3,0,6,214,139,30.8,12,0.0,0.0,0.0,0.0574468085106383,0.0,0.7659574468085106,0.19148936170212766,0.19148936170212766,4.212765957446808,1.1489361702127658,0.0,2.2978723404255317,1.1489361702127658
Asier Villalibre,es ESP,FW,Alavés,es La Liga,26,16,2,333,3.7,1,1,2,1.6,0.8,1.0,8,1,12.5,0.0,0.0,-0.6,63.8,1,7,4,2,2,1,7,116,55,16.7,7,0.2702702702702703,0.2702702702702703,0.5405405405405406,0.4324324324324325,0.2702702702702703,2.1621621621621623,0.2702702702702703,0.2702702702702703,2.972972972972973,0.5405405405405406,0.2702702702702703,1.891891891891892,1.891891891891892
Carlos Vinícius,br BRA,"MF,FW",Fulham,eng Premier League,29,3,0,16,0.2,0,0,0,0.0,0.0,0.0,1,1,100.0,0.0,0.0,0.0,33.3,0,0,1,0,0,0,0,7,7,100.0,0,0.0,0.0,0.0,0.0,0.0,5.625,5.625,0.0,5.625,0.0,0.0,0.0,0.0
Nicolas Viola,it ITA,"FW,MF",Cagliari,it Serie A,34,27,18,1267,14.1,3,1,4,2.2,2.2,1.9,31,9,29.0,0.1,0.33,0.8,63.1,28,46,21,14,7,3,5,595,326,36.7,52,0.2131018153117601,0.07103393843725335,0.2841357537490134,0.15627466456195738,0.13496448303078137,2.202052091554854,0.6393054459352802,1.9889502762430937,4.759273875295975,0.9944751381215469,0.2131018153117601,3.693764798737174,0.3551696921862668
Viti,es ESP,DF,Las Palmas,es La Liga,26,29,23,1982,22.0,0,2,2,0.1,0.1,1.4,3,2,66.7,0.0,0.0,-0.1,81.0,12,44,43,71,46,27,61,1186,491,45.0,85,0.0,0.09081735620585267,0.09081735620585267,0.004540867810292634,0.06357214934409687,0.136226034308779,0.09081735620585267,0.544904137235116,3.9505549949545915,3.22401614530777,1.226034308779011,3.8597376387487388,2.769929364278507
Mattia Viti,it ITA,DF,Empoli,it Serie A,22,30,30,2572,28.6,1,0,1,0.8,0.8,0.2,11,2,18.2,0.09,0.5,0.2,80.2,5,86,17,65,45,48,128,1506,633,54.5,97,0.034992223950233284,0.0,0.034992223950233284,0.027993779160186628,0.006998444790046657,0.3849144634525661,0.06998444790046657,0.1749611197511664,3.604199066874028,2.274494556765163,1.6796267496111976,3.394245723172628,4.47900466562986
Vitinha,pt POR,"FW,MF",Genoa,it Serie A,24,25,16,1328,14.8,2,3,5,1.6,1.6,3.3,33,5,15.2,0.06,0.4,0.4,59.3,16,19,38,23,8,12,22,572,309,32.4,53,0.13554216867469882,0.2033132530120482,0.338855421686747,0.10843373493975905,0.22364457831325302,2.23644578313253,0.338855421686747,1.0843373493975905,3.8629518072289155,1.5587349397590362,0.8132530120481928,3.5918674698795177,1.4909638554216869
Vitinha,pt POR,MF,Paris S-G,fr Ligue 1,24,29,20,2042,22.7,5,1,6,3.4,1.8,2.6,25,12,48.0,0.12,0.25,1.6,93.1,27,224,53,43,23,14,19,2581,1756,67.5,144,0.22037218413320275,0.04407443682664055,0.2644466209598433,0.14985308521057786,0.11459353574926542,1.1018609206660137,0.5288932419196866,1.1900097943192949,12.208619000979432,1.8952007835455436,0.6170421155729677,6.34671890303624,0.8374142997061704
Daniel Vivian,es ESP,DF,Athletic Club,es La Liga,25,32,28,2608,29.0,4,0,4,1.9,1.9,0.4,18,5,27.8,0.22,0.8,2.1,87.1,10,185,36,40,26,47,152,2085,1169,58.8,164,0.13803680981595093,0.0,0.13803680981595093,0.06556748466257668,0.013803680981595092,0.6211656441717791,0.17254601226993865,0.3450920245398773,7.626533742331288,1.3803680981595092,1.6219325153374233,5.659509202453988,5.245398773006134
Dušan Vlahović,rs SRB,FW,Juventus,it Serie A,24,29,21,1784,19.8,10,4,14,12.3,9.2,1.3,73,25,34.2,0.08,0.24,-2.3,69.1,15,22,27,4,2,1,9,564,308,32.1,36,0.5044843049327354,0.20179372197309417,0.7062780269058296,0.6205156950672646,0.0655829596412556,3.6827354260089686,1.2612107623318387,0.7567264573991032,2.4719730941704037,0.20179372197309417,0.05044843049327354,1.8161434977578474,0.45403587443946186
Vanja Vlahović,rs SRB,"FW,MF",Atalanta,it Serie A,20,3,0,60,0.7,0,0,0,0.2,0.2,0.1,1,1,100.0,0.0,0.0,-0.2,66.7,2,0,0,1,1,0,0,18,13,0.0,0,0.0,0.0,0.0,0.30000000000000004,0.15000000000000002,1.5,1.5,3.0,0.0,1.5,0.0,0.0,0.0
Nikola Vlašić,hr CRO,"MF,FW",Torino,it Serie A,26,30,23,2117,23.5,5,4,9,3.4,1.8,2.4,30,10,33.3,0.1,0.3,1.6,79.8,32,94,53,37,19,9,15,983,607,50.0,93,0.21256495040151158,0.17005196032120926,0.3826169107227208,0.14454416627302785,0.10203117619272555,1.2753897024090695,0.42512990080302315,1.360415682569674,6.24940954180444,1.5729806329711857,0.3826169107227208,3.9537080774681153,0.6376948512045347
Alessandro Vogliacco,it ITA,DF,Genoa,it Serie A,25,12,8,715,7.9,2,0,2,1.3,1.3,0.0,5,2,40.0,0.4,1.0,0.7,78.0,1,26,9,15,3,9,20,407,208,0.0,20,0.2517482517482518,0.0,0.2517482517482518,0.16363636363636364,0.0,0.6293706293706294,0.2517482517482518,0.1258741258741259,4.405594405594406,1.8881118881118881,1.132867132867133,2.5174825174825175,2.5174825174825175
Alessandro Vogliacco,it ITA,DF,Parma,it Serie A,25,10,10,772,8.6,0,0,0,0.1,0.1,0.1,1,1,100.0,0.0,0.0,-0.1,91.6,3,21,2,5,2,3,37,551,370,100.0,24,0.0,0.0,0.0,0.011658031088082901,0.011658031088082901,0.11658031088082901,0.11658031088082901,0.34974093264248707,2.681347150259067,0.582901554404145,0.34974093264248707,2.7979274611398965,4.313471502590673
Kevin Vogt,de GER,DF,Union Berlin,de Bundesliga,32,18,16,1367,15.2,1,0,1,0.8,0.0,0.0,0,0,,,,0.2,88.1,2,70,11,12,8,9,75,1030,560,80.0,90,0.06583760058522312,0.0,0.06583760058522312,0.0526700804681785,0.0,0.0,0.0,0.13167520117044623,5.332845647403072,0.7900512070226774,0.592538405267008,5.92538405267008,4.937820043891734
Mërgim Vojvoda,xk KVX,DF,Torino,it Serie A,29,17,12,1105,12.3,0,0,0,0.4,0.4,0.4,5,0,0.0,0.0,,-0.4,83.6,11,64,18,18,10,7,24,875,577,54.5,53,0.0,0.0,0.0,0.03257918552036199,0.03257918552036199,0.40723981900452494,0.0,0.8959276018099547,6.678733031674208,1.4660633484162897,0.5701357466063348,4.3167420814479645,1.9547511312217194
Mërgim Vojvoda,xk KVX,DF,Como,it Serie A,29,11,8,717,8.0,1,2,3,0.2,0.2,2.0,4,1,25.0,0.25,1.0,0.8,81.5,12,43,16,9,6,3,18,521,293,27.3,28,0.12552301255230125,0.2510460251046025,0.37656903765690375,0.02510460251046025,0.2510460251046025,0.502092050209205,0.12552301255230125,1.506276150627615,7.405857740585775,1.1297071129707112,0.37656903765690375,3.514644351464435,2.2594142259414225
Kevin Volland,de GER,"FW,MF",Union Berlin,de Bundesliga,32,4,0,61,0.7,0,0,0,0.0,0.0,0.1,0,0,,,,0.0,71.4,1,2,0,0,0,0,1,20,12,,2,0.0,0.0,0.0,0.0,0.14754098360655737,0.0,0.0,1.4754098360655739,2.9508196721311477,0.0,0.0,2.9508196721311477,1.4754098360655739
Aster Vranckx,be BEL,MF,Wolfsburg,de Bundesliga,21,14,6,556,6.2,0,0,0,0.0,0.0,0.0,0,0,,,,0.0,82.2,1,20,5,11,6,10,13,276,123,83.3,22,0.0,0.0,0.0,0.0,0.0,0.0,0.0,0.16187050359712232,4.046762589928058,1.7805755395683451,1.618705035971223,3.5611510791366903,2.10431654676259
Stefan de Vrij,nl NED,DF,Inter,it Serie A,32,25,17,1636,18.2,3,0,3,1.1,1.1,0.0,13,3,23.1,0.23,1.0,1.9,93.3,1,76,11,18,11,22,89,1613,988,37.5,66,0.16503667481662593,0.0,0.16503667481662593,0.06051344743276284,0.0,0.715158924205379,0.16503667481662593,0.0550122249388753,4.786063569682152,0.9902200488997556,1.2102689486552567,3.63080684596577,4.896088019559902
Ibrahima Wadji,sn SEN,"FW,MF",Saint-Étienne,fr Ligue 1,29,10,2,347,3.9,0,0,0,0.8,0.8,0.0,12,1,8.3,0.0,0.0,-0.8,84.1,1,4,11,7,6,1,0,112,65,70.0,7,0.0,0.0,0.0,0.207492795389049,0.0,3.1123919308357353,0.25936599423631124,0.25936599423631124,3.890489913544669,1.8155619596541788,0.25936599423631124,1.8155619596541788,0.0
Robert Wagner,de GER,MF,St. Pauli,de Bundesliga,21,12,5,407,4.5,0,0,0,0.1,0.1,0.0,2,0,0.0,0.0,,-0.1,75.4,0,10,1,8,3,2,12,183,59,50.0,22,0.0,0.0,0.0,0.022113022113022112,0.0,0.44226044226044225,0.0,0.0,2.4324324324324325,1.769041769041769,0.44226044226044225,4.864864864864865,2.6535626535626538
Elye Wahi,fr FRA,FW,Marseille,fr Ligue 1,21,13,7,574,6.4,3,1,4,6.0,5.2,0.4,16,9,56.3,0.13,0.22,-3.0,79.3,6,7,7,0,0,1,0,161,103,20.0,8,0.47038327526132406,0.156794425087108,0.627177700348432,0.9407665505226481,0.0627177700348432,2.508710801393728,1.411149825783972,0.9407665505226481,2.1951219512195124,0.0,0.156794425087108,1.254355400696864,0.0
Elye Wahi,fr FRA,"FW,MF",Eint Frankfurt,de Bundesliga,21,8,1,196,2.2,0,0,0,1.3,1.3,0.1,9,2,22.2,0.0,0.0,-1.3,64.3,1,5,6,0,0,0,1,66,43,75.0,8,0.0,0.0,0.0,0.5969387755102041,0.04591836734693878,4.13265306122449,0.9183673469387754,0.4591836734693877,5.051020408163265,0.0,0.0,3.6734693877551017,0.4591836734693877
Hauke Wahl,de GER,DF,St. Pauli,de Bundesliga,30,33,33,2970,33.0,0,0,0,0.9,0.9,0.5,11,4,36.4,0.0,0.0,-0.9,86.6,9,142,30,36,27,31,170,2096,1040,80.0,129,0.0,0.0,0.0,0.02727272727272727,0.015151515151515152,0.33333333333333337,0.12121212121212122,0.2727272727272727,5.212121212121213,1.0909090909090908,0.9393939393939394,3.909090909090909,5.151515151515151
Kyle Walker,eng ENG,DF,Manchester City,eng Premier League,34,15,9,970,10.8,0,0,0,0.1,0.1,0.4,5,2,40.0,0.0,0.0,-0.1,87.7,7,64,12,17,10,3,13,892,499,50.0,46,0.0,0.0,0.0,0.009278350515463918,0.03711340206185567,0.4639175257731959,0.18556701030927836,0.6494845360824743,7.051546391752577,1.577319587628866,0.27835051546391754,4.268041237113402,1.2061855670103092
Kyle Walker,eng ENG,DF,Milan,it Serie A,34,11,7,659,7.3,0,0,0,0.0,0.0,0.9,2,0,0.0,0.0,,0.0,87.7,6,32,11,17,9,9,15,492,310,71.4,37,0.0,0.0,0.0,0.0,0.1229135053110774,0.27314112291350534,0.0,0.8194233687405159,5.872534142640364,2.3216995447647952,1.2291350531107739,5.053110773899848,2.04855842185129
Kyle Walker-Peters,eng ENG,DF,Southampton,eng Premier League,27,33,33,2918,32.4,0,2,2,0.8,0.8,2.8,20,6,30.0,0.0,0.0,-0.8,88.2,24,139,114,44,29,19,90,2022,1271,41.3,135,0.0,0.061686086360520906,0.061686086360520906,0.024674434544208364,0.08636052090472926,0.6168608636052091,0.1850582590815627,0.7402330363262508,7.803289924605894,1.35709389993146,0.5860178204249487,4.163810829335161,2.7758738862234407
Sebastian Walukiewicz,pl POL,DF,Torino,it Serie A,24,29,20,1661,18.5,0,0,0,0.4,0.4,0.3,6,1,16.7,0.0,0.0,-0.4,81.1,4,80,25,38,20,18,60,1119,557,27.3,52,0.0,0.0,0.0,0.021673690547862737,0.01625526791089705,0.325105358217941,0.054184226369656835,0.21673690547862734,5.689343768813967,2.05900060204696,0.975316074653823,2.8175797712221557,3.25105358217941
Sebastian Walukiewicz,pl POL,DF,Empoli,it Serie A,24,2,2,180,2.0,0,0,0,0.0,0.0,0.1,0,0,,,,0.0,77.4,1,8,2,1,0,1,15,83,32,,6,0.0,0.0,0.0,0.0,0.05,0.0,0.0,0.5,5.0,0.5,0.5,3.0,7.5
Aaron Wan-Bissaka,eng ENG,DF,West Ham,eng Premier League,26,36,35,3154,35.0,2,5,7,1.2,1.2,3.5,16,5,31.3,0.13,0.4,0.8,81.1,33,149,110,70,49,66,125,2256,1092,52.5,174,0.05707038681039949,0.14267596702599875,0.19974635383639822,0.03424223208623969,0.09987317691819911,0.45656309448319593,0.14267596702599875,0.9416613823715916,7.390615091946735,1.9974635383639823,1.8833227647431832,4.965123652504755,3.5668991756499686
Paul Wanner,de GER,"MF,FW",Heidenheim,de Bundesliga,18,29,20,1771,19.7,3,2,5,3.7,2.9,1.3,24,5,20.8,0.08,0.4,-0.7,73.1,20,64,28,40,27,4,20,935,496,42.4,90,0.15245623941276115,0.10163749294184077,0.2540937323546019,0.18802936194240544,0.0660643704121965,1.2196499153020892,0.2540937323546019,1.0163749294184077,4.675324675324676,2.0327498588368154,0.20327498588368154,4.573687182382835,1.0163749294184077
Joel Ward,eng ENG,DF,Crystal Palace,eng Premier League,34,2,1,71,0.8,0,0,0,0.0,0.0,0.0,0,0,,,,0.0,58.3,1,1,0,2,0,0,3,32,15,0.0,7,0.0,0.0,0.0,0.0,0.0,0.0,0.0,1.267605633802817,1.267605633802817,2.535211267605634,0.0,8.873239436619718,3.8028169014084505
James Ward-Prowse,eng ENG,MF,West Ham,eng Premier League,29,15,12,1039,11.5,1,1,2,1.6,1.6,1.9,13,5,38.5,0.08,0.2,-0.6,88.2,20,54,11,20,14,8,15,849,427,40.0,52,0.08662175168431184,0.08662175168431184,0.17324350336862368,0.13859480269489896,0.16458132820019247,1.1260827718960538,0.43310875842155916,1.7324350336862366,5.63041385948027,1.7324350336862366,0.6929740134744947,4.504331087584215,1.2993262752646775
James Ward-Prowse,eng ENG,MF,Nott'ham Forest,eng Premier League,29,9,5,400,4.4,0,1,1,0.1,0.1,1.1,2,1,50.0,0.0,0.0,-0.1,79.7,4,16,1,4,1,5,8,205,92,,19,0.0,0.225,0.225,0.0225,0.24750000000000003,0.45,0.225,0.9,3.825,0.9,1.125,4.275,1.8
Kjell-Arik Wätjen,de GER,MF,Dortmund,de Bundesliga,18,2,0,16,0.2,0,0,0,0.0,0.0,0.0,0,0,,,,0.0,37.5,0,0,0,0,0,0,2,12,4,,2,0.0,0.0,0.0,0.0,0.0,0.0,0.0,0.0,0.0,0.0,0.0,11.25,11.25
Ollie Watkins,eng ENG,FW,Aston Villa,eng Premier League,28,38,31,2598,28.9,16,8,24,15.3,13.8,3.3,82,36,43.9,0.17,0.39,0.7,72.4,24,31,55,10,7,8,15,695,409,24.4,43,0.5542725173210161,0.27713625866050806,0.8314087759815242,0.5300230946882217,0.11431870669745957,2.840646651270208,1.2471131639722863,0.8314087759815242,2.9792147806004623,0.3464203233256351,0.27713625866050806,1.4896073903002311,0.5196304849884527
Timothy Weah,us USA,"DF,FW",Juventus,it Serie A,24,30,18,1638,18.2,5,2,7,3.4,3.4,1.6,21,9,42.9,0.24,0.56,1.6,83.7,19,56,45,36,19,14,27,977,565,38.2,60,0.27472527472527475,0.10989010989010989,0.38461538461538464,0.18681318681318682,0.0879120879120879,1.1538461538461537,0.4945054945054945,1.043956043956044,5.549450549450549,1.978021978021978,0.7692307692307693,3.296703296703297,1.4835164835164836
Adam Webster,eng ENG,DF,Brighton,eng Premier League,29,14,11,887,9.9,0,0,0,0.2,0.2,0.5,5,1,20.0,0.0,0.0,-0.2,87.7,3,63,8,10,6,20,41,824,476,33.3,35,0.0,0.0,0.0,0.020293122886133035,0.050732807215332576,0.5073280721533258,0.10146561443066515,0.30439684329199546,7.204058624577226,1.0146561443066515,2.029312288613303,3.5512965050732808,4.160090191657272
Julian Weigl,de GER,MF,Gladbach,de Bundesliga,28,33,33,2881,32.0,0,2,2,0.7,0.7,1.1,19,6,31.6,0.0,0.0,-0.7,88.3,11,122,11,53,25,48,86,2075,1061,87.5,133,0.0,0.062478306143700105,0.062478306143700105,0.021867407150295035,0.034363068379035064,0.5935439083651509,0.1874349184311003,0.3436306837903506,4.154807358556057,1.6556751128080527,1.4994793474488024,4.154807358556057,2.6865671641791042
Nelson Weiper,de GER,"FW,MF",Mainz 05,de Bundesliga,19,23,7,704,7.8,3,2,5,4.1,4.1,1.9,22,12,54.5,0.14,0.25,-1.1,67.1,10,13,12,5,4,2,5,311,149,47.6,20,0.38352272727272724,0.2556818181818182,0.6392045454545454,0.5241477272727272,0.24289772727272727,2.8125,1.534090909090909,1.2784090909090908,3.1960227272727275,0.6392045454545454,0.2556818181818182,2.5568181818181817,0.6392045454545454
Mitchell Weiser,de GER,"DF,MF",Werder Bremen,de Bundesliga,30,32,32,2868,31.9,5,9,14,5.4,5.4,4.7,43,15,34.9,0.12,0.33,-0.4,73.9,42,125,65,61,40,22,61,1949,990,41.7,152,0.15690376569037656,0.2824267782426778,0.4393305439330544,0.16945606694560672,0.14748953974895398,1.3493723849372383,0.4707112970711297,1.3179916317991631,5.96234309623431,1.9142259414225942,0.6903765690376569,4.7698744769874475,1.9142259414225942
Noah Weißhaupt,de GER,"FW,MF",St. Pauli,de Bundesliga,22,19,13,1160,12.9,1,0,1,2.1,2.1,1.8,18,4,22.2,0.06,0.25,-1.1,62.3,18,33,42,6,4,2,8,509,306,34.2,51,0.07758620689655173,0.0,0.07758620689655173,0.16293103448275864,0.1396551724137931,1.396551724137931,0.3103448275862069,1.396551724137931,5.81896551724138,0.46551724137931033,0.15517241379310345,3.956896551724138,0.6206896551724138
Noah Weißhaupt,de GER,FW,Freiburg,de Bundesliga,22,3,0,80,0.9,0,0,0,0.0,0.0,0.0,1,0,0.0,0.0,,0.0,74.0,0,6,8,0,0,0,1,59,49,25.0,3,0.0,0.0,0.0,0.0,0.0,1.125,0.0,0.0,15.749999999999998,0.0,0.0,3.375,1.125
Danny Welbeck,eng ENG,FW,Brighton,eng Premier League,33,30,24,2115,23.5,10,4,14,9.6,8.8,1.4,59,23,39.0,0.15,0.39,0.4,84.9,23,47,21,26,16,5,14,726,448,35.1,46,0.425531914893617,0.1702127659574468,0.5957446808510638,0.4085106382978723,0.05957446808510638,2.5106382978723403,0.9787234042553191,0.9787234042553191,2.8936170212765955,1.1063829787234043,0.2127659574468085,1.9574468085106382,0.5957446808510638
Welington,br BRA,DF,Southampton,eng Premier League,23,10,6,482,5.4,0,0,0,0.0,0.0,0.1,3,0,0.0,0.0,,0.0,78.0,3,11,5,21,9,7,36,276,100,55.6,21,0.0,0.0,0.0,0.0,0.018672199170124484,0.5601659751037344,0.0,0.5601659751037344,2.987551867219917,3.921161825726141,1.3070539419087137,3.921161825726141,6.721991701244813
Timo Werner,de GER,"FW,MF",Tottenham,eng Premier League,28,18,4,516,5.7,0,3,3,1.0,1.0,2.5,8,3,37.5,0.0,0.0,-1.0,66.9,10,30,42,6,4,1,7,298,215,52.6,18,0.0,0.5232558139534884,0.5232558139534884,0.1744186046511628,0.436046511627907,1.3953488372093024,0.5232558139534884,1.744186046511628,12.55813953488372,1.0465116279069768,0.1744186046511628,3.13953488372093,1.2209302325581395
Adam Wharton,eng ENG,MF,Crystal Palace,eng Premier League,20,20,16,1318,14.6,0,2,2,0.4,0.4,3.0,13,5,38.5,0.0,0.0,-0.4,75.6,26,107,14,34,14,20,27,872,430,20.0,102,0.0,0.13657056145675267,0.13657056145675267,0.027314112291350532,0.20485584218512898,0.8877086494688922,0.34142640364188165,1.7754172989377843,8.262518968133536,2.3216995447647952,1.3657056145675266,6.965098634294385,1.843702579666161
Ben White,eng ENG,DF,Arsenal,eng Premier League,26,17,13,1198,13.3,0,2,2,0.5,0.5,1.4,9,2,22.2,0.0,0.0,-0.5,83.8,10,59,23,20,14,16,44,813,394,0.0,37,0.0,0.15025041736227046,0.15025041736227046,0.037562604340567615,0.10517529215358931,0.6761268781302171,0.15025041736227046,0.7512520868113522,6.160267111853089,1.5025041736227045,1.2020033388981637,2.7796327212020033,3.30550918196995
Silvan Widmer,ch SUI,DF,Mainz 05,de Bundesliga,31,27,3,504,5.6,0,1,1,0.3,0.3,0.4,3,1,33.3,0.0,0.0,-0.3,74.0,2,23,3,11,5,5,27,363,146,0.0,16,0.0,0.17857142857142855,0.17857142857142855,0.05357142857142857,0.07142857142857142,0.5357142857142857,0.17857142857142855,0.3571428571428571,4.642857142857142,1.9642857142857142,0.8928571428571428,2.8571428571428568,4.821428571428571
Mats Wieffer,nl NED,"DF,MF",Brighton,eng Premier League,24,25,10,1015,11.3,1,3,4,0.8,0.8,1.6,9,4,44.4,0.11,0.25,0.2,85.1,16,62,18,58,34,17,28,867,483,46.7,68,0.08866995073891625,0.2660098522167488,0.354679802955665,0.07093596059113301,0.14187192118226602,0.7980295566502463,0.354679802955665,1.41871921182266,7.093596059113301,5.142857142857142,1.5073891625615763,6.029556650246305,2.4827586206896552
Mateusz Wieteska,pl POL,DF,Cagliari,it Serie A,27,5,1,184,2.0,0,0,0,0.2,0.2,0.2,1,0,0.0,0.0,,-0.2,86.3,1,5,1,1,0,7,6,116,69,,11,0.0,0.0,0.0,0.09782608695652174,0.09782608695652174,0.4891304347826087,0.0,0.4891304347826087,2.934782608695652,0.4891304347826087,3.423913043478261,5.380434782608696,2.934782608695652
Caleb Wiley,us USA,"DF,MF",Strasbourg,fr Ligue 1,19,6,3,266,3.0,0,1,1,0.0,0.0,0.7,1,0,0.0,0.0,,0.0,78.9,2,7,3,1,0,4,5,149,70,0.0,17,0.0,0.3383458646616541,0.3383458646616541,0.0,0.23684210526315788,0.3383458646616541,0.0,0.6766917293233082,3.3834586466165413,0.3383458646616541,1.3533834586466165,5.75187969924812,1.6917293233082706
Iñaki Williams,gh GHA,FW,Athletic Club,es La Liga,30,35,29,2652,29.5,6,8,14,7.6,7.6,7.8,63,24,38.1,0.1,0.25,-1.6,63.3,43,76,107,17,10,12,32,1169,739,32.7,87,0.20361990950226247,0.2714932126696833,0.47511312217194573,0.25791855203619907,0.2647058823529412,2.1380090497737556,0.8144796380090499,1.4592760180995477,6.210407239819005,0.5769230769230769,0.40723981900452494,2.9524886877828056,1.0859728506787332
Neco Williams,wls WAL,DF,Nott'ham Forest,eng Premier League,23,35,28,2594,28.8,1,3,4,2.3,2.3,1.6,37,7,18.9,0.03,0.14,-1.3,75.5,18,89,68,90,57,31,137,1565,650,39.1,110,0.03469545104086353,0.1040863531225906,0.13878180416345412,0.07979953739398611,0.055512721665381654,1.2837316885119507,0.24286815728604472,0.6245181187355435,5.447185813415574,3.122590593677718,1.0755589822667695,3.8164996144949885,4.753276792598304
Nico Williams,es ESP,FW,Athletic Club,es La Liga,22,29,22,1996,22.2,5,5,10,4.2,4.2,3.5,54,19,35.2,0.09,0.26,0.8,70.5,40,69,118,28,18,7,9,1064,697,36.4,96,0.22545090180360722,0.22545090180360722,0.45090180360721444,0.18937875751503008,0.15781563126252504,2.434869739478958,0.8567134268537074,1.8036072144288577,8.431863727454909,1.2625250501002003,0.3156312625250501,4.328657314629258,0.405811623246493
Willian,br BRA,"FW,MF",Fulham,eng Premier League,35,10,2,257,2.9,0,0,0,0.3,0.3,0.5,7,0,0.0,0.0,,-0.3,85.6,7,40,11,4,2,1,1,231,148,14.3,14,0.0,0.0,0.0,0.10505836575875487,0.17509727626459143,2.4513618677042803,0.0,2.4513618677042803,17.859922178988327,1.4007782101167314,0.35019455252918286,4.902723735408561,0.35019455252918286
Joe Willock,eng ENG,"MF,FW",Newcastle Utd,eng Premier League,24,32,11,1086,12.1,0,2,2,1.6,1.6,2.1,18,3,16.7,0.0,0.0,-1.6,82.6,22,41,38,30,17,6,7,533,325,34.3,40,0.0,0.16574585635359115,0.16574585635359115,0.13259668508287295,0.17403314917127072,1.4917127071823204,0.24861878453038672,1.8232044198895028,6.54696132596685,2.4861878453038675,0.49723756906077343,3.3149171270718236,0.580110497237569
Callum Wilson,eng ENG,FW,Newcastle Utd,eng Premier League,32,18,2,370,4.1,0,0,0,0.4,0.4,0.1,6,1,16.7,0.0,0.0,-0.4,75.5,3,4,5,2,2,1,1,95,47,14.3,11,0.0,0.0,0.0,0.0972972972972973,0.024324324324324326,1.4594594594594597,0.24324324324324326,0.7297297297297298,2.1891891891891895,0.4864864864864865,0.24324324324324326,2.675675675675676,0.24324324324324326
Harry Wilson,wls WAL,"FW,MF",Fulham,eng Premier League,27,25,12,1162,12.9,6,1,7,4.2,4.2,1.1,43,17,39.5,0.14,0.35,1.8,73.3,20,51,22,20,14,7,10,598,342,37.5,55,0.4647160068846816,0.0774526678141136,0.5421686746987953,0.3253012048192771,0.08519793459552497,3.3304647160068845,1.3166953528399312,1.5490533562822717,5.654044750430293,1.5490533562822717,0.5421686746987953,4.259896729776248,0.7745266781411358
Patrick Wimmer,at AUT,"MF,FW",Wolfsburg,de Bundesliga,23,29,22,1770,19.7,3,4,7,3.7,3.7,2.9,41,10,24.4,0.07,0.3,-0.7,65.7,24,91,46,47,35,32,15,920,504,53.6,92,0.15254237288135591,0.2033898305084746,0.3559322033898305,0.188135593220339,0.14745762711864407,2.0847457627118646,0.5084745762711864,1.2203389830508473,6.966101694915254,2.389830508474576,1.6271186440677967,4.677966101694915,0.7627118644067796
Jonas Wind,dk DEN,"FW,MF",Wolfsburg,de Bundesliga,25,31,21,1966,21.8,9,3,12,5.7,4.0,4.2,38,11,28.9,0.21,0.73,3.3,70.6,34,100,17,10,6,6,15,810,450,30.0,59,0.41200406917599186,0.1373346897253306,0.5493387589013224,0.2609359104781282,0.19226856561546288,1.7395727365208544,0.503560528992879,1.5564598168870805,5.356052899287894,0.4577822990844354,0.2746693794506612,2.700915564598169,0.6866734486266531
Harry Winks,eng ENG,MF,Leicester City,eng Premier League,28,22,17,1538,17.1,0,2,2,0.2,0.2,1.2,10,4,40.0,0.0,0.0,-0.2,87.1,17,101,19,24,11,9,20,1158,696,25.0,106,0.0,0.11703511053315994,0.11703511053315994,0.011703511053315994,0.07022106631989597,0.5851755526657997,0.2340702210663199,0.9947984395318595,7.0221066319895975,1.4044213263979195,0.5266579973992198,6.202860858257477,1.1703511053315994
Ben Winterburn,eng ENG,"MF,FW",Bournemouth,eng Premier League,19,4,0,24,0.3,0,0,0,0.0,0.0,0.0,0,0,,,,0.0,71.4,0,0,2,0,0,2,0,9,6,,2,0.0,0.0,0.0,0.0,0.0,0.0,0.0,0.0,7.5,0.0,7.5,7.5,0.0
Florian Wirtz,de GER,"MF,FW",Leverkusen,de Bundesliga,21,31,25,2351,26.1,10,12,22,9.4,6.1,7.0,74,35,47.3,0.11,0.23,0.6,78.3,57,176,131,32,20,10,6,2096,1217,49.1,113,0.38281582305401957,0.4593789876648235,0.842194810718843,0.35984687367077844,0.2679710761378137,2.8328370905997446,1.3398553806890685,2.1820501914079116,11.752445767758399,1.2250106337728626,0.38281582305401957,4.325818800510421,0.22968949383241175
Yoane Wissa,cd COD,FW,Brentford,eng Premier League,27,35,34,2919,32.4,19,4,23,18.5,18.5,2.6,90,41,45.6,0.21,0.46,0.5,76.5,27,67,60,22,12,8,21,925,550,30.6,81,0.5858170606372045,0.12332990750256938,0.709146968139774,0.5704008221993834,0.08016443987667009,2.774922918807811,1.264131551901336,0.8324768756423433,3.9157245632065774,0.6783144912641316,0.24665981500513876,2.49743062692703,0.6474820143884893
Dani de Wit,nl NED,"MF,FW",Bochum,de Bundesliga,26,28,11,1153,12.8,2,1,3,2.1,2.1,0.5,20,7,35.0,0.1,0.29,-0.1,72.0,10,33,5,29,17,12,23,558,244,12.5,36,0.15611448395490027,0.07805724197745013,0.2341717259323504,0.1639202081526453,0.03902862098872507,1.5611448395490024,0.546400693842151,0.7805724197745012,2.966175195143105,2.2636600173460537,0.9366869037294016,2.8100607111882048,1.795316565481353
Axel Witsel,be BEL,DF,Atlético Madrid,es La Liga,35,14,9,852,9.5,0,1,1,0.0,0.0,0.5,1,0,0.0,0.0,,0.0,90.6,2,21,2,16,12,11,34,645,405,50.0,32,0.0,0.1056338028169014,0.1056338028169014,0.0,0.0528169014084507,0.1056338028169014,0.0,0.2112676056338028,2.4295774647887325,1.6901408450704225,1.1619718309859155,3.380281690140845,3.591549295774648
Maximilian Wittek,de GER,DF,Bochum,de Bundesliga,28,33,32,2706,30.1,0,0,0,1.4,1.4,4.4,41,7,17.1,0.0,0.0,-1.4,70.6,46,141,47,65,42,27,89,1882,769,40.0,115,0.0,0.0,0.0,0.04656319290465632,0.14634146341463417,1.3636363636363638,0.2328159645232816,1.5299334811529932,6.252771618625277,2.1618625277161865,0.8980044345898004,3.8248337028824833,2.9600886917960088
Marius Wolf,de GER,DF,Augsburg,de Bundesliga,29,32,28,2144,23.8,1,3,4,0.7,0.7,3.2,12,2,16.7,0.08,0.5,0.3,68.5,45,117,36,27,16,24,51,1427,627,44.2,82,0.041977611940298504,0.1259328358208955,0.16791044776119401,0.02938432835820895,0.13432835820895522,0.503731343283582,0.08395522388059701,1.888992537313433,6.422574626865672,1.1333955223880596,1.007462686567164,3.4421641791044775,2.140858208955224
Nick Woltemade,de GER,"FW,MF",Stuttgart,de Bundesliga,22,28,17,1622,18.0,12,2,14,10.2,8.0,4.6,46,23,50.0,0.22,0.43,1.8,70.6,37,52,31,10,7,1,15,788,470,43.7,53,0.6658446362515413,0.11097410604192355,0.7768187422934648,0.5659679408138101,0.25524044389642414,2.552404438964242,1.276202219482121,2.0530209617755855,4.605425400739827,0.5548705302096177,0.055487053020961775,2.940813810110974,0.8323057953144267
Jeong Woo-yeong,kr KOR,"MF,FW",Union Berlin,de Bundesliga,24,23,17,1263,14.0,3,2,5,2.8,2.8,1.7,25,6,24.0,0.12,0.5,0.2,75.3,18,63,32,10,7,11,11,621,386,57.1,68,0.2137767220902613,0.14251781472684086,0.3562945368171021,0.1995249406175772,0.12114014251781471,1.7814726840855106,0.4275534441805226,1.2826603325415677,6.769596199524941,0.7125890736342042,0.7838479809976248,4.845605700712588,0.7838479809976248
Chris Wood,nz NZL,FW,Nott'ham Forest,eng Premier League,32,36,35,2959,32.9,20,3,23,13.4,11.0,2.6,65,32,49.2,0.26,0.53,6.6,64.3,22,42,14,6,5,5,29,770,376,30.8,50,0.6083136194660358,0.09124704291990537,0.6995606623859412,0.407570125042244,0.07908077053058467,1.9770192632646164,0.9733017911456573,0.6691449814126393,1.7032781345049002,0.18249408583981075,0.15207840486650895,1.5207840486650896,0.8820547482257519
Nathan Wood-Gordon,eng ENG,DF,Southampton,eng Premier League,22,11,9,773,8.6,0,0,0,0.2,0.2,0.0,2,0,0.0,0.0,,-0.2,93.3,1,17,2,14,8,5,39,564,313,66.7,20,0.0,0.0,0.0,0.02328589909443726,0.0,0.2328589909443726,0.0,0.1164294954721863,2.2121604139715396,1.630012936610608,0.5821474773609314,2.3285899094437257,4.540750323415265
Christopher Wooh,cm CMR,DF,Rennes,fr Ligue 1,22,20,17,1456,16.2,0,0,0,1.3,1.3,0.1,10,4,40.0,0.0,0.0,-1.3,87.1,2,59,14,36,19,23,63,1028,558,58.3,53,0.0,0.0,0.0,0.08035714285714286,0.006181318681318681,0.6181318681318682,0.24725274725274726,0.12362637362637363,4.512362637362638,2.2252747252747254,1.4217032967032965,3.2760989010989015,3.894230769230769
Luke Woolfenden,eng ENG,DF,Ipswich Town,eng Premier League,25,15,12,1187,13.2,0,0,0,0.0,0.0,0.0,1,0,0.0,0.0,,0.0,88.3,0,15,7,9,6,19,76,694,368,,38,0.0,0.0,0.0,0.0,0.0,0.07582139848357203,0.0,0.0,1.6680707666385846,0.6823925863521483,1.4406065711878684,2.881213142375737,5.762426284751474
Granit Xhaka,ch SUI,MF,Leverkusen,de Bundesliga,31,33,33,2888,32.1,2,7,9,0.9,0.9,4.4,21,3,14.3,0.1,0.67,1.1,89.7,50,318,42,48,26,12,52,3052,1611,43.8,179,0.062326869806094184,0.21814404432132964,0.28047091412742386,0.02804709141274238,0.1371191135734072,0.6544321329639889,0.09349030470914128,1.5581717451523547,11.218836565096954,1.4958448753462605,0.37396121883656513,5.578254847645429,1.6204986149584488
Lamine Yamal,es ESP,FW,Barcelona,es La Liga,17,35,31,2856,31.7,9,13,22,9.8,9.8,13.9,144,46,31.9,0.06,0.2,-0.8,74.8,64,160,181,42,28,16,3,2094,1486,50.9,123,0.28361344537815125,0.40966386554621853,0.6932773109243697,0.3088235294117647,0.4380252100840336,4.53781512605042,1.4495798319327728,2.0168067226890756,10.745798319327731,1.3235294117647058,0.5042016806722689,3.8760504201680672,0.09453781512605042
Daniel Yáñez,es ESP,FW,Real Madrid,es La Liga,17,1,0,2,0.0,0,0,0,0.0,0.0,0.0,0,0,,,,0.0,,0,0,0,0,0,0,0,0,1,,0,0.0,0.0,0.0,0.0,0.0,0.0,0.0,0.0,0.0,0.0,0.0,0.0,0.0
Erencan Yardimci,tr TUR,"FW,MF",Hoffenheim,de Bundesliga,22,8,3,313,3.5,0,0,0,1.0,1.0,0.0,6,1,16.7,0.0,0.0,-1.0,60.7,0,4,4,4,3,1,2,99,41,,4,0.0,0.0,0.0,0.2875399361022364,0.0,1.7252396166134185,0.2875399361022364,0.0,2.300319488817891,1.1501597444089455,0.2875399361022364,1.1501597444089455,0.5750798722044728
Yehor Yarmoliuk,ua UKR,MF,Brentford,eng Premier League,20,31,15,1450,16.1,0,0,0,0.6,0.6,0.9,9,2,22.2,0.0,0.0,-0.6,87.0,9,63,15,49,28,13,33,960,520,48.1,113,0.0,0.0,0.0,0.037241379310344824,0.05586206896551724,0.5586206896551724,0.12413793103448274,0.5586206896551724,4.841379310344828,3.0413793103448272,0.8068965517241379,7.0137931034482754,2.048275862068966
Ryan Yates,eng ENG,MF,Nott'ham Forest,eng Premier League,26,35,18,1915,21.3,2,1,3,2.3,2.3,1.2,33,9,27.3,0.06,0.22,-0.3,81.5,18,53,18,42,21,26,61,1041,425,50.0,104,0.09399477806788512,0.04699738903394256,0.1409921671018277,0.10809399477806787,0.05639686684073107,1.5509138381201044,0.4229765013054831,0.8459530026109662,3.3368146214099217,1.9738903394255876,1.2219321148825064,4.887728459530026,2.866840731070496
John Yeboah,ec ECU,"FW,MF",Venezia,it Serie A,24,33,11,1226,13.6,1,1,2,3.0,3.0,1.9,30,10,33.3,0.03,0.1,-2.0,72.9,20,42,50,6,3,4,2,517,374,40.7,45,0.0734094616639478,0.0734094616639478,0.1468189233278956,0.22022838499184338,0.13947797716150082,2.202283849918434,0.734094616639478,1.468189233278956,6.753670473083197,0.44045676998368677,0.2936378466557912,3.3034257748776508,0.1468189233278956
Bertuğ Yıldırım,tr TUR,FW,Getafe,es La Liga,22,22,14,1083,12.0,1,0,1,2.5,2.5,1.2,19,7,36.8,0.05,0.14,-1.5,54.3,9,14,8,10,5,1,16,323,133,43.8,24,0.08310249307479224,0.0,0.08310249307479224,0.20775623268698062,0.09972299168975068,1.5789473684210527,0.5817174515235457,0.7479224376731303,1.8282548476454294,0.8310249307479225,0.08310249307479224,1.994459833795014,1.3296398891966759
Kenan Yıldız,tr TUR,"FW,MF",Juventus,it Serie A,19,35,28,2402,26.7,7,4,11,4.3,4.3,5.0,61,22,36.1,0.11,0.32,2.7,79.7,57,121,115,54,30,5,13,1485,964,53.2,123,0.2622814321398834,0.1498751040799334,0.41215653621981685,0.1611157368859284,0.18734388009991673,2.285595337218984,0.8243130724396337,2.135720233139051,8.84263114071607,2.0233139050791005,0.18734388009991673,4.608659450457952,0.48709408825978356
Leny Yoro,fr FRA,DF,Manchester Utd,eng Premier League,18,21,12,1165,12.9,0,0,0,0.7,0.7,0.1,5,1,20.0,0.0,0.0,-0.7,92.4,2,52,19,29,11,18,43,894,614,50.0,46,0.0,0.0,0.0,0.05407725321888412,0.007725321888412018,0.38626609442060084,0.07725321888412016,0.15450643776824033,5.484978540772532,2.240343347639485,1.390557939914163,3.553648068669528,3.321888412017167
Ashley Young,eng ENG,DF,Everton,eng Premier League,39,32,19,1875,20.8,1,3,4,0.3,0.3,2.3,6,3,50.0,0.17,0.33,0.7,70.9,26,90,24,58,33,25,64,1194,487,35.0,75,0.048,0.14400000000000002,0.192,0.0144,0.11039999999999998,0.28800000000000003,0.14400000000000002,1.248,5.472,2.784,1.2000000000000002,3.6,3.072
Etienne Youte Kinkoue,fr FRA,DF,Le Havre,fr Ligue 1,22,28,26,2320,25.8,0,0,0,1.3,1.3,0.2,14,1,7.1,0.0,0.0,-1.3,89.1,3,63,12,19,10,29,158,1544,861,100.0,65,0.0,0.0,0.0,0.05043103448275862,0.007758620689655173,0.5431034482758621,0.03879310344827586,0.11637931034482758,2.90948275862069,0.7370689655172414,1.125,2.521551724137931,6.129310344827586
Illia Zabarnyi,ua UKR,DF,Bournemouth,eng Premier League,21,36,35,3109,34.5,0,1,1,1.3,1.3,0.7,12,1,8.3,0.0,0.0,-1.3,82.1,12,140,27,52,36,41,182,2062,1282,66.7,157,0.0,0.02894821486008363,0.02894821486008363,0.037632679318108715,0.02026375040205854,0.34737857832100355,0.02894821486008363,0.34737857832100355,4.834351881633966,1.5053071727243486,1.1868768092634288,4.54486973303313,5.268575104535221
Eloge Zabi,ci CIV,"DF,MF",Reims,fr Ligue 1,17,2,0,18,0.2,0,0,0,0.0,0.0,0.0,0,0,,,,0.0,75.0,0,2,1,0,0,0,1,14,9,,3,0.0,0.0,0.0,0.0,0.0,0.0,0.0,0.0,15.0,0.0,0.0,15.0,5.0
Mattia Zaccagni,it ITA,FW,Lazio,it Serie A,29,34,33,2686,29.8,8,6,14,6.4,4.9,4.6,46,14,30.4,0.13,0.43,1.6,75.8,55,114,91,38,27,29,22,1458,911,45.8,86,0.2680565897244974,0.20104244229337304,0.46909903201787045,0.21444527177959793,0.15413253909158597,1.54132539091586,0.46909903201787045,1.8428890543559195,6.868950111690245,1.2732688011913627,0.9717051377513031,2.8816083395383467,0.7371556217423678
Dan-Axel Zagadou,fr FRA,"DF,MF",Stuttgart,de Bundesliga,25,2,0,29,0.3,0,0,0,0.0,0.0,0.0,0,0,,,,0.0,100.0,0,0,0,0,0,1,1,12,6,,0,0.0,0.0,0.0,0.0,0.0,0.0,0.0,0.0,0.0,0.0,3.103448275862069,0.0,3.103448275862069
Yoram Zague,fr FRA,"DF,FW",Paris S-G,fr Ligue 1,18,4,2,183,2.0,0,0,0,0.1,0.1,0.1,1,1,100.0,0.0,0.0,-0.1,94.0,2,10,5,8,6,2,2,203,148,100.0,5,0.0,0.0,0.0,0.04918032786885246,0.04918032786885246,0.4918032786885246,0.4918032786885246,0.9836065573770492,7.377049180327869,3.9344262295081966,0.9836065573770492,2.459016393442623,0.9836065573770492
Wilfried Zaha,ci CIV,FW,Lyon,fr Ligue 1,31,4,1,73,0.8,0,0,0,0.1,0.1,0.0,1,1,100.0,0.0,0.0,-0.1,87.5,0,1,1,1,1,1,0,49,30,60.0,2,0.0,0.0,0.0,0.12328767123287672,0.0,1.2328767123287672,1.2328767123287672,0.0,2.4657534246575343,1.2328767123287672,1.2328767123287672,2.4657534246575343,0.0
Warren Zaïre-Emery,fr FRA,"MF,DF",Paris S-G,fr Ligue 1,18,29,23,2050,22.8,1,2,3,1.7,1.7,1.4,17,7,41.2,0.06,0.14,-0.7,92.8,18,135,49,51,26,23,20,1908,1211,54.1,136,0.04390243902439024,0.08780487804878048,0.13170731707317074,0.07463414634146341,0.06146341463414634,0.7463414634146341,0.3073170731707317,0.7902439024390244,8.078048780487805,2.2390243902439027,1.0097560975609756,5.970731707317073,0.8780487804878049
Miha Zajc,si SVN,MF,Toulouse,fr Ligue 1,30,19,1,262,2.9,0,0,0,0.2,0.2,0.1,6,2,33.3,0.0,0.0,-0.2,82.7,3,24,7,4,4,3,7,215,121,75.0,14,0.0,0.0,0.0,0.06870229007633588,0.03435114503816794,2.0610687022900764,0.6870229007633587,1.0305343511450382,10.648854961832061,1.3740458015267174,1.0305343511450382,4.809160305343512,2.404580152671756
Denis Zakaria,ch SUI,MF,Monaco,fr Ligue 1,27,26,24,2144,23.8,6,4,10,5.2,3.6,1.4,29,9,31.0,0.14,0.44,0.8,90.4,16,113,27,41,26,34,39,1425,823,58.3,165,0.251865671641791,0.16791044776119401,0.41977611940298504,0.21828358208955223,0.0587686567164179,1.2173507462686566,0.37779850746268656,0.6716417910447761,5.876865671641791,1.7210820895522387,1.4272388059701493,6.9263059701492535,1.6371268656716418
Arsen Zakharyan,ru RUS,"MF,FW",Real Sociedad,es La Liga,21,3,1,73,0.8,1,0,1,0.2,0.2,0.1,4,2,50.0,0.25,0.5,0.8,84.8,1,3,0,1,1,1,0,44,21,100.0,2,1.2328767123287672,0.0,1.2328767123287672,0.24657534246575344,0.12328767123287672,4.931506849315069,2.4657534246575343,1.2328767123287672,3.698630136986301,1.2328767123287672,1.2328767123287672,2.4657534246575343,0.0
Nicola Zalewski,pl POL,"DF,FW",Roma,it Serie A,22,12,4,533,5.9,0,0,0,0.3,0.3,0.8,5,0,0.0,0.0,,-0.3,73.2,10,17,31,8,6,4,8,325,193,12.5,23,0.0,0.0,0.0,0.05065666041275797,0.1350844277673546,0.8442776735459663,0.0,1.6885553470919326,8.105065666041275,1.3508442776735459,0.6754221388367729,3.883677298311445,1.3508442776735459
Nicola Zalewski,pl POL,"DF,MF",Inter,it Serie A,22,11,4,435,4.8,1,1,2,0.2,0.2,1.7,5,3,60.0,0.2,0.33,0.8,83.7,11,18,29,7,4,2,5,293,206,45.0,21,0.20689655172413793,0.20689655172413793,0.41379310344827586,0.04137931034482759,0.35172413793103446,1.0344827586206897,0.6206896551724138,2.2758620689655173,9.724137931034482,1.4482758620689655,0.41379310344827586,4.344827586206897,1.0344827586206897
Andre-Frank Zambo Anguissa,cm CMR,MF,Napoli,it Serie A,28,35,32,2852,31.7,6,4,10,4.4,4.4,2.4,44,12,27.3,0.14,0.5,1.6,84.5,26,144,24,42,26,35,40,1825,915,53.2,150,0.18934081346423562,0.12622720897615708,0.3155680224403927,0.13884992987377281,0.07573632538569425,1.3884992987377278,0.37868162692847124,0.820476858345021,5.301542776998597,1.3253856942496494,1.1044880785413744,4.73352033660589,1.262272089761571
Francesco Zampano,it ITA,DF,Venezia,it Serie A,30,24,17,1639,18.2,1,2,3,1.0,1.0,0.8,7,4,57.1,0.14,0.25,0.0,73.2,12,41,42,31,20,6,29,731,418,28.6,77,0.05491153142159853,0.10982306284319707,0.16473459426479561,0.05491153142159853,0.04392922513727883,0.3843807199511898,0.21964612568639413,0.6589383770591825,4.557657107992679,1.7022574740695546,0.32946918852959123,4.228187919463087,1.5924344112263575
Nicolò Zaniolo,it ITA,FW,Fiorentina,it Serie A,25,9,4,343,3.8,0,0,0,0.7,0.6,0.2,9,4,44.4,0.0,0.0,-0.7,70.3,5,5,8,3,1,0,2,131,100,35.3,11,0.0,0.0,0.0,0.18367346938775508,0.052478134110787174,2.361516034985423,1.0495626822157433,1.3119533527696792,3.4110787172011663,0.7871720116618076,0.0,2.8862973760932946,0.5247813411078717
Nicolò Zaniolo,it ITA,"FW,MF",Atalanta,it Serie A,25,14,0,356,4.0,2,2,4,0.9,0.9,0.5,11,4,36.4,0.18,0.5,1.1,83.3,7,13,7,0,0,1,0,153,118,37.5,11,0.5056179775280899,0.5056179775280899,1.0112359550561798,0.22752808988764048,0.12640449438202248,2.7808988764044944,1.0112359550561798,1.7696629213483146,5.056179775280898,0.0,0.25280898876404495,2.7808988764044944,0.0
Alessandro Zanoli,it ITA,"FW,DF",Genoa,it Serie A,23,31,19,1711,19.0,1,0,1,0.4,0.4,1.6,11,3,27.3,0.09,0.33,0.6,66.9,19,27,65,29,20,12,40,720,364,35.7,60,0.05260081823495032,0.0,0.05260081823495032,0.02104032729398013,0.08416130917592052,0.5786090005844535,0.15780245470485096,0.9994155464640562,4.83927527761543,1.5254237288135593,0.6312098188194039,3.1560490940970194,2.104032729398013
Duván Zapata,co COL,FW,Torino,it Serie A,33,7,7,587,6.5,3,0,3,3.4,3.4,0.5,21,8,38.1,0.14,0.38,-0.4,69.0,9,7,6,7,5,2,7,192,104,11.1,15,0.45996592844974443,0.0,0.45996592844974443,0.5212947189097104,0.07666098807495741,3.2197614991482113,1.2265758091993186,1.3798977853492334,1.9931856899488927,1.0732538330494037,0.30664395229982966,2.299829642248722,1.0732538330494037
Gabriele Zappa,it ITA,DF,Cagliari,it Serie A,24,37,35,3060,34.0,2,0,2,0.9,0.9,3.6,11,5,45.5,0.18,0.4,1.1,76.5,28,146,57,40,23,23,93,2017,1100,44.8,123,0.058823529411764705,0.0,0.058823529411764705,0.02647058823529412,0.10588235294117648,0.32352941176470584,0.14705882352941177,0.823529411764706,5.970588235294118,1.1764705882352942,0.6764705882352942,3.61764705882353,2.735294117647059
Davide Zappacosta,it ITA,DF,Atalanta,it Serie A,32,30,26,2067,23.0,4,2,6,2.2,2.2,2.1,39,12,30.8,0.1,0.33,1.8,82.7,23,107,67,26,16,11,32,1416,780,29.3,89,0.1741654571843251,0.08708272859216255,0.2612481857764877,0.09579100145137882,0.09143686502177067,1.6981132075471697,0.5224963715529753,1.0014513788098693,7.5761973875181425,1.1320754716981132,0.478955007256894,3.875181422351234,1.3933236574746009
Bryan Zaragoza,es ESP,"FW,MF",Osasuna,es La Liga,23,27,22,1836,20.4,1,6,7,2.7,2.7,3.2,42,13,31.0,0.02,0.08,-1.7,64.6,36,50,105,13,9,4,8,782,544,43.5,55,0.04901960784313726,0.29411764705882354,0.3431372549019608,0.13235294117647062,0.15686274509803924,2.0588235294117645,0.6372549019607843,1.7647058823529411,7.598039215686274,0.6372549019607843,0.19607843137254904,2.696078431372549,0.3921568627450981
Anass Zaroury,ma MAR,"FW,MF",Lens,fr Ligue 1,23,28,16,1405,15.6,2,2,4,1.7,1.7,2.9,35,12,34.3,0.06,0.17,0.3,67.8,35,65,49,23,17,6,15,893,541,48.6,59,0.12811387900355872,0.12811387900355872,0.25622775800711745,0.10889679715302492,0.18576512455516012,2.2419928825622777,0.7686832740213524,2.2419928825622777,7.302491103202847,1.4733096085409254,0.3843416370106762,3.7793594306049823,0.9608540925266904
Oier Zarraga,es ESP,MF,Udinese,it Serie A,25,22,9,896,10.0,1,0,1,0.4,0.4,0.4,6,1,16.7,0.17,1.0,0.6,82.4,6,28,7,19,13,2,8,359,186,40.0,25,0.10044642857142856,0.0,0.10044642857142856,0.04017857142857143,0.04017857142857143,0.6026785714285714,0.10044642857142856,0.6026785714285714,3.515625,1.908482142857143,0.20089285714285712,2.5111607142857144,0.8035714285714285
David Zec,si SVN,DF,Holstein Kiel,de Bundesliga,24,18,18,1541,17.1,2,0,2,1.2,1.2,0.5,11,5,45.5,0.18,0.4,0.8,87.7,8,34,3,23,10,17,93,1049,527,55.6,76,0.11680726800778714,0.0,0.11680726800778714,0.07008436080467229,0.029201817001946784,0.6424399740428294,0.2920181700194679,0.46722907203114855,2.1609344581440624,1.3432835820895521,0.9928617780661908,4.438676184295912,5.4315379623621025
Jordan Zemura,zw ZIM,DF,Udinese,it Serie A,24,23,13,1415,15.7,1,2,3,1.0,1.0,1.0,14,3,21.4,0.07,0.33,0.0,76.5,11,42,25,31,14,16,41,815,403,41.7,60,0.0636042402826855,0.127208480565371,0.1908127208480565,0.0636042402826855,0.0636042402826855,0.8904593639575972,0.1908127208480565,0.6996466431095407,4.261484098939929,1.971731448763251,1.017667844522968,3.816254416961131,2.607773851590106
Alessio Zerbin,it ITA,DF,Venezia,it Serie A,25,18,17,1518,16.9,1,1,2,1.9,1.9,2.1,16,6,37.5,0.06,0.17,-0.9,65.4,24,54,53,51,28,15,25,864,383,33.3,69,0.05928853754940712,0.05928853754940712,0.11857707509881424,0.1126482213438735,0.12450592885375494,0.9486166007905139,0.3557312252964427,1.4229249011857708,6.3438735177865615,3.0237154150197627,0.8893280632411067,4.090909090909091,1.482213438735178
Alessio Zerbin,it ITA,"FW,DF",Napoli,it Serie A,25,2,0,2,0.0,0,0,0,0.0,0.0,0.0,0,0,,,,0.0,,0,0,0,2,1,0,0,3,0,0.0,0,0.0,0.0,0.0,0.0,0.0,0.0,0.0,0.0,0.0,90.0,0.0,0.0,0.0
Kevin Zeroli,it ITA,MF,Monza,it Serie A,19,8,4,395,4.4,0,1,1,0.8,0.8,0.5,6,1,16.7,0.0,0.0,-0.8,74.0,2,5,2,6,2,2,11,146,83,0.0,15,0.0,0.22784810126582278,0.22784810126582278,0.18227848101265823,0.11392405063291139,1.3670886075949367,0.22784810126582278,0.45569620253164556,1.5949367088607596,1.3670886075949367,0.45569620253164556,3.4177215189873418,2.5063291139240507
Kevin Zeroli,it ITA,MF,Milan,it Serie A,19,1,0,12,0.1,0,0,0,0.0,0.0,0.0,0,0,,,,0.0,100.0,0,2,1,1,1,0,0,9,7,,1,0.0,0.0,0.0,0.0,0.0,0.0,0.0,0.0,22.5,7.5,0.0,7.5,0.0
Cedric Zesiger,ch SUI,DF,Augsburg,de Bundesliga,26,15,15,1221,13.6,0,2,2,1.2,1.2,1.3,10,2,20.0,0.0,0.0,-1.2,78.6,7,40,4,13,7,21,96,771,398,25.0,57,0.0,0.14742014742014742,0.14742014742014742,0.08845208845208845,0.09582309582309582,0.7371007371007371,0.14742014742014742,0.5159705159705159,3.2432432432432434,0.9582309582309582,1.547911547911548,4.201474201474201,7.076167076167076
Cedric Zesiger,ch SUI,DF,Wolfsburg,de Bundesliga,26,7,5,522,5.8,0,0,0,0.1,0.1,0.0,2,1,50.0,0.0,0.0,-0.1,79.7,1,19,3,13,8,3,28,303,135,100.0,16,0.0,0.0,0.0,0.017241379310344827,0.0,0.3448275862068965,0.17241379310344826,0.17241379310344826,3.793103448275862,2.2413793103448274,0.5172413793103449,2.758620689655172,4.827586206896552
Nathan Zeze,fr FRA,DF,Nantes,fr Ligue 1,19,18,17,1512,16.8,0,0,0,0.3,0.3,0.0,6,2,33.3,0.0,0.0,-0.3,85.8,1,46,2,38,22,23,120,1083,600,75.0,63,0.0,0.0,0.0,0.017857142857142856,0.0,0.3571428571428571,0.11904761904761904,0.05952380952380952,2.8571428571428568,2.261904761904762,1.369047619047619,3.75,7.142857142857142
Edon Zhegrova,xk KVX,"FW,MF",Lille,fr Ligue 1,25,12,12,978,10.9,4,1,5,2.3,2.3,2.2,23,9,39.1,0.17,0.44,1.7,76.0,16,54,37,5,2,4,1,524,360,41.8,42,0.3680981595092025,0.09202453987730062,0.4601226993865031,0.21165644171779138,0.20245398773006137,2.1165644171779143,0.8282208588957056,1.47239263803681,8.374233128834355,0.4601226993865031,0.3680981595092025,3.865030674846626,0.09202453987730062
Piotr Zieliński,pl POL,MF,Inter,it Serie A,30,26,8,980,10.9,2,2,4,2.6,1.1,0.9,15,4,26.7,0.0,0.0,-0.6,89.5,14,65,26,14,10,6,13,803,510,33.3,58,0.1836734693877551,0.1836734693877551,0.3673469387755102,0.23877551020408164,0.0826530612244898,1.3775510204081631,0.3673469387755102,1.2857142857142856,8.357142857142858,1.2857142857142856,0.5510204081632653,5.326530612244898,1.193877551020408
Oleksandr Zinchenko,ua UKR,"DF,MF",Arsenal,eng Premier League,27,15,5,527,5.9,0,1,1,0.6,0.6,0.2,10,0,0.0,0.0,,-0.6,84.7,3,48,10,6,1,5,10,499,281,60.0,19,0.0,0.17077798861480076,0.17077798861480076,0.10246679316888045,0.03415559772296015,1.7077798861480076,0.0,0.5123339658444023,9.905123339658445,1.0246679316888045,0.8538899430740038,3.2447817836812147,1.7077798861480076
Joshua Zirkzee,nl NED,"FW,MF",Manchester Utd,eng Premier League,23,32,14,1402,15.6,3,1,4,4.8,4.8,1.5,28,11,39.3,0.11,0.27,-1.8,71.2,12,44,14,14,8,6,8,587,327,31.4,57,0.19258202567760344,0.06419400855920114,0.25677603423680456,0.30813124108416545,0.09629101283880172,1.7974322396576319,0.7061340941512125,0.7703281027104137,3.723252496433666,0.8987161198288159,0.38516405135520687,3.6590584878744647,0.5135520684736091
Budu Zivzivadze,ge GEO,FW,Heidenheim,de Bundesliga,30,15,10,958,10.6,2,3,5,1.7,1.7,1.5,22,9,40.9,0.09,0.22,0.3,69.3,12,20,11,17,11,3,7,332,185,30.0,33,0.1878914405010438,0.2818371607515658,0.4697286012526096,0.15970772442588727,0.1409185803757829,2.066805845511482,0.8455114822546972,1.1273486430062631,2.9123173277661794,1.5970772442588728,0.2818371607515658,3.1002087682672235,0.6576200417536534
Luck Zogbé,ci CIV,DF,Brest,fr Ligue 1,19,13,7,638,7.1,0,0,0,0.3,0.3,0.1,8,1,12.5,0.0,0.0,-0.3,77.1,4,19,4,32,18,14,22,436,196,21.1,51,0.0,0.0,0.0,0.04231974921630094,0.014106583072100314,1.128526645768025,0.14106583072100312,0.5642633228840125,3.2445141065830723,4.5141065830721,1.974921630094044,7.19435736677116,3.103448275862069
Nadir Zortea,it ITA,"DF,MF",Cagliari,it Serie A,25,35,33,2713,30.1,6,2,8,3.1,3.1,2.4,33,10,30.3,0.18,0.6,2.9,67.4,28,63,69,30,14,19,47,1115,661,43.7,96,0.1990416513085146,0.06634721710283818,0.26538886841135273,0.1028381865093992,0.07961666052340582,1.09472908219683,0.3317360855141909,0.9288610394397346,4.37891632878732,0.9952082565425727,0.6302985624769628,3.1846664209362334,1.5591596019166973
Aristide Zossou,ci CIV,MF,Auxerre,fr Ligue 1,19,3,0,16,0.2,0,0,0,0.0,0.0,0.0,0,0,,,,0.0,88.9,0,2,1,0,0,0,0,21,14,0.0,0,0.0,0.0,0.0,0.0,0.0,0.0,0.0,0.0,16.875,0.0,0.0,0.0,0.0
Yanis Zouaoui,dz ALG,"DF,FW",Le Havre,fr Ligue 1,30,17,9,976,10.8,0,2,2,0.1,0.1,2.9,5,2,40.0,0.0,0.0,-0.1,68.6,28,32,33,20,10,8,43,725,319,72.2,41,0.0,0.18442622950819673,0.18442622950819673,0.009221311475409836,0.26741803278688525,0.4610655737704918,0.18442622950819673,2.581967213114754,5.993852459016394,1.8442622950819672,0.7377049180327869,3.7807377049180326,3.9651639344262297
Igor Zubeldia,es ESP,DF,Real Sociedad,es La Liga,27,28,27,2269,25.2,0,0,0,0.6,0.6,0.4,12,4,33.3,0.0,0.0,-0.6,86.4,4,101,22,34,22,31,100,1732,1036,100.0,86,0.0,0.0,0.0,0.023799030409872187,0.015866020273248127,0.4759806081974438,0.15866020273248127,0.15866020273248127,4.878801234023799,1.3486117232260908,1.2296165711767297,3.411194358748347,3.9665050683120318
Martín Zubimendi,es ESP,MF,Real Sociedad,es La Liga,25,36,33,2962,32.9,2,1,3,2.6,2.6,1.1,24,6,25.0,0.08,0.33,-0.6,83.6,19,195,38,73,37,44,79,2131,1074,67.9,140,0.06076975016880486,0.03038487508440243,0.09115462525320729,0.07900067521944633,0.033423362592842676,0.7292370020256583,0.18230925050641458,0.5773126266036462,7.079675894665766,2.2180958811613776,1.336934503713707,4.25388251181634,2.400405131667792
Edhy Zuliani,fr FRA,DF,Toulouse,fr Ligue 1,19,1,0,9,0.1,0,0,0,0.0,0.0,0.0,0,0,,,,0.0,100.0,0,0,0,0,0,1,0,3,2,,0,0.0,0.0,0.0,0.0,0.0,0.0,0.0,0.0,0.0,0.0,10.0,0.0,0.0
Szymon Żurkowski,pl POL,MF,Empoli,it Serie A,26,5,0,106,1.2,0,0,0,0.1,0.1,0.0,2,0,0.0,0.0,,-0.1,81.8,0,1,1,6,4,1,2,59,28,50.0,10,0.0,0.0,0.0,0.08490566037735849,0.0,1.6981132075471697,0.0,0.0,1.6981132075471697,5.09433962264151,0.8490566037735848,8.49056603773585,1.6981132075471697
Martin Ødegaard,no NOR,MF,Arsenal,eng Premier League,25,30,26,2325,25.8,3,8,11,4.8,4.0,5.4,48,15,31.3,0.04,0.13,-1.8,82.5,63,258,92,19,11,6,6,1694,1174,42.4,97,0.11612903225806452,0.3096774193548387,0.4258064516129032,0.18580645161290324,0.20903225806451614,1.8580645161290323,0.5806451612903226,2.4387096774193546,13.548387096774194,0.735483870967742,0.23225806451612904,3.754838709677419,0.23225806451612904
Milan Đurić,ba BIH,FW,Monza,it Serie A,34,18,13,1270,14.1,4,1,5,2.9,2.9,1.1,23,10,43.5,0.17,0.4,1.1,49.2,5,21,2,1,1,2,17,358,150,66.7,13,0.28346456692913385,0.07086614173228346,0.3543307086614173,0.20551181102362204,0.07795275590551182,1.6299212598425197,0.7086614173228346,0.3543307086614173,1.6299212598425197,0.07086614173228346,0.14173228346456693,0.9212598425196851,1.204724409448819
Milan Đurić,ba BIH,FW,Parma,it Serie A,34,9,3,268,3.0,1,0,1,0.3,0.3,0.0,5,1,20.0,0.2,1.0,0.7,41.7,0,7,0,0,0,0,2,104,40,100.0,8,0.33582089552238803,0.0,0.33582089552238803,0.10074626865671642,0.0,1.6791044776119401,0.33582089552238803,0.0,2.3507462686567164,0.0,0.0,2.6865671641791042,0.6716417910447761
